timestamp,power_w,power_limit_w,clock_sm_mhz,clock_mem_mhz,temp_c,util_gpu_pct,util_mem_pct,mem_used_mib,pstate,throttle_sw_power_cap,throttle_hw_thermal,throttle_sw_thermal,throttle_hw_slowdown
2026/08/10 01:23:31.998,37.12,450.00,210,5001,37,0,0,23939,P3,Not Active,Not Active,Not Active,Not Active
2026/08/10 01:23:32.551,37.12,450.00,210,5001,37,0,3,23939,P5,Not Active,Not Active,Not Active,Not Active
2026/08/10 01:23:33.121,30.46,450.00,210,810,37,1,3,23939,P5,Not Active,Not Active,Not Active,Not Active
2026/08/10 01:23:33.697,29.19,450.00,210,810,37,0,3,23939,P5,Not Active,Not Active,Not Active,Not Active
2026/08/10 01:23:34.276,26.38,450.00,210,810,37,0,5,23939,P8,Not Active,Not Active,Not Active,Not Active
2026/08/10 01:23:34.870,21.24,450.00,210,810,37,0,5,23939,P8,Not Active,Not Active,Not Active,Not Active
2026/08/10 01:23:35.458,21.24,450.00,210,405,37,0,5,23939,P8,Not Active,Not Active,Not Active,Not Active
2026/08/10 01:23:36.049,20.07,450.00,210,405,37,0,5,23939,P8,Not Active,Not Active,Not Active,Not Active
2026/08/10 01:23:36.645,20.07,450.00,210,405,37,0,5,23939,P8,Not Active,Not Active,Not Active,Not Active
2026/08/10 01:23:37.234,19.43,450.00,210,405,37,0,5,23939,P8,Not Active,Not Active,Not Active,Not Active
2026/08/10 01:23:37.822,19.33,450.00,210,405,37,0,5,23939,P8,Not Active,Not Active,Not Active,Not Active
2026/08/10 01:23:38.422,19.33,450.00,210,405,37,0,5,23939,P8,Not Active,Not Active,Not Active,Not Active
2026/08/10 01:23:39.015,19.21,450.00,210,405,37,0,5,23939,P8,Not Active,Not Active,Not Active,Not Active
2026/08/10 01:23:39.604,19.21,450.00,210,405,37,0,5,23939,P8,Not Active,Not Active,Not Active,Not Active
2026/08/10 01:23:40.199,19.06,450.00,210,405,37,0,5,23939,P8,Not Active,Not Active,Not Active,Not Active
2026/08/10 01:23:40.789,18.97,450.00,210,405,36,0,5,23939,P8,Not Active,Not Active,Not Active,Not Active
2026/08/10 01:23:41.387,20.94,450.00,210,405,36,75,55,23939,P2,Not Active,Not Active,Not Active,Not Active
2026/08/10 01:23:42.006,159.88,450.00,2685,10251,45,99,100,23939,P2,Not Active,Not Active,Not Active,Not Active
2026/08/10 01:23:42.509,304.10,450.00,2685,10251,47,100,100,23939,P2,Not Active,Not Active,Not Active,Not Active
2026/08/10 01:23:43.012,314.44,450.00,2685,10251,47,100,100,23939,P2,Not Active,Not Active,Not Active,Not Active
2026/08/10 01:23:43.517,319.91,450.00,2685,10251,48,100,100,23939,P2,Not Active,Not Active,Not Active,Not Active
2026/08/10 01:23:44.020,319.13,450.00,2685,10251,48,100,100,23939,P2,Not Active,Not Active,Not Active,Not Active
2026/08/10 01:23:44.523,314.21,450.00,2685,10251,48,100,100,23939,P2,Not Active,Not Active,Not Active,Not Active
2026/08/10 01:23:45.029,322.74,450.00,2685,10251,48,100,95,23939,P2,Not Active,Not Active,Not Active,Not Active
2026/08/10 01:23:45.552,307.38,450.00,2685,10251,47,100,100,23939,P2,Not Active,Not Active,Not Active,Not Active
2026/08/10 01:23:46.057,307.68,450.00,2685,10251,49,100,100,23939,P2,Not Active,Not Active,Not Active,Not Active
2026/08/10 01:23:46.560,315.41,450.00,2685,10251,49,100,94,23939,P2,Not Active,Not Active,Not Active,Not Active
2026/08/10 01:23:47.063,303.84,450.00,2685,10251,48,100,100,23942,P2,Not Active,Not Active,Not Active,Not Active
2026/08/10 01:23:47.566,299.43,450.00,2670,10251,52,100,100,23942,P2,Not Active,Not Active,Not Active,Not Active
2026/08/10 01:23:48.070,299.48,450.00,2685,10251,48,100,100,23939,P2,Not Active,Not Active,Not Active,Not Active
2026/08/10 01:23:48.574,290.38,450.00,2685,10251,48,100,100,23939,P2,Not Active,Not Active,Not Active,Not Active
2026/08/10 01:23:49.078,308.57,450.00,2685,10251,50,100,95,23939,P2,Not Active,Not Active,Not Active,Not Active
2026/08/10 01:23:49.581,314.05,450.00,2670,10251,49,100,100,23939,P2,Not Active,Not Active,Not Active,Not Active
2026/08/10 01:23:50.084,310.42,450.00,2670,10251,50,100,95,23939,P2,Not Active,Not Active,Not Active,Not Active
2026/08/10 01:23:50.587,305.67,450.00,2670,10251,49,100,100,23939,P2,Not Active,Not Active,Not Active,Not Active
2026/08/10 01:23:51.091,286.33,450.00,2670,10251,49,100,100,23939,P2,Not Active,Not Active,Not Active,Not Active
2026/08/10 01:23:51.596,300.59,450.00,2670,10251,51,100,100,23939,P2,Not Active,Not Active,Not Active,Not Active
2026/08/10 01:23:52.099,288.73,450.00,2670,10251,51,88,100,23939,P2,Not Active,Not Active,Not Active,Not Active
2026/08/10 01:23:52.627,180.87,450.00,2685,10251,44,0,0,23939,P2,Not Active,Not Active,Not Active,Not Active
2026/08/10 01:23:53.135,114.66,450.00,2685,10251,43,0,0,23939,P2,Not Active,Not Active,Not Active,Not Active
2026/08/10 01:23:53.641,77.17,450.00,2685,10251,43,0,0,23939,P2,Active,Not Active,Not Active,Not Active
2026/08/10 01:23:54.159,178.90,450.00,2670,10251,49,100,100,23939,P2,Not Active,Not Active,Not Active,Not Active
2026/08/10 01:23:54.662,219.54,450.00,2670,10251,51,100,100,23939,P2,Not Active,Not Active,Not Active,Not Active
2026/08/10 01:23:55.166,317.32,450.00,2670,10251,51,99,100,23939,P2,Not Active,Not Active,Not Active,Not Active
2026/08/10 01:23:55.671,309.69,450.00,2670,10251,52,100,100,23939,P2,Not Active,Not Active,Not Active,Not Active
2026/08/10 01:23:56.175,199.49,450.00,2670,10251,47,0,0,23939,P2,Not Active,Not Active,Not Active,Not Active
2026/08/10 01:23:56.680,111.08,450.00,2685,10251,44,0,0,23939,P2,Not Active,Not Active,Not Active,Not Active
2026/08/10 01:23:57.183,111.08,450.00,2685,10251,44,0,0,23939,P2,Not Active,Not Active,Not Active,Not Active
2026/08/10 01:23:57.687,69.45,450.00,2685,10251,44,0,0,23939,P2,Not Active,Not Active,Not Active,Not Active
2026/08/10 01:23:58.241,69.45,450.00,660,10251,42,0,0,23939,P3,Not Active,Not Active,Not Active,Not Active
2026/08/10 01:23:58.793,55.61,450.00,420,5001,42,0,0,23939,P3,Not Active,Not Active,Not Active,Not Active
2026/08/10 01:23:59.347,43.03,450.00,330,810,43,10,2,23939,P5,Active,Not Active,Not Active,Not Active
2026/08/10 01:23:59.880,143.10,450.00,2685,10251,50,100,100,23939,P2,Not Active,Not Active,Not Active,Not Active
2026/08/10 01:24:00.383,282.80,450.00,2670,10251,50,100,100,23939,P2,Not Active,Not Active,Not Active,Not Active
2026/08/10 01:24:00.887,300.87,450.00,2670,10251,50,100,100,23939,P2,Not Active,Not Active,Not Active,Not Active
2026/08/10 01:24:01.392,286.24,450.00,2670,10251,50,100,100,23939,P2,Not Active,Not Active,Not Active,Not Active
2026/08/10 01:24:01.896,296.38,450.00,2670,10251,52,100,100,23939,P2,Not Active,Not Active,Not Active,Not Active
2026/08/10 01:24:02.399,248.22,450.00,2685,10251,46,0,0,23939,P2,Not Active,Not Active,Not Active,Not Active
2026/08/10 01:24:02.903,210.35,450.00,2670,10251,51,85,82,23939,P2,Not Active,Not Active,Not Active,Not Active
2026/08/10 01:24:03.407,251.19,450.00,2670,10251,52,100,100,23939,P2,Not Active,Not Active,Not Active,Not Active
2026/08/10 01:24:03.912,318.72,450.00,2670,10251,53,100,100,23939,P2,Active,Not Active,Not Active,Not Active
2026/08/10 01:24:04.444,315.41,450.00,2670,10251,52,100,100,23939,P2,Not Active,Not Active,Not Active,Not Active
2026/08/10 01:24:04.948,305.18,450.00,2670,10251,51,100,100,23939,P2,Not Active,Not Active,Not Active,Not Active
2026/08/10 01:24:05.451,313.57,450.00,2670,10251,53,100,95,23939,P2,Not Active,Not Active,Not Active,Not Active
2026/08/10 01:24:05.954,311.98,450.00,2670,10251,52,99,100,23939,P2,Not Active,Not Active,Not Active,Not Active
2026/08/10 01:24:06.458,307.56,450.00,2670,10251,53,100,100,23939,P2,Not Active,Not Active,Not Active,Not Active
2026/08/10 01:24:06.961,314.67,450.00,2670,10251,54,100,100,23939,P2,Not Active,Not Active,Not Active,Not Active
2026/08/10 01:24:07.464,300.61,450.00,2670,10251,54,100,100,23939,P2,Not Active,Not Active,Not Active,Not Active
2026/08/10 01:24:08.022,190.98,450.00,2685,10251,47,0,0,23939,P2,Not Active,Not Active,Not Active,Not Active
2026/08/10 01:24:08.527,102.03,450.00,2685,10251,46,0,0,23939,P2,Not Active,Not Active,Not Active,Not Active
2026/08/10 01:24:09.032,102.03,450.00,2685,10251,46,0,0,23939,P2,Not Active,Not Active,Not Active,Not Active
2026/08/10 01:24:09.535,69.74,450.00,2685,10251,46,0,0,23939,P2,Not Active,Not Active,Not Active,Not Active
2026/08/10 01:24:10.088,96.55,450.00,480,10251,46,100,22,23939,P2,Not Active,Not Active,Not Active,Not Active
2026/08/10 01:24:10.692,255.79,450.00,2670,10251,52,100,100,23939,P2,Not Active,Not Active,Not Active,Not Active
2026/08/10 01:24:11.195,295.95,450.00,2670,10251,52,100,100,23939,P2,Not Active,Not Active,Not Active,Not Active
2026/08/10 01:24:11.698,292.40,450.00,2670,10251,52,100,100,23939,P2,Not Active,Not Active,Not Active,Not Active
2026/08/10 01:24:12.201,292.69,450.00,2670,10251,53,100,100,23939,P2,Not Active,Not Active,Not Active,Not Active
2026/08/10 01:24:12.706,198.05,450.00,2670,10251,50,0,0,23939,P2,Not Active,Not Active,Not Active,Not Active
2026/08/10 01:24:13.211,152.01,450.00,2685,10251,47,100,100,23939,P2,Not Active,Not Active,Not Active,Not Active
2026/08/10 01:24:13.714,239.04,450.00,2670,10251,54,100,100,23939,P2,Not Active,Not Active,Not Active,Not Active
2026/08/10 01:24:14.219,319.67,450.00,2670,10251,54,100,100,23939,P2,Not Active,Not Active,Not Active,Not Active
2026/08/10 01:24:14.723,319.90,450.00,2670,10251,55,100,100,23939,P2,Not Active,Not Active,Not Active,Not Active
2026/08/10 01:24:15.228,287.24,450.00,2670,10251,55,23,27,23939,P2,Not Active,Not Active,Not Active,Not Active
2026/08/10 01:24:15.731,222.67,450.00,2670,10251,48,39,30,23939,P2,Not Active,Not Active,Not Active,Not Active
2026/08/10 01:24:16.234,233.71,450.00,2670,10251,54,100,100,23939,P2,Not Active,Not Active,Not Active,Not Active
2026/08/10 01:24:16.737,320.56,450.00,2670,10251,55,100,100,23939,P2,Not Active,Not Active,Not Active,Not Active
2026/08/10 01:24:17.240,321.01,450.00,2670,10251,55,99,100,23939,P2,Not Active,Not Active,Not Active,Not Active
2026/08/10 01:24:17.745,295.11,450.00,2670,10251,56,89,100,23939,P2,Not Active,Not Active,Not Active,Not Active
2026/08/10 01:24:18.251,184.07,450.00,2670,10251,48,0,0,23939,P2,Not Active,Not Active,Not Active,Not Active
2026/08/10 01:24:18.756,117.37,450.00,2670,10251,48,0,0,23939,P2,Not Active,Not Active,Not Active,Not Active
2026/08/10 01:24:19.261,157.69,450.00,2670,10251,55,100,100,23939,P2,Not Active,Not Active,Not Active,Not Active
2026/08/10 01:24:19.766,238.91,450.00,2670,10251,56,100,100,23939,P2,Not Active,Not Active,Not Active,Not Active
2026/08/10 01:24:20.270,320.41,450.00,2670,10251,56,100,100,23939,P2,Not Active,Not Active,Not Active,Not Active
2026/08/10 01:24:20.773,321.07,450.00,2670,10251,56,100,100,23939,P2,Not Active,Not Active,Not Active,Not Active
2026/08/10 01:24:21.276,257.85,450.00,2670,10251,49,5,6,23939,P2,Not Active,Not Active,Not Active,Not Active
2026/08/10 01:24:21.781,146.67,450.00,2670,10251,48,0,0,23939,P2,Not Active,Not Active,Not Active,Not Active
2026/08/10 01:24:22.285,102.08,450.00,2670,10251,48,0,0,23939,P2,Not Active,Not Active,Not Active,Not Active
2026/08/10 01:24:22.788,102.08,450.00,2670,10251,48,0,0,23939,P2,Not Active,Not Active,Not Active,Not Active
2026/08/10 01:24:23.340,70.84,450.00,570,10251,47,0,0,23939,P3,Not Active,Not Active,Not Active,Not Active
2026/08/10 01:24:23.931,70.84,450.00,570,10251,47,0,0,23939,P3,Not Active,Not Active,Not Active,Not Active
2026/08/10 01:24:24.497,55.38,450.00,360,5001,46,0,0,23939,P3,Not Active,Not Active,Not Active,Not Active
2026/08/10 01:24:25.049,39.31,450.00,360,5001,46,0,0,23939,P3,Not Active,Not Active,Not Active,Not Active
2026/08/10 01:24:25.601,41.31,450.00,225,5001,46,91,8,23939,P2,Active,Not Active,Not Active,Not Active
2026/08/10 01:24:26.107,161.91,450.00,2520,10251,52,99,100,23939,P2,Not Active,Not Active,Not Active,Not Active
2026/08/10 01:24:26.610,288.33,450.00,2670,10251,55,100,100,23939,P2,Not Active,Not Active,Not Active,Not Active
2026/08/10 01:24:27.115,320.56,450.00,2670,10251,56,99,100,23939,P2,Not Active,Not Active,Not Active,Not Active
2026/08/10 01:24:27.618,320.91,450.00,2670,10251,56,99,100,23939,P2,Not Active,Not Active,Not Active,Not Active
2026/08/10 01:24:28.124,224.63,450.00,2670,10251,51,0,0,23939,P2,Active,Not Active,Not Active,Not Active
2026/08/10 01:24:28.657,226.82,450.00,2670,10251,55,100,100,23939,P2,Not Active,Not Active,Not Active,Not Active
2026/08/10 01:24:29.162,327.54,450.00,2670,10251,56,100,100,23939,P2,Not Active,Not Active,Not Active,Not Active
2026/08/10 01:24:29.719,317.39,450.00,2670,10251,59,100,100,23939,P2,Not Active,Not Active,Not Active,Not Active
2026/08/10 01:24:30.226,302.65,450.00,2670,10251,55,100,100,23939,P2,Not Active,Not Active,Not Active,Not Active
2026/08/10 01:24:30.729,302.77,450.00,2670,10251,55,100,100,23939,P2,Not Active,Not Active,Not Active,Not Active
2026/08/10 01:24:31.232,317.55,450.00,2670,10251,57,100,100,23939,P2,Not Active,Not Active,Not Active,Not Active
2026/08/10 01:24:31.735,226.33,450.00,2670,10251,57,0,0,23939,P2,Not Active,Not Active,Not Active,Not Active
2026/08/10 01:24:32.244,233.10,450.00,2670,10251,60,100,100,23939,P2,Not Active,Not Active,Not Active,Not Active
2026/08/10 01:24:32.747,291.79,450.00,2670,10251,56,100,100,23939,P2,Not Active,Not Active,Not Active,Not Active
2026/08/10 01:24:33.250,289.78,450.00,2670,10251,56,100,100,23939,P2,Not Active,Not Active,Not Active,Not Active
2026/08/10 01:24:33.755,301.37,450.00,2670,10251,59,100,94,23939,P2,Not Active,Not Active,Not Active,Not Active
2026/08/10 01:24:34.264,311.31,450.00,2670,10251,56,100,100,23939,P2,Not Active,Not Active,Not Active,Not Active
2026/08/10 01:24:34.767,302.88,450.00,2670,10251,56,100,100,23939,P2,Not Active,Not Active,Not Active,Not Active
2026/08/10 01:24:35.271,290.75,450.00,2670,10251,56,100,100,23942,P2,Not Active,Not Active,Not Active,Not Active
2026/08/10 01:24:35.774,290.23,450.00,2670,10251,56,100,100,23942,P2,Not Active,Not Active,Not Active,Not Active
2026/08/10 01:24:36.278,245.62,450.00,2670,10251,52,16,18,23939,P2,Not Active,Not Active,Not Active,Not Active
2026/08/10 01:24:36.783,149.23,450.00,2670,10251,50,0,0,23939,P2,Not Active,Not Active,Not Active,Not Active
2026/08/10 01:24:37.286,108.20,450.00,2670,10251,50,0,0,23939,P2,Not Active,Not Active,Not Active,Not Active
2026/08/10 01:24:37.792,108.20,450.00,2670,10251,50,0,0,23939,P2,Not Active,Not Active,Not Active,Not Active
2026/08/10 01:24:38.373,72.91,450.00,570,10251,49,0,0,23939,P3,Not Active,Not Active,Not Active,Not Active
2026/08/10 01:24:38.926,61.80,450.00,435,5001,48,17,3,23939,P3,Active,Not Active,Not Active,Not Active
2026/08/10 01:24:39.466,135.98,450.00,2670,10251,56,100,100,23939,P2,Not Active,Not Active,Not Active,Not Active
2026/08/10 01:24:39.970,291.09,450.00,2670,10251,57,100,100,23939,P2,Not Active,Not Active,Not Active,Not Active
2026/08/10 01:24:40.472,317.17,450.00,2670,10251,57,100,100,23939,P2,Not Active,Not Active,Not Active,Not Active
2026/08/10 01:24:40.978,310.71,450.00,2670,10251,56,100,94,23939,P2,Not Active,Not Active,Not Active,Not Active
2026/08/10 01:24:41.486,312.32,450.00,2670,10251,57,100,100,23939,P2,Not Active,Not Active,Not Active,Not Active
2026/08/10 01:24:41.989,312.49,450.00,2670,10251,57,100,100,23939,P2,Not Active,Not Active,Not Active,Not Active
2026/08/10 01:24:42.492,304.96,450.00,2670,10251,57,100,100,23939,P2,Not Active,Not Active,Not Active,Not Active
2026/08/10 01:24:42.997,292.78,450.00,2670,10251,57,100,100,23939,P2,Not Active,Not Active,Not Active,Not Active
2026/08/10 01:24:43.500,303.77,450.00,2670,10251,59,100,100,23939,P2,Not Active,Not Active,Not Active,Not Active
2026/08/10 01:24:44.003,237.21,450.00,2670,10251,52,41,32,23939,P2,Not Active,Not Active,Not Active,Not Active
2026/08/10 01:24:44.508,246.10,450.00,2670,10251,59,100,100,23939,P2,Not Active,Not Active,Not Active,Not Active
2026/08/10 01:24:45.011,324.42,450.00,2670,10251,59,100,100,23939,P2,Not Active,Not Active,Not Active,Not Active
2026/08/10 01:24:45.516,324.10,450.00,2670,10251,59,100,100,23939,P2,Not Active,Not Active,Not Active,Not Active
2026/08/10 01:24:46.020,319.76,450.00,2670,10251,60,87,100,23939,P2,Not Active,Not Active,Not Active,Not Active
2026/08/10 01:24:46.523,208.64,450.00,2670,10251,53,0,0,23939,P2,Not Active,Not Active,Not Active,Not Active
2026/08/10 01:24:47.027,119.04,450.00,2670,10251,52,0,0,23939,P2,Not Active,Not Active,Not Active,Not Active
2026/08/10 01:24:47.533,119.04,450.00,2670,10251,52,0,0,23939,P2,Not Active,Not Active,Not Active,Not Active
2026/08/10 01:24:48.036,75.28,450.00,2670,10251,52,0,0,23939,P2,Not Active,Not Active,Not Active,Not Active
2026/08/10 01:24:48.588,75.28,450.00,540,10251,50,0,3,23939,P5,Not Active,Not Active,Not Active,Not Active
2026/08/10 01:24:49.155,57.48,450.00,540,10251,50,0,3,23939,P5,Not Active,Not Active,Not Active,Not Active
2026/08/10 01:24:49.722,57.48,450.00,345,810,49,0,3,23939,P8,Not Active,Not Active,Not Active,Not Active
2026/08/10 01:24:50.320,33.81,450.00,225,405,49,0,5,23939,P8,Not Active,Not Active,Not Active,Not Active
2026/08/10 01:24:50.912,23.97,450.00,225,405,49,0,5,23939,P8,Not Active,Not Active,Not Active,Not Active
2026/08/10 01:24:51.513,23.97,450.00,210,405,48,0,5,23939,P8,Not Active,Not Active,Not Active,Not Active
2026/08/10 01:24:52.101,20.49,450.00,210,405,48,0,5,23939,P8,Not Active,Not Active,Not Active,Not Active
2026/08/10 01:24:52.685,20.49,450.00,210,405,48,0,5,23939,P8,Not Active,Not Active,Not Active,Not Active
2026/08/10 01:24:53.277,20.75,450.00,210,405,48,0,5,23939,P8,Not Active,Not Active,Not Active,Not Active
2026/08/10 01:24:53.870,20.59,450.00,210,405,48,0,5,23939,P8,Not Active,Not Active,Not Active,Not Active
2026/08/10 01:24:54.465,20.59,450.00,210,405,48,0,5,23939,P8,Not Active,Not Active,Not Active,Not Active
2026/08/10 01:24:55.062,20.62,450.00,210,405,48,0,5,23939,P8,Not Active,Not Active,Not Active,Not Active
2026/08/10 01:24:55.650,20.62,450.00,210,405,48,0,5,23939,P8,Not Active,Not Active,Not Active,Not Active
2026/08/10 01:24:56.251,20.63,450.00,210,405,48,0,5,23939,P8,Not Active,Not Active,Not Active,Not Active
2026/08/10 01:24:56.843,20.63,450.00,210,405,47,0,5,23939,P8,Not Active,Not Active,Not Active,Not Active
2026/08/10 01:24:57.437,20.29,450.00,210,405,47,0,5,23939,P8,Not Active,Not Active,Not Active,Not Active
2026/08/10 01:24:58.037,20.72,450.00,210,405,47,0,5,23939,P8,Not Active,Not Active,Not Active,Not Active
2026/08/10 01:24:58.637,20.57,450.00,210,405,47,0,5,23939,P8,Not Active,Not Active,Not Active,Not Active
2026/08/10 01:24:59.233,25.26,450.00,210,405,47,100,75,23939,P2,Not Active,Not Active,Not Active,Not Active
2026/08/10 01:24:59.806,155.45,450.00,2670,10251,56,100,100,23939,P2,Not Active,Not Active,Not Active,Not Active
2026/08/10 01:25:00.314,312.15,450.00,2670,10251,57,99,100,23939,P2,Not Active,Not Active,Not Active,Not Active
2026/08/10 01:25:00.818,322.30,450.00,2670,10251,58,100,100,23939,P2,Not Active,Not Active,Not Active,Not Active
2026/08/10 01:25:01.336,317.17,450.00,2670,10251,58,100,100,23939,P2,Not Active,Not Active,Not Active,Not Active
2026/08/10 01:25:01.839,272.67,450.00,2670,10251,58,100,100,23939,P2,Not Active,Not Active,Not Active,Not Active
2026/08/10 01:25:02.343,272.64,450.00,2670,10251,58,100,100,23939,P2,Not Active,Not Active,Not Active,Not Active
2026/08/10 01:25:02.847,323.31,450.00,2670,10251,58,100,100,23939,P2,Not Active,Not Active,Not Active,Not Active
2026/08/10 01:25:03.352,323.52,450.00,2670,10251,59,100,100,23939,P2,Not Active,Not Active,Not Active,Not Active
2026/08/10 01:25:03.855,327.53,450.00,2670,10251,59,100,100,23939,P2,Not Active,Not Active,Not Active,Not Active
2026/08/10 01:25:04.358,327.44,450.00,2670,10251,59,100,100,23939,P2,Not Active,Not Active,Not Active,Not Active
2026/08/10 01:25:04.861,323.51,450.00,2670,10251,59,100,100,23939,P2,Not Active,Not Active,Not Active,Not Active
2026/08/10 01:25:05.364,323.81,450.00,2670,10251,58,100,100,23939,P2,Not Active,Not Active,Not Active,Not Active
2026/08/10 01:25:05.870,319.53,450.00,2670,10251,59,100,100,23939,P2,Not Active,Not Active,Not Active,Not Active
2026/08/10 01:25:06.373,320.31,450.00,2670,10251,60,100,100,23939,P2,Not Active,Not Active,Not Active,Not Active
2026/08/10 01:25:06.877,313.09,450.00,2670,10251,58,100,100,23939,P2,Not Active,Not Active,Not Active,Not Active
2026/08/10 01:25:07.381,299.34,450.00,2670,10251,59,100,100,23939,P2,Not Active,Not Active,Not Active,Not Active
2026/08/10 01:25:07.884,314.21,450.00,2670,10251,60,100,100,23939,P2,Not Active,Not Active,Not Active,Not Active
2026/08/10 01:25:08.390,331.64,450.00,2670,10251,61,98,97,23939,P2,Not Active,Not Active,Not Active,Not Active
2026/08/10 01:25:08.893,331.74,450.00,2670,10251,60,99,100,23939,P2,Not Active,Not Active,Not Active,Not Active
2026/08/10 01:25:09.396,325.47,450.00,2670,10251,60,100,100,23939,P2,Active,Not Active,Not Active,Not Active
2026/08/10 01:25:09.946,316.79,450.00,2670,10251,59,100,100,23939,P2,Not Active,Not Active,Not Active,Not Active
2026/08/10 01:25:10.452,306.23,450.00,2670,10251,59,100,100,23939,P2,Not Active,Not Active,Not Active,Not Active
2026/08/10 01:25:10.955,312.13,450.00,2670,10251,61,100,100,23939,P2,Not Active,Not Active,Not Active,Not Active
2026/08/10 01:25:11.458,325.83,450.00,2670,10251,61,100,100,23939,P2,Not Active,Not Active,Not Active,Not Active
2026/08/10 01:25:11.961,215.85,450.00,2670,10251,54,0,0,23939,P2,Not Active,Not Active,Not Active,Not Active
2026/08/10 01:25:12.470,104.31,450.00,2670,10251,53,0,0,23939,P2,Not Active,Not Active,Not Active,Not Active
2026/08/10 01:25:12.974,80.49,450.00,2670,10251,53,0,0,23939,P2,Not Active,Not Active,Not Active,Not Active
2026/08/10 01:25:13.478,80.49,450.00,2670,10251,53,0,0,23939,P2,Not Active,Not Active,Not Active,Not Active
2026/08/10 01:25:14.031,65.64,450.00,450,5001,51,43,8,23939,P3,Not Active,Not Active,Not Active,Not Active
2026/08/10 01:25:14.605,121.83,450.00,2520,10251,57,100,100,23939,P2,Not Active,Not Active,Not Active,Not Active
2026/08/10 01:25:15.110,275.67,450.00,2670,10251,60,100,100,23939,P2,Not Active,Not Active,Not Active,Not Active
2026/08/10 01:25:15.619,325.56,450.00,2670,10251,61,100,100,23939,P2,Not Active,Not Active,Not Active,Not Active
2026/08/10 01:25:16.123,326.03,450.00,2670,10251,61,100,100,23939,P2,Not Active,Not Active,Not Active,Not Active
2026/08/10 01:25:16.628,237.16,450.00,2670,10251,55,0,0,23939,P2,Not Active,Not Active,Not Active,Not Active
2026/08/10 01:25:17.132,125.35,450.00,2670,10251,53,0,0,23939,P2,Not Active,Not Active,Not Active,Not Active
2026/08/10 01:25:17.636,125.35,450.00,2670,10251,53,0,0,23939,P2,Not Active,Not Active,Not Active,Not Active
2026/08/10 01:25:18.139,76.88,450.00,2670,10251,53,0,0,23939,P2,Not Active,Not Active,Not Active,Not Active
2026/08/10 01:25:18.696,76.88,450.00,540,10251,52,0,0,23939,P3,Not Active,Not Active,Not Active,Not Active
2026/08/10 01:25:19.249,59.71,450.00,540,10251,52,0,0,23939,P3,Not Active,Not Active,Not Active,Not Active
2026/08/10 01:25:19.802,59.71,450.00,345,5001,51,0,0,23939,P3,Not Active,Not Active,Not Active,Not Active
2026/08/10 01:25:20.355,41.03,450.00,225,5001,50,0,0,23939,P3,Not Active,Not Active,Not Active,Not Active
2026/08/10 01:25:20.907,54.62,450.00,2325,10251,57,76,7,23939,P2,Not Active,Not Active,Not Active,Not Active
2026/08/10 01:25:21.459,178.37,450.00,2670,10251,59,100,100,23939,P2,Not Active,Not Active,Not Active,Not Active
2026/08/10 01:25:21.980,318.61,450.00,2670,10251,59,100,100,23939,P2,Not Active,Not Active,Not Active,Not Active
2026/08/10 01:25:22.486,308.34,450.00,2670,10251,59,100,100,23939,P2,Not Active,Not Active,Not Active,Not Active
2026/08/10 01:25:22.989,295.48,450.00,2670,10251,59,100,100,23939,P2,Not Active,Not Active,Not Active,Not Active
2026/08/10 01:25:23.492,310.24,450.00,2670,10251,61,100,100,23939,P2,Not Active,Not Active,Not Active,Not Active
2026/08/10 01:25:23.998,267.70,450.00,2670,10251,55,0,0,23939,P2,Not Active,Not Active,Not Active,Not Active
2026/08/10 01:25:24.504,157.10,450.00,2670,10251,53,0,0,23939,P2,Not Active,Not Active,Not Active,Not Active
2026/08/10 01:25:25.007,126.22,450.00,2670,10251,62,92,89,23939,P2,Not Active,Not Active,Not Active,Not Active
2026/08/10 01:25:25.510,237.63,450.00,2670,10251,61,100,100,23939,P2,Not Active,Not Active,Not Active,Not Active
2026/08/10 01:25:26.013,325.50,450.00,2670,10251,61,100,100,23939,P2,Not Active,Not Active,Not Active,Not Active
2026/08/10 01:25:26.516,332.99,450.00,2670,10251,61,100,100,23939,P2,Not Active,Not Active,Not Active,Not Active
2026/08/10 01:25:27.021,320.34,450.00,2670,10251,60,100,100,23939,P2,Not Active,Not Active,Not Active,Not Active
2026/08/10 01:25:27.525,316.22,450.00,2670,10251,61,100,100,23939,P2,Not Active,Not Active,Not Active,Not Active
2026/08/10 01:25:28.028,326.12,450.00,2670,10251,62,100,100,23939,P2,Active,Not Active,Not Active,Not Active
2026/08/10 01:25:28.531,323.77,450.00,2670,10251,61,99,100,23939,P2,Not Active,Not Active,Not Active,Not Active
2026/08/10 01:25:29.035,323.76,450.00,2670,10251,62,100,100,23939,P2,Not Active,Not Active,Not Active,Not Active
2026/08/10 01:25:29.538,327.22,450.00,2670,10251,62,100,100,23939,P2,Not Active,Not Active,Not Active,Not Active
2026/08/10 01:25:30.045,327.42,450.00,2670,10251,62,100,100,23939,P2,Not Active,Not Active,Not Active,Not Active
2026/08/10 01:25:30.549,225.81,450.00,2670,10251,56,0,0,23939,P2,Not Active,Not Active,Not Active,Not Active
2026/08/10 01:25:31.052,114.06,450.00,2670,10251,55,0,0,23939,P2,Not Active,Not Active,Not Active,Not Active
2026/08/10 01:25:31.556,114.06,450.00,2670,10251,54,0,0,23939,P2,Not Active,Not Active,Not Active,Not Active
2026/08/10 01:25:32.061,78.31,450.00,2670,10251,54,0,0,23939,P2,Not Active,Not Active,Not Active,Not Active
2026/08/10 01:25:32.621,78.31,450.00,540,10251,53,0,0,23939,P3,Not Active,Not Active,Not Active,Not Active
2026/08/10 01:25:33.173,59.81,450.00,540,10251,53,0,0,23939,P3,Not Active,Not Active,Not Active,Not Active
2026/08/10 01:25:33.726,69.53,450.00,315,5001,53,100,13,23939,P2,Active,Not Active,Not Active,Not Active
2026/08/10 01:25:34.230,213.49,450.00,2490,10251,62,100,100,23939,P2,Not Active,Not Active,Not Active,Not Active
2026/08/10 01:25:34.733,316.33,450.00,2670,10251,60,100,100,23939,P2,Not Active,Not Active,Not Active,Not Active
2026/08/10 01:25:35.238,300.34,450.00,2670,10251,60,100,100,23939,P2,Not Active,Not Active,Not Active,Not Active
2026/08/10 01:25:35.743,300.68,450.00,2670,10251,60,100,100,23939,P2,Not Active,Not Active,Not Active,Not Active
2026/08/10 01:25:36.246,220.10,450.00,2670,10251,60,0,0,23939,P2,Not Active,Not Active,Not Active,Not Active
2026/08/10 01:25:36.751,120.45,450.00,2670,10251,55,0,0,23939,P2,Not Active,Not Active,Not Active,Not Active
2026/08/10 01:25:37.255,120.45,450.00,2670,10251,54,0,0,23939,P2,Not Active,Not Active,Not Active,Not Active
2026/08/10 01:25:37.758,189.80,450.00,2670,10251,60,100,100,23939,P2,Not Active,Not Active,Not Active,Not Active
2026/08/10 01:25:38.261,242.73,450.00,2670,10251,62,100,100,23939,P2,Not Active,Not Active,Not Active,Not Active
2026/08/10 01:25:38.766,327.16,450.00,2670,10251,62,100,100,23939,P2,Not Active,Not Active,Not Active,Not Active
2026/08/10 01:25:39.269,327.60,450.00,2670,10251,62,100,100,23939,P2,Not Active,Not Active,Not Active,Not Active
2026/08/10 01:25:39.773,237.03,450.00,2670,10251,63,0,0,23939,P2,Not Active,Not Active,Not Active,Not Active
2026/08/10 01:25:40.281,125.39,450.00,2670,10251,55,0,0,23939,P2,Not Active,Not Active,Not Active,Not Active
2026/08/10 01:25:40.785,179.40,450.00,2670,10251,55,100,100,23939,P2,Not Active,Not Active,Not Active,Not Active
2026/08/10 01:25:41.290,291.05,450.00,2670,10251,62,100,100,23939,P2,Not Active,Not Active,Not Active,Not Active
2026/08/10 01:25:41.793,327.84,450.00,2670,10251,63,100,100,23939,P2,Not Active,Not Active,Not Active,Not Active
2026/08/10 01:25:42.301,328.32,450.00,2670,10251,63,100,100,23939,P2,Not Active,Not Active,Not Active,Not Active
2026/08/10 01:25:42.804,250.82,450.00,2670,10251,56,0,0,23939,P2,Not Active,Not Active,Not Active,Not Active
2026/08/10 01:25:43.308,139.09,450.00,2670,10251,55,0,0,23939,P2,Not Active,Not Active,Not Active,Not Active
2026/08/10 01:25:43.812,116.69,450.00,2670,10251,55,0,0,23939,P2,Not Active,Not Active,Not Active,Not Active
2026/08/10 01:25:44.318,116.69,450.00,2670,10251,55,0,0,23939,P2,Not Active,Not Active,Not Active,Not Active
2026/08/10 01:25:44.872,100.97,450.00,2520,10251,58,100,46,23939,P2,Not Active,Not Active,Not Active,Not Active
2026/08/10 01:25:45.452,243.69,450.00,2670,10251,62,100,100,23939,P2,Not Active,Not Active,Not Active,Not Active
2026/08/10 01:25:45.958,324.20,450.00,2670,10251,63,100,100,23939,P2,Not Active,Not Active,Not Active,Not Active
2026/08/10 01:25:46.461,328.18,450.00,2670,10251,63,100,100,23939,P2,Not Active,Not Active,Not Active,Not Active
2026/08/10 01:25:46.964,265.45,450.00,2670,10251,58,0,0,23942,P2,Not Active,Not Active,Not Active,Not Active
2026/08/10 01:25:47.470,160.95,450.00,2670,10251,56,0,0,23942,P2,Not Active,Not Active,Not Active,Not Active
2026/08/10 01:25:47.976,82.15,450.00,2670,10251,55,0,0,23939,P2,Not Active,Not Active,Not Active,Not Active
2026/08/10 01:25:48.481,81.88,450.00,2670,10251,55,0,0,23939,P2,Not Active,Not Active,Not Active,Not Active
2026/08/10 01:25:48.987,74.00,450.00,495,10251,54,0,0,23939,P3,Not Active,Not Active,Not Active,Not Active
2026/08/10 01:25:49.543,74.00,450.00,495,10251,54,0,0,23939,P3,Not Active,Not Active,Not Active,Not Active
2026/08/10 01:25:50.097,42.11,450.00,495,10251,53,0,0,23939,P3,Not Active,Not Active,Not Active,Not Active
2026/08/10 01:25:50.651,42.11,450.00,315,5001,53,0,0,23939,P3,Not Active,Not Active,Not Active,Not Active
2026/08/10 01:25:51.204,40.34,450.00,315,5001,53,0,0,23939,P3,Not Active,Not Active,Not Active,Not Active
2026/08/10 01:25:51.758,40.34,450.00,210,5001,53,0,3,23939,P5,Not Active,Not Active,Not Active,Not Active
2026/08/10 01:25:52.331,34.37,450.00,210,810,52,29,17,23939,P5,Not Active,Not Active,Not Active,Not Active
2026/08/10 01:25:52.938,134.31,450.00,2670,10251,60,99,100,23939,P2,Not Active,Not Active,Not Active,Not Active
2026/08/10 01:25:53.442,267.86,450.00,2670,10251,61,100,100,23939,P2,Not Active,Not Active,Not Active,Not Active
2026/08/10 01:25:53.945,326.90,450.00,2670,10251,62,99,100,23939,P2,Not Active,Not Active,Not Active,Not Active
2026/08/10 01:25:54.448,326.87,450.00,2670,10251,62,99,100,23939,P2,Not Active,Not Active,Not Active,Not Active
2026/08/10 01:25:54.952,252.02,450.00,2670,10251,56,0,0,23939,P2,Not Active,Not Active,Not Active,Not Active
2026/08/10 01:25:55.457,140.68,450.00,2670,10251,55,0,0,23939,P2,Not Active,Not Active,Not Active,Not Active
2026/08/10 01:25:55.961,175.66,450.00,2655,10251,62,100,100,23939,P2,Not Active,Not Active,Not Active,Not Active
2026/08/10 01:25:56.464,287.48,450.00,2655,10251,63,100,100,23939,P2,Not Active,Not Active,Not Active,Not Active
2026/08/10 01:25:56.967,335.10,450.00,2655,10251,63,100,95,23939,P2,Not Active,Not Active,Not Active,Not Active
2026/08/10 01:25:57.472,320.08,450.00,2655,10251,61,100,100,23939,P2,Not Active,Not Active,Not Active,Not Active
2026/08/10 01:25:57.976,311.50,450.00,2655,10251,63,100,100,23939,P2,Not Active,Not Active,Not Active,Not Active
2026/08/10 01:25:58.479,318.66,450.00,2655,10251,63,100,100,23939,P2,Not Active,Not Active,Not Active,Not Active
2026/08/10 01:25:58.985,322.30,450.00,2655,10251,63,85,97,23939,P2,Not Active,Not Active,Not Active,Not Active
2026/08/10 01:25:59.490,211.04,450.00,2670,10251,56,0,0,23939,P2,Not Active,Not Active,Not Active,Not Active
2026/08/10 01:25:59.995,118.88,450.00,2670,10251,56,31,20,23939,P2,Not Active,Not Active,Not Active,Not Active
2026/08/10 01:26:00.498,212.60,450.00,2655,10251,62,100,94,23939,P2,Not Active,Not Active,Not Active,Not Active
2026/08/10 01:26:01.003,309.79,450.00,2655,10251,62,100,100,23939,P2,Not Active,Not Active,Not Active,Not Active
2026/08/10 01:26:01.507,296.01,450.00,2655,10251,62,100,100,23939,P2,Not Active,Not Active,Not Active,Not Active
2026/08/10 01:26:02.012,295.89,450.00,2655,10251,62,100,100,23939,P2,Not Active,Not Active,Not Active,Not Active
2026/08/10 01:26:02.516,315.16,450.00,2475,10251,70,100,95,23939,P2,Not Active,Not Active,Not Active,Not Active
2026/08/10 01:26:03.019,326.62,450.00,2655,10251,63,100,100,23939,P2,Not Active,Not Active,Not Active,Not Active
2026/08/10 01:26:03.522,310.64,450.00,2655,10251,62,100,100,23939,P2,Not Active,Not Active,Not Active,Not Active
2026/08/10 01:26:04.026,296.65,450.00,2655,10251,62,100,100,23939,P2,Not Active,Not Active,Not Active,Not Active
2026/08/10 01:26:04.532,301.07,450.00,2655,10251,63,100,100,23939,P2,Not Active,Not Active,Not Active,Not Active
2026/08/10 01:26:05.036,229.66,450.00,2655,10251,58,0,0,23939,P2,Not Active,Not Active,Not Active,Not Active
2026/08/10 01:26:05.541,130.81,450.00,2670,10251,57,0,0,23939,P2,Not Active,Not Active,Not Active,Not Active
2026/08/10 01:26:06.044,108.57,450.00,2670,10251,57,0,0,23939,P2,Not Active,Not Active,Not Active,Not Active
2026/08/10 01:26:06.548,108.57,450.00,2670,10251,57,0,0,23939,P2,Not Active,Not Active,Not Active,Not Active
2026/08/10 01:26:07.104,79.52,450.00,540,10251,55,0,0,23939,P3,Not Active,Not Active,Not Active,Not Active
2026/08/10 01:26:07.657,61.37,450.00,540,10251,55,0,0,23939,P3,Not Active,Not Active,Not Active,Not Active
2026/08/10 01:26:08.211,61.37,450.00,345,5001,54,0,0,23939,P3,Not Active,Not Active,Not Active,Not Active
2026/08/10 01:26:08.764,54.50,450.00,345,5001,54,100,20,23939,P2,Active,Not Active,Not Active,Not Active
2026/08/10 01:26:09.269,132.69,450.00,2520,10251,58,100,100,23939,P2,Not Active,Not Active,Not Active,Not Active
2026/08/10 01:26:09.774,296.61,450.00,2670,10251,63,100,100,23939,P2,Not Active,Not Active,Not Active,Not Active
2026/08/10 01:26:10.278,329.70,450.00,2655,10251,63,100,100,23939,P2,Not Active,Not Active,Not Active,Not Active
2026/08/10 01:26:10.783,315.26,450.00,2655,10251,62,100,100,23939,P2,Not Active,Not Active,Not Active,Not Active
2026/08/10 01:26:11.288,309.99,450.00,2655,10251,62,100,94,23939,P2,Not Active,Not Active,Not Active,Not Active
2026/08/10 01:26:11.793,318.49,450.00,2655,10251,63,100,94,23939,P2,Not Active,Not Active,Not Active,Not Active
2026/08/10 01:26:12.304,307.09,450.00,2655,10251,63,100,100,23939,P2,Not Active,Not Active,Not Active,Not Active
2026/08/10 01:26:12.811,305.93,450.00,2655,10251,63,100,100,23939,P2,Not Active,Not Active,Not Active,Not Active
2026/08/10 01:26:13.315,299.75,450.00,2655,10251,64,100,100,23939,P2,Not Active,Not Active,Not Active,Not Active
2026/08/10 01:26:13.818,313.73,450.00,2655,10251,60,96,100,23939,P2,Not Active,Not Active,Not Active,Not Active
2026/08/10 01:26:14.323,194.84,450.00,2670,10251,57,0,0,23939,P2,Not Active,Not Active,Not Active,Not Active
2026/08/10 01:26:14.830,132.42,450.00,2655,10251,63,52,45,23939,P2,Not Active,Not Active,Not Active,Not Active
2026/08/10 01:26:15.334,243.89,450.00,2655,10251,64,100,100,23939,P2,Not Active,Not Active,Not Active,Not Active
2026/08/10 01:26:15.837,328.52,450.00,2655,10251,65,100,100,23939,P2,Not Active,Not Active,Not Active,Not Active
2026/08/10 01:26:16.341,324.87,450.00,2655,10251,63,100,100,23939,P2,Not Active,Not Active,Not Active,Not Active
2026/08/10 01:26:16.848,312.14,450.00,2655,10251,64,100,100,23939,P2,Not Active,Not Active,Not Active,Not Active
2026/08/10 01:26:17.351,314.19,450.00,2655,10251,65,100,100,23939,P2,Not Active,Not Active,Not Active,Not Active
2026/08/10 01:26:17.855,340.59,450.00,2655,10251,65,100,75,23939,P2,Not Active,Not Active,Not Active,Not Active
2026/08/10 01:26:18.358,326.43,450.00,2655,10251,64,100,100,23939,P2,Not Active,Not Active,Not Active,Not Active
2026/08/10 01:26:18.861,299.54,450.00,2655,10251,64,100,100,23939,P2,Not Active,Not Active,Not Active,Not Active
2026/08/10 01:26:19.366,298.60,450.00,2655,10251,64,100,100,23939,P2,Not Active,Not Active,Not Active,Not Active
2026/08/10 01:26:19.869,310.28,450.00,2655,10251,64,100,94,23939,P2,Not Active,Not Active,Not Active,Not Active
2026/08/10 01:26:20.373,324.93,450.00,2655,10251,65,100,100,23939,P2,Not Active,Not Active,Not Active,Not Active
2026/08/10 01:26:20.876,328.74,450.00,2655,10251,66,100,100,23939,P2,Not Active,Not Active,Not Active,Not Active
2026/08/10 01:26:21.380,331.15,450.00,2655,10251,66,100,100,23939,P2,Not Active,Not Active,Not Active,Not Active
2026/08/10 01:26:21.886,334.11,450.00,2655,10251,66,100,100,23939,P2,Not Active,Not Active,Not Active,Not Active
2026/08/10 01:26:22.389,334.40,450.00,2655,10251,66,100,100,23939,P2,Not Active,Not Active,Not Active,Not Active
2026/08/10 01:26:22.893,331.98,450.00,2655,10251,66,100,100,23939,P2,Not Active,Not Active,Not Active,Not Active
2026/08/10 01:26:23.397,332.18,450.00,2655,10251,66,100,100,23939,P2,Not Active,Not Active,Not Active,Not Active
2026/08/10 01:26:23.900,335.48,450.00,2655,10251,66,100,100,23939,P2,Not Active,Not Active,Not Active,Not Active
2026/08/10 01:26:24.405,335.59,450.00,2655,10251,66,100,100,23939,P2,Not Active,Not Active,Not Active,Not Active
2026/08/10 01:26:24.908,332.58,450.00,2655,10251,66,100,100,23939,P2,Not Active,Not Active,Not Active,Not Active
2026/08/10 01:26:25.411,332.68,450.00,2655,10251,66,100,100,23939,P2,Not Active,Not Active,Not Active,Not Active
2026/08/10 01:26:25.915,265.77,450.00,2670,10251,60,0,0,23939,P2,Not Active,Not Active,Not Active,Not Active
2026/08/10 01:26:26.419,130.96,450.00,2670,10251,59,0,0,23939,P2,Not Active,Not Active,Not Active,Not Active
2026/08/10 01:26:26.925,108.49,450.00,2670,10251,59,0,0,23939,P2,Not Active,Not Active,Not Active,Not Active
2026/08/10 01:26:27.429,108.49,450.00,2670,10251,59,0,0,23939,P2,Not Active,Not Active,Not Active,Not Active
2026/08/10 01:26:27.984,78.92,450.00,540,10251,57,0,0,23939,P5,Not Active,Not Active,Not Active,Not Active
2026/08/10 01:26:28.555,59.57,450.00,540,10251,57,0,3,23939,P5,Not Active,Not Active,Not Active,Not Active
2026/08/10 01:26:29.124,59.57,450.00,345,810,56,0,3,23939,P8,Not Active,Not Active,Not Active,Not Active
2026/08/10 01:26:29.718,76.15,450.00,240,405,56,100,99,23939,P2,Not Active,Not Active,Not Active,Not Active
2026/08/10 01:26:30.236,150.45,450.00,2670,10251,63,99,100,23939,P2,Not Active,Not Active,Not Active,Not Active
2026/08/10 01:26:30.740,326.43,450.00,2670,10251,65,99,100,23939,P2,Not Active,Not Active,Not Active,Not Active
2026/08/10 01:26:31.245,330.89,450.00,2655,10251,65,99,100,23939,P2,Not Active,Not Active,Not Active,Not Active
2026/08/10 01:26:31.748,339.58,450.00,2655,10251,66,98,97,23939,P2,Not Active,Not Active,Not Active,Not Active
2026/08/10 01:26:32.252,339.15,450.00,2655,10251,66,100,100,23942,P2,Not Active,Not Active,Not Active,Not Active
2026/08/10 01:26:32.755,338.78,450.00,2655,10251,66,100,96,23942,P2,Not Active,Not Active,Not Active,Not Active
2026/08/10 01:26:33.262,320.17,450.00,2655,10251,65,100,100,23939,P2,Not Active,Not Active,Not Active,Not Active
2026/08/10 01:26:33.765,305.15,450.00,2655,10251,64,100,100,23939,P2,Not Active,Not Active,Not Active,Not Active
2026/08/10 01:26:34.277,310.45,450.00,2655,10251,68,100,100,23939,P2,Not Active,Not Active,Not Active,Not Active
2026/08/10 01:26:34.784,312.02,450.00,2655,10251,64,100,100,23939,P2,Not Active,Not Active,Not Active,Not Active
2026/08/10 01:26:35.287,315.66,450.00,2655,10251,66,99,100,23939,P2,Not Active,Not Active,Not Active,Not Active
2026/08/10 01:26:35.790,330.49,450.00,2655,10251,66,100,100,23939,P2,Not Active,Not Active,Not Active,Not Active
2026/08/10 01:26:36.294,267.42,450.00,2655,10251,66,13,6,23939,P2,Active,Not Active,Not Active,Not Active
2026/08/10 01:26:36.798,261.28,450.00,2460,10251,71,100,100,23939,P2,Not Active,Not Active,Not Active,Not Active
2026/08/10 01:26:37.304,313.89,450.00,2655,10251,65,100,100,23939,P2,Not Active,Not Active,Not Active,Not Active
2026/08/10 01:26:37.807,300.10,450.00,2655,10251,65,100,100,23939,P2,Not Active,Not Active,Not Active,Not Active
2026/08/10 01:26:38.310,300.03,450.00,2655,10251,65,100,100,23939,P2,Not Active,Not Active,Not Active,Not Active
2026/08/10 01:26:38.814,302.87,450.00,2655,10251,66,99,100,23939,P2,Not Active,Not Active,Not Active,Not Active
2026/08/10 01:26:39.319,317.77,450.00,2655,10251,67,100,100,23939,P2,Not Active,Not Active,Not Active,Not Active
2026/08/10 01:26:39.824,332.93,450.00,2655,10251,67,99,100,23939,P2,Not Active,Not Active,Not Active,Not Active
2026/08/10 01:26:40.327,333.30,450.00,2655,10251,67,100,100,23939,P2,Not Active,Not Active,Not Active,Not Active
2026/08/10 01:26:40.830,296.10,450.00,2655,10251,68,7,3,23939,P2,Not Active,Not Active,Not Active,Not Active
2026/08/10 01:26:41.334,301.84,450.00,2610,10251,73,100,94,23939,P2,Not Active,Not Active,Not Active,Not Active
2026/08/10 01:26:41.839,338.89,450.00,2655,10251,66,100,100,23939,P2,Not Active,Not Active,Not Active,Not Active
2026/08/10 01:26:42.343,330.36,450.00,2655,10251,66,100,94,23939,P2,Active,Not Active,Not Active,Not Active
2026/08/10 01:26:42.846,314.64,450.00,2655,10251,66,100,100,23939,P2,Not Active,Not Active,Not Active,Not Active
2026/08/10 01:26:43.350,322.47,450.00,2475,10251,68,100,94,23939,P2,Not Active,Not Active,Not Active,Not Active
2026/08/10 01:26:43.856,312.96,450.00,2655,10251,66,99,100,23939,P2,Not Active,Not Active,Not Active,Not Active
2026/08/10 01:26:44.361,304.59,450.00,2655,10251,66,100,100,23939,P2,Not Active,Not Active,Not Active,Not Active
2026/08/10 01:26:44.864,312.27,450.00,2655,10251,67,99,100,23939,P2,Not Active,Not Active,Not Active,Not Active
2026/08/10 01:26:45.367,325.09,450.00,2655,10251,66,100,100,23939,P2,Not Active,Not Active,Not Active,Not Active
2026/08/10 01:26:45.871,330.77,450.00,2655,10251,67,100,100,23939,P2,Not Active,Not Active,Not Active,Not Active
2026/08/10 01:26:46.377,329.18,450.00,2655,10251,66,100,100,23939,P2,Not Active,Not Active,Not Active,Not Active
2026/08/10 01:26:46.881,317.44,450.00,2655,10251,66,98,100,23939,P2,Not Active,Not Active,Not Active,Not Active
2026/08/10 01:26:47.385,308.79,450.00,2655,10251,67,99,100,23939,P2,Not Active,Not Active,Not Active,Not Active
2026/08/10 01:26:47.888,324.19,450.00,2655,10251,67,100,100,23939,P2,Not Active,Not Active,Not Active,Not Active
2026/08/10 01:26:48.392,296.64,450.00,2655,10251,62,16,18,23939,P2,Not Active,Not Active,Not Active,Not Active
2026/08/10 01:26:48.898,184.52,450.00,2670,10251,60,0,0,23939,P2,Not Active,Not Active,Not Active,Not Active
2026/08/10 01:26:49.401,116.90,450.00,2670,10251,60,0,0,23939,P2,Not Active,Not Active,Not Active,Not Active
2026/08/10 01:26:49.905,116.90,450.00,2670,10251,60,0,0,23939,P2,Not Active,Not Active,Not Active,Not Active
2026/08/10 01:26:50.409,79.19,450.00,585,10251,58,0,0,23939,P2,Not Active,Not Active,Not Active,Not Active
2026/08/10 01:26:50.962,65.16,450.00,435,810,58,0,3,23938,P5,Not Active,Not Active,Not Active,Not Active
2026/08/10 01:26:51.536,41.73,450.00,360,810,57,0,3,23938,P5,Not Active,Not Active,Not Active,Not Active
2026/08/10 01:26:52.113,41.21,450.00,300,810,57,0,5,23938,P8,Not Active,Not Active,Not Active,Not Active
2026/08/10 01:26:52.702,27.09,450.00,300,810,57,0,6,23937,P8,Not Active,Not Active,Not Active,Not Active
2026/08/10 01:26:53.302,25.37,450.00,210,405,56,0,5,23937,P8,Not Active,Not Active,Not Active,Not Active
2026/08/10 01:26:53.909,24.98,450.00,210,405,56,0,6,23937,P8,Not Active,Not Active,Not Active,Not Active
2026/08/10 01:26:54.501,24.98,450.00,210,405,56,0,6,23937,P8,Not Active,Not Active,Not Active,Not Active
2026/08/10 01:26:55.107,23.76,450.00,210,405,56,15,15,23937,P8,Not Active,Not Active,Not Active,Not Active
2026/08/10 01:26:55.822,146.76,450.00,210,405,56,99,100,23937,P2,Not Active,Not Active,Not Active,Not Active
2026/08/10 01:26:56.325,299.45,450.00,2655,10251,64,100,93,23937,P2,Not Active,Not Active,Not Active,Not Active
2026/08/10 01:26:56.829,321.18,450.00,2655,10251,64,99,100,23937,P2,Not Active,Not Active,Not Active,Not Active
2026/08/10 01:26:57.334,302.78,450.00,2655,10251,64,100,100,23937,P2,Not Active,Not Active,Not Active,Not Active
2026/08/10 01:26:57.837,302.78,450.00,2655,10251,64,100,100,23937,P2,Not Active,Not Active,Not Active,Not Active
2026/08/10 01:26:58.341,310.04,450.00,2655,10251,65,90,94,23937,P2,Active,Not Active,Not Active,Not Active
2026/08/10 01:26:58.845,325.18,450.00,2655,10251,66,100,100,23937,P2,Not Active,Not Active,Not Active,Not Active
2026/08/10 01:26:59.348,331.51,450.00,2655,10251,64,100,100,23937,P2,Not Active,Not Active,Not Active,Not Active
2026/08/10 01:26:59.852,315.24,450.00,2655,10251,64,100,100,23937,P2,Not Active,Not Active,Not Active,Not Active
2026/08/10 01:27:00.356,308.45,450.00,2655,10251,66,100,93,23937,P2,Not Active,Not Active,Not Active,Not Active
2026/08/10 01:27:00.860,318.73,450.00,2490,10251,65,100,100,23937,P2,Not Active,Not Active,Not Active,Not Active
2026/08/10 01:27:01.363,321.14,450.00,2655,10251,65,100,98,23937,P2,Active,Not Active,Not Active,Not Active
2026/08/10 01:27:01.908,319.29,450.00,2655,10251,65,100,100,23937,P2,Not Active,Not Active,Not Active,Not Active
2026/08/10 01:27:02.415,313.25,450.00,2655,10251,65,100,100,23937,P2,Not Active,Not Active,Not Active,Not Active
2026/08/10 01:27:02.918,304.58,450.00,2655,10251,65,100,100,23937,P2,Not Active,Not Active,Not Active,Not Active
2026/08/10 01:27:03.421,306.61,450.00,2655,10251,65,100,100,23937,P2,Not Active,Not Active,Not Active,Not Active
2026/08/10 01:27:03.924,323.52,450.00,2655,10251,66,100,94,23937,P2,Not Active,Not Active,Not Active,Not Active
2026/08/10 01:27:04.427,330.10,450.00,2610,10251,65,100,94,23937,P2,Not Active,Not Active,Not Active,Not Active
2026/08/10 01:27:04.936,319.14,450.00,2655,10251,65,99,100,23937,P2,Not Active,Not Active,Not Active,Not Active
2026/08/10 01:27:05.440,312.92,450.00,2655,10251,69,100,94,23937,P2,Not Active,Not Active,Not Active,Not Active
2026/08/10 01:27:05.943,315.03,450.00,2655,10251,65,100,100,23937,P2,Not Active,Not Active,Not Active,Not Active
2026/08/10 01:27:06.447,302.93,450.00,2655,10251,65,100,100,23937,P2,Not Active,Not Active,Not Active,Not Active
2026/08/10 01:27:06.952,314.92,450.00,2655,10251,66,100,100,23937,P2,Not Active,Not Active,Not Active,Not Active
2026/08/10 01:27:07.455,299.79,450.00,2655,10251,67,87,100,23937,P2,Not Active,Not Active,Not Active,Not Active
2026/08/10 01:27:07.960,192.96,450.00,2670,10251,60,0,0,23937,P2,Not Active,Not Active,Not Active,Not Active
2026/08/10 01:27:08.463,125.51,450.00,2670,10251,59,0,0,23937,P2,Not Active,Not Active,Not Active,Not Active
2026/08/10 01:27:08.967,149.27,450.00,2655,10251,65,100,100,23937,P2,Active,Not Active,Not Active,Not Active
2026/08/10 01:27:09.472,235.91,450.00,2655,10251,65,100,100,23937,P2,Not Active,Not Active,Not Active,Not Active
2026/08/10 01:27:09.975,310.10,450.00,2655,10251,65,100,100,23937,P2,Not Active,Not Active,Not Active,Not Active
2026/08/10 01:27:10.478,299.90,450.00,2655,10251,65,100,100,23937,P2,Not Active,Not Active,Not Active,Not Active
2026/08/10 01:27:10.981,303.11,450.00,2655,10251,65,100,100,23937,P2,Not Active,Not Active,Not Active,Not Active
2026/08/10 01:27:11.484,224.99,450.00,2670,10251,60,0,0,23937,P2,Not Active,Not Active,Not Active,Not Active
2026/08/10 01:27:11.990,127.28,450.00,2670,10251,59,0,0,23937,P2,Not Active,Not Active,Not Active,Not Active
2026/08/10 01:27:12.497,127.28,450.00,2670,10251,59,0,0,23937,P2,Not Active,Not Active,Not Active,Not Active
2026/08/10 01:27:13.001,172.69,450.00,2655,10251,65,100,94,23937,P2,Not Active,Not Active,Not Active,Not Active
2026/08/10 01:27:13.504,225.41,450.00,2655,10251,64,100,100,23937,P2,Not Active,Not Active,Not Active,Not Active
2026/08/10 01:27:14.012,298.94,450.00,2655,10251,64,100,100,23937,P2,Not Active,Not Active,Not Active,Not Active
2026/08/10 01:27:14.515,299.43,450.00,2655,10251,64,100,100,23937,P2,Not Active,Not Active,Not Active,Not Active
2026/08/10 01:27:15.018,283.07,450.00,2655,10251,66,91,100,23937,P2,Not Active,Not Active,Not Active,Not Active
2026/08/10 01:27:15.524,185.50,450.00,2670,10251,59,0,0,23937,P2,Not Active,Not Active,Not Active,Not Active
2026/08/10 01:27:16.030,126.68,450.00,2670,10251,59,0,0,23937,P2,Not Active,Not Active,Not Active,Not Active
2026/08/10 01:27:16.535,84.32,450.00,2670,10251,59,0,0,23937,P2,Not Active,Not Active,Not Active,Not Active
2026/08/10 01:27:17.039,76.79,450.00,540,10251,58,0,0,23937,P2,Not Active,Not Active,Not Active,Not Active
2026/08/10 01:27:17.606,75.06,450.00,450,5001,57,0,0,23937,P3,Not Active,Not Active,Not Active,Not Active
2026/08/10 01:27:18.159,42.51,450.00,450,5001,57,0,0,23937,P3,Not Active,Not Active,Not Active,Not Active
2026/08/10 01:27:18.714,42.51,450.00,285,5001,56,0,0,23937,P3,Not Active,Not Active,Not Active,Not Active
2026/08/10 01:27:19.269,41.10,450.00,285,5001,56,0,0,23937,P3,Not Active,Not Active,Not Active,Not Active
2026/08/10 01:27:19.823,41.10,450.00,210,5001,56,0,3,23937,P5,Not Active,Not Active,Not Active,Not Active
2026/08/10 01:27:20.396,34.58,450.00,210,810,55,0,3,23937,P5,Not Active,Not Active,Not Active,Not Active
2026/08/10 01:27:20.992,66.99,450.00,2520,10251,60,100,100,23937,P2,Not Active,Not Active,Not Active,Not Active
2026/08/10 01:27:21.495,235.84,450.00,2670,10251,64,99,100,23937,P2,Not Active,Not Active,Not Active,Not Active
2026/08/10 01:27:21.998,327.64,450.00,2490,10251,66,100,100,23937,P2,Not Active,Not Active,Not Active,Not Active
2026/08/10 01:27:22.501,314.32,450.00,2655,10251,63,100,100,23937,P2,Not Active,Not Active,Not Active,Not Active
2026/08/10 01:27:23.009,303.60,450.00,2655,10251,63,100,100,23937,P2,Not Active,Not Active,Not Active,Not Active
2026/08/10 01:27:23.513,318.38,450.00,2655,10251,65,100,100,23937,P2,Not Active,Not Active,Not Active,Not Active
2026/08/10 01:27:24.016,274.86,450.00,2655,10251,65,36,41,23937,P2,Not Active,Not Active,Not Active,Not Active
2026/08/10 01:27:24.521,168.13,450.00,2670,10251,58,0,0,23937,P2,Not Active,Not Active,Not Active,Not Active
2026/08/10 01:27:25.028,123.20,450.00,2670,10251,58,0,0,23937,P2,Not Active,Not Active,Not Active,Not Active
2026/08/10 01:27:25.531,123.20,450.00,2670,10251,58,0,0,23937,P2,Not Active,Not Active,Not Active,Not Active
2026/08/10 01:27:26.086,77.25,450.00,690,10251,56,0,0,23937,P2,Not Active,Not Active,Not Active,Not Active
2026/08/10 01:27:26.645,77.25,450.00,690,10251,56,0,0,23937,P3,Not Active,Not Active,Not Active,Not Active
2026/08/10 01:27:27.199,61.08,450.00,435,5001,55,0,0,23937,P3,Not Active,Not Active,Not Active,Not Active
2026/08/10 01:27:27.754,41.14,450.00,435,5001,55,0,3,23937,P5,Not Active,Not Active,Not Active,Not Active
2026/08/10 01:27:28.334,41.14,450.00,270,810,55,0,3,23937,P5,Not Active,Not Active,Not Active,Not Active
2026/08/10 01:27:28.907,33.78,450.00,210,810,54,0,3,23937,P5,Not Active,Not Active,Not Active,Not Active
2026/08/10 01:27:29.477,30.57,450.00,210,405,54,4,7,23937,P8,Active,Not Active,Not Active,Not Active
2026/08/10 01:27:30.046,132.93,450.00,2670,10251,61,100,100,23937,P2,Not Active,Not Active,Not Active,Not Active
2026/08/10 01:27:30.549,286.94,450.00,2670,10251,63,99,100,23937,P2,Not Active,Not Active,Not Active,Not Active
2026/08/10 01:27:31.054,328.47,450.00,2670,10251,64,99,100,23937,P2,Not Active,Not Active,Not Active,Not Active
2026/08/10 01:27:31.558,329.92,450.00,2580,10251,70,99,100,23937,P2,Not Active,Not Active,Not Active,Not Active
2026/08/10 01:27:32.063,325.39,450.00,2655,10251,63,100,100,23937,P2,Not Active,Not Active,Not Active,Not Active
2026/08/10 01:27:32.567,321.33,450.00,2655,10251,64,100,100,23937,P2,Not Active,Not Active,Not Active,Not Active
2026/08/10 01:27:33.071,328.88,450.00,2655,10251,64,99,100,23937,P2,Not Active,Not Active,Not Active,Not Active
2026/08/10 01:27:33.574,279.98,450.00,2655,10251,64,0,0,23937,P2,Not Active,Not Active,Not Active,Not Active
2026/08/10 01:27:34.078,182.06,450.00,2670,10251,57,0,0,23937,P2,Active,Not Active,Not Active,Not Active
2026/08/10 01:27:34.597,236.51,450.00,2655,10251,63,100,100,23937,P2,Not Active,Not Active,Not Active,Not Active
2026/08/10 01:27:35.105,327.53,450.00,2475,10251,68,100,94,23937,P2,Not Active,Not Active,Not Active,Not Active
2026/08/10 01:27:35.638,319.19,450.00,2655,10251,63,100,100,23937,P2,Not Active,Not Active,Not Active,Not Active
2026/08/10 01:27:36.144,321.11,450.00,2655,10251,65,100,94,23937,P2,Not Active,Not Active,Not Active,Not Active
2026/08/10 01:27:36.647,322.82,450.00,2655,10251,64,100,100,23937,P2,Not Active,Not Active,Not Active,Not Active
2026/08/10 01:27:37.152,313.99,450.00,2655,10251,70,100,100,23937,P2,Not Active,Not Active,Not Active,Not Active
2026/08/10 01:27:37.656,312.46,450.00,2655,10251,63,100,100,23937,P2,Not Active,Not Active,Not Active,Not Active
2026/08/10 01:27:38.161,318.12,450.00,2475,10251,63,100,94,23937,P2,Not Active,Not Active,Not Active,Not Active
2026/08/10 01:27:38.665,317.95,450.00,2655,10251,64,100,100,23937,P2,Not Active,Not Active,Not Active,Not Active
2026/08/10 01:27:39.168,301.05,450.00,2655,10251,63,100,100,23937,P2,Not Active,Not Active,Not Active,Not Active
2026/08/10 01:27:39.672,299.66,450.00,2655,10251,63,100,100,23937,P2,Not Active,Not Active,Not Active,Not Active
2026/08/10 01:27:40.176,287.70,450.00,2655,10251,63,65,74,23937,P2,Not Active,Not Active,Not Active,Not Active
2026/08/10 01:27:40.683,264.93,450.00,2520,10251,59,100,100,23937,P2,Not Active,Not Active,Not Active,Not Active
2026/08/10 01:27:41.186,278.05,450.00,2655,10251,65,100,100,23937,P2,Not Active,Not Active,Not Active,Not Active
2026/08/10 01:27:41.690,330.49,450.00,2655,10251,65,100,100,23937,P2,Not Active,Not Active,Not Active,Not Active
2026/08/10 01:27:42.194,338.51,450.00,2655,10251,65,100,95,23937,P2,Not Active,Not Active,Not Active,Not Active
2026/08/10 01:27:42.717,338.50,450.00,2655,10251,64,100,95,23937,P2,Not Active,Not Active,Not Active,Not Active
2026/08/10 01:27:43.274,315.53,450.00,2655,10251,65,100,100,23937,P2,Not Active,Not Active,Not Active,Not Active
2026/08/10 01:27:43.782,309.45,450.00,2655,10251,64,100,100,23937,P2,Not Active,Not Active,Not Active,Not Active
2026/08/10 01:27:44.286,307.92,450.00,2655,10251,64,100,100,23937,P2,Not Active,Not Active,Not Active,Not Active
2026/08/10 01:27:44.808,316.88,450.00,2655,10251,65,100,100,23937,P2,Not Active,Not Active,Not Active,Not Active
2026/08/10 01:27:45.312,307.64,450.00,2655,10251,64,100,100,23937,P2,Not Active,Not Active,Not Active,Not Active
2026/08/10 01:27:45.815,299.58,450.00,2655,10251,64,100,100,23937,P2,Not Active,Not Active,Not Active,Not Active
2026/08/10 01:27:46.320,308.27,450.00,2655,10251,64,100,100,23937,P2,Not Active,Not Active,Not Active,Not Active
2026/08/10 01:27:46.823,316.73,450.00,2655,10251,65,100,100,23937,P2,Not Active,Not Active,Not Active,Not Active
2026/08/10 01:27:47.327,322.36,450.00,2655,10251,66,100,100,23937,P2,Not Active,Not Active,Not Active,Not Active
2026/08/10 01:27:47.830,330.89,450.00,2655,10251,66,100,100,23937,P2,Not Active,Not Active,Not Active,Not Active
2026/08/10 01:27:48.335,298.33,450.00,2655,10251,66,25,28,23937,P2,Not Active,Not Active,Not Active,Not Active
2026/08/10 01:27:48.840,186.09,450.00,2670,10251,59,0,0,23937,P2,Not Active,Not Active,Not Active,Not Active
2026/08/10 01:27:49.344,118.56,450.00,2670,10251,58,0,0,23937,P2,Not Active,Not Active,Not Active,Not Active
2026/08/10 01:27:49.849,118.56,450.00,2670,10251,58,0,0,23937,P2,Not Active,Not Active,Not Active,Not Active
2026/08/10 01:27:50.352,77.70,450.00,630,10251,57,0,0,23937,P2,Not Active,Not Active,Not Active,Not Active
2026/08/10 01:27:50.906,64.03,450.00,480,810,56,0,3,23937,P5,Not Active,Not Active,Not Active,Not Active
2026/08/10 01:27:51.494,42.71,450.00,360,810,56,30,25,23937,P5,Not Active,Not Active,Not Active,Not Active
2026/08/10 01:27:52.102,139.60,450.00,2520,10251,62,100,100,23937,P2,Not Active,Not Active,Not Active,Not Active
2026/08/10 01:27:52.606,272.23,450.00,2655,10251,64,100,100,23937,P2,Not Active,Not Active,Not Active,Not Active
2026/08/10 01:27:53.110,314.24,450.00,2655,10251,63,100,100,23937,P2,Not Active,Not Active,Not Active,Not Active
2026/08/10 01:27:53.614,297.38,450.00,2655,10251,63,100,100,23937,P2,Not Active,Not Active,Not Active,Not Active
2026/08/10 01:27:54.118,305.36,450.00,2655,10251,64,100,100,23937,P2,Not Active,Not Active,Not Active,Not Active
2026/08/10 01:27:54.621,302.78,450.00,2655,10251,65,43,34,23937,P2,Not Active,Not Active,Not Active,Not Active
2026/08/10 01:27:55.125,312.18,450.00,2475,10251,67,100,100,23937,P2,Not Active,Not Active,Not Active,Not Active
2026/08/10 01:27:55.628,315.87,450.00,2655,10251,64,100,100,23937,P2,Not Active,Not Active,Not Active,Not Active
2026/08/10 01:27:56.133,298.11,450.00,2655,10251,64,100,100,23937,P2,Not Active,Not Active,Not Active,Not Active
2026/08/10 01:27:56.638,298.23,450.00,2655,10251,64,100,100,23937,P2,Not Active,Not Active,Not Active,Not Active
2026/08/10 01:27:57.141,265.05,450.00,2655,10251,65,0,0,23937,P2,Not Active,Not Active,Not Active,Not Active
2026/08/10 01:27:57.645,239.31,450.00,2610,10251,69,99,98,23937,P2,Not Active,Not Active,Not Active,Not Active
2026/08/10 01:27:58.148,274.17,450.00,2655,10251,65,100,95,23937,P2,Not Active,Not Active,Not Active,Not Active
2026/08/10 01:27:58.671,331.14,450.00,2655,10251,64,100,94,23937,P2,Not Active,Not Active,Not Active,Not Active
2026/08/10 01:27:59.179,319.00,450.00,2655,10251,64,100,100,23937,P2,Not Active,Not Active,Not Active,Not Active
2026/08/10 01:27:59.683,302.79,450.00,2655,10251,64,100,100,23937,P2,Not Active,Not Active,Not Active,Not Active
2026/08/10 01:28:00.186,301.30,450.00,2655,10251,64,100,100,23937,P2,Not Active,Not Active,Not Active,Not Active
2026/08/10 01:28:00.690,319.66,450.00,2550,10251,71,100,100,23937,P2,Not Active,Not Active,Not Active,Not Active
2026/08/10 01:28:01.198,319.50,450.00,2655,10251,64,100,100,23937,P2,Not Active,Not Active,Not Active,Not Active
2026/08/10 01:28:01.701,299.35,450.00,2655,10251,64,100,100,23937,P2,Not Active,Not Active,Not Active,Not Active
2026/08/10 01:28:02.205,299.10,450.00,2655,10251,64,100,100,23937,P2,Not Active,Not Active,Not Active,Not Active
2026/08/10 01:28:02.708,243.24,450.00,2655,10251,64,0,0,23937,P2,Not Active,Not Active,Not Active,Not Active
2026/08/10 01:28:03.214,145.39,450.00,2670,10251,59,0,0,23937,P2,Not Active,Not Active,Not Active,Not Active
2026/08/10 01:28:03.719,106.26,450.00,2670,10251,59,0,0,23937,P2,Not Active,Not Active,Not Active,Not Active
2026/08/10 01:28:04.225,171.60,450.00,2670,10251,65,100,96,23937,P2,Not Active,Not Active,Not Active,Not Active
2026/08/10 01:28:04.730,240.60,450.00,2655,10251,64,100,100,23937,P2,Not Active,Not Active,Not Active,Not Active
2026/08/10 01:28:05.235,298.61,450.00,2655,10251,64,100,100,23937,P2,Not Active,Not Active,Not Active,Not Active
2026/08/10 01:28:05.739,298.91,450.00,2655,10251,64,100,100,23937,P2,Not Active,Not Active,Not Active,Not Active
2026/08/10 01:28:06.244,282.52,450.00,2655,10251,64,55,62,23937,P2,Not Active,Not Active,Not Active,Not Active
2026/08/10 01:28:06.787,300.89,450.00,2655,10251,66,100,100,23937,P2,Not Active,Not Active,Not Active,Not Active
2026/08/10 01:28:07.294,325.26,450.00,2520,10251,72,99,100,23937,P2,Not Active,Not Active,Not Active,Not Active
2026/08/10 01:28:07.797,311.06,450.00,2655,10251,65,100,100,23937,P2,Not Active,Not Active,Not Active,Not Active
2026/08/10 01:28:08.301,299.83,450.00,2655,10251,65,100,100,23937,P2,Not Active,Not Active,Not Active,Not Active
2026/08/10 01:28:08.804,314.47,450.00,2655,10251,66,100,100,23937,P2,Not Active,Not Active,Not Active,Not Active
2026/08/10 01:28:09.308,241.08,450.00,2655,10251,66,0,0,23937,P2,Not Active,Not Active,Not Active,Not Active
2026/08/10 01:28:09.814,207.29,450.00,2670,10251,59,100,100,23937,P2,Not Active,Not Active,Not Active,Not Active
2026/08/10 01:28:10.317,272.81,450.00,2655,10251,66,100,100,23937,P2,Not Active,Not Active,Not Active,Not Active
2026/08/10 01:28:10.821,331.54,450.00,2655,10251,66,100,100,23937,P2,Not Active,Not Active,Not Active,Not Active
2026/08/10 01:28:11.324,331.47,450.00,2655,10251,66,99,100,23937,P2,Not Active,Not Active,Not Active,Not Active
2026/08/10 01:28:11.828,273.99,450.00,2655,10251,66,20,23,23937,P2,Not Active,Not Active,Not Active,Not Active
2026/08/10 01:28:12.335,161.46,450.00,2670,10251,60,0,0,23937,P2,Not Active,Not Active,Not Active,Not Active
2026/08/10 01:28:12.839,116.71,450.00,2670,10251,59,0,0,23937,P2,Not Active,Not Active,Not Active,Not Active
2026/08/10 01:28:13.343,116.71,450.00,2670,10251,59,0,0,23937,P2,Not Active,Not Active,Not Active,Not Active
2026/08/10 01:28:13.896,78.10,450.00,600,10251,58,0,0,23937,P2,Not Active,Not Active,Not Active,Not Active
2026/08/10 01:28:14.451,78.10,450.00,600,10251,58,0,3,23937,P5,Not Active,Not Active,Not Active,Not Active
2026/08/10 01:28:15.023,61.08,450.00,375,810,56,0,3,23937,P5,Not Active,Not Active,Not Active,Not Active
2026/08/10 01:28:15.593,37.60,450.00,375,810,56,0,6,23937,P8,Not Active,Not Active,Not Active,Not Active
2026/08/10 01:28:16.190,28.06,450.00,240,405,56,0,6,23937,P8,Active,Not Active,Not Active,Not Active
2026/08/10 01:28:16.817,142.80,450.00,2520,10251,61,99,100,23937,P2,Not Active,Not Active,Not Active,Not Active
2026/08/10 01:28:17.320,288.13,450.00,2655,10251,64,100,100,23937,P2,Not Active,Not Active,Not Active,Not Active
2026/08/10 01:28:17.824,308.98,450.00,2655,10251,63,100,100,23937,P2,Not Active,Not Active,Not Active,Not Active
2026/08/10 01:28:18.329,297.86,450.00,2655,10251,63,100,100,23937,P2,Not Active,Not Active,Not Active,Not Active
2026/08/10 01:28:18.833,308.65,450.00,2655,10251,64,100,100,23937,P2,Not Active,Not Active,Not Active,Not Active
2026/08/10 01:28:19.336,320.69,450.00,2655,10251,64,99,100,23937,P2,Not Active,Not Active,Not Active,Not Active
2026/08/10 01:28:19.840,324.96,450.00,2655,10251,65,100,100,23937,P2,Not Active,Not Active,Not Active,Not Active
2026/08/10 01:28:20.344,330.94,450.00,2655,10251,72,100,100,23937,P2,Active,Not Active,Not Active,Not Active
2026/08/10 01:28:20.850,331.50,450.00,2655,10251,66,100,100,23937,P2,Not Active,Not Active,Not Active,Not Active
2026/08/10 01:28:21.353,331.43,450.00,2655,10251,66,100,100,23937,P2,Not Active,Not Active,Not Active,Not Active
2026/08/10 01:28:21.856,330.67,450.00,2655,10251,66,100,100,23937,P2,Not Active,Not Active,Not Active,Not Active
2026/08/10 01:28:22.359,330.57,450.00,2655,10251,65,100,100,23937,P2,Not Active,Not Active,Not Active,Not Active
2026/08/10 01:28:22.863,329.55,450.00,2655,10251,65,100,94,23937,P2,Not Active,Not Active,Not Active,Not Active
2026/08/10 01:28:23.368,312.35,450.00,2655,10251,65,100,100,23937,P2,Not Active,Not Active,Not Active,Not Active
2026/08/10 01:28:23.871,299.32,450.00,2655,10251,65,100,100,23937,P2,Not Active,Not Active,Not Active,Not Active
2026/08/10 01:28:24.374,302.93,450.00,2655,10251,66,100,100,23937,P2,Not Active,Not Active,Not Active,Not Active
2026/08/10 01:28:24.878,280.87,450.00,2670,10251,60,65,75,23937,P2,Not Active,Not Active,Not Active,Not Active
2026/08/10 01:28:25.383,160.12,450.00,2670,10251,59,0,0,23937,P2,Not Active,Not Active,Not Active,Not Active
2026/08/10 01:28:25.887,115.09,450.00,2670,10251,59,0,0,23937,P2,Not Active,Not Active,Not Active,Not Active
2026/08/10 01:28:26.391,115.09,450.00,2670,10251,59,0,0,23937,P2,Not Active,Not Active,Not Active,Not Active
2026/08/10 01:28:26.896,80.76,450.00,540,10251,58,0,0,23937,P3,Not Active,Not Active,Not Active,Not Active
2026/08/10 01:28:27.451,80.76,450.00,540,10251,58,0,0,23937,P3,Not Active,Not Active,Not Active,Not Active
2026/08/10 01:28:28.006,61.15,450.00,345,5001,56,0,0,23937,P3,Not Active,Not Active,Not Active,Not Active
2026/08/10 01:28:28.561,61.15,450.00,345,5001,56,0,0,23937,P3,Not Active,Not Active,Not Active,Not Active
2026/08/10 01:28:29.119,76.66,450.00,210,5001,57,100,95,23937,P2,Not Active,Not Active,Not Active,Not Active
2026/08/10 01:28:29.623,139.51,450.00,2670,10251,64,100,100,23937,P2,Not Active,Not Active,Not Active,Not Active
2026/08/10 01:28:30.127,329.12,450.00,2670,10251,65,100,94,23937,P2,Not Active,Not Active,Not Active,Not Active
2026/08/10 01:28:30.630,318.54,450.00,2655,10251,63,100,100,23937,P2,Not Active,Not Active,Not Active,Not Active
2026/08/10 01:28:31.134,298.58,450.00,2655,10251,63,100,100,23937,P2,Not Active,Not Active,Not Active,Not Active
2026/08/10 01:28:31.638,313.54,450.00,2655,10251,65,100,100,23937,P2,Not Active,Not Active,Not Active,Not Active
2026/08/10 01:28:32.142,312.04,450.00,2655,10251,65,61,70,23937,P2,Not Active,Not Active,Not Active,Not Active
2026/08/10 01:28:32.646,201.07,450.00,2670,10251,59,0,0,23939,P2,Not Active,Not Active,Not Active,Not Active
2026/08/10 01:28:33.150,89.03,450.00,2670,10251,58,0,0,23939,P2,Not Active,Not Active,Not Active,Not Active
2026/08/10 01:28:33.654,82.67,450.00,2670,10251,58,0,0,23937,P2,Not Active,Not Active,Not Active,Not Active
2026/08/10 01:28:34.157,172.64,450.00,2655,10251,64,100,100,23937,P2,Not Active,Not Active,Not Active,Not Active
2026/08/10 01:28:34.662,284.74,450.00,2655,10251,65,99,100,23937,P2,Not Active,Not Active,Not Active,Not Active
2026/08/10 01:28:35.165,329.32,450.00,2655,10251,65,100,100,23937,P2,Not Active,Not Active,Not Active,Not Active
2026/08/10 01:28:35.669,329.89,450.00,2655,10251,65,100,100,23937,P2,Not Active,Not Active,Not Active,Not Active
2026/08/10 01:28:36.172,258.82,450.00,2655,10251,61,0,0,23937,P2,Active,Not Active,Not Active,Not Active
2026/08/10 01:28:36.675,250.15,450.00,2655,10251,65,99,100,23937,P2,Not Active,Not Active,Not Active,Not Active
2026/08/10 01:28:37.180,321.87,450.00,2655,10251,65,100,94,23937,P2,Not Active,Not Active,Not Active,Not Active
2026/08/10 01:28:37.685,315.83,450.00,2655,10251,64,100,100,23937,P2,Not Active,Not Active,Not Active,Not Active
2026/08/10 01:28:38.188,297.71,450.00,2655,10251,64,100,100,23937,P2,Not Active,Not Active,Not Active,Not Active
2026/08/10 01:28:38.691,309.51,450.00,2655,10251,65,100,100,23937,P2,Not Active,Not Active,Not Active,Not Active
2026/08/10 01:28:39.194,281.24,450.00,2655,10251,66,52,59,23937,P2,Not Active,Not Active,Not Active,Not Active
2026/08/10 01:28:39.699,174.84,450.00,2670,10251,59,0,0,23937,P2,Not Active,Not Active,Not Active,Not Active
2026/08/10 01:28:40.204,107.41,450.00,2670,10251,58,0,0,23937,P2,Not Active,Not Active,Not Active,Not Active
2026/08/10 01:28:40.708,178.41,450.00,2535,10251,66,100,100,23937,P2,Not Active,Not Active,Not Active,Not Active
2026/08/10 01:28:41.212,273.64,450.00,2655,10251,65,100,100,23937,P2,Not Active,Not Active,Not Active,Not Active
2026/08/10 01:28:41.715,327.93,450.00,2655,10251,68,100,100,23937,P2,Not Active,Not Active,Not Active,Not Active
2026/08/10 01:28:42.220,313.26,450.00,2655,10251,64,100,100,23937,P2,Not Active,Not Active,Not Active,Not Active
2026/08/10 01:28:42.723,306.35,450.00,2655,10251,64,100,100,23937,P2,Not Active,Not Active,Not Active,Not Active
2026/08/10 01:28:43.226,321.30,450.00,2655,10251,66,100,100,23937,P2,Not Active,Not Active,Not Active,Not Active
2026/08/10 01:28:43.730,271.88,450.00,2655,10251,66,0,0,23937,P2,Not Active,Not Active,Not Active,Not Active
2026/08/10 01:28:44.234,159.38,450.00,2670,10251,59,0,0,23937,P2,Not Active,Not Active,Not Active,Not Active
2026/08/10 01:28:44.740,114.35,450.00,2670,10251,58,0,0,23937,P2,Not Active,Not Active,Not Active,Not Active
2026/08/10 01:28:45.243,114.35,450.00,2670,10251,58,0,0,23937,P2,Not Active,Not Active,Not Active,Not Active
2026/08/10 01:28:45.747,76.17,450.00,2670,10251,57,28,3,23937,P2,Not Active,Not Active,Not Active,Not Active
2026/08/10 01:28:46.314,128.79,450.00,480,10251,59,100,100,23937,P2,Not Active,Not Active,Not Active,Not Active
2026/08/10 01:28:46.820,282.51,450.00,2670,10251,65,99,100,23937,P2,Not Active,Not Active,Not Active,Not Active
2026/08/10 01:28:47.323,330.33,450.00,2670,10251,65,100,100,23937,P2,Not Active,Not Active,Not Active,Not Active
2026/08/10 01:28:47.826,327.80,450.00,2670,10251,65,100,100,23937,P2,Not Active,Not Active,Not Active,Not Active
2026/08/10 01:28:48.330,323.25,450.00,2655,10251,64,100,100,23937,P2,Not Active,Not Active,Not Active,Not Active
2026/08/10 01:28:48.833,322.99,450.00,2655,10251,65,100,100,23937,P2,Not Active,Not Active,Not Active,Not Active
2026/08/10 01:28:49.339,330.57,450.00,2655,10251,66,100,100,23937,P2,Not Active,Not Active,Not Active,Not Active
2026/08/10 01:28:49.842,264.68,450.00,2655,10251,66,1,1,23937,P2,Not Active,Not Active,Not Active,Not Active
2026/08/10 01:28:50.346,152.25,450.00,2670,10251,59,0,0,23937,P2,Not Active,Not Active,Not Active,Not Active
2026/08/10 01:28:50.850,107.20,450.00,2670,10251,58,0,0,23937,P2,Not Active,Not Active,Not Active,Not Active
2026/08/10 01:28:51.354,107.20,450.00,2670,10251,58,0,0,23937,P2,Not Active,Not Active,Not Active,Not Active
2026/08/10 01:28:51.907,75.71,450.00,450,10251,58,77,7,23937,P2,Not Active,Not Active,Not Active,Not Active
2026/08/10 01:28:52.471,147.31,450.00,2670,10251,64,100,100,23937,P2,Not Active,Not Active,Not Active,Not Active
2026/08/10 01:28:52.983,321.58,450.00,2655,10251,65,100,100,23937,P2,Not Active,Not Active,Not Active,Not Active
2026/08/10 01:28:53.486,330.16,450.00,2655,10251,65,100,100,23937,P2,Not Active,Not Active,Not Active,Not Active
2026/08/10 01:28:53.989,317.82,450.00,2655,10251,65,99,100,23937,P2,Not Active,Not Active,Not Active,Not Active
2026/08/10 01:28:54.493,290.91,450.00,2655,10251,65,100,100,23937,P2,Not Active,Not Active,Not Active,Not Active
2026/08/10 01:28:54.998,291.65,450.00,2655,10251,66,100,100,23937,P2,Not Active,Not Active,Not Active,Not Active
2026/08/10 01:28:55.501,330.43,450.00,2655,10251,66,100,100,23937,P2,Not Active,Not Active,Not Active,Not Active
2026/08/10 01:28:56.004,330.70,450.00,2655,10251,66,100,100,23937,P2,Not Active,Not Active,Not Active,Not Active
2026/08/10 01:28:56.508,264.63,450.00,2655,10251,60,0,0,23937,P2,Not Active,Not Active,Not Active,Not Active
2026/08/10 01:28:57.011,210.93,450.00,2655,10251,65,67,62,23937,P2,Not Active,Not Active,Not Active,Not Active
2026/08/10 01:28:57.516,254.64,450.00,2655,10251,66,100,100,23937,P2,Not Active,Not Active,Not Active,Not Active
2026/08/10 01:28:58.019,330.58,450.00,2655,10251,66,100,100,23937,P2,Not Active,Not Active,Not Active,Not Active
2026/08/10 01:28:58.523,330.59,450.00,2655,10251,65,100,100,23937,P2,Not Active,Not Active,Not Active,Not Active
2026/08/10 01:28:59.026,319.54,450.00,2655,10251,64,100,100,23937,P2,Not Active,Not Active,Not Active,Not Active
2026/08/10 01:28:59.530,316.82,450.00,2655,10251,66,100,100,23937,P2,Not Active,Not Active,Not Active,Not Active
2026/08/10 01:29:00.034,330.98,450.00,2655,10251,66,100,100,23937,P2,Not Active,Not Active,Not Active,Not Active
2026/08/10 01:29:00.538,284.36,450.00,2655,10251,62,0,0,23937,P2,Not Active,Not Active,Not Active,Not Active
2026/08/10 01:29:01.042,172.07,450.00,2670,10251,59,0,0,23937,P2,Not Active,Not Active,Not Active,Not Active
2026/08/10 01:29:01.546,127.05,450.00,2670,10251,59,0,0,23937,P2,Not Active,Not Active,Not Active,Not Active
2026/08/10 01:29:02.050,127.05,450.00,2670,10251,59,0,0,23937,P2,Not Active,Not Active,Not Active,Not Active
2026/08/10 01:29:02.554,80.02,450.00,540,10251,57,0,0,23937,P2,Not Active,Not Active,Not Active,Not Active
2026/08/10 01:29:03.108,80.02,450.00,540,10251,57,0,3,23937,P5,Not Active,Not Active,Not Active,Not Active
2026/08/10 01:29:03.675,60.72,450.00,345,810,56,0,3,23937,P5,Not Active,Not Active,Not Active,Not Active
2026/08/10 01:29:04.246,35.08,450.00,345,810,56,0,5,23937,P8,Not Active,Not Active,Not Active,Not Active
2026/08/10 01:29:04.847,44.29,450.00,225,405,55,87,65,23937,P2,Not Active,Not Active,Not Active,Not Active
2026/08/10 01:29:05.389,195.92,450.00,2655,10251,64,100,100,23937,P2,Not Active,Not Active,Not Active,Not Active
2026/08/10 01:29:05.894,325.38,450.00,2655,10251,65,100,100,23937,P2,Not Active,Not Active,Not Active,Not Active
2026/08/10 01:29:06.397,330.00,450.00,2655,10251,65,100,100,23937,P2,Not Active,Not Active,Not Active,Not Active
2026/08/10 01:29:06.901,332.94,450.00,2655,10251,65,99,100,23937,P2,Not Active,Not Active,Not Active,Not Active
2026/08/10 01:29:07.404,332.75,450.00,2655,10251,65,99,100,23937,P2,Not Active,Not Active,Not Active,Not Active
2026/08/10 01:29:07.907,334.77,450.00,2655,10251,66,100,94,23937,P2,Not Active,Not Active,Not Active,Not Active
2026/08/10 01:29:08.412,320.82,450.00,2655,10251,64,100,100,23937,P2,Not Active,Not Active,Not Active,Not Active
2026/08/10 01:29:08.915,304.73,450.00,2655,10251,65,100,100,23937,P2,Not Active,Not Active,Not Active,Not Active
2026/08/10 01:29:09.418,315.82,450.00,2655,10251,65,100,100,23937,P2,Not Active,Not Active,Not Active,Not Active
2026/08/10 01:29:09.922,343.42,450.00,2655,10251,66,100,92,23937,P2,Not Active,Not Active,Not Active,Not Active
2026/08/10 01:29:10.425,328.52,450.00,2655,10251,64,100,100,23937,P2,Not Active,Not Active,Not Active,Not Active
2026/08/10 01:29:10.929,310.00,450.00,2655,10251,64,100,100,23937,P2,Not Active,Not Active,Not Active,Not Active
2026/08/10 01:29:11.434,311.63,450.00,2655,10251,64,100,100,23937,P2,Not Active,Not Active,Not Active,Not Active
2026/08/10 01:29:11.937,303.43,450.00,2655,10251,64,100,100,23937,P2,Not Active,Not Active,Not Active,Not Active
2026/08/10 01:29:12.440,315.75,450.00,2655,10251,66,100,100,23937,P2,Not Active,Not Active,Not Active,Not Active
2026/08/10 01:29:12.943,319.27,450.00,2655,10251,66,100,100,23937,P2,Not Active,Not Active,Not Active,Not Active
2026/08/10 01:29:13.446,327.42,450.00,2475,10251,71,100,100,23937,P2,Not Active,Not Active,Not Active,Not Active
2026/08/10 01:29:13.968,319.50,450.00,2655,10251,64,100,100,23937,P2,Not Active,Not Active,Not Active,Not Active
2026/08/10 01:29:14.473,298.85,450.00,2655,10251,64,100,100,23937,P2,Not Active,Not Active,Not Active,Not Active
2026/08/10 01:29:14.976,306.76,450.00,2655,10251,66,100,100,23937,P2,Not Active,Not Active,Not Active,Not Active
2026/08/10 01:29:15.480,323.98,450.00,2460,10251,68,100,100,23937,P2,Not Active,Not Active,Not Active,Not Active
2026/08/10 01:29:15.983,333.92,450.00,2655,10251,66,100,100,23937,P2,Not Active,Not Active,Not Active,Not Active
2026/08/10 01:29:16.486,335.53,450.00,2655,10251,66,100,95,23937,P2,Not Active,Not Active,Not Active,Not Active
2026/08/10 01:29:17.036,332.69,450.00,2655,10251,66,100,94,23937,P2,Not Active,Not Active,Not Active,Not Active
2026/08/10 01:29:17.539,329.45,450.00,2655,10251,65,100,94,23937,P2,Not Active,Not Active,Not Active,Not Active
2026/08/10 01:29:18.042,312.79,450.00,2655,10251,65,100,100,23937,P2,Not Active,Not Active,Not Active,Not Active
2026/08/10 01:29:18.547,312.86,450.00,2655,10251,65,100,100,23937,P2,Not Active,Not Active,Not Active,Not Active
2026/08/10 01:29:19.051,306.30,450.00,2655,10251,65,100,100,23937,P2,Not Active,Not Active,Not Active,Not Active
2026/08/10 01:29:19.554,316.14,450.00,2655,10251,65,100,100,23937,P2,Not Active,Not Active,Not Active,Not Active
2026/08/10 01:29:20.058,326.61,450.00,2655,10251,67,100,100,23937,P2,Not Active,Not Active,Not Active,Not Active
2026/08/10 01:29:20.561,326.72,450.00,2655,10251,67,100,100,23937,P2,Not Active,Not Active,Not Active,Not Active
2026/08/10 01:29:21.066,339.69,450.00,2655,10251,67,100,94,23937,P2,Not Active,Not Active,Not Active,Not Active
2026/08/10 01:29:21.585,331.44,450.00,2655,10251,67,100,100,23937,P2,Not Active,Not Active,Not Active,Not Active
2026/08/10 01:29:22.090,323.91,450.00,2655,10251,67,100,100,23937,P2,Not Active,Not Active,Not Active,Not Active
2026/08/10 01:29:22.593,332.43,450.00,2655,10251,67,100,100,23937,P2,Not Active,Not Active,Not Active,Not Active
2026/08/10 01:29:23.096,329.36,450.00,2655,10251,66,100,100,23937,P2,Not Active,Not Active,Not Active,Not Active
2026/08/10 01:29:23.599,329.33,450.00,2655,10251,67,100,100,23937,P2,Not Active,Not Active,Not Active,Not Active
2026/08/10 01:29:24.102,330.44,450.00,2655,10251,67,100,100,23937,P2,Not Active,Not Active,Not Active,Not Active
2026/08/10 01:29:24.606,332.82,450.00,2655,10251,67,100,100,23937,P2,Not Active,Not Active,Not Active,Not Active
2026/08/10 01:29:25.109,326.89,450.00,2655,10251,71,100,100,23937,P2,Not Active,Not Active,Not Active,Not Active
2026/08/10 01:29:25.612,326.91,450.00,2655,10251,67,100,100,23937,P2,Not Active,Not Active,Not Active,Not Active
2026/08/10 01:29:26.115,333.06,450.00,2655,10251,67,100,100,23937,P2,Not Active,Not Active,Not Active,Not Active
2026/08/10 01:29:26.620,333.14,450.00,2655,10251,67,100,100,23937,P2,Not Active,Not Active,Not Active,Not Active
2026/08/10 01:29:27.123,319.89,450.00,2655,10251,67,70,65,23937,P2,Not Active,Not Active,Not Active,Not Active
2026/08/10 01:29:27.631,319.88,450.00,2655,10251,67,100,100,23937,P2,Not Active,Not Active,Not Active,Not Active
2026/08/10 01:29:28.134,333.29,450.00,2655,10251,68,100,100,23939,P2,Active,Not Active,Not Active,Not Active
2026/08/10 01:29:28.662,327.20,450.00,2655,10251,67,100,100,23939,P2,Not Active,Not Active,Not Active,Not Active
2026/08/10 01:29:29.169,315.74,450.00,2655,10251,66,100,100,23937,P2,Not Active,Not Active,Not Active,Not Active
2026/08/10 01:29:29.672,318.99,450.00,2655,10251,67,100,100,23937,P2,Not Active,Not Active,Not Active,Not Active
2026/08/10 01:29:30.175,333.21,450.00,2655,10251,68,100,100,23937,P2,Not Active,Not Active,Not Active,Not Active
2026/08/10 01:29:30.678,226.09,450.00,2655,10251,62,0,0,23937,P2,Not Active,Not Active,Not Active,Not Active
2026/08/10 01:29:31.185,113.62,450.00,2655,10251,61,0,0,23937,P2,Not Active,Not Active,Not Active,Not Active
2026/08/10 01:29:31.689,113.62,450.00,2655,10251,60,0,0,23937,P2,Not Active,Not Active,Not Active,Not Active
2026/08/10 01:29:32.194,81.99,450.00,2655,10251,60,0,0,23937,P2,Not Active,Not Active,Not Active,Not Active
2026/08/10 01:29:32.779,72.03,450.00,540,10251,59,0,0,23937,P5,Active,Not Active,Not Active,Not Active
2026/08/10 01:29:33.375,164.46,450.00,2655,10251,66,100,100,23937,P2,Not Active,Not Active,Not Active,Not Active
2026/08/10 01:29:33.878,302.95,450.00,2655,10251,66,100,100,23937,P2,Not Active,Not Active,Not Active,Not Active
2026/08/10 01:29:34.383,320.49,450.00,2655,10251,65,100,100,23937,P2,Not Active,Not Active,Not Active,Not Active
2026/08/10 01:29:34.886,311.65,450.00,2655,10251,70,100,94,23937,P2,Not Active,Not Active,Not Active,Not Active
2026/08/10 01:29:35.392,311.51,450.00,2655,10251,65,100,100,23937,P2,Not Active,Not Active,Not Active,Not Active
2026/08/10 01:29:35.896,313.60,450.00,2655,10251,66,100,100,23937,P2,Not Active,Not Active,Not Active,Not Active
2026/08/10 01:29:36.399,316.93,450.00,2655,10251,67,100,100,23937,P2,Not Active,Not Active,Not Active,Not Active
2026/08/10 01:29:36.904,331.71,450.00,2655,10251,67,99,100,23937,P2,Not Active,Not Active,Not Active,Not Active
2026/08/10 01:29:37.408,224.55,450.00,2670,10251,60,0,0,23937,P2,Not Active,Not Active,Not Active,Not Active
2026/08/10 01:29:37.911,112.11,450.00,2670,10251,60,0,0,23937,P2,Not Active,Not Active,Not Active,Not Active
2026/08/10 01:29:38.416,112.11,450.00,2670,10251,60,0,0,23937,P2,Not Active,Not Active,Not Active,Not Active
2026/08/10 01:29:38.921,78.86,450.00,2670,10251,58,0,0,23937,P2,Not Active,Not Active,Not Active,Not Active
2026/08/10 01:29:39.475,71.03,450.00,450,810,58,86,70,23937,P2,Active,Not Active,Not Active,Not Active
2026/08/10 01:29:40.006,174.57,450.00,2670,10251,65,100,100,23937,P2,Not Active,Not Active,Not Active,Not Active
2026/08/10 01:29:40.558,323.61,450.00,2655,10251,66,100,100,23937,P2,Not Active,Not Active,Not Active,Not Active
2026/08/10 01:29:41.065,332.25,450.00,2655,10251,66,100,100,23937,P2,Not Active,Not Active,Not Active,Not Active
2026/08/10 01:29:41.568,322.25,450.00,2655,10251,67,100,100,23937,P2,Not Active,Not Active,Not Active,Not Active
2026/08/10 01:29:42.072,209.68,450.00,2670,10251,60,0,0,23937,P2,Not Active,Not Active,Not Active,Not Active
2026/08/10 01:29:42.576,119.40,450.00,2670,10251,59,0,0,23937,P2,Not Active,Not Active,Not Active,Not Active
2026/08/10 01:29:43.080,187.65,450.00,2655,10251,65,100,100,23937,P2,Not Active,Not Active,Not Active,Not Active
2026/08/10 01:29:43.584,300.17,450.00,2655,10251,66,100,100,23937,P2,Not Active,Not Active,Not Active,Not Active
2026/08/10 01:29:44.087,331.71,450.00,2655,10251,66,100,100,23937,P2,Not Active,Not Active,Not Active,Not Active
2026/08/10 01:29:44.590,331.99,450.00,2655,10251,67,100,100,23937,P2,Not Active,Not Active,Not Active,Not Active
2026/08/10 01:29:45.094,246.77,450.00,2670,10251,61,0,0,23937,P2,Not Active,Not Active,Not Active,Not Active
2026/08/10 01:29:45.597,248.66,450.00,2640,10251,66,100,94,23937,P2,Not Active,Not Active,Not Active,Not Active
2026/08/10 01:29:46.105,296.44,450.00,2655,10251,65,100,100,23937,P2,Not Active,Not Active,Not Active,Not Active
2026/08/10 01:29:46.608,299.14,450.00,2655,10251,65,100,100,23937,P2,Not Active,Not Active,Not Active,Not Active
2026/08/10 01:29:47.113,298.98,450.00,2655,10251,65,100,100,23937,P2,Not Active,Not Active,Not Active,Not Active
2026/08/10 01:29:47.617,282.48,450.00,2655,10251,66,90,100,23937,P2,Not Active,Not Active,Not Active,Not Active
2026/08/10 01:29:48.122,184.78,450.00,2670,10251,60,0,0,23937,P2,Not Active,Not Active,Not Active,Not Active
2026/08/10 01:29:48.625,125.53,450.00,2670,10251,59,0,0,23937,P2,Not Active,Not Active,Not Active,Not Active
2026/08/10 01:29:49.128,125.53,450.00,2670,10251,59,0,0,23937,P2,Not Active,Not Active,Not Active,Not Active
2026/08/10 01:29:49.634,80.55,450.00,2670,10251,59,0,0,23937,P2,Not Active,Not Active,Not Active,Not Active
2026/08/10 01:29:50.188,80.55,450.00,540,10251,57,0,0,23937,P5,Not Active,Not Active,Not Active,Not Active
2026/08/10 01:29:50.756,65.52,450.00,540,10251,57,100,74,23937,P2,Not Active,Not Active,Not Active,Not Active
2026/08/10 01:29:51.369,142.67,450.00,2670,10251,65,100,100,23937,P2,Not Active,Not Active,Not Active,Not Active
2026/08/10 01:29:51.872,326.39,450.00,2670,10251,66,100,100,23937,P2,Not Active,Not Active,Not Active,Not Active
2026/08/10 01:29:52.376,330.12,450.00,2670,10251,66,100,100,23937,P2,Not Active,Not Active,Not Active,Not Active
2026/08/10 01:29:52.881,297.23,450.00,2670,10251,61,24,28,23937,P2,Not Active,Not Active,Not Active,Not Active
2026/08/10 01:29:53.384,279.91,450.00,2670,10251,66,100,100,23937,P2,Not Active,Not Active,Not Active,Not Active
2026/08/10 01:29:53.888,290.63,450.00,2670,10251,66,100,100,23937,P2,Not Active,Not Active,Not Active,Not Active
2026/08/10 01:29:54.391,331.49,450.00,2670,10251,66,100,100,23937,P2,Not Active,Not Active,Not Active,Not Active
2026/08/10 01:29:54.895,331.82,450.00,2670,10251,66,100,100,23937,P2,Not Active,Not Active,Not Active,Not Active
2026/08/10 01:29:55.400,257.26,450.00,2670,10251,60,0,0,23937,P2,Not Active,Not Active,Not Active,Not Active
2026/08/10 01:29:55.906,144.51,450.00,2670,10251,59,0,0,23937,P2,Not Active,Not Active,Not Active,Not Active
2026/08/10 01:29:56.412,121.96,450.00,2670,10251,59,0,0,23937,P2,Not Active,Not Active,Not Active,Not Active
2026/08/10 01:29:56.916,121.96,450.00,2670,10251,59,0,0,23937,P2,Not Active,Not Active,Not Active,Not Active
2026/08/10 01:29:57.468,80.54,450.00,540,10251,57,0,0,23937,P3,Not Active,Not Active,Not Active,Not Active
2026/08/10 01:29:58.023,62.24,450.00,540,10251,57,0,0,23937,P3,Not Active,Not Active,Not Active,Not Active
2026/08/10 01:29:58.576,62.24,450.00,345,5001,56,0,0,23937,P3,Not Active,Not Active,Not Active,Not Active
2026/08/10 01:29:59.130,42.32,450.00,345,5001,56,0,0,23937,P3,Not Active,Not Active,Not Active,Not Active
2026/08/10 01:29:59.684,42.32,450.00,225,5001,55,0,0,23937,P5,Not Active,Not Active,Not Active,Not Active
2026/08/10 01:30:00.252,35.83,450.00,225,5001,55,2,3,23937,P5,Not Active,Not Active,Not Active,Not Active
2026/08/10 01:30:00.834,34.36,450.00,210,810,55,0,3,23937,P5,Not Active,Not Active,Not Active,Not Active
2026/08/10 01:30:01.413,30.60,450.00,210,810,54,0,3,23937,P5,Not Active,Not Active,Not Active,Not Active
2026/08/10 01:30:01.988,30.60,450.00,210,810,54,0,6,23937,P8,Not Active,Not Active,Not Active,Not Active
2026/08/10 01:30:02.581,25.13,450.00,210,405,54,0,6,23937,P8,Not Active,Not Active,Not Active,Not Active
2026/08/10 01:30:03.171,23.35,450.00,210,405,54,0,6,23937,P8,Not Active,Not Active,Not Active,Not Active
2026/08/10 01:30:03.764,23.35,450.00,210,405,54,0,5,23937,P8,Not Active,Not Active,Not Active,Not Active
2026/08/10 01:30:04.363,21.91,450.00,210,405,54,0,5,23937,P8,Not Active,Not Active,Not Active,Not Active
2026/08/10 01:30:04.955,21.91,450.00,210,405,53,0,5,23937,P8,Not Active,Not Active,Not Active,Not Active
2026/08/10 01:30:05.544,21.66,450.00,210,405,53,0,6,23937,P8,Not Active,Not Active,Not Active,Not Active
2026/08/10 01:30:06.135,21.66,450.00,210,405,53,0,6,23937,P8,Not Active,Not Active,Not Active,Not Active
2026/08/10 01:30:06.734,21.44,450.00,210,405,53,0,6,23937,P8,Not Active,Not Active,Not Active,Not Active
2026/08/10 01:30:07.445,100.85,450.00,2670,10251,59,100,81,23937,P2,Not Active,Not Active,Not Active,Not Active
2026/08/10 01:30:07.948,253.60,450.00,2670,10251,60,100,100,23937,P2,Not Active,Not Active,Not Active,Not Active
2026/08/10 01:30:08.454,294.35,450.00,2670,10251,61,100,100,23937,P2,Not Active,Not Active,Not Active,Not Active
2026/08/10 01:30:08.957,294.72,450.00,2670,10251,61,100,100,23937,P2,Not Active,Not Active,Not Active,Not Active
2026/08/10 01:30:09.461,255.13,450.00,2670,10251,58,0,0,23937,P2,Not Active,Not Active,Not Active,Not Active
2026/08/10 01:30:09.965,157.84,450.00,2670,10251,55,0,0,23937,P2,Not Active,Not Active,Not Active,Not Active
2026/08/10 01:30:10.472,118.94,450.00,2670,10251,55,0,0,23937,P2,Not Active,Not Active,Not Active,Not Active
2026/08/10 01:30:10.976,118.94,450.00,2670,10251,55,0,0,23937,P2,Not Active,Not Active,Not Active,Not Active
2026/08/10 01:30:11.479,97.27,450.00,780,10251,57,100,68,23937,P2,Not Active,Not Active,Not Active,Not Active
2026/08/10 01:30:12.046,162.21,450.00,2670,10251,60,100,100,23937,P2,Not Active,Not Active,Not Active,Not Active
2026/08/10 01:30:12.555,298.90,450.00,2670,10251,61,100,100,23937,P2,Not Active,Not Active,Not Active,Not Active
2026/08/10 01:30:13.058,294.27,450.00,2670,10251,61,100,100,23937,P2,Not Active,Not Active,Not Active,Not Active
2026/08/10 01:30:13.561,304.40,450.00,2670,10251,61,100,100,23937,P2,Active,Not Active,Not Active,Not Active
2026/08/10 01:30:14.069,313.52,450.00,2670,10251,67,100,100,23937,P2,Not Active,Not Active,Not Active,Not Active
2026/08/10 01:30:14.575,313.00,450.00,2670,10251,61,100,100,23937,P2,Not Active,Not Active,Not Active,Not Active
2026/08/10 01:30:15.078,294.71,450.00,2670,10251,61,100,100,23937,P2,Not Active,Not Active,Not Active,Not Active
2026/08/10 01:30:15.581,295.39,450.00,2670,10251,61,100,100,23937,P2,Not Active,Not Active,Not Active,Not Active
2026/08/10 01:30:16.085,264.61,450.00,2670,10251,63,0,1,23937,P2,Not Active,Not Active,Not Active,Not Active
2026/08/10 01:30:16.590,167.34,450.00,2670,10251,56,0,0,23937,P2,Not Active,Not Active,Not Active,Not Active
2026/08/10 01:30:17.093,81.34,450.00,2670,10251,55,0,0,23937,P2,Not Active,Not Active,Not Active,Not Active
2026/08/10 01:30:17.643,110.45,450.00,2670,10251,55,0,0,23937,P2,Not Active,Not Active,Not Active,Not Active
2026/08/10 01:30:18.147,222.08,450.00,2655,10251,62,100,100,23937,P2,Not Active,Not Active,Not Active,Not Active
2026/08/10 01:30:18.652,330.76,450.00,2655,10251,63,100,100,23937,P2,Not Active,Not Active,Not Active,Not Active
2026/08/10 01:30:19.155,327.52,450.00,2655,10251,63,100,100,23937,P2,Not Active,Not Active,Not Active,Not Active
2026/08/10 01:30:19.658,316.94,450.00,2655,10251,63,74,84,23937,P2,Not Active,Not Active,Not Active,Not Active
2026/08/10 01:30:20.163,204.99,450.00,2670,10251,57,0,0,23937,P2,Not Active,Not Active,Not Active,Not Active
2026/08/10 01:30:20.668,115.07,450.00,2670,10251,56,0,0,23937,P2,Not Active,Not Active,Not Active,Not Active
2026/08/10 01:30:21.172,145.57,450.00,2670,10251,61,85,81,23937,P2,Not Active,Not Active,Not Active,Not Active
2026/08/10 01:30:21.675,257.77,450.00,2670,10251,63,100,100,23937,P2,Not Active,Not Active,Not Active,Not Active
2026/08/10 01:30:22.178,327.77,450.00,2670,10251,63,100,100,23937,P2,Not Active,Not Active,Not Active,Not Active
2026/08/10 01:30:22.681,337.98,450.00,2655,10251,63,100,98,23937,P2,Active,Not Active,Not Active,Not Active
2026/08/10 01:30:23.184,327.27,450.00,2655,10251,62,100,100,23937,P2,Not Active,Not Active,Not Active,Not Active
2026/08/10 01:30:23.690,326.97,450.00,2655,10251,63,100,100,23937,P2,Active,Not Active,Not Active,Not Active
2026/08/10 01:30:24.221,334.15,450.00,2655,10251,65,100,100,23937,P2,Not Active,Not Active,Not Active,Not Active
2026/08/10 01:30:24.724,322.16,450.00,2655,10251,62,100,100,23937,P2,Not Active,Not Active,Not Active,Not Active
2026/08/10 01:30:25.229,299.84,450.00,2655,10251,62,100,100,23937,P2,Not Active,Not Active,Not Active,Not Active
2026/08/10 01:30:25.732,297.71,450.00,2655,10251,62,100,100,23937,P2,Not Active,Not Active,Not Active,Not Active
2026/08/10 01:30:26.236,258.09,450.00,2655,10251,63,41,47,23937,P2,Not Active,Not Active,Not Active,Not Active
2026/08/10 01:30:26.739,260.49,450.00,2655,10251,63,100,100,23937,P2,Not Active,Not Active,Not Active,Not Active
2026/08/10 01:30:27.243,316.48,450.00,2655,10251,64,100,100,23937,P2,Not Active,Not Active,Not Active,Not Active
2026/08/10 01:30:27.750,329.73,450.00,2655,10251,64,100,94,23937,P2,Not Active,Not Active,Not Active,Not Active
2026/08/10 01:30:28.253,315.33,450.00,2655,10251,63,100,100,23937,P2,Not Active,Not Active,Not Active,Not Active
2026/08/10 01:30:28.756,308.69,450.00,2655,10251,64,100,100,23937,P2,Not Active,Not Active,Not Active,Not Active
2026/08/10 01:30:29.259,323.20,450.00,2655,10251,64,99,100,23937,P2,Not Active,Not Active,Not Active,Not Active
2026/08/10 01:30:29.762,288.64,450.00,2655,10251,64,57,65,23937,P2,Not Active,Not Active,Not Active,Not Active
2026/08/10 01:30:30.267,224.40,450.00,2670,10251,58,97,95,23937,P2,Not Active,Not Active,Not Active,Not Active
2026/08/10 01:30:30.770,244.16,450.00,2655,10251,64,100,100,23937,P2,Not Active,Not Active,Not Active,Not Active
2026/08/10 01:30:31.273,328.61,450.00,2655,10251,64,100,100,23937,P2,Not Active,Not Active,Not Active,Not Active
2026/08/10 01:30:31.776,330.04,450.00,2655,10251,65,100,100,23937,P2,Not Active,Not Active,Not Active,Not Active
2026/08/10 01:30:32.279,297.51,450.00,2655,10251,65,32,37,23937,P2,Not Active,Not Active,Not Active,Not Active
2026/08/10 01:30:32.784,188.59,450.00,2670,10251,58,0,0,23937,P2,Not Active,Not Active,Not Active,Not Active
2026/08/10 01:30:33.287,120.99,450.00,2670,10251,57,0,0,23937,P2,Not Active,Not Active,Not Active,Not Active
2026/08/10 01:30:33.793,120.99,450.00,2670,10251,57,0,0,23937,P2,Not Active,Not Active,Not Active,Not Active
2026/08/10 01:30:34.297,79.86,450.00,2670,10251,57,54,7,23937,P2,Not Active,Not Active,Not Active,Not Active
2026/08/10 01:30:34.864,143.54,450.00,900,10251,59,100,100,23937,P2,Not Active,Not Active,Not Active,Not Active
2026/08/10 01:30:35.367,297.28,450.00,2670,10251,64,100,100,23937,P2,Not Active,Not Active,Not Active,Not Active
2026/08/10 01:30:35.870,329.22,450.00,2670,10251,64,100,100,23937,P2,Not Active,Not Active,Not Active,Not Active
2026/08/10 01:30:36.392,325.42,450.00,2655,10251,60,100,100,23937,P2,Not Active,Not Active,Not Active,Not Active
2026/08/10 01:30:36.895,213.50,450.00,2670,10251,57,0,0,23937,P2,Not Active,Not Active,Not Active,Not Active
2026/08/10 01:30:37.399,123.62,450.00,2670,10251,57,0,0,23937,P2,Not Active,Not Active,Not Active,Not Active
2026/08/10 01:30:37.903,123.62,450.00,2670,10251,57,0,0,23937,P2,Not Active,Not Active,Not Active,Not Active
2026/08/10 01:30:38.407,76.58,450.00,705,10251,55,0,0,23937,P2,Not Active,Not Active,Not Active,Not Active
2026/08/10 01:30:38.961,76.58,450.00,705,10251,55,0,0,23937,P3,Not Active,Not Active,Not Active,Not Active
2026/08/10 01:30:39.514,60.40,450.00,450,5001,54,0,0,23937,P3,Not Active,Not Active,Not Active,Not Active
2026/08/10 01:30:40.068,60.40,450.00,450,5001,54,0,3,23937,P5,Not Active,Not Active,Not Active,Not Active
2026/08/10 01:30:40.644,40.62,450.00,285,810,54,0,3,23937,P5,Not Active,Not Active,Not Active,Not Active
2026/08/10 01:30:41.214,40.62,450.00,285,810,54,0,3,23937,P5,Not Active,Not Active,Not Active,Not Active
2026/08/10 01:30:41.792,31.33,450.00,210,810,54,0,3,23937,P8,Active,Not Active,Not Active,Not Active
2026/08/10 01:30:42.358,156.66,450.00,2250,10251,59,99,100,23937,P2,Not Active,Not Active,Not Active,Not Active
2026/08/10 01:30:42.863,290.88,450.00,2670,10251,62,99,100,23937,P2,Not Active,Not Active,Not Active,Not Active
2026/08/10 01:30:43.366,328.23,450.00,2670,10251,63,100,100,23937,P2,Not Active,Not Active,Not Active,Not Active
2026/08/10 01:30:43.869,328.92,450.00,2670,10251,63,99,100,23937,P2,Not Active,Not Active,Not Active,Not Active
2026/08/10 01:30:44.373,235.34,450.00,2670,10251,64,0,0,23937,P2,Not Active,Not Active,Not Active,Not Active
2026/08/10 01:30:44.876,122.79,450.00,2670,10251,56,0,0,23937,P2,Not Active,Not Active,Not Active,Not Active
2026/08/10 01:30:45.384,122.79,450.00,2670,10251,56,0,0,23937,P2,Not Active,Not Active,Not Active,Not Active
2026/08/10 01:30:45.888,124.17,450.00,2670,10251,56,100,72,23937,P2,Not Active,Not Active,Not Active,Not Active
2026/08/10 01:30:46.392,183.10,450.00,2670,10251,60,100,100,23937,P2,Not Active,Not Active,Not Active,Not Active
2026/08/10 01:30:46.895,297.45,450.00,2670,10251,62,100,100,23939,P2,Not Active,Not Active,Not Active,Not Active
2026/08/10 01:30:47.405,308.60,450.00,2670,10251,62,100,100,23939,P2,Not Active,Not Active,Not Active,Not Active
2026/08/10 01:30:47.908,301.43,450.00,2670,10251,63,100,100,23937,P2,Not Active,Not Active,Not Active,Not Active
2026/08/10 01:30:48.411,313.31,450.00,2670,10251,64,100,100,23937,P2,Not Active,Not Active,Not Active,Not Active
2026/08/10 01:30:48.914,284.35,450.00,2670,10251,57,7,8,23937,P2,Not Active,Not Active,Not Active,Not Active
2026/08/10 01:30:49.421,214.78,450.00,2670,10251,63,25,14,23937,P2,Not Active,Not Active,Not Active,Not Active
2026/08/10 01:30:49.925,235.28,450.00,2655,10251,62,100,100,23937,P2,Not Active,Not Active,Not Active,Not Active
2026/08/10 01:30:50.428,314.75,450.00,2655,10251,62,100,100,23937,P2,Not Active,Not Active,Not Active,Not Active
2026/08/10 01:30:50.931,295.91,450.00,2655,10251,62,100,100,23937,P2,Not Active,Not Active,Not Active,Not Active
2026/08/10 01:30:51.434,317.06,450.00,2655,10251,63,100,100,23937,P2,Not Active,Not Active,Not Active,Not Active
2026/08/10 01:30:51.944,339.32,450.00,2655,10251,64,100,75,23937,P2,Not Active,Not Active,Not Active,Not Active
2026/08/10 01:30:52.447,321.67,450.00,2655,10251,63,100,100,23937,P2,Not Active,Not Active,Not Active,Not Active
2026/08/10 01:30:52.950,303.03,450.00,2655,10251,63,100,100,23937,P2,Not Active,Not Active,Not Active,Not Active
2026/08/10 01:30:53.453,302.64,450.00,2655,10251,63,100,100,23937,P2,Not Active,Not Active,Not Active,Not Active
2026/08/10 01:30:53.958,280.25,450.00,2655,10251,60,100,100,23937,P2,Not Active,Not Active,Not Active,Not Active
2026/08/10 01:30:54.462,182.19,450.00,2670,10251,57,0,0,23937,P2,Not Active,Not Active,Not Active,Not Active
2026/08/10 01:30:54.966,103.10,450.00,2670,10251,59,0,0,23937,P2,Not Active,Not Active,Not Active,Not Active
2026/08/10 01:30:55.469,216.93,450.00,2670,10251,64,100,100,23937,P2,Active,Not Active,Not Active,Not Active
2026/08/10 01:30:55.985,320.49,450.00,2655,10251,63,100,100,23937,P2,Not Active,Not Active,Not Active,Not Active
2026/08/10 01:30:56.490,318.58,450.00,2655,10251,64,100,94,23937,P2,Not Active,Not Active,Not Active,Not Active
2026/08/10 01:30:56.992,308.60,450.00,2655,10251,63,100,100,23937,P2,Not Active,Not Active,Not Active,Not Active
2026/08/10 01:30:57.497,300.11,450.00,2655,10251,63,100,100,23937,P2,Not Active,Not Active,Not Active,Not Active
2026/08/10 01:30:58.000,308.89,450.00,2655,10251,64,100,100,23937,P2,Not Active,Not Active,Not Active,Not Active
2026/08/10 01:30:58.503,307.02,450.00,2655,10251,62,63,72,23937,P2,Not Active,Not Active,Not Active,Not Active
2026/08/10 01:30:59.007,202.70,450.00,2670,10251,58,0,0,23937,P2,Not Active,Not Active,Not Active,Not Active
2026/08/10 01:30:59.511,112.91,450.00,2670,10251,57,0,0,23937,P2,Not Active,Not Active,Not Active,Not Active
2026/08/10 01:31:00.017,112.91,450.00,2670,10251,57,0,0,23937,P2,Not Active,Not Active,Not Active,Not Active
2026/08/10 01:31:00.521,76.37,450.00,555,10251,56,0,0,23937,P2,Not Active,Not Active,Not Active,Not Active
2026/08/10 01:31:01.090,65.36,450.00,420,810,55,0,3,23937,P5,Not Active,Not Active,Not Active,Not Active
2026/08/10 01:31:01.674,38.57,450.00,390,810,55,19,16,23937,P5,Not Active,Not Active,Not Active,Not Active
2026/08/10 01:31:02.271,137.81,450.00,2520,10251,60,100,100,23937,P2,Not Active,Not Active,Not Active,Not Active
2026/08/10 01:31:02.777,271.45,450.00,2655,10251,63,100,100,23937,P2,Not Active,Not Active,Not Active,Not Active
2026/08/10 01:31:03.280,328.70,450.00,2655,10251,64,100,100,23937,P2,Not Active,Not Active,Not Active,Not Active
2026/08/10 01:31:03.783,329.27,450.00,2655,10251,64,99,100,23937,P2,Not Active,Not Active,Not Active,Not Active
2026/08/10 01:31:04.288,299.07,450.00,2655,10251,65,83,59,23937,P2,Not Active,Not Active,Not Active,Not Active
2026/08/10 01:31:04.812,293.44,450.00,2655,10251,63,100,94,23937,P2,Not Active,Not Active,Not Active,Not Active
2026/08/10 01:31:05.320,315.94,450.00,2655,10251,63,100,100,23937,P2,Not Active,Not Active,Not Active,Not Active
2026/08/10 01:31:05.823,301.83,450.00,2655,10251,63,100,100,23937,P2,Not Active,Not Active,Not Active,Not Active
2026/08/10 01:31:06.326,301.92,450.00,2655,10251,63,100,100,23937,P2,Not Active,Not Active,Not Active,Not Active
2026/08/10 01:31:06.829,318.28,450.00,2655,10251,64,100,100,23937,P2,Not Active,Not Active,Not Active,Not Active
2026/08/10 01:31:07.340,330.63,450.00,2655,10251,65,100,100,23937,P2,Not Active,Not Active,Not Active,Not Active
2026/08/10 01:31:07.843,329.17,450.00,2655,10251,65,100,100,23937,P2,Not Active,Not Active,Not Active,Not Active
2026/08/10 01:31:08.346,335.81,450.00,2655,10251,65,100,100,23937,P2,Not Active,Not Active,Not Active,Not Active
2026/08/10 01:31:08.862,335.75,450.00,2655,10251,64,100,98,23937,P2,Active,Not Active,Not Active,Not Active
2026/08/10 01:31:09.365,320.99,450.00,2655,10251,66,100,100,23937,P2,Not Active,Not Active,Not Active,Not Active
2026/08/10 01:31:09.868,310.12,450.00,2655,10251,64,100,100,23937,P2,Not Active,Not Active,Not Active,Not Active
2026/08/10 01:31:10.372,297.85,450.00,2655,10251,64,100,100,23937,P2,Not Active,Not Active,Not Active,Not Active
2026/08/10 01:31:10.876,309.50,450.00,2655,10251,64,100,100,23937,P2,Not Active,Not Active,Not Active,Not Active
2026/08/10 01:31:11.379,227.26,450.00,2655,10251,65,0,0,23937,P2,Not Active,Not Active,Not Active,Not Active
2026/08/10 01:31:11.883,121.01,450.00,2670,10251,58,0,0,23937,P2,Not Active,Not Active,Not Active,Not Active
2026/08/10 01:31:12.387,121.01,450.00,2670,10251,58,0,0,23937,P2,Not Active,Not Active,Not Active,Not Active
2026/08/10 01:31:12.890,76.94,450.00,2670,10251,58,0,0,23937,P2,Not Active,Not Active,Not Active,Not Active
2026/08/10 01:31:13.445,76.94,450.00,660,10251,56,0,0,23937,P5,Not Active,Not Active,Not Active,Not Active
2026/08/10 01:31:14.021,60.03,450.00,420,810,55,0,3,23937,P5,Not Active,Not Active,Not Active,Not Active
2026/08/10 01:31:14.589,44.60,450.00,345,810,56,66,51,23937,P5,Not Active,Not Active,Not Active,Not Active
2026/08/10 01:31:15.191,144.00,450.00,2670,10251,62,100,100,23937,P2,Not Active,Not Active,Not Active,Not Active
2026/08/10 01:31:15.695,290.51,450.00,2655,10251,64,100,100,23937,P2,Not Active,Not Active,Not Active,Not Active
2026/08/10 01:31:16.198,328.94,450.00,2655,10251,65,100,100,23937,P2,Not Active,Not Active,Not Active,Not Active
2026/08/10 01:31:16.704,326.26,450.00,2505,10251,64,99,100,23937,P2,Not Active,Not Active,Not Active,Not Active
2026/08/10 01:31:17.207,323.11,450.00,2655,10251,64,100,100,23937,P2,Not Active,Not Active,Not Active,Not Active
2026/08/10 01:31:17.712,322.66,450.00,2655,10251,65,100,100,23937,P2,Not Active,Not Active,Not Active,Not Active
2026/08/10 01:31:18.215,330.49,450.00,2655,10251,67,100,100,23937,P2,Not Active,Not Active,Not Active,Not Active
2026/08/10 01:31:18.719,323.22,450.00,2655,10251,63,100,100,23937,P2,Not Active,Not Active,Not Active,Not Active
2026/08/10 01:31:19.222,318.89,450.00,2655,10251,65,100,100,23937,P2,Not Active,Not Active,Not Active,Not Active
2026/08/10 01:31:19.726,336.25,450.00,2655,10251,65,100,100,23937,P2,Not Active,Not Active,Not Active,Not Active
2026/08/10 01:31:20.266,330.83,450.00,2655,10251,64,99,100,23937,P2,Not Active,Not Active,Not Active,Not Active
2026/08/10 01:31:20.772,328.57,450.00,2655,10251,65,99,100,23937,P2,Not Active,Not Active,Not Active,Not Active
2026/08/10 01:31:21.275,329.85,450.00,2655,10251,65,99,100,23937,P2,Not Active,Not Active,Not Active,Not Active
2026/08/10 01:31:21.779,321.47,450.00,2655,10251,65,100,100,23937,P2,Not Active,Not Active,Not Active,Not Active
2026/08/10 01:31:22.283,209.56,450.00,2670,10251,59,0,0,23937,P2,Not Active,Not Active,Not Active,Not Active
2026/08/10 01:31:22.789,207.42,450.00,2655,10251,64,99,100,23937,P2,Not Active,Not Active,Not Active,Not Active
2026/08/10 01:31:23.293,308.82,450.00,2655,10251,65,100,94,23937,P2,Not Active,Not Active,Not Active,Not Active
2026/08/10 01:31:23.796,318.67,450.00,2655,10251,64,100,100,23937,P2,Not Active,Not Active,Not Active,Not Active
2026/08/10 01:31:24.300,307.33,450.00,2655,10251,64,100,94,23937,P2,Not Active,Not Active,Not Active,Not Active
2026/08/10 01:31:24.803,318.43,450.00,2655,10251,64,100,94,23937,P2,Not Active,Not Active,Not Active,Not Active
2026/08/10 01:31:25.308,320.07,450.00,2655,10251,64,100,100,23937,P2,Not Active,Not Active,Not Active,Not Active
2026/08/10 01:31:25.812,311.65,450.00,2655,10251,64,100,100,23937,P2,Not Active,Not Active,Not Active,Not Active
2026/08/10 01:31:26.316,303.43,450.00,2655,10251,64,100,100,23937,P2,Not Active,Not Active,Not Active,Not Active
2026/08/10 01:31:26.819,301.80,450.00,2655,10251,64,100,100,23937,P2,Not Active,Not Active,Not Active,Not Active
2026/08/10 01:31:27.323,261.25,450.00,2655,10251,65,25,29,23937,P2,Not Active,Not Active,Not Active,Not Active
2026/08/10 01:31:27.831,163.22,450.00,2670,10251,59,0,0,23937,P2,Not Active,Not Active,Not Active,Not Active
2026/08/10 01:31:28.334,118.36,450.00,2670,10251,58,0,0,23937,P2,Not Active,Not Active,Not Active,Not Active
2026/08/10 01:31:28.841,118.36,450.00,2670,10251,58,0,0,23937,P2,Not Active,Not Active,Not Active,Not Active
2026/08/10 01:31:29.395,77.49,450.00,2670,10251,58,0,0,23937,P2,Not Active,Not Active,Not Active,Not Active
2026/08/10 01:31:29.949,77.49,450.00,630,10251,57,0,3,23937,P5,Not Active,Not Active,Not Active,Not Active
2026/08/10 01:31:30.518,60.33,450.00,390,810,56,0,3,23937,P5,Not Active,Not Active,Not Active,Not Active
2026/08/10 01:31:31.089,39.63,450.00,285,405,56,100,76,23937,P2,Active,Not Active,Not Active,Not Active
2026/08/10 01:31:31.592,126.90,450.00,2670,10251,63,100,100,23937,P2,Not Active,Not Active,Not Active,Not Active
2026/08/10 01:31:32.095,294.81,450.00,2670,10251,64,100,100,23937,P2,Not Active,Not Active,Not Active,Not Active
2026/08/10 01:31:32.599,329.40,450.00,2655,10251,65,100,100,23937,P2,Not Active,Not Active,Not Active,Not Active
2026/08/10 01:31:33.103,329.55,450.00,2655,10251,65,100,100,23937,P2,Not Active,Not Active,Not Active,Not Active
2026/08/10 01:31:33.608,234.57,450.00,2670,10251,58,0,0,23937,P2,Active,Not Active,Not Active,Not Active
2026/08/10 01:31:34.124,235.37,450.00,2655,10251,65,100,100,23937,P2,Not Active,Not Active,Not Active,Not Active
2026/08/10 01:31:34.628,330.48,450.00,2655,10251,65,100,100,23937,P2,Not Active,Not Active,Not Active,Not Active
2026/08/10 01:31:35.131,332.89,450.00,2655,10251,65,100,95,23937,P2,Not Active,Not Active,Not Active,Not Active
2026/08/10 01:31:35.635,327.26,450.00,2655,10251,64,100,93,23937,P2,Not Active,Not Active,Not Active,Not Active
2026/08/10 01:31:36.139,317.82,450.00,2655,10251,64,100,100,23937,P2,Active,Not Active,Not Active,Not Active
2026/08/10 01:31:36.644,317.07,450.00,2655,10251,64,100,100,23937,P2,Not Active,Not Active,Not Active,Not Active
2026/08/10 01:31:37.147,319.24,450.00,2655,10251,64,100,100,23937,P2,Not Active,Not Active,Not Active,Not Active
2026/08/10 01:31:37.650,312.53,450.00,2655,10251,70,100,100,23937,P2,Not Active,Not Active,Not Active,Not Active
2026/08/10 01:31:38.154,312.81,450.00,2655,10251,64,100,100,23937,P2,Not Active,Not Active,Not Active,Not Active
2026/08/10 01:31:38.657,309.68,450.00,2655,10251,65,100,100,23937,P2,Not Active,Not Active,Not Active,Not Active
2026/08/10 01:31:39.160,321.82,450.00,2655,10251,65,100,100,23937,P2,Not Active,Not Active,Not Active,Not Active
2026/08/10 01:31:39.665,286.79,450.00,2655,10251,65,1,2,23937,P2,Not Active,Not Active,Not Active,Not Active
