timestamp,power_w,power_limit_w,clock_sm_mhz,clock_mem_mhz,temp_c,util_gpu_pct,util_mem_pct,mem_used_mib,pstate,throttle_sw_power_cap,throttle_hw_thermal,throttle_sw_thermal,throttle_hw_slowdown
2026/08/10 02:07:14.652,43.53,450.00,360,5001,58,9,0,23921,P3,Not Active,Not Active,Not Active,Not Active
2026/08/10 02:07:15.217,42.88,450.00,315,5001,57,11,1,23908,P3,Not Active,Not Active,Not Active,Not Active
2026/08/10 02:07:15.797,41.58,450.00,255,5001,57,12,0,23895,P3,Not Active,Not Active,Not Active,Not Active
2026/08/10 02:07:16.377,40.98,450.00,225,5001,57,12,0,23895,P5,Not Active,Not Active,Not Active,Not Active
2026/08/10 02:07:16.963,36.96,450.00,210,810,56,25,3,23901,P5,Not Active,Not Active,Not Active,Not Active
2026/08/10 02:07:17.540,33.15,450.00,210,810,56,23,3,23883,P5,Not Active,Not Active,Not Active,Not Active
2026/08/10 02:07:18.122,32.69,450.00,210,810,56,26,3,23883,P5,Not Active,Not Active,Not Active,Not Active
2026/08/10 02:07:18.729,28.38,450.00,210,405,55,27,5,23883,P8,Not Active,Not Active,Not Active,Not Active
2026/08/10 02:07:19.348,23.18,450.00,210,405,55,33,9,23900,P8,Not Active,Not Active,Not Active,Not Active
2026/08/10 02:07:20.011,23.49,450.00,210,405,55,30,6,23899,P8,Not Active,Not Active,Not Active,Not Active
2026/08/10 02:07:20.609,23.31,450.00,210,405,54,32,5,23886,P8,Not Active,Not Active,Not Active,Not Active
2026/08/10 02:07:21.231,23.02,450.00,255,405,54,29,5,23919,P8,Not Active,Not Active,Not Active,Not Active
2026/08/10 02:07:21.846,23.70,450.00,255,405,54,28,5,23913,P8,Not Active,Not Active,Not Active,Not Active
2026/08/10 02:07:22.451,23.67,450.00,255,405,54,28,6,23913,P8,Not Active,Not Active,Not Active,Not Active
2026/08/10 02:07:23.067,22.89,450.00,210,405,53,29,6,23913,P8,Not Active,Not Active,Not Active,Not Active
2026/08/10 02:07:23.671,22.52,450.00,210,405,53,44,9,23930,P8,Not Active,Not Active,Not Active,Not Active
2026/08/10 02:07:24.291,22.90,450.00,240,405,53,27,10,23916,P8,Not Active,Not Active,Not Active,Not Active
2026/08/10 02:07:25.037,180.37,450.00,2655,10251,62,100,100,23920,P2,Not Active,Not Active,Not Active,Not Active
2026/08/10 02:07:25.545,313.20,450.00,2655,10251,62,99,100,23927,P2,Not Active,Not Active,Not Active,Not Active
2026/08/10 02:07:26.049,321.64,450.00,2655,10251,62,100,100,23911,P2,Not Active,Not Active,Not Active,Not Active
2026/08/10 02:07:26.553,347.66,450.00,2505,10251,70,100,44,23940,P2,Active,Not Active,Not Active,Not Active
2026/08/10 02:07:27.066,333.80,450.00,2655,10251,61,100,100,23939,P2,Not Active,Not Active,Not Active,Not Active
2026/08/10 02:07:27.570,310.91,450.00,2655,10251,61,100,100,23917,P2,Not Active,Not Active,Not Active,Not Active
2026/08/10 02:07:28.075,310.48,450.00,2535,10251,70,100,100,23932,P2,Active,Not Active,Not Active,Not Active
2026/08/10 02:07:28.594,322.58,450.00,2655,10251,62,99,100,23900,P2,Not Active,Not Active,Not Active,Not Active
2026/08/10 02:07:29.099,323.30,450.00,2655,10251,62,100,100,23845,P2,Not Active,Not Active,Not Active,Not Active
2026/08/10 02:07:29.602,326.82,450.00,2655,10251,64,100,70,23832,P2,Not Active,Not Active,Not Active,Not Active
2026/08/10 02:07:30.106,325.85,450.00,2655,10251,62,100,100,23808,P2,Not Active,Not Active,Not Active,Not Active
2026/08/10 02:07:30.609,326.36,450.00,2655,10251,63,99,100,23808,P2,Not Active,Not Active,Not Active,Not Active
2026/08/10 02:07:31.112,327.46,450.00,2655,10251,62,100,100,23804,P2,Not Active,Not Active,Not Active,Not Active
2026/08/10 02:07:31.616,296.36,450.00,2655,10251,62,99,100,23804,P2,Not Active,Not Active,Not Active,Not Active
2026/08/10 02:07:32.121,315.87,450.00,2565,10251,70,100,100,23802,P2,Active,Not Active,Not Active,Not Active
2026/08/10 02:07:32.624,326.33,450.00,2655,10251,62,99,100,23793,P2,Not Active,Not Active,Not Active,Not Active
2026/08/10 02:07:33.127,347.38,450.00,2520,10251,71,100,87,23783,P2,Not Active,Not Active,Not Active,Not Active
2026/08/10 02:07:33.630,327.87,450.00,2655,10251,63,100,100,23756,P2,Not Active,Not Active,Not Active,Not Active
2026/08/10 02:07:34.134,303.92,450.00,2655,10251,62,100,100,23756,P2,Not Active,Not Active,Not Active,Not Active
2026/08/10 02:07:34.640,296.75,450.00,2655,10251,62,100,100,23748,P2,Not Active,Not Active,Not Active,Not Active
2026/08/10 02:07:35.143,295.82,450.00,2655,10251,62,100,100,23743,P2,Not Active,Not Active,Not Active,Not Active
2026/08/10 02:07:35.646,293.88,450.00,2655,10251,62,100,100,23729,P2,Not Active,Not Active,Not Active,Not Active
2026/08/10 02:07:36.149,292.67,450.00,2655,10251,62,100,100,23729,P2,Not Active,Not Active,Not Active,Not Active
2026/08/10 02:07:36.652,295.09,450.00,2655,10251,62,100,100,23729,P2,Active,Not Active,Not Active,Not Active
2026/08/10 02:07:37.211,325.36,450.00,2655,10251,63,99,100,23729,P2,Not Active,Not Active,Not Active,Not Active
2026/08/10 02:07:37.715,325.20,450.00,2655,10251,63,100,100,23729,P2,Not Active,Not Active,Not Active,Not Active
2026/08/10 02:07:38.219,305.72,450.00,2655,10251,64,100,100,23729,P2,Not Active,Not Active,Not Active,Not Active
2026/08/10 02:07:38.722,319.68,450.00,2655,10251,64,100,100,23729,P2,Not Active,Not Active,Not Active,Not Active
2026/08/10 02:07:39.225,322.57,450.00,2655,10251,64,99,100,23729,P2,Not Active,Not Active,Not Active,Not Active
2026/08/10 02:07:39.730,321.77,450.00,2655,10251,64,99,100,23729,P2,Not Active,Not Active,Not Active,Not Active
2026/08/10 02:07:40.234,321.58,450.00,2655,10251,64,100,100,23729,P2,Not Active,Not Active,Not Active,Not Active
2026/08/10 02:07:40.738,321.94,450.00,2655,10251,64,99,100,23729,P2,Not Active,Not Active,Not Active,Not Active
2026/08/10 02:07:41.241,285.25,450.00,2655,10251,64,74,82,23729,P2,Not Active,Not Active,Not Active,Not Active
2026/08/10 02:07:41.751,182.20,450.00,2670,10251,58,2,0,23729,P2,Not Active,Not Active,Not Active,Not Active
2026/08/10 02:07:42.258,105.64,450.00,2670,10251,58,2,0,23729,P2,Active,Not Active,Not Active,Not Active
2026/08/10 02:07:42.810,231.24,450.00,2655,10251,65,100,100,23714,P2,Not Active,Not Active,Not Active,Not Active
2026/08/10 02:07:43.319,364.70,450.00,2655,10251,64,100,59,23711,P2,Not Active,Not Active,Not Active,Not Active
2026/08/10 02:07:43.822,333.59,450.00,2655,10251,63,100,100,23711,P2,Not Active,Not Active,Not Active,Not Active
2026/08/10 02:07:44.325,303.44,450.00,2655,10251,63,100,100,23711,P2,Not Active,Not Active,Not Active,Not Active
2026/08/10 02:07:44.828,292.66,450.00,2655,10251,63,100,100,23711,P2,Not Active,Not Active,Not Active,Not Active
2026/08/10 02:07:45.334,292.42,450.00,2655,10251,63,100,100,23711,P2,Not Active,Not Active,Not Active,Not Active
2026/08/10 02:07:45.837,325.25,450.00,2655,10251,63,100,72,23711,P2,Active,Not Active,Not Active,Not Active
2026/08/10 02:07:46.341,327.48,450.00,2655,10251,64,100,100,23711,P2,Not Active,Not Active,Not Active,Not Active
2026/08/10 02:07:46.844,314.03,450.00,2655,10251,64,100,100,23711,P2,Not Active,Not Active,Not Active,Not Active
2026/08/10 02:07:47.348,329.19,450.00,2520,10251,72,100,100,23711,P2,Not Active,Not Active,Not Active,Not Active
2026/08/10 02:07:47.853,329.31,450.00,2655,10251,64,100,100,23711,P2,Not Active,Not Active,Not Active,Not Active
2026/08/10 02:07:48.357,299.89,450.00,2655,10251,64,100,100,23711,P2,Active,Not Active,Not Active,Not Active
2026/08/10 02:07:48.887,327.75,450.00,2505,10251,73,100,100,23711,P2,Not Active,Not Active,Not Active,Not Active
2026/08/10 02:07:49.392,329.21,450.00,2655,10251,64,99,100,23711,P2,Not Active,Not Active,Not Active,Not Active
2026/08/10 02:07:49.896,298.04,450.00,2655,10251,64,99,100,23711,P2,Not Active,Not Active,Not Active,Not Active
2026/08/10 02:07:50.399,297.36,450.00,2655,10251,64,99,100,23711,P2,Not Active,Not Active,Not Active,Not Active
2026/08/10 02:07:50.902,296.31,450.00,2655,10251,64,99,100,23711,P2,Not Active,Not Active,Not Active,Not Active
2026/08/10 02:07:51.405,294.94,450.00,2655,10251,64,100,100,23711,P2,Not Active,Not Active,Not Active,Not Active
2026/08/10 02:07:51.909,298.33,450.00,2655,10251,64,100,100,23711,P2,Not Active,Not Active,Not Active,Not Active
2026/08/10 02:07:52.415,312.03,450.00,2655,10251,65,100,100,23711,P2,Not Active,Not Active,Not Active,Not Active
2026/08/10 02:07:52.918,344.67,450.00,2655,10251,65,100,93,23711,P2,Active,Not Active,Not Active,Not Active
2026/08/10 02:07:53.458,422.83,450.00,2520,10251,74,100,30,23711,P2,Active,Not Active,Not Active,Not Active
2026/08/10 02:07:53.961,399.56,450.00,2430,10251,75,100,100,23711,P2,Not Active,Not Active,Not Active,Not Active
2026/08/10 02:07:54.465,324.55,450.00,2655,10251,65,100,100,23711,P2,Not Active,Not Active,Not Active,Not Active
2026/08/10 02:07:54.969,298.22,450.00,2655,10251,65,100,100,23711,P2,Not Active,Not Active,Not Active,Not Active
2026/08/10 02:07:55.473,297.79,450.00,2655,10251,64,100,100,23711,P2,Not Active,Not Active,Not Active,Not Active
2026/08/10 02:07:55.977,298.45,450.00,2655,10251,64,99,100,23711,P2,Not Active,Not Active,Not Active,Not Active
2026/08/10 02:07:56.482,330.58,450.00,2655,10251,64,100,85,23711,P2,Not Active,Not Active,Not Active,Not Active
2026/08/10 02:07:56.986,334.33,450.00,2655,10251,65,99,100,23711,P2,Not Active,Not Active,Not Active,Not Active
2026/08/10 02:07:57.492,307.57,450.00,2655,10251,65,100,100,23711,P2,Not Active,Not Active,Not Active,Not Active
2026/08/10 02:07:57.996,307.83,450.00,2655,10251,65,100,100,23711,P2,Not Active,Not Active,Not Active,Not Active
2026/08/10 02:07:58.499,311.89,450.00,2655,10251,66,100,100,23711,P2,Not Active,Not Active,Not Active,Not Active
2026/08/10 02:07:59.002,341.02,450.00,2655,10251,65,100,100,23711,P2,Not Active,Not Active,Not Active,Not Active
2026/08/10 02:07:59.508,332.96,450.00,2655,10251,64,100,100,23711,P2,Not Active,Not Active,Not Active,Not Active
2026/08/10 02:08:00.012,294.37,450.00,2655,10251,64,100,100,23711,P2,Not Active,Not Active,Not Active,Not Active
2026/08/10 02:08:00.516,294.12,450.00,2655,10251,64,100,100,23722,P2,Not Active,Not Active,Not Active,Not Active
2026/08/10 02:08:01.019,298.94,450.00,2655,10251,66,100,100,23743,P2,Not Active,Not Active,Not Active,Not Active
2026/08/10 02:08:01.523,315.71,450.00,2655,10251,66,100,100,23743,P2,Not Active,Not Active,Not Active,Not Active
2026/08/10 02:08:02.027,335.72,450.00,2655,10251,69,99,100,23743,P2,Active,Not Active,Not Active,Not Active
2026/08/10 02:08:02.543,342.53,450.00,2655,10251,65,100,100,23743,P2,Not Active,Not Active,Not Active,Not Active
2026/08/10 02:08:03.051,328.69,450.00,2655,10251,64,100,100,23743,P2,Not Active,Not Active,Not Active,Not Active
2026/08/10 02:08:03.554,303.25,450.00,2655,10251,66,100,100,23743,P2,Not Active,Not Active,Not Active,Not Active
2026/08/10 02:08:04.058,316.74,450.00,2655,10251,66,100,100,23743,P2,Not Active,Not Active,Not Active,Not Active
2026/08/10 02:08:04.561,324.92,450.00,2655,10251,66,99,100,23743,P2,Not Active,Not Active,Not Active,Not Active
2026/08/10 02:08:05.066,323.86,450.00,2655,10251,66,100,100,23743,P2,Not Active,Not Active,Not Active,Not Active
2026/08/10 02:08:05.570,323.45,450.00,2655,10251,66,99,100,23743,P2,Not Active,Not Active,Not Active,Not Active
2026/08/10 02:08:06.073,324.81,450.00,2655,10251,66,100,100,23743,P2,Not Active,Not Active,Not Active,Not Active
2026/08/10 02:08:06.577,304.19,450.00,2655,10251,62,51,56,23743,P2,Not Active,Not Active,Not Active,Not Active
2026/08/10 02:08:07.083,195.76,450.00,2670,10251,59,2,0,23743,P2,Not Active,Not Active,Not Active,Not Active
2026/08/10 02:08:07.590,86.43,450.00,2670,10251,59,2,0,23743,P2,Not Active,Not Active,Not Active,Not Active
2026/08/10 02:08:08.095,84.50,450.00,2670,10251,58,2,0,23743,P2,Not Active,Not Active,Not Active,Not Active
2026/08/10 02:08:08.600,87.05,450.00,630,10251,59,63,5,23743,P3,Not Active,Not Active,Not Active,Not Active
2026/08/10 02:08:09.183,197.13,450.00,2655,10251,65,100,100,23743,P2,Not Active,Not Active,Not Active,Not Active
2026/08/10 02:08:09.688,302.62,450.00,2655,10251,65,99,100,23743,P2,Not Active,Not Active,Not Active,Not Active
2026/08/10 02:08:10.190,322.21,450.00,2655,10251,65,100,100,23743,P2,Not Active,Not Active,Not Active,Not Active
2026/08/10 02:08:10.694,322.18,450.00,2655,10251,65,99,100,23743,P2,Not Active,Not Active,Not Active,Not Active
2026/08/10 02:08:11.197,324.28,450.00,2655,10251,65,99,100,23743,P2,Active,Not Active,Not Active,Not Active
2026/08/10 02:08:11.700,341.45,450.00,2655,10251,65,100,100,23743,P2,Not Active,Not Active,Not Active,Not Active
2026/08/10 02:08:12.205,327.97,450.00,2655,10251,64,100,100,23743,P2,Active,Not Active,Not Active,Not Active
2026/08/10 02:08:12.760,327.86,450.00,2655,10251,65,100,100,23743,P2,Not Active,Not Active,Not Active,Not Active
2026/08/10 02:08:13.269,329.70,450.00,2655,10251,64,100,100,23743,P2,Not Active,Not Active,Not Active,Not Active
2026/08/10 02:08:13.772,297.93,450.00,2655,10251,64,100,100,23743,P2,Not Active,Not Active,Not Active,Not Active
2026/08/10 02:08:14.275,295.40,450.00,2655,10251,64,100,100,23743,P2,Not Active,Not Active,Not Active,Not Active
2026/08/10 02:08:14.779,296.14,450.00,2655,10251,64,100,100,23743,P2,Active,Not Active,Not Active,Not Active
2026/08/10 02:08:15.284,358.14,450.00,2520,10251,74,100,33,23742,P2,Not Active,Not Active,Not Active,Not Active
2026/08/10 02:08:15.852,359.06,450.00,2655,10251,65,100,100,23741,P2,Not Active,Not Active,Not Active,Not Active
2026/08/10 02:08:16.355,299.43,450.00,2655,10251,64,100,100,23741,P2,Not Active,Not Active,Not Active,Not Active
2026/08/10 02:08:16.859,330.43,450.00,2655,10251,64,100,75,23741,P2,Not Active,Not Active,Not Active,Not Active
2026/08/10 02:08:17.364,361.95,450.00,2535,10251,74,100,100,23741,P2,Not Active,Not Active,Not Active,Not Active
2026/08/10 02:08:17.868,347.93,450.00,2655,10251,65,100,100,23741,P2,Not Active,Not Active,Not Active,Not Active
2026/08/10 02:08:18.372,300.86,450.00,2655,10251,64,99,100,23741,P2,Not Active,Not Active,Not Active,Not Active
2026/08/10 02:08:18.875,298.98,450.00,2655,10251,64,99,100,23741,P2,Not Active,Not Active,Not Active,Not Active
2026/08/10 02:08:19.379,298.69,450.00,2655,10251,64,100,100,23741,P2,Not Active,Not Active,Not Active,Not Active
2026/08/10 02:08:19.885,297.99,450.00,2655,10251,64,100,100,23741,P2,Not Active,Not Active,Not Active,Not Active
2026/08/10 02:08:20.388,295.75,450.00,2655,10251,64,100,100,23741,P2,Not Active,Not Active,Not Active,Not Active
2026/08/10 02:08:20.891,293.90,450.00,2655,10251,64,100,100,23741,P2,Not Active,Not Active,Not Active,Not Active
2026/08/10 02:08:21.394,293.65,450.00,2655,10251,64,100,100,23741,P2,Not Active,Not Active,Not Active,Not Active
2026/08/10 02:08:21.897,264.85,450.00,2655,10251,65,2,0,23741,P2,Active,Not Active,Not Active,Not Active
2026/08/10 02:08:22.402,294.69,450.00,2520,10251,67,100,100,23741,P2,Not Active,Not Active,Not Active,Not Active
2026/08/10 02:08:22.906,345.61,450.00,2655,10251,65,100,100,23741,P2,Not Active,Not Active,Not Active,Not Active
2026/08/10 02:08:23.409,347.71,450.00,2655,10251,65,100,79,23741,P2,Not Active,Not Active,Not Active,Not Active
2026/08/10 02:08:23.912,334.15,450.00,2655,10251,65,100,100,23741,P2,Not Active,Not Active,Not Active,Not Active
2026/08/10 02:08:24.416,327.89,450.00,2535,10251,72,99,100,23741,P2,Not Active,Not Active,Not Active,Not Active
2026/08/10 02:08:24.921,361.96,450.00,2655,10251,72,99,100,23741,P2,Not Active,Not Active,Not Active,Not Active
2026/08/10 02:08:25.426,331.27,450.00,2655,10251,65,100,100,23741,P2,Not Active,Not Active,Not Active,Not Active
2026/08/10 02:08:25.929,299.12,450.00,2655,10251,64,99,100,23741,P2,Not Active,Not Active,Not Active,Not Active
2026/08/10 02:08:26.432,299.67,450.00,2655,10251,64,100,100,23741,P2,Not Active,Not Active,Not Active,Not Active
2026/08/10 02:08:26.935,300.15,450.00,2655,10251,64,100,100,23741,P2,Not Active,Not Active,Not Active,Not Active
2026/08/10 02:08:27.439,328.99,450.00,2520,10251,71,100,100,23741,P2,Not Active,Not Active,Not Active,Not Active
2026/08/10 02:08:27.944,328.87,450.00,2655,10251,65,100,100,23741,P2,Not Active,Not Active,Not Active,Not Active
2026/08/10 02:08:28.447,299.32,450.00,2655,10251,64,100,100,23741,P2,Not Active,Not Active,Not Active,Not Active
2026/08/10 02:08:28.950,299.42,450.00,2655,10251,64,99,100,23741,P2,Not Active,Not Active,Not Active,Not Active
2026/08/10 02:08:29.454,302.79,450.00,2655,10251,64,100,100,23741,P2,Not Active,Not Active,Not Active,Not Active
2026/08/10 02:08:29.959,312.77,450.00,2655,10251,65,100,100,23741,P2,Not Active,Not Active,Not Active,Not Active
2026/08/10 02:08:30.462,322.91,450.00,2655,10251,65,100,100,23741,P2,Not Active,Not Active,Not Active,Not Active
2026/08/10 02:08:30.965,323.56,450.00,2655,10251,66,100,100,23741,P2,Not Active,Not Active,Not Active,Not Active
2026/08/10 02:08:31.469,324.47,450.00,2655,10251,66,100,100,23741,P2,Not Active,Not Active,Not Active,Not Active
2026/08/10 02:08:31.972,221.62,450.00,2655,10251,63,2,0,23741,P2,Not Active,Not Active,Not Active,Not Active
2026/08/10 02:08:32.475,112.29,450.00,2670,10251,59,2,0,23741,P2,Not Active,Not Active,Not Active,Not Active
2026/08/10 02:08:32.982,84.50,450.00,2670,10251,58,1,0,23741,P2,Not Active,Not Active,Not Active,Not Active
2026/08/10 02:08:33.486,81.94,450.00,645,10251,57,2,0,23741,P2,Not Active,Not Active,Not Active,Not Active
2026/08/10 02:08:34.052,61.69,450.00,510,5001,56,4,1,23741,P3,Not Active,Not Active,Not Active,Not Active
2026/08/10 02:08:34.632,43.45,450.00,435,5001,56,6,1,23741,P3,Not Active,Not Active,Not Active,Not Active
2026/08/10 02:08:35.213,41.15,450.00,345,5001,55,6,1,23741,P3,Not Active,Not Active,Not Active,Not Active
2026/08/10 02:08:35.791,39.48,450.00,300,5001,55,13,3,23741,P5,Not Active,Not Active,Not Active,Not Active
2026/08/10 02:08:36.374,34.52,450.00,240,810,55,13,3,23741,P5,Not Active,Not Active,Not Active,Not Active
2026/08/10 02:08:36.955,31.81,450.00,210,810,55,14,3,23741,P5,Not Active,Not Active,Not Active,Not Active
2026/08/10 02:08:37.536,30.15,450.00,210,405,54,15,7,23741,P8,Not Active,Not Active,Not Active,Not Active
2026/08/10 02:08:38.141,25.38,450.00,210,405,54,15,6,23741,P8,Not Active,Not Active,Not Active,Not Active
2026/08/10 02:08:38.803,22.68,450.00,210,405,54,15,7,23741,P8,Not Active,Not Active,Not Active,Not Active
2026/08/10 02:08:39.405,22.45,450.00,210,405,53,14,7,23741,P8,Not Active,Not Active,Not Active,Not Active
2026/08/10 02:08:40.008,22.62,450.00,210,405,53,23,8,23741,P8,Not Active,Not Active,Not Active,Not Active
2026/08/10 02:08:40.621,22.63,450.00,210,405,53,19,7,23741,P8,Not Active,Not Active,Not Active,Not Active
2026/08/10 02:08:41.228,22.63,450.00,210,405,53,13,6,23741,P8,Not Active,Not Active,Not Active,Not Active
2026/08/10 02:08:41.837,22.86,450.00,210,405,52,15,7,23741,P8,Not Active,Not Active,Not Active,Not Active
2026/08/10 02:08:42.444,22.98,450.00,210,405,52,14,6,23741,P8,Not Active,Not Active,Not Active,Not Active
2026/08/10 02:08:43.060,22.56,450.00,210,405,52,16,7,23741,P8,Not Active,Not Active,Not Active,Not Active
2026/08/10 02:08:43.662,22.27,450.00,210,405,52,14,6,23741,P8,Not Active,Not Active,Not Active,Not Active
2026/08/10 02:08:44.263,22.16,450.00,210,405,52,15,6,23741,P8,Not Active,Not Active,Not Active,Not Active
2026/08/10 02:08:44.879,22.36,450.00,210,405,52,22,7,23741,P8,Not Active,Not Active,Not Active,Not Active
2026/08/10 02:08:45.499,22.63,450.00,210,405,51,20,7,23741,P8,Not Active,Not Active,Not Active,Not Active
2026/08/10 02:08:46.120,113.55,450.00,2520,10251,64,100,41,23730,P2,Not Active,Not Active,Not Active,Not Active
2026/08/10 02:08:46.689,238.90,450.00,2670,10251,60,100,100,23730,P2,Not Active,Not Active,Not Active,Not Active
2026/08/10 02:08:47.194,326.84,450.00,2670,10251,60,100,100,23710,P2,Not Active,Not Active,Not Active,Not Active
2026/08/10 02:08:47.697,319.30,450.00,2670,10251,61,99,100,23710,P2,Not Active,Not Active,Not Active,Not Active
2026/08/10 02:08:48.200,319.48,450.00,2670,10251,61,100,100,23710,P2,Not Active,Not Active,Not Active,Not Active
2026/08/10 02:08:48.704,346.53,450.00,2535,10251,68,100,65,23710,P2,Not Active,Not Active,Not Active,Not Active
2026/08/10 02:08:49.230,330.24,450.00,2670,10251,60,99,100,23710,P2,Not Active,Not Active,Not Active,Not Active
2026/08/10 02:08:49.735,289.56,450.00,2670,10251,60,100,100,23710,P2,Not Active,Not Active,Not Active,Not Active
2026/08/10 02:08:50.238,289.00,450.00,2670,10251,60,100,100,23710,P2,Not Active,Not Active,Not Active,Not Active
2026/08/10 02:08:50.742,321.58,450.00,2655,10251,70,100,100,23710,P2,Not Active,Not Active,Not Active,Not Active
2026/08/10 02:08:51.245,322.85,450.00,2670,10251,60,100,100,23710,P2,Not Active,Not Active,Not Active,Not Active
2026/08/10 02:08:51.748,291.18,450.00,2670,10251,60,100,100,23710,P2,Not Active,Not Active,Not Active,Not Active
2026/08/10 02:08:52.253,323.58,450.00,2535,10251,70,100,51,23710,P2,Not Active,Not Active,Not Active,Not Active
2026/08/10 02:08:52.757,326.17,450.00,2655,10251,61,100,100,23710,P2,Not Active,Not Active,Not Active,Not Active
2026/08/10 02:08:53.260,327.44,450.00,2655,10251,61,100,64,23710,P2,Not Active,Not Active,Not Active,Not Active
2026/08/10 02:08:53.768,325.95,450.00,2670,10251,62,100,100,23710,P2,Not Active,Not Active,Not Active,Not Active
2026/08/10 02:08:54.275,307.84,450.00,2670,10251,61,100,100,23710,P2,Not Active,Not Active,Not Active,Not Active
2026/08/10 02:08:54.779,295.97,450.00,2670,10251,61,100,100,23710,P2,Not Active,Not Active,Not Active,Not Active
2026/08/10 02:08:55.282,314.34,450.00,2670,10251,61,100,100,23710,P2,Active,Not Active,Not Active,Not Active
2026/08/10 02:08:55.786,325.16,450.00,2670,10251,62,99,100,23710,P2,Not Active,Not Active,Not Active,Not Active
2026/08/10 02:08:56.290,324.98,450.00,2670,10251,62,100,100,23710,P2,Active,Not Active,Not Active,Not Active
2026/08/10 02:08:56.845,328.61,450.00,2595,10251,71,100,100,23710,P2,Not Active,Not Active,Not Active,Not Active
2026/08/10 02:08:57.350,328.88,450.00,2655,10251,62,100,100,23710,P2,Not Active,Not Active,Not Active,Not Active
2026/08/10 02:08:57.853,296.33,450.00,2655,10251,62,100,100,23710,P2,Not Active,Not Active,Not Active,Not Active
2026/08/10 02:08:58.357,294.81,450.00,2655,10251,62,100,100,23710,P2,Not Active,Not Active,Not Active,Not Active
2026/08/10 02:08:58.860,292.67,450.00,2655,10251,62,100,100,23710,P2,Not Active,Not Active,Not Active,Not Active
2026/08/10 02:08:59.363,291.25,450.00,2655,10251,62,100,100,23710,P2,Not Active,Not Active,Not Active,Not Active
2026/08/10 02:08:59.867,289.68,450.00,2655,10251,62,100,100,23710,P2,Not Active,Not Active,Not Active,Not Active
2026/08/10 02:09:00.372,301.48,450.00,2655,10251,63,100,100,23710,P2,Not Active,Not Active,Not Active,Not Active
2026/08/10 02:09:00.876,321.51,450.00,2655,10251,63,100,100,23741,P2,Active,Not Active,Not Active,Not Active
2026/08/10 02:09:01.385,347.23,450.00,2535,10251,72,100,100,23741,P2,Not Active,Not Active,Not Active,Not Active
2026/08/10 02:09:01.891,347.93,450.00,2655,10251,64,99,100,23741,P2,Not Active,Not Active,Not Active,Not Active
2026/08/10 02:09:02.394,322.51,450.00,2655,10251,64,100,100,23741,P2,Not Active,Not Active,Not Active,Not Active
2026/08/10 02:09:02.897,322.89,450.00,2655,10251,64,100,100,23721,P2,Not Active,Not Active,Not Active,Not Active
2026/08/10 02:09:03.401,322.77,450.00,2655,10251,64,99,100,23741,P2,Not Active,Not Active,Not Active,Not Active
2026/08/10 02:09:03.904,322.55,450.00,2655,10251,64,100,100,23741,P2,Not Active,Not Active,Not Active,Not Active
2026/08/10 02:09:04.412,322.74,450.00,2655,10251,64,100,100,23741,P2,Not Active,Not Active,Not Active,Not Active
2026/08/10 02:09:04.915,321.87,450.00,2655,10251,64,100,100,23741,P2,Not Active,Not Active,Not Active,Not Active
2026/08/10 02:09:05.419,280.05,450.00,2655,10251,64,52,57,23741,P2,Not Active,Not Active,Not Active,Not Active
2026/08/10 02:09:05.927,172.54,450.00,2670,10251,58,2,0,23741,P2,Not Active,Not Active,Not Active,Not Active
2026/08/10 02:09:06.431,84.31,450.00,2670,10251,57,2,0,23741,P2,Not Active,Not Active,Not Active,Not Active
2026/08/10 02:09:06.937,83.69,450.00,2670,10251,57,2,0,23741,P2,Not Active,Not Active,Not Active,Not Active
2026/08/10 02:09:07.444,74.34,450.00,2670,10251,57,4,0,23741,P3,Not Active,Not Active,Not Active,Not Active
2026/08/10 02:09:08.021,152.89,450.00,2655,10251,64,100,49,23741,P2,Not Active,Not Active,Not Active,Not Active
2026/08/10 02:09:08.527,272.74,450.00,2580,10251,63,100,100,23741,P2,Active,Not Active,Not Active,Not Active
2026/08/10 02:09:09.032,339.47,450.00,2655,10251,63,100,100,23741,P2,Not Active,Not Active,Not Active,Not Active
2026/08/10 02:09:09.535,326.61,450.00,2655,10251,62,100,100,23741,P2,Not Active,Not Active,Not Active,Not Active
2026/08/10 02:09:10.039,291.23,450.00,2655,10251,62,100,100,23741,P2,Not Active,Not Active,Not Active,Not Active
2026/08/10 02:09:10.542,290.94,450.00,2655,10251,63,100,100,23741,P2,Not Active,Not Active,Not Active,Not Active
2026/08/10 02:09:11.047,291.83,450.00,2655,10251,63,100,100,23741,P2,Not Active,Not Active,Not Active,Not Active
2026/08/10 02:09:11.550,292.59,450.00,2655,10251,63,100,100,23741,P2,Not Active,Not Active,Not Active,Not Active
2026/08/10 02:09:12.054,327.09,450.00,2655,10251,65,100,43,23741,P2,Not Active,Not Active,Not Active,Not Active
2026/08/10 02:09:12.581,326.35,450.00,2655,10251,63,100,100,23741,P2,Not Active,Not Active,Not Active,Not Active
2026/08/10 02:09:13.085,295.79,450.00,2655,10251,63,100,100,23741,P2,Not Active,Not Active,Not Active,Not Active
2026/08/10 02:09:13.589,325.83,450.00,2655,10251,66,100,73,23741,P2,Not Active,Not Active,Not Active,Not Active
2026/08/10 02:09:14.091,325.54,450.00,2655,10251,63,100,100,23741,P2,Not Active,Not Active,Not Active,Not Active
2026/08/10 02:09:14.595,292.62,450.00,2655,10251,63,100,100,23741,P2,Not Active,Not Active,Not Active,Not Active
2026/08/10 02:09:15.098,310.43,450.00,2535,10251,71,100,100,23741,P2,Active,Not Active,Not Active,Not Active
2026/08/10 02:09:15.602,326.28,450.00,2655,10251,64,100,100,23741,P2,Not Active,Not Active,Not Active,Not Active
2026/08/10 02:09:16.108,312.50,450.00,2655,10251,64,100,100,23741,P2,Not Active,Not Active,Not Active,Not Active
2026/08/10 02:09:16.611,298.17,450.00,2655,10251,64,100,100,23741,P2,Not Active,Not Active,Not Active,Not Active
2026/08/10 02:09:17.115,296.06,450.00,2655,10251,64,100,100,23741,P2,Not Active,Not Active,Not Active,Not Active
2026/08/10 02:09:17.618,293.80,450.00,2655,10251,64,100,100,23741,P2,Not Active,Not Active,Not Active,Not Active
2026/08/10 02:09:18.122,297.86,450.00,2655,10251,64,100,100,23741,P2,Not Active,Not Active,Not Active,Not Active
2026/08/10 02:09:18.627,311.64,450.00,2655,10251,65,100,100,23741,P2,Not Active,Not Active,Not Active,Not Active
2026/08/10 02:09:19.131,323.58,450.00,2655,10251,65,100,100,23741,P2,Not Active,Not Active,Not Active,Not Active
2026/08/10 02:09:19.635,286.26,450.00,2655,10251,63,63,69,23741,P2,Not Active,Not Active,Not Active,Not Active
2026/08/10 02:09:20.139,177.77,450.00,2670,10251,59,2,0,23741,P2,Not Active,Not Active,Not Active,Not Active
2026/08/10 02:09:20.645,250.08,450.00,2535,10251,73,100,37,23741,P2,Active,Not Active,Not Active,Not Active
2026/08/10 02:09:21.198,410.28,450.00,2520,10251,75,100,84,23741,P2,Not Active,Not Active,Not Active,Not Active
2026/08/10 02:09:21.708,358.04,450.00,2655,10251,65,100,100,23741,P2,Not Active,Not Active,Not Active,Not Active
2026/08/10 02:09:22.211,298.28,450.00,2655,10251,64,100,100,23741,P2,Not Active,Not Active,Not Active,Not Active
2026/08/10 02:09:22.714,298.44,450.00,2655,10251,64,100,100,23741,P2,Not Active,Not Active,Not Active,Not Active
2026/08/10 02:09:23.217,298.45,450.00,2655,10251,64,100,100,23741,P2,Not Active,Not Active,Not Active,Not Active
2026/08/10 02:09:23.725,298.75,450.00,2655,10251,64,100,100,23741,P2,Not Active,Not Active,Not Active,Not Active
2026/08/10 02:09:24.228,300.99,450.00,2655,10251,64,100,100,23741,P2,Active,Not Active,Not Active,Not Active
2026/08/10 02:09:24.759,332.40,450.00,2655,10251,67,100,100,23741,P2,Not Active,Not Active,Not Active,Not Active
2026/08/10 02:09:25.264,335.65,450.00,2655,10251,65,100,100,23741,P2,Not Active,Not Active,Not Active,Not Active
2026/08/10 02:09:25.768,306.93,450.00,2655,10251,65,100,100,23741,P2,Not Active,Not Active,Not Active,Not Active
2026/08/10 02:09:26.272,315.81,450.00,2655,10251,66,100,100,23741,P2,Not Active,Not Active,Not Active,Not Active
2026/08/10 02:09:26.775,324.36,450.00,2655,10251,66,100,100,23741,P2,Not Active,Not Active,Not Active,Not Active
2026/08/10 02:09:27.279,324.36,450.00,2655,10251,66,100,100,23741,P2,Active,Not Active,Not Active,Not Active
2026/08/10 02:09:27.786,342.92,450.00,2655,10251,74,100,100,23741,P2,Not Active,Not Active,Not Active,Not Active
2026/08/10 02:09:28.289,329.47,450.00,2655,10251,65,100,100,23741,P2,Not Active,Not Active,Not Active,Not Active
2026/08/10 02:09:28.793,295.22,450.00,2655,10251,64,100,100,23741,P2,Not Active,Not Active,Not Active,Not Active
2026/08/10 02:09:29.296,306.19,450.00,2655,10251,65,100,100,23720,P2,Not Active,Not Active,Not Active,Not Active
2026/08/10 02:09:29.804,318.82,450.00,2655,10251,66,100,100,23741,P2,Not Active,Not Active,Not Active,Not Active
2026/08/10 02:09:30.307,323.39,450.00,2655,10251,66,100,100,23741,P2,Not Active,Not Active,Not Active,Not Active
2026/08/10 02:09:30.810,323.91,450.00,2655,10251,66,100,100,23741,P2,Not Active,Not Active,Not Active,Not Active
2026/08/10 02:09:31.313,324.90,450.00,2655,10251,66,100,100,23741,P2,Not Active,Not Active,Not Active,Not Active
2026/08/10 02:09:31.816,346.97,450.00,2520,10251,74,100,79,23741,P2,Not Active,Not Active,Not Active,Not Active
2026/08/10 02:09:32.321,343.87,450.00,2655,10251,66,100,100,23741,P2,Not Active,Not Active,Not Active,Not Active
2026/08/10 02:09:32.824,319.49,450.00,2655,10251,66,100,100,23741,P2,Not Active,Not Active,Not Active,Not Active
2026/08/10 02:09:33.328,325.47,450.00,2655,10251,66,100,100,23741,P2,Not Active,Not Active,Not Active,Not Active
2026/08/10 02:09:33.831,325.67,450.00,2655,10251,66,100,100,23741,P2,Not Active,Not Active,Not Active,Not Active
2026/08/10 02:09:34.334,325.88,450.00,2655,10251,66,100,100,23741,P2,Not Active,Not Active,Not Active,Not Active
2026/08/10 02:09:34.839,324.81,450.00,2655,10251,66,99,100,23741,P2,Not Active,Not Active,Not Active,Not Active
2026/08/10 02:09:35.343,324.30,450.00,2655,10251,66,100,100,23741,P2,Not Active,Not Active,Not Active,Not Active
2026/08/10 02:09:35.846,324.12,450.00,2655,10251,66,100,100,23741,P2,Not Active,Not Active,Not Active,Not Active
2026/08/10 02:09:36.349,224.55,450.00,2670,10251,61,2,0,23741,P2,Not Active,Not Active,Not Active,Not Active
2026/08/10 02:09:36.857,116.14,450.00,2670,10251,59,2,0,23741,P2,Not Active,Not Active,Not Active,Not Active
2026/08/10 02:09:37.361,85.40,450.00,2670,10251,59,2,0,23741,P2,Not Active,Not Active,Not Active,Not Active
2026/08/10 02:09:37.867,82.72,450.00,2670,10251,59,2,0,23741,P2,Not Active,Not Active,Not Active,Not Active
2026/08/10 02:09:38.439,60.01,450.00,585,5001,57,4,1,23741,P3,Not Active,Not Active,Not Active,Not Active
2026/08/10 02:09:39.031,41.20,450.00,390,5001,56,4,1,23741,P3,Not Active,Not Active,Not Active,Not Active
2026/08/10 02:09:39.611,89.08,450.00,2400,10251,59,100,14,23741,P2,Not Active,Not Active,Not Active,Not Active
2026/08/10 02:09:40.243,245.27,450.00,2655,10251,64,100,100,23741,P2,Not Active,Not Active,Not Active,Not Active
2026/08/10 02:09:40.746,325.35,450.00,2655,10251,65,100,100,23741,P2,Not Active,Not Active,Not Active,Not Active
2026/08/10 02:09:41.250,323.47,450.00,2655,10251,65,100,100,23741,P2,Not Active,Not Active,Not Active,Not Active
2026/08/10 02:09:41.754,324.14,450.00,2655,10251,65,100,100,23741,P2,Not Active,Not Active,Not Active,Not Active
2026/08/10 02:09:42.259,324.45,450.00,2655,10251,65,100,100,23741,P2,Not Active,Not Active,Not Active,Not Active
2026/08/10 02:09:42.763,351.11,450.00,2655,10251,65,100,48,23741,P2,Not Active,Not Active,Not Active,Not Active
2026/08/10 02:09:43.266,337.54,450.00,2655,10251,64,99,100,23741,P2,Not Active,Not Active,Not Active,Not Active
2026/08/10 02:09:43.770,303.28,450.00,2655,10251,64,100,100,23741,P2,Active,Not Active,Not Active,Not Active
2026/08/10 02:09:44.290,327.62,450.00,2655,10251,68,100,100,23741,P2,Not Active,Not Active,Not Active,Not Active
2026/08/10 02:09:44.794,326.94,450.00,2655,10251,64,100,100,23741,P2,Not Active,Not Active,Not Active,Not Active
2026/08/10 02:09:45.298,293.56,450.00,2655,10251,64,100,100,23741,P2,Not Active,Not Active,Not Active,Not Active
2026/08/10 02:09:45.801,293.37,450.00,2655,10251,64,100,100,23741,P2,Not Active,Not Active,Not Active,Not Active
2026/08/10 02:09:46.304,294.09,450.00,2655,10251,64,100,100,23727,P2,Not Active,Not Active,Not Active,Not Active
2026/08/10 02:09:46.807,294.47,450.00,2655,10251,64,100,100,23727,P2,Not Active,Not Active,Not Active,Not Active
2026/08/10 02:09:47.311,360.32,450.00,2610,10251,73,100,48,23727,P2,Not Active,Not Active,Not Active,Not Active
2026/08/10 02:09:47.850,362.67,450.00,2655,10251,65,100,100,23727,P2,Not Active,Not Active,Not Active,Not Active
2026/08/10 02:09:48.355,307.47,450.00,2655,10251,64,100,100,23727,P2,Not Active,Not Active,Not Active,Not Active
2026/08/10 02:09:48.858,298.63,450.00,2655,10251,64,100,100,23727,P2,Not Active,Not Active,Not Active,Not Active
2026/08/10 02:09:49.361,323.85,450.00,2655,10251,64,100,43,23727,P2,Not Active,Not Active,Not Active,Not Active
2026/08/10 02:09:49.883,358.65,450.00,2655,10251,65,100,52,23727,P2,Not Active,Not Active,Not Active,Not Active
2026/08/10 02:09:50.386,349.13,450.00,2655,10251,65,100,100,23727,P2,Not Active,Not Active,Not Active,Not Active
2026/08/10 02:09:50.889,298.37,450.00,2655,10251,64,100,100,23707,P2,Not Active,Not Active,Not Active,Not Active
2026/08/10 02:09:51.397,298.71,450.00,2655,10251,64,100,100,23727,P2,Not Active,Not Active,Not Active,Not Active
2026/08/10 02:09:51.900,298.74,450.00,2655,10251,64,100,100,23727,P2,Not Active,Not Active,Not Active,Not Active
2026/08/10 02:09:52.404,297.54,450.00,2655,10251,64,100,100,23727,P2,Not Active,Not Active,Not Active,Not Active
2026/08/10 02:09:52.907,295.29,450.00,2655,10251,64,99,100,23731,P2,Not Active,Not Active,Not Active,Not Active
2026/08/10 02:09:53.410,293.52,450.00,2655,10251,64,100,100,23731,P2,Not Active,Not Active,Not Active,Not Active
2026/08/10 02:09:53.915,292.58,450.00,2655,10251,64,99,100,23731,P2,Not Active,Not Active,Not Active,Not Active
2026/08/10 02:09:54.418,232.35,450.00,2655,10251,65,3,0,23731,P2,Not Active,Not Active,Not Active,Not Active
2026/08/10 02:09:54.922,138.31,450.00,2670,10251,59,3,0,23731,P2,Not Active,Not Active,Not Active,Not Active
2026/08/10 02:09:55.429,122.83,450.00,2670,10251,58,3,0,23731,P2,Active,Not Active,Not Active,Not Active
2026/08/10 02:09:55.968,238.88,450.00,2550,10251,72,99,100,23731,P2,Not Active,Not Active,Not Active,Not Active
2026/08/10 02:09:56.473,345.85,450.00,2655,10251,65,99,100,23727,P2,Not Active,Not Active,Not Active,Not Active
2026/08/10 02:09:56.976,331.42,450.00,2655,10251,65,100,80,23727,P2,Active,Not Active,Not Active,Not Active
2026/08/10 02:09:57.479,337.74,450.00,2535,10251,73,100,100,23727,P2,Not Active,Not Active,Not Active,Not Active
2026/08/10 02:09:57.983,324.58,450.00,2655,10251,64,100,100,23727,P2,Active,Not Active,Not Active,Not Active
2026/08/10 02:09:58.488,325.98,450.00,2550,10251,71,99,100,23727,P2,Not Active,Not Active,Not Active,Not Active
2026/08/10 02:09:58.996,360.39,450.00,2655,10251,64,100,100,23727,P2,Not Active,Not Active,Not Active,Not Active
2026/08/10 02:09:59.499,328.89,450.00,2655,10251,65,99,100,23727,P2,Not Active,Not Active,Not Active,Not Active
2026/08/10 02:10:00.002,295.83,450.00,2655,10251,64,100,100,23727,P2,Not Active,Not Active,Not Active,Not Active
2026/08/10 02:10:00.506,295.60,450.00,2655,10251,64,99,100,23727,P2,Not Active,Not Active,Not Active,Not Active
2026/08/10 02:10:01.010,296.01,450.00,2655,10251,64,100,100,23727,P2,Not Active,Not Active,Not Active,Not Active
2026/08/10 02:10:01.513,296.46,450.00,2655,10251,64,100,100,23727,P2,Not Active,Not Active,Not Active,Not Active
2026/08/10 02:10:02.017,327.41,450.00,2655,10251,64,100,87,23727,P2,Not Active,Not Active,Not Active,Not Active
2026/08/10 02:10:02.520,327.51,450.00,2655,10251,65,99,100,23727,P2,Not Active,Not Active,Not Active,Not Active
2026/08/10 02:10:03.024,328.35,450.00,2655,10251,74,100,68,23727,P2,Not Active,Not Active,Not Active,Not Active
2026/08/10 02:10:03.527,328.24,450.00,2655,10251,65,100,100,23727,P2,Not Active,Not Active,Not Active,Not Active
2026/08/10 02:10:04.032,310.10,450.00,2655,10251,64,99,100,23727,P2,Not Active,Not Active,Not Active,Not Active
2026/08/10 02:10:04.536,292.30,450.00,2655,10251,64,100,100,23727,P2,Active,Not Active,Not Active,Not Active
2026/08/10 02:10:05.064,358.06,450.00,2655,10251,68,100,33,23727,P2,Not Active,Not Active,Not Active,Not Active
2026/08/10 02:10:05.569,360.51,450.00,2655,10251,65,100,100,23727,P2,Not Active,Not Active,Not Active,Not Active
2026/08/10 02:10:06.072,297.98,450.00,2655,10251,64,100,100,23727,P2,Not Active,Not Active,Not Active,Not Active
2026/08/10 02:10:06.575,298.54,450.00,2550,10251,64,100,100,23727,P2,Active,Not Active,Not Active,Not Active
2026/08/10 02:10:07.104,328.21,450.00,2655,10251,65,100,100,23727,P2,Not Active,Not Active,Not Active,Not Active
2026/08/10 02:10:07.611,327.43,450.00,2655,10251,65,100,100,23727,P2,Not Active,Not Active,Not Active,Not Active
2026/08/10 02:10:08.114,298.06,450.00,2655,10251,65,97,100,23727,P2,Not Active,Not Active,Not Active,Not Active
2026/08/10 02:10:08.618,328.06,450.00,2520,10251,71,100,77,23727,P2,Active,Not Active,Not Active,Not Active
2026/08/10 02:10:09.124,330.78,450.00,2655,10251,65,100,100,23727,P2,Not Active,Not Active,Not Active,Not Active
2026/08/10 02:10:09.629,316.70,450.00,2655,10251,65,100,100,23727,P2,Not Active,Not Active,Not Active,Not Active
2026/08/10 02:10:10.132,296.70,450.00,2655,10251,64,100,100,23727,P2,Not Active,Not Active,Not Active,Not Active
2026/08/10 02:10:10.635,326.89,450.00,2520,10251,73,100,53,23727,P2,Not Active,Not Active,Not Active,Not Active
2026/08/10 02:10:11.156,329.36,450.00,2655,10251,65,100,100,23727,P2,Not Active,Not Active,Not Active,Not Active
2026/08/10 02:10:11.658,307.89,450.00,2655,10251,65,100,100,23727,P2,Not Active,Not Active,Not Active,Not Active
2026/08/10 02:10:12.162,296.84,450.00,2655,10251,64,100,100,23727,P2,Not Active,Not Active,Not Active,Not Active
2026/08/10 02:10:12.667,294.52,450.00,2655,10251,64,100,100,23727,P2,Not Active,Not Active,Not Active,Not Active
2026/08/10 02:10:13.170,294.69,450.00,2655,10251,64,100,100,23727,P2,Not Active,Not Active,Not Active,Not Active
2026/08/10 02:10:13.673,306.44,450.00,2655,10251,66,100,100,23727,P2,Not Active,Not Active,Not Active,Not Active
2026/08/10 02:10:14.176,320.08,450.00,2655,10251,66,99,100,23727,P2,Not Active,Not Active,Not Active,Not Active
2026/08/10 02:10:14.680,324.06,450.00,2655,10251,66,100,100,23727,P2,Not Active,Not Active,Not Active,Not Active
2026/08/10 02:10:15.183,253.32,450.00,2670,10251,61,2,0,23727,P2,Not Active,Not Active,Not Active,Not Active
2026/08/10 02:10:15.687,144.80,450.00,2670,10251,59,2,0,23727,P2,Not Active,Not Active,Not Active,Not Active
2026/08/10 02:10:16.191,86.60,450.00,2670,10251,59,2,0,23727,P2,Not Active,Not Active,Not Active,Not Active
2026/08/10 02:10:16.694,221.98,450.00,2655,10251,66,100,100,23726,P2,Not Active,Not Active,Not Active,Not Active
2026/08/10 02:10:17.197,331.02,450.00,2655,10251,65,100,100,23726,P2,Not Active,Not Active,Not Active,Not Active
2026/08/10 02:10:17.700,324.51,450.00,2655,10251,66,100,100,23726,P2,Not Active,Not Active,Not Active,Not Active
2026/08/10 02:10:18.205,323.88,450.00,2655,10251,66,98,100,23706,P2,Not Active,Not Active,Not Active,Not Active
2026/08/10 02:10:18.707,347.46,450.00,2655,10251,66,100,44,23726,P2,Active,Not Active,Not Active,Not Active
2026/08/10 02:10:19.211,337.74,450.00,2655,10251,65,100,100,23726,P2,Not Active,Not Active,Not Active,Not Active
2026/08/10 02:10:19.715,333.13,450.00,2565,10251,65,100,55,23726,P2,Not Active,Not Active,Not Active,Not Active
2026/08/10 02:10:20.252,327.68,450.00,2655,10251,65,100,100,23726,P2,Not Active,Not Active,Not Active,Not Active
2026/08/10 02:10:20.756,320.30,450.00,2655,10251,65,100,69,23726,P2,Active,Not Active,Not Active,Not Active
2026/08/10 02:10:21.258,330.82,450.00,2655,10251,66,100,100,23726,P2,Not Active,Not Active,Not Active,Not Active
2026/08/10 02:10:21.763,331.64,450.00,2655,10251,65,100,100,23726,P2,Not Active,Not Active,Not Active,Not Active
2026/08/10 02:10:22.266,300.15,450.00,2655,10251,65,100,100,23726,P2,Not Active,Not Active,Not Active,Not Active
2026/08/10 02:10:22.769,299.86,450.00,2655,10251,65,100,100,23726,P2,Not Active,Not Active,Not Active,Not Active
2026/08/10 02:10:23.272,326.07,450.00,2655,10251,66,100,85,23726,P2,Active,Not Active,Not Active,Not Active
2026/08/10 02:10:23.775,365.33,450.00,2655,10251,67,100,100,23726,P2,Not Active,Not Active,Not Active,Not Active
2026/08/10 02:10:24.278,339.88,450.00,2655,10251,65,100,100,23726,P2,Not Active,Not Active,Not Active,Not Active
2026/08/10 02:10:24.786,299.99,450.00,2655,10251,65,100,100,23726,P2,Not Active,Not Active,Not Active,Not Active
2026/08/10 02:10:25.289,298.54,450.00,2655,10251,65,100,100,23726,P2,Not Active,Not Active,Not Active,Not Active
2026/08/10 02:10:25.792,328.09,450.00,2520,10251,74,100,78,23726,P2,Not Active,Not Active,Not Active,Not Active
2026/08/10 02:10:26.296,328.79,450.00,2655,10251,65,99,100,23726,P2,Not Active,Not Active,Not Active,Not Active
2026/08/10 02:10:26.799,299.37,450.00,2655,10251,65,100,100,23726,P2,Not Active,Not Active,Not Active,Not Active
2026/08/10 02:10:27.303,300.10,450.00,2655,10251,65,99,100,23726,P2,Not Active,Not Active,Not Active,Not Active
2026/08/10 02:10:27.807,323.74,450.00,2655,10251,65,100,91,23726,P2,Active,Not Active,Not Active,Not Active
2026/08/10 02:10:28.309,360.09,450.00,2655,10251,66,100,39,23726,P2,Active,Not Active,Not Active,Not Active
2026/08/10 02:10:28.813,386.08,450.00,2520,10251,75,100,70,23726,P2,Not Active,Not Active,Not Active,Not Active
2026/08/10 02:10:29.316,368.49,450.00,2655,10251,65,100,65,23726,P2,Active,Not Active,Not Active,Not Active
2026/08/10 02:10:29.821,333.29,450.00,2655,10251,66,99,100,23726,P2,Not Active,Not Active,Not Active,Not Active
2026/08/10 02:10:30.324,365.01,450.00,2655,10251,66,100,33,23726,P2,Not Active,Not Active,Not Active,Not Active
2026/08/10 02:10:30.827,336.12,450.00,2655,10251,66,100,100,23726,P2,Not Active,Not Active,Not Active,Not Active
2026/08/10 02:10:31.332,320.98,450.00,2655,10251,66,100,100,23726,P2,Not Active,Not Active,Not Active,Not Active
2026/08/10 02:10:31.835,307.22,450.00,2655,10251,66,100,100,23726,P2,Active,Not Active,Not Active,Not Active
2026/08/10 02:10:32.356,338.14,450.00,2655,10251,68,100,100,23726,P2,Not Active,Not Active,Not Active,Not Active
2026/08/10 02:10:32.861,337.61,450.00,2655,10251,66,100,100,23726,P2,Not Active,Not Active,Not Active,Not Active
2026/08/10 02:10:33.364,337.98,450.00,2655,10251,74,100,75,23726,P2,Not Active,Not Active,Not Active,Not Active
2026/08/10 02:10:33.868,338.19,450.00,2655,10251,66,100,100,23726,P2,Not Active,Not Active,Not Active,Not Active
2026/08/10 02:10:34.371,303.84,450.00,2655,10251,65,100,100,23726,P2,Not Active,Not Active,Not Active,Not Active
2026/08/10 02:10:34.875,299.38,450.00,2655,10251,65,100,100,23726,P2,Not Active,Not Active,Not Active,Not Active
2026/08/10 02:10:35.383,298.17,450.00,2655,10251,65,100,100,23726,P2,Not Active,Not Active,Not Active,Not Active
2026/08/10 02:10:35.886,296.19,450.00,2655,10251,65,100,100,23726,P2,Not Active,Not Active,Not Active,Not Active
2026/08/10 02:10:36.389,294.87,450.00,2655,10251,65,100,100,23726,P2,Not Active,Not Active,Not Active,Not Active
2026/08/10 02:10:36.893,302.42,450.00,2655,10251,65,100,100,23726,P2,Not Active,Not Active,Not Active,Not Active
2026/08/10 02:10:37.397,316.18,450.00,2655,10251,66,99,100,23726,P2,Not Active,Not Active,Not Active,Not Active
2026/08/10 02:10:37.902,252.83,450.00,2655,10251,67,2,0,23726,P2,Not Active,Not Active,Not Active,Not Active
2026/08/10 02:10:38.405,143.66,450.00,2670,10251,60,1,0,23726,P2,Not Active,Not Active,Not Active,Not Active
2026/08/10 02:10:38.909,85.01,450.00,2670,10251,59,2,0,23726,P2,Not Active,Not Active,Not Active,Not Active
2026/08/10 02:10:39.413,82.50,450.00,2670,10251,59,2,0,23726,P2,Not Active,Not Active,Not Active,Not Active
2026/08/10 02:10:39.991,62.37,450.00,750,10251,58,5,1,23726,P3,Not Active,Not Active,Not Active,Not Active
2026/08/10 02:10:40.572,43.49,450.00,540,5001,57,4,0,23726,P3,Not Active,Not Active,Not Active,Not Active
2026/08/10 02:10:41.150,40.75,450.00,435,5001,56,4,1,23726,P3,Not Active,Not Active,Not Active,Not Active
2026/08/10 02:10:41.730,40.51,450.00,345,5001,56,5,0,23726,P3,Not Active,Not Active,Not Active,Not Active
2026/08/10 02:10:42.311,50.20,450.00,285,5001,57,100,9,23726,P2,Not Active,Not Active,Not Active,Not Active
2026/08/10 02:10:42.948,268.37,450.00,2550,10251,72,100,39,23726,P2,Not Active,Not Active,Not Active,Not Active
2026/08/10 02:10:43.493,400.03,450.00,2655,10251,64,100,100,23726,P2,Not Active,Not Active,Not Active,Not Active
2026/08/10 02:10:44.002,330.67,450.00,2655,10251,64,100,100,23726,P2,Not Active,Not Active,Not Active,Not Active
2026/08/10 02:10:44.506,298.02,450.00,2655,10251,64,100,100,23726,P2,Not Active,Not Active,Not Active,Not Active
2026/08/10 02:10:45.008,297.08,450.00,2655,10251,64,99,100,23726,P2,Not Active,Not Active,Not Active,Not Active
2026/08/10 02:10:45.511,328.87,450.00,2655,10251,64,100,59,23726,P2,Not Active,Not Active,Not Active,Not Active
2026/08/10 02:10:46.016,360.62,450.00,2655,10251,65,100,80,23726,P2,Not Active,Not Active,Not Active,Not Active
2026/08/10 02:10:46.574,334.45,450.00,2655,10251,65,100,100,23726,P2,Not Active,Not Active,Not Active,Not Active
2026/08/10 02:10:47.079,306.76,450.00,2655,10251,64,100,100,23726,P2,Not Active,Not Active,Not Active,Not Active
2026/08/10 02:10:47.582,335.53,450.00,2655,10251,65,100,100,23726,P2,Not Active,Not Active,Not Active,Not Active
2026/08/10 02:10:48.085,385.91,450.00,2655,10251,70,100,80,23726,P2,Active,Not Active,Not Active,Not Active
2026/08/10 02:10:48.592,405.71,450.00,2655,10251,67,100,45,23726,P2,Not Active,Not Active,Not Active,Not Active
2026/08/10 02:10:49.097,367.18,450.00,2655,10251,65,99,100,23726,P2,Not Active,Not Active,Not Active,Not Active
2026/08/10 02:10:49.600,307.04,450.00,2655,10251,65,100,100,23726,P2,Not Active,Not Active,Not Active,Not Active
2026/08/10 02:10:50.103,304.06,450.00,2655,10251,65,99,100,23726,P2,Not Active,Not Active,Not Active,Not Active
2026/08/10 02:10:50.606,330.54,450.00,2535,10251,73,100,82,23726,P2,Active,Not Active,Not Active,Not Active
2026/08/10 02:10:51.116,366.14,450.00,2655,10251,66,100,98,23726,P2,Not Active,Not Active,Not Active,Not Active
2026/08/10 02:10:51.619,385.87,450.00,2655,10251,66,100,79,23726,P2,Not Active,Not Active,Not Active,Not Active
2026/08/10 02:10:52.123,338.05,450.00,2655,10251,65,100,100,23706,P2,Active,Not Active,Not Active,Not Active
2026/08/10 02:10:52.626,336.79,450.00,2655,10251,66,100,100,23726,P2,Not Active,Not Active,Not Active,Not Active
2026/08/10 02:10:53.130,337.11,450.00,2655,10251,65,100,100,23726,P2,Not Active,Not Active,Not Active,Not Active
2026/08/10 02:10:53.635,307.78,450.00,2655,10251,65,100,100,23726,P2,Not Active,Not Active,Not Active,Not Active
2026/08/10 02:10:54.138,303.95,450.00,2655,10251,65,100,100,23726,P2,Not Active,Not Active,Not Active,Not Active
2026/08/10 02:10:54.642,299.58,450.00,2655,10251,65,100,100,23726,P2,Not Active,Not Active,Not Active,Not Active
2026/08/10 02:10:55.145,297.52,450.00,2655,10251,65,100,100,23726,P2,Not Active,Not Active,Not Active,Not Active
2026/08/10 02:10:55.649,297.46,450.00,2655,10251,65,100,100,23726,P2,Active,Not Active,Not Active,Not Active
2026/08/10 02:10:56.153,362.56,450.00,2595,10251,69,100,63,23726,P2,Not Active,Not Active,Not Active,Not Active
2026/08/10 02:10:56.657,363.42,450.00,2655,10251,65,100,100,23726,P2,Not Active,Not Active,Not Active,Not Active
2026/08/10 02:10:57.160,302.40,450.00,2655,10251,65,99,100,23726,P2,Not Active,Not Active,Not Active,Not Active
2026/08/10 02:10:57.664,297.25,450.00,2655,10251,65,99,100,23726,P2,Not Active,Not Active,Not Active,Not Active
2026/08/10 02:10:58.167,294.53,450.00,2655,10251,65,100,100,23726,P2,Not Active,Not Active,Not Active,Not Active
2026/08/10 02:10:58.672,294.40,450.00,2655,10251,65,100,100,23726,P2,Not Active,Not Active,Not Active,Not Active
2026/08/10 02:10:59.175,294.24,450.00,2655,10251,64,100,100,23726,P2,Not Active,Not Active,Not Active,Not Active
2026/08/10 02:10:59.679,324.15,450.00,2655,10251,71,100,35,23726,P2,Active,Not Active,Not Active,Not Active
2026/08/10 02:11:00.219,358.70,450.00,2655,10251,66,99,100,23726,P2,Not Active,Not Active,Not Active,Not Active
2026/08/10 02:11:00.724,346.39,450.00,2655,10251,65,100,100,23726,P2,Not Active,Not Active,Not Active,Not Active
2026/08/10 02:11:01.227,296.85,450.00,2655,10251,65,99,100,23726,P2,Not Active,Not Active,Not Active,Not Active
2026/08/10 02:11:01.732,295.02,450.00,2655,10251,65,100,100,23726,P2,Not Active,Not Active,Not Active,Not Active
2026/08/10 02:11:02.235,294.54,450.00,2655,10251,65,100,100,23726,P2,Not Active,Not Active,Not Active,Not Active
2026/08/10 02:11:02.739,294.65,450.00,2655,10251,65,100,100,23726,P2,Not Active,Not Active,Not Active,Not Active
2026/08/10 02:11:03.242,294.72,450.00,2655,10251,65,100,100,23726,P2,Not Active,Not Active,Not Active,Not Active
2026/08/10 02:11:03.745,294.85,450.00,2655,10251,65,100,100,23726,P2,Not Active,Not Active,Not Active,Not Active
2026/08/10 02:11:04.249,294.60,450.00,2655,10251,65,100,100,23695,P2,Not Active,Not Active,Not Active,Not Active
2026/08/10 02:11:04.753,218.43,450.00,2670,10251,60,3,0,23695,P2,Not Active,Not Active,Not Active,Not Active
2026/08/10 02:11:05.257,123.11,450.00,2670,10251,59,2,0,23695,P2,Not Active,Not Active,Not Active,Not Active
2026/08/10 02:11:05.761,84.59,450.00,2670,10251,59,2,0,23695,P2,Not Active,Not Active,Not Active,Not Active
2026/08/10 02:11:06.269,78.79,450.00,2670,10251,58,3,0,23699,P2,Not Active,Not Active,Not Active,Not Active
2026/08/10 02:11:06.840,60.71,450.00,570,10251,57,4,0,23699,P2,Not Active,Not Active,Not Active,Not Active
2026/08/10 02:11:07.404,90.83,450.00,2520,10251,57,3,0,23699,P2,Not Active,Not Active,Not Active,Not Active
2026/08/10 02:11:07.988,251.67,450.00,2655,10251,66,100,100,23699,P2,Not Active,Not Active,Not Active,Not Active
2026/08/10 02:11:08.492,334.06,450.00,2655,10251,65,99,100,23699,P2,Not Active,Not Active,Not Active,Not Active
2026/08/10 02:11:08.995,342.95,450.00,2655,10251,65,100,65,23699,P2,Not Active,Not Active,Not Active,Not Active
2026/08/10 02:11:09.518,330.03,450.00,2655,10251,64,99,100,23695,P2,Not Active,Not Active,Not Active,Not Active
2026/08/10 02:11:10.022,291.93,450.00,2655,10251,64,100,100,23695,P2,Not Active,Not Active,Not Active,Not Active
2026/08/10 02:11:10.526,291.68,450.00,2655,10251,64,99,100,23695,P2,Not Active,Not Active,Not Active,Not Active
2026/08/10 02:11:11.031,291.58,450.00,2655,10251,64,99,100,23695,P2,Not Active,Not Active,Not Active,Not Active
2026/08/10 02:11:11.534,291.37,450.00,2655,10251,64,100,100,23695,P2,Not Active,Not Active,Not Active,Not Active
2026/08/10 02:11:12.037,291.52,450.00,2655,10251,64,100,100,23694,P2,Not Active,Not Active,Not Active,Not Active
2026/08/10 02:11:12.540,303.72,450.00,2655,10251,65,100,100,23694,P2,Not Active,Not Active,Not Active,Not Active
2026/08/10 02:11:13.043,317.43,450.00,2655,10251,65,100,100,23694,P2,Not Active,Not Active,Not Active,Not Active
2026/08/10 02:11:13.547,256.24,450.00,2670,10251,59,3,0,23694,P2,Not Active,Not Active,Not Active,Not Active
2026/08/10 02:11:14.062,127.10,450.00,2670,10251,58,3,0,23694,P2,Not Active,Not Active,Not Active,Not Active
2026/08/10 02:11:14.570,84.71,450.00,2670,10251,58,3,0,23694,P2,Not Active,Not Active,Not Active,Not Active
2026/08/10 02:11:15.075,84.33,450.00,2670,10251,58,3,0,23694,P2,Not Active,Not Active,Not Active,Not Active
2026/08/10 02:11:15.640,70.66,450.00,585,10251,56,5,0,23694,P2,Not Active,Not Active,Not Active,Not Active
2026/08/10 02:11:16.230,45.05,450.00,510,810,56,14,4,23694,P5,Not Active,Not Active,Not Active,Not Active
2026/08/10 02:11:16.851,134.31,450.00,2520,10251,64,100,42,23715,P2,Not Active,Not Active,Not Active,Not Active
2026/08/10 02:11:17.354,263.86,450.00,2655,10251,64,99,100,23694,P2,Not Active,Not Active,Not Active,Not Active
2026/08/10 02:11:17.858,317.67,450.00,2655,10251,64,100,100,23694,P2,Not Active,Not Active,Not Active,Not Active
2026/08/10 02:11:18.361,344.72,450.00,2655,10251,64,100,45,23694,P2,Not Active,Not Active,Not Active,Not Active
2026/08/10 02:11:18.894,331.58,450.00,2655,10251,64,100,100,23694,P2,Not Active,Not Active,Not Active,Not Active
2026/08/10 02:11:19.397,296.26,450.00,2655,10251,63,100,100,23694,P2,Not Active,Not Active,Not Active,Not Active
2026/08/10 02:11:19.900,290.68,450.00,2655,10251,63,100,100,23694,P2,Not Active,Not Active,Not Active,Not Active
2026/08/10 02:11:20.405,291.61,450.00,2655,10251,63,100,100,23694,P2,Not Active,Not Active,Not Active,Not Active
2026/08/10 02:11:20.909,297.69,450.00,2655,10251,63,100,98,23694,P2,Active,Not Active,Not Active,Not Active
2026/08/10 02:11:21.420,358.59,450.00,2535,10251,72,100,40,23694,P2,Not Active,Not Active,Not Active,Not Active
2026/08/10 02:11:21.930,392.80,450.00,2655,10251,64,100,57,23694,P2,Active,Not Active,Not Active,Not Active
2026/08/10 02:11:22.460,360.82,450.00,2520,10251,74,99,100,23694,P2,Not Active,Not Active,Not Active,Not Active
2026/08/10 02:11:22.968,383.38,450.00,2655,10251,64,100,57,23694,P2,Active,Not Active,Not Active,Not Active
2026/08/10 02:11:23.471,365.92,450.00,2535,10251,74,100,100,23694,P2,Not Active,Not Active,Not Active,Not Active
2026/08/10 02:11:23.974,360.30,450.00,2655,10251,65,100,60,23694,P2,Not Active,Not Active,Not Active,Not Active
2026/08/10 02:11:24.477,336.14,450.00,2655,10251,65,99,100,23694,P2,Not Active,Not Active,Not Active,Not Active
2026/08/10 02:11:24.980,347.11,450.00,2655,10251,64,100,35,23694,P2,Active,Not Active,Not Active,Not Active
2026/08/10 02:11:25.485,371.88,450.00,2520,10251,74,100,100,23694,P2,Not Active,Not Active,Not Active,Not Active
2026/08/10 02:11:25.989,349.72,450.00,2655,10251,65,100,100,23694,P2,Not Active,Not Active,Not Active,Not Active
2026/08/10 02:11:26.496,319.12,450.00,2655,10251,65,100,100,23694,P2,Not Active,Not Active,Not Active,Not Active
2026/08/10 02:11:26.999,318.94,450.00,2655,10251,65,100,100,23694,P2,Not Active,Not Active,Not Active,Not Active
2026/08/10 02:11:27.504,345.58,450.00,2655,10251,65,100,50,23694,P2,Not Active,Not Active,Not Active,Not Active
2026/08/10 02:11:28.008,340.19,450.00,2655,10251,66,99,100,23694,P2,Not Active,Not Active,Not Active,Not Active
2026/08/10 02:11:28.511,313.07,450.00,2655,10251,65,100,100,23694,P2,Not Active,Not Active,Not Active,Not Active
2026/08/10 02:11:29.019,311.64,450.00,2655,10251,64,100,100,23694,P2,Active,Not Active,Not Active,Not Active
2026/08/10 02:11:29.536,328.21,450.00,2655,10251,65,100,100,23694,P2,Not Active,Not Active,Not Active,Not Active
2026/08/10 02:11:30.039,361.01,450.00,2655,10251,65,100,82,23694,P2,Not Active,Not Active,Not Active,Not Active
2026/08/10 02:11:30.544,332.77,450.00,2655,10251,64,100,100,23694,P2,Not Active,Not Active,Not Active,Not Active
2026/08/10 02:11:31.047,300.28,450.00,2655,10251,64,99,100,23694,P2,Not Active,Not Active,Not Active,Not Active
2026/08/10 02:11:31.550,360.77,450.00,2655,10251,67,100,36,23694,P2,Not Active,Not Active,Not Active,Not Active
2026/08/10 02:11:32.059,365.15,450.00,2655,10251,65,100,100,23694,P2,Not Active,Not Active,Not Active,Not Active
2026/08/10 02:11:32.565,306.33,450.00,2655,10251,65,99,100,23694,P2,Not Active,Not Active,Not Active,Not Active
2026/08/10 02:11:33.068,317.44,450.00,2535,10251,72,100,74,23694,P2,Active,Not Active,Not Active,Not Active
2026/08/10 02:11:33.600,331.92,450.00,2655,10251,65,100,100,23694,P2,Not Active,Not Active,Not Active,Not Active
2026/08/10 02:11:34.105,335.12,450.00,2655,10251,65,100,100,23694,P2,Not Active,Not Active,Not Active,Not Active
2026/08/10 02:11:34.608,304.75,450.00,2655,10251,65,100,100,23694,P2,Not Active,Not Active,Not Active,Not Active
2026/08/10 02:11:35.112,300.32,450.00,2655,10251,64,100,100,23694,P2,Not Active,Not Active,Not Active,Not Active
2026/08/10 02:11:35.615,298.31,450.00,2655,10251,65,100,100,23694,P2,Not Active,Not Active,Not Active,Not Active
2026/08/10 02:11:36.119,299.55,450.00,2655,10251,64,100,100,23674,P2,Not Active,Not Active,Not Active,Not Active
2026/08/10 02:11:36.624,311.15,450.00,2655,10251,66,100,100,23694,P2,Not Active,Not Active,Not Active,Not Active
2026/08/10 02:11:37.127,322.87,450.00,2655,10251,66,100,100,23694,P2,Not Active,Not Active,Not Active,Not Active
2026/08/10 02:11:37.630,319.11,450.00,2655,10251,66,100,100,23694,P2,Not Active,Not Active,Not Active,Not Active
2026/08/10 02:11:38.134,210.05,450.00,2670,10251,59,2,0,23674,P2,Not Active,Not Active,Not Active,Not Active
2026/08/10 02:11:38.640,175.18,450.00,2520,10251,73,61,18,23694,P2,Not Active,Not Active,Not Active,Not Active
2026/08/10 02:11:39.190,292.27,450.00,2655,10251,66,99,100,23694,P2,Active,Not Active,Not Active,Not Active
2026/08/10 02:11:39.693,341.90,450.00,2655,10251,65,100,100,23694,P2,Not Active,Not Active,Not Active,Not Active
2026/08/10 02:11:40.196,327.58,450.00,2655,10251,64,100,100,23694,P2,Not Active,Not Active,Not Active,Not Active
2026/08/10 02:11:40.701,293.55,450.00,2655,10251,64,100,100,23694,P2,Not Active,Not Active,Not Active,Not Active
2026/08/10 02:11:41.204,294.38,450.00,2655,10251,64,100,100,23694,P2,Not Active,Not Active,Not Active,Not Active
2026/08/10 02:11:41.707,327.15,450.00,2520,10251,74,100,64,23694,P2,Active,Not Active,Not Active,Not Active
2026/08/10 02:11:42.210,359.61,450.00,2655,10251,66,100,100,23694,P2,Not Active,Not Active,Not Active,Not Active
2026/08/10 02:11:42.714,331.80,450.00,2655,10251,65,100,100,23694,P2,Not Active,Not Active,Not Active,Not Active
2026/08/10 02:11:43.219,299.61,450.00,2655,10251,65,100,100,23694,P2,Not Active,Not Active,Not Active,Not Active
2026/08/10 02:11:43.722,299.62,450.00,2655,10251,65,100,100,23694,P2,Not Active,Not Active,Not Active,Not Active
2026/08/10 02:11:44.226,299.20,450.00,2655,10251,65,100,100,23694,P2,Not Active,Not Active,Not Active,Not Active
2026/08/10 02:11:44.728,328.08,450.00,2655,10251,66,99,100,23694,P2,Not Active,Not Active,Not Active,Not Active
2026/08/10 02:11:45.231,359.27,450.00,2520,10251,75,100,50,23694,P2,Not Active,Not Active,Not Active,Not Active
2026/08/10 02:11:45.785,363.56,450.00,2520,10251,75,100,83,23694,P2,Not Active,Not Active,Not Active,Not Active
2026/08/10 02:11:46.288,335.72,450.00,2655,10251,66,99,100,23694,P2,Not Active,Not Active,Not Active,Not Active
2026/08/10 02:11:46.810,306.50,450.00,2655,10251,65,99,100,23694,P2,Not Active,Not Active,Not Active,Not Active
2026/08/10 02:11:47.313,325.73,450.00,2655,10251,65,100,54,23694,P2,Active,Not Active,Not Active,Not Active
2026/08/10 02:11:47.822,361.92,450.00,2505,10251,75,100,83,23694,P2,Not Active,Not Active,Not Active,Not Active
2026/08/10 02:11:48.325,358.95,450.00,2655,10251,66,100,100,23694,P2,Not Active,Not Active,Not Active,Not Active
2026/08/10 02:11:48.828,307.90,450.00,2655,10251,65,100,100,23694,P2,Not Active,Not Active,Not Active,Not Active
2026/08/10 02:11:49.331,307.74,450.00,2655,10251,65,100,100,23694,P2,Not Active,Not Active,Not Active,Not Active
2026/08/10 02:11:49.836,305.62,450.00,2655,10251,65,100,100,23694,P2,Not Active,Not Active,Not Active,Not Active
2026/08/10 02:11:50.339,301.53,450.00,2655,10251,65,99,100,23694,P2,Not Active,Not Active,Not Active,Not Active
2026/08/10 02:11:50.841,298.52,450.00,2655,10251,65,100,100,23695,P2,Active,Not Active,Not Active,Not Active
2026/08/10 02:11:51.374,360.56,450.00,2520,10251,75,100,80,23695,P2,Not Active,Not Active,Not Active,Not Active
2026/08/10 02:11:51.922,361.18,450.00,2655,10251,66,100,100,23695,P2,Not Active,Not Active,Not Active,Not Active
2026/08/10 02:11:52.425,299.48,450.00,2655,10251,65,100,100,23674,P2,Not Active,Not Active,Not Active,Not Active
2026/08/10 02:11:52.928,297.02,450.00,2655,10251,65,99,100,23695,P2,Not Active,Not Active,Not Active,Not Active
2026/08/10 02:11:53.431,325.59,450.00,2655,10251,65,100,33,23695,P2,Not Active,Not Active,Not Active,Not Active
2026/08/10 02:11:53.936,353.76,450.00,2655,10251,66,100,45,23695,P2,Not Active,Not Active,Not Active,Not Active
2026/08/10 02:11:54.439,330.43,450.00,2655,10251,67,100,100,23695,P2,Not Active,Not Active,Not Active,Not Active
2026/08/10 02:11:54.942,320.19,450.00,2655,10251,65,100,100,23695,P2,Not Active,Not Active,Not Active,Not Active
2026/08/10 02:11:55.445,297.90,450.00,2655,10251,65,100,100,23695,P2,Not Active,Not Active,Not Active,Not Active
2026/08/10 02:11:55.949,297.85,450.00,2655,10251,65,100,100,23695,P2,Not Active,Not Active,Not Active,Not Active
2026/08/10 02:11:56.453,308.83,450.00,2655,10251,65,100,82,23695,P2,Active,Not Active,Not Active,Not Active
2026/08/10 02:11:56.971,328.43,450.00,2520,10251,75,100,100,23699,P2,Not Active,Not Active,Not Active,Not Active
2026/08/10 02:11:57.478,330.68,450.00,2655,10251,65,100,100,23699,P2,Not Active,Not Active,Not Active,Not Active
2026/08/10 02:11:57.981,298.43,450.00,2655,10251,65,99,100,23699,P2,Not Active,Not Active,Not Active,Not Active
2026/08/10 02:11:58.484,295.57,450.00,2655,10251,65,100,100,23699,P2,Not Active,Not Active,Not Active,Not Active
2026/08/10 02:11:58.987,306.10,450.00,2655,10251,65,100,100,23699,P2,Not Active,Not Active,Not Active,Not Active
2026/08/10 02:11:59.492,318.83,450.00,2655,10251,66,100,100,23699,P2,Not Active,Not Active,Not Active,Not Active
2026/08/10 02:11:59.996,322.61,450.00,2655,10251,66,100,100,23699,P2,Not Active,Not Active,Not Active,Not Active
2026/08/10 02:12:00.499,322.63,450.00,2655,10251,66,99,100,23695,P2,Not Active,Not Active,Not Active,Not Active
2026/08/10 02:12:01.002,318.06,450.00,2655,10251,66,100,100,23695,P2,Not Active,Not Active,Not Active,Not Active
2026/08/10 02:12:01.509,210.55,450.00,2655,10251,62,3,0,23695,P2,Not Active,Not Active,Not Active,Not Active
2026/08/10 02:12:02.014,102.57,450.00,2670,10251,60,3,0,23695,P2,Not Active,Not Active,Not Active,Not Active
2026/08/10 02:12:02.519,85.09,450.00,2670,10251,59,3,0,23695,P2,Not Active,Not Active,Not Active,Not Active
2026/08/10 02:12:03.027,76.86,450.00,2670,10251,59,4,0,23695,P2,Not Active,Not Active,Not Active,Not Active
2026/08/10 02:12:03.606,159.04,450.00,2655,10251,65,100,58,23695,P2,Not Active,Not Active,Not Active,Not Active
2026/08/10 02:12:04.111,294.84,450.00,2655,10251,65,100,100,23695,P2,Not Active,Not Active,Not Active,Not Active
2026/08/10 02:12:04.616,327.13,450.00,2655,10251,64,100,100,23695,P2,Not Active,Not Active,Not Active,Not Active
2026/08/10 02:12:05.119,291.72,450.00,2655,10251,64,100,100,23695,P2,Not Active,Not Active,Not Active,Not Active
2026/08/10 02:12:05.622,325.07,450.00,2535,10251,74,100,71,23695,P2,Not Active,Not Active,Not Active,Not Active
2026/08/10 02:12:06.129,327.40,450.00,2655,10251,65,100,100,23695,P2,Not Active,Not Active,Not Active,Not Active
2026/08/10 02:12:06.634,312.84,450.00,2655,10251,65,100,100,23695,P2,Not Active,Not Active,Not Active,Not Active
2026/08/10 02:12:07.137,296.89,450.00,2655,10251,65,99,100,23695,P2,Not Active,Not Active,Not Active,Not Active
2026/08/10 02:12:07.640,329.48,450.00,2655,10251,66,100,59,23695,P2,Not Active,Not Active,Not Active,Not Active
2026/08/10 02:12:08.144,329.49,450.00,2655,10251,65,99,100,23695,P2,Not Active,Not Active,Not Active,Not Active
2026/08/10 02:12:08.648,296.55,450.00,2655,10251,65,99,100,23695,P2,Not Active,Not Active,Not Active,Not Active
2026/08/10 02:12:09.153,327.32,450.00,2550,10251,74,100,55,23695,P2,Not Active,Not Active,Not Active,Not Active
2026/08/10 02:12:09.707,358.57,450.00,2520,10251,73,100,42,23695,P2,Not Active,Not Active,Not Active,Not Active
2026/08/10 02:12:10.258,328.56,450.00,2655,10251,65,100,100,23695,P2,Not Active,Not Active,Not Active,Not Active
2026/08/10 02:12:10.761,297.91,450.00,2655,10251,65,100,100,23695,P2,Not Active,Not Active,Not Active,Not Active
2026/08/10 02:12:11.265,298.89,450.00,2655,10251,65,100,100,23695,P2,Not Active,Not Active,Not Active,Not Active
2026/08/10 02:12:11.769,299.76,450.00,2655,10251,65,100,100,23695,P2,Not Active,Not Active,Not Active,Not Active
2026/08/10 02:12:12.273,299.64,450.00,2655,10251,65,100,100,23695,P2,Not Active,Not Active,Not Active,Not Active
2026/08/10 02:12:12.776,297.48,450.00,2655,10251,65,100,100,23695,P2,Not Active,Not Active,Not Active,Not Active
2026/08/10 02:12:13.279,295.32,450.00,2655,10251,65,99,100,23695,P2,Not Active,Not Active,Not Active,Not Active
2026/08/10 02:12:13.782,296.59,450.00,2655,10251,65,100,100,23695,P2,Not Active,Not Active,Not Active,Not Active
2026/08/10 02:12:14.287,257.30,450.00,2655,10251,66,2,0,23695,P2,Not Active,Not Active,Not Active,Not Active
2026/08/10 02:12:14.793,162.15,450.00,2670,10251,60,3,0,23695,P2,Not Active,Not Active,Not Active,Not Active
2026/08/10 02:12:15.296,85.34,450.00,2670,10251,59,2,0,23695,P2,Not Active,Not Active,Not Active,Not Active
2026/08/10 02:12:15.799,136.28,450.00,2670,10251,59,26,7,23695,P2,Active,Not Active,Not Active,Not Active
2026/08/10 02:12:16.302,250.00,450.00,2655,10251,66,100,100,23695,P2,Not Active,Not Active,Not Active,Not Active
2026/08/10 02:12:16.807,342.03,450.00,2655,10251,66,100,100,23695,P2,Not Active,Not Active,Not Active,Not Active
2026/08/10 02:12:17.311,347.01,450.00,2550,10251,74,100,100,23695,P2,Not Active,Not Active,Not Active,Not Active
2026/08/10 02:12:17.814,331.09,450.00,2655,10251,64,100,100,23695,P2,Not Active,Not Active,Not Active,Not Active
2026/08/10 02:12:18.317,294.10,450.00,2655,10251,64,100,100,23695,P2,Not Active,Not Active,Not Active,Not Active
2026/08/10 02:12:18.821,294.23,450.00,2655,10251,64,100,100,23695,P2,Not Active,Not Active,Not Active,Not Active
2026/08/10 02:12:19.326,294.14,450.00,2655,10251,64,100,100,23695,P2,Not Active,Not Active,Not Active,Not Active
2026/08/10 02:12:19.830,293.84,450.00,2655,10251,64,100,100,23695,P2,Not Active,Not Active,Not Active,Not Active
2026/08/10 02:12:20.334,293.10,450.00,2655,10251,64,100,100,23695,P2,Not Active,Not Active,Not Active,Not Active
2026/08/10 02:12:20.837,322.95,450.00,2655,10251,66,100,100,23695,P2,Not Active,Not Active,Not Active,Not Active
2026/08/10 02:12:21.394,335.49,450.00,2655,10251,65,100,100,23695,P2,Not Active,Not Active,Not Active,Not Active
2026/08/10 02:12:21.898,314.43,450.00,2655,10251,65,99,100,23695,P2,Not Active,Not Active,Not Active,Not Active
2026/08/10 02:12:22.401,316.37,450.00,2655,10251,66,99,100,23695,P2,Not Active,Not Active,Not Active,Not Active
2026/08/10 02:12:22.905,324.05,450.00,2655,10251,66,100,100,23695,P2,Not Active,Not Active,Not Active,Not Active
2026/08/10 02:12:23.409,347.97,450.00,2655,10251,66,100,40,23695,P2,Not Active,Not Active,Not Active,Not Active
2026/08/10 02:12:23.912,344.83,450.00,2655,10251,65,100,86,23699,P2,Active,Not Active,Not Active,Not Active
2026/08/10 02:12:24.415,327.55,450.00,2655,10251,71,99,100,23699,P2,Not Active,Not Active,Not Active,Not Active
2026/08/10 02:12:24.920,326.73,450.00,2655,10251,65,99,100,23699,P2,Not Active,Not Active,Not Active,Not Active
2026/08/10 02:12:25.425,296.18,450.00,2655,10251,65,99,100,23724,P2,Not Active,Not Active,Not Active,Not Active
2026/08/10 02:12:25.928,295.23,450.00,2655,10251,65,100,100,23728,P2,Not Active,Not Active,Not Active,Not Active
2026/08/10 02:12:26.431,292.78,450.00,2655,10251,65,100,100,23729,P2,Not Active,Not Active,Not Active,Not Active
2026/08/10 02:12:26.935,292.05,450.00,2655,10251,65,100,100,23729,P2,Not Active,Not Active,Not Active,Not Active
2026/08/10 02:12:27.439,316.63,450.00,2655,10251,65,100,51,23737,P2,Not Active,Not Active,Not Active,Not Active
2026/08/10 02:12:27.972,326.55,450.00,2655,10251,66,99,100,23737,P2,Not Active,Not Active,Not Active,Not Active
2026/08/10 02:12:28.475,334.93,450.00,2655,10251,65,100,42,23739,P2,Not Active,Not Active,Not Active,Not Active
2026/08/10 02:12:29.019,328.35,450.00,2655,10251,67,99,100,23740,P2,Not Active,Not Active,Not Active,Not Active
2026/08/10 02:12:29.526,307.76,450.00,2655,10251,65,99,100,23740,P2,Not Active,Not Active,Not Active,Not Active
2026/08/10 02:12:30.030,294.94,450.00,2655,10251,65,99,100,23740,P2,Not Active,Not Active,Not Active,Not Active
2026/08/10 02:12:30.532,294.71,450.00,2655,10251,65,100,100,23735,P2,Not Active,Not Active,Not Active,Not Active
2026/08/10 02:12:31.036,295.81,450.00,2655,10251,65,100,100,23729,P2,Not Active,Not Active,Not Active,Not Active
2026/08/10 02:12:31.539,296.57,450.00,2655,10251,65,100,100,23726,P2,Not Active,Not Active,Not Active,Not Active
2026/08/10 02:12:32.046,299.76,450.00,2655,10251,66,100,100,23730,P2,Not Active,Not Active,Not Active,Not Active
2026/08/10 02:12:32.548,312.21,450.00,2655,10251,66,99,100,23726,P2,Not Active,Not Active,Not Active,Not Active
2026/08/10 02:12:33.051,347.42,450.00,2655,10251,67,99,100,23726,P2,Not Active,Not Active,Not Active,Not Active
2026/08/10 02:12:33.554,347.22,450.00,2655,10251,66,99,100,23725,P2,Not Active,Not Active,Not Active,Not Active
2026/08/10 02:12:34.057,324.34,450.00,2655,10251,66,99,100,23724,P2,Not Active,Not Active,Not Active,Not Active
2026/08/10 02:12:34.565,350.29,450.00,2520,10251,75,100,60,23720,P2,Not Active,Not Active,Not Active,Not Active
2026/08/10 02:12:35.097,337.09,450.00,2655,10251,65,100,100,23720,P2,Not Active,Not Active,Not Active,Not Active
2026/08/10 02:12:35.602,303.57,450.00,2655,10251,65,100,100,23720,P2,Not Active,Not Active,Not Active,Not Active
2026/08/10 02:12:36.105,294.10,450.00,2655,10251,65,99,100,23729,P2,Not Active,Not Active,Not Active,Not Active
2026/08/10 02:12:36.608,294.21,450.00,2655,10251,65,100,100,23734,P2,Not Active,Not Active,Not Active,Not Active
2026/08/10 02:12:37.111,294.13,450.00,2655,10251,65,99,100,23746,P2,Not Active,Not Active,Not Active,Not Active
2026/08/10 02:12:37.614,302.11,450.00,2655,10251,66,100,100,23746,P2,Not Active,Not Active,Not Active,Not Active
2026/08/10 02:12:38.117,315.73,450.00,2655,10251,66,99,100,23747,P2,Not Active,Not Active,Not Active,Not Active
2026/08/10 02:12:38.624,324.39,450.00,2655,10251,67,100,100,23747,P2,Not Active,Not Active,Not Active,Not Active
2026/08/10 02:12:39.127,347.58,450.00,2655,10251,66,100,100,23747,P2,Not Active,Not Active,Not Active,Not Active
2026/08/10 02:12:39.629,347.39,450.00,2655,10251,67,99,100,23748,P2,Not Active,Not Active,Not Active,Not Active
2026/08/10 02:12:40.132,322.15,450.00,2655,10251,67,100,100,23749,P2,Not Active,Not Active,Not Active,Not Active
2026/08/10 02:12:40.635,323.69,450.00,2655,10251,67,99,100,23755,P2,Not Active,Not Active,Not Active,Not Active
2026/08/10 02:12:41.144,338.33,450.00,2655,10251,67,99,100,23756,P2,Active,Not Active,Not Active,Not Active
2026/08/10 02:12:41.674,341.40,450.00,2655,10251,66,100,100,23757,P2,Not Active,Not Active,Not Active,Not Active
2026/08/10 02:12:42.179,328.62,450.00,2655,10251,65,100,100,23758,P2,Not Active,Not Active,Not Active,Not Active
2026/08/10 02:12:42.682,295.61,450.00,2655,10251,65,99,100,23758,P2,Not Active,Not Active,Not Active,Not Active
2026/08/10 02:12:43.185,293.70,450.00,2655,10251,65,99,100,23760,P2,Not Active,Not Active,Not Active,Not Active
2026/08/10 02:12:43.688,301.60,450.00,2655,10251,66,100,100,23754,P2,Not Active,Not Active,Not Active,Not Active
2026/08/10 02:12:44.193,335.81,450.00,2655,10251,67,100,100,23757,P2,Not Active,Not Active,Not Active,Not Active
2026/08/10 02:12:44.698,330.38,450.00,2655,10251,65,99,100,23753,P2,Not Active,Not Active,Not Active,Not Active
2026/08/10 02:12:45.202,303.10,450.00,2655,10251,65,100,100,23753,P2,Active,Not Active,Not Active,Not Active
2026/08/10 02:12:45.705,328.14,450.00,2655,10251,66,100,100,23743,P2,Not Active,Not Active,Not Active,Not Active
2026/08/10 02:12:46.208,330.65,450.00,2655,10251,66,100,100,23743,P2,Not Active,Not Active,Not Active,Not Active
2026/08/10 02:12:46.711,296.70,450.00,2655,10251,65,100,100,23727,P2,Not Active,Not Active,Not Active,Not Active
2026/08/10 02:12:47.215,294.29,450.00,2655,10251,65,99,100,23733,P2,Not Active,Not Active,Not Active,Not Active
2026/08/10 02:12:47.721,293.78,450.00,2655,10251,65,99,100,23732,P2,Not Active,Not Active,Not Active,Not Active
2026/08/10 02:12:48.224,293.62,450.00,2655,10251,65,99,100,23752,P2,Not Active,Not Active,Not Active,Not Active
2026/08/10 02:12:48.727,298.95,450.00,2655,10251,66,100,100,23729,P2,Not Active,Not Active,Not Active,Not Active
2026/08/10 02:12:49.231,315.33,450.00,2655,10251,67,99,100,23732,P2,Not Active,Not Active,Not Active,Not Active
2026/08/10 02:12:49.735,305.06,450.00,2655,10251,67,99,100,23752,P2,Not Active,Not Active,Not Active,Not Active
2026/08/10 02:12:50.240,197.28,450.00,2670,10251,61,3,0,23732,P2,Not Active,Not Active,Not Active,Not Active
2026/08/10 02:12:50.746,89.14,450.00,2670,10251,60,2,0,23732,P2,Not Active,Not Active,Not Active,Not Active
2026/08/10 02:12:51.249,85.52,450.00,2670,10251,59,1,0,23751,P2,Not Active,Not Active,Not Active,Not Active
2026/08/10 02:12:51.753,154.88,450.00,1395,10251,66,100,17,23745,P2,Not Active,Not Active,Not Active,Not Active
2026/08/10 02:12:52.263,255.27,450.00,2655,10251,66,99,100,23725,P2,Not Active,Not Active,Not Active,Not Active
2026/08/10 02:12:52.766,324.89,450.00,2655,10251,66,100,100,23725,P2,Not Active,Not Active,Not Active,Not Active
2026/08/10 02:12:53.269,322.67,450.00,2655,10251,66,100,100,23725,P2,Not Active,Not Active,Not Active,Not Active
2026/08/10 02:12:53.772,348.88,450.00,2655,10251,66,100,67,23725,P2,Not Active,Not Active,Not Active,Not Active
2026/08/10 02:12:54.277,335.86,450.00,2655,10251,65,100,100,23703,P2,Not Active,Not Active,Not Active,Not Active
2026/08/10 02:12:54.780,314.03,450.00,2655,10251,65,99,100,23703,P2,Active,Not Active,Not Active,Not Active
2026/08/10 02:12:55.283,327.42,450.00,2655,10251,66,100,100,23703,P2,Not Active,Not Active,Not Active,Not Active
2026/08/10 02:12:55.788,329.63,450.00,2655,10251,65,100,100,23703,P2,Not Active,Not Active,Not Active,Not Active
2026/08/10 02:12:56.292,298.53,450.00,2655,10251,65,99,100,23704,P2,Not Active,Not Active,Not Active,Not Active
2026/08/10 02:12:56.796,329.07,450.00,2655,10251,65,100,70,23704,P2,Active,Not Active,Not Active,Not Active
2026/08/10 02:12:57.300,360.11,450.00,2655,10251,70,100,100,23704,P2,Not Active,Not Active,Not Active,Not Active
2026/08/10 02:12:57.802,376.82,450.00,2520,10251,75,99,85,23704,P2,Not Active,Not Active,Not Active,Not Active
2026/08/10 02:12:58.305,334.31,450.00,2655,10251,66,99,100,23704,P2,Not Active,Not Active,Not Active,Not Active
2026/08/10 02:12:58.808,306.87,450.00,2655,10251,66,99,100,23704,P2,Not Active,Not Active,Not Active,Not Active
2026/08/10 02:12:59.315,303.98,450.00,2655,10251,65,99,100,23704,P2,Not Active,Not Active,Not Active,Not Active
2026/08/10 02:12:59.819,330.40,450.00,2535,10251,65,100,52,23704,P2,Not Active,Not Active,Not Active,Not Active
2026/08/10 02:13:00.365,354.95,450.00,2655,10251,66,100,87,23703,P2,Active,Not Active,Not Active,Not Active
2026/08/10 02:13:00.869,333.92,450.00,2655,10251,67,100,100,23729,P2,Not Active,Not Active,Not Active,Not Active
2026/08/10 02:13:01.373,326.69,450.00,2655,10251,66,100,100,23729,P2,Not Active,Not Active,Not Active,Not Active
2026/08/10 02:13:01.877,306.26,450.00,2655,10251,66,100,100,23729,P2,Not Active,Not Active,Not Active,Not Active
2026/08/10 02:13:02.380,333.64,450.00,2655,10251,66,100,75,23729,P2,Not Active,Not Active,Not Active,Not Active
2026/08/10 02:13:02.884,332.12,450.00,2655,10251,67,99,100,23729,P2,Not Active,Not Active,Not Active,Not Active
2026/08/10 02:13:03.388,325.96,450.00,2655,10251,66,100,100,23724,P2,Active,Not Active,Not Active,Not Active
2026/08/10 02:13:03.893,367.67,450.00,2655,10251,73,100,51,23728,P2,Not Active,Not Active,Not Active,Not Active
2026/08/10 02:13:04.420,370.39,450.00,2655,10251,67,99,100,23749,P2,Active,Not Active,Not Active,Not Active
2026/08/10 02:13:04.924,341.48,450.00,2655,10251,75,100,100,23728,P2,Not Active,Not Active,Not Active,Not Active
2026/08/10 02:13:05.428,330.58,450.00,2655,10251,66,100,100,23728,P2,Not Active,Not Active,Not Active,Not Active
2026/08/10 02:13:05.935,303.45,450.00,2655,10251,66,100,100,23728,P2,Not Active,Not Active,Not Active,Not Active
2026/08/10 02:13:06.439,332.41,450.00,2655,10251,66,100,100,23728,P2,Not Active,Not Active,Not Active,Not Active
2026/08/10 02:13:06.943,334.34,450.00,2655,10251,67,100,100,23728,P2,Not Active,Not Active,Not Active,Not Active
2026/08/10 02:13:07.446,306.55,450.00,2655,10251,66,99,100,23728,P2,Not Active,Not Active,Not Active,Not Active
2026/08/10 02:13:07.951,319.68,450.00,2655,10251,66,99,100,23728,P2,Active,Not Active,Not Active,Not Active
2026/08/10 02:13:08.487,333.05,450.00,2535,10251,75,99,100,23728,P2,Not Active,Not Active,Not Active,Not Active
2026/08/10 02:13:08.995,333.65,450.00,2655,10251,66,100,100,23728,P2,Not Active,Not Active,Not Active,Not Active
2026/08/10 02:13:09.498,300.29,450.00,2655,10251,66,100,100,23728,P2,Not Active,Not Active,Not Active,Not Active
2026/08/10 02:13:10.001,327.67,450.00,2655,10251,66,100,58,23728,P2,Not Active,Not Active,Not Active,Not Active
2026/08/10 02:13:10.506,328.84,450.00,2655,10251,66,100,100,23724,P2,Not Active,Not Active,Not Active,Not Active
2026/08/10 02:13:11.012,299.33,450.00,2655,10251,66,100,100,23724,P2,Not Active,Not Active,Not Active,Not Active
2026/08/10 02:13:11.515,297.44,450.00,2655,10251,66,100,100,23724,P2,Not Active,Not Active,Not Active,Not Active
2026/08/10 02:13:12.018,326.33,450.00,2655,10251,66,100,60,23727,P2,Not Active,Not Active,Not Active,Not Active
2026/08/10 02:13:12.542,328.19,450.00,2655,10251,66,99,100,23750,P2,Not Active,Not Active,Not Active,Not Active
2026/08/10 02:13:13.045,298.13,450.00,2655,10251,66,99,100,23754,P2,Not Active,Not Active,Not Active,Not Active
2026/08/10 02:13:13.550,297.13,450.00,2655,10251,66,99,100,23754,P2,Not Active,Not Active,Not Active,Not Active
2026/08/10 02:13:14.053,325.83,450.00,2505,10251,75,100,39,23754,P2,Active,Not Active,Not Active,Not Active
2026/08/10 02:13:14.557,329.27,450.00,2655,10251,66,99,100,23732,P2,Not Active,Not Active,Not Active,Not Active
2026/08/10 02:13:15.061,321.39,450.00,2610,10251,66,100,94,23732,P2,Active,Not Active,Not Active,Not Active
2026/08/10 02:13:15.565,326.20,450.00,2655,10251,66,99,100,23732,P2,Not Active,Not Active,Not Active,Not Active
2026/08/10 02:13:16.070,329.61,450.00,2655,10251,66,100,100,23732,P2,Not Active,Not Active,Not Active,Not Active
2026/08/10 02:13:16.574,302.07,450.00,2655,10251,66,100,100,23727,P2,Not Active,Not Active,Not Active,Not Active
2026/08/10 02:13:17.078,299.74,450.00,2655,10251,66,100,100,23727,P2,Not Active,Not Active,Not Active,Not Active
2026/08/10 02:13:17.583,296.93,450.00,2655,10251,66,100,100,23727,P2,Not Active,Not Active,Not Active,Not Active
2026/08/10 02:13:18.087,296.27,450.00,2655,10251,66,100,100,23727,P2,Not Active,Not Active,Not Active,Not Active
2026/08/10 02:13:18.591,296.29,450.00,2655,10251,66,100,100,23726,P2,Not Active,Not Active,Not Active,Not Active
2026/08/10 02:13:19.095,308.26,450.00,2655,10251,67,100,100,23726,P2,Not Active,Not Active,Not Active,Not Active
2026/08/10 02:13:19.599,318.87,450.00,2655,10251,67,99,100,23726,P2,Not Active,Not Active,Not Active,Not Active
2026/08/10 02:13:20.104,335.58,450.00,2655,10251,68,100,100,23726,P2,Not Active,Not Active,Not Active,Not Active
2026/08/10 02:13:20.612,335.20,450.00,2655,10251,67,99,100,23726,P2,Active,Not Active,Not Active,Not Active
2026/08/10 02:13:21.141,340.64,450.00,2655,10251,66,100,100,23726,P2,Not Active,Not Active,Not Active,Not Active
2026/08/10 02:13:21.647,327.37,450.00,2655,10251,66,100,100,23726,P2,Not Active,Not Active,Not Active,Not Active
2026/08/10 02:13:22.150,329.23,450.00,2655,10251,67,100,88,23726,P2,Not Active,Not Active,Not Active,Not Active
2026/08/10 02:13:22.653,331.17,450.00,2655,10251,66,100,100,23726,P2,Not Active,Not Active,Not Active,Not Active
2026/08/10 02:13:23.157,300.68,450.00,2655,10251,66,99,100,23726,P2,Not Active,Not Active,Not Active,Not Active
2026/08/10 02:13:23.660,300.75,450.00,2655,10251,66,100,100,23726,P2,Not Active,Not Active,Not Active,Not Active
2026/08/10 02:13:24.166,300.77,450.00,2655,10251,66,100,100,23726,P2,Not Active,Not Active,Not Active,Not Active
2026/08/10 02:13:24.669,299.59,450.00,2655,10251,66,100,100,23726,P2,Not Active,Not Active,Not Active,Not Active
2026/08/10 02:13:25.174,296.46,450.00,2655,10251,66,100,100,23726,P2,Not Active,Not Active,Not Active,Not Active
2026/08/10 02:13:25.679,303.95,450.00,2655,10251,67,100,100,23726,P2,Not Active,Not Active,Not Active,Not Active
2026/08/10 02:13:26.183,318.43,450.00,2655,10251,67,99,100,23726,P2,Not Active,Not Active,Not Active,Not Active
2026/08/10 02:13:26.689,350.59,450.00,2655,10251,69,100,100,23726,P2,Not Active,Not Active,Not Active,Not Active
2026/08/10 02:13:27.192,350.97,450.00,2655,10251,67,99,100,23726,P2,Not Active,Not Active,Not Active,Not Active
2026/08/10 02:13:27.695,325.84,450.00,2655,10251,67,99,100,23726,P2,Not Active,Not Active,Not Active,Not Active
2026/08/10 02:13:28.198,325.80,450.00,2655,10251,67,100,100,23726,P2,Not Active,Not Active,Not Active,Not Active
2026/08/10 02:13:28.701,326.09,450.00,2655,10251,67,100,100,23726,P2,Not Active,Not Active,Not Active,Not Active
2026/08/10 02:13:29.207,326.33,450.00,2655,10251,67,99,100,23726,P2,Not Active,Not Active,Not Active,Not Active
2026/08/10 02:13:29.710,336.87,450.00,2655,10251,67,100,78,23726,P2,Active,Not Active,Not Active,Not Active
2026/08/10 02:13:30.213,341.25,450.00,2655,10251,67,100,100,23726,P2,Not Active,Not Active,Not Active,Not Active
2026/08/10 02:13:30.717,327.98,450.00,2655,10251,66,100,100,23726,P2,Not Active,Not Active,Not Active,Not Active
2026/08/10 02:13:31.221,306.26,450.00,2655,10251,67,100,100,23726,P2,Not Active,Not Active,Not Active,Not Active
2026/08/10 02:13:31.727,319.83,450.00,2655,10251,67,100,100,23726,P2,Not Active,Not Active,Not Active,Not Active
2026/08/10 02:13:32.230,351.76,450.00,2655,10251,67,100,34,23726,P2,Active,Not Active,Not Active,Not Active
2026/08/10 02:13:32.734,370.02,450.00,2655,10251,70,99,100,23726,P2,Not Active,Not Active,Not Active,Not Active
2026/08/10 02:13:33.238,344.84,450.00,2655,10251,67,99,100,23726,P2,Not Active,Not Active,Not Active,Not Active
2026/08/10 02:13:33.742,300.69,450.00,2655,10251,66,100,100,23726,P2,Not Active,Not Active,Not Active,Not Active
2026/08/10 02:13:34.245,300.59,450.00,2655,10251,66,100,100,23726,P2,Not Active,Not Active,Not Active,Not Active
2026/08/10 02:13:34.749,298.92,450.00,2655,10251,66,100,100,23726,P2,Not Active,Not Active,Not Active,Not Active
2026/08/10 02:13:35.253,296.42,450.00,2655,10251,66,99,100,23726,P2,Not Active,Not Active,Not Active,Not Active
2026/08/10 02:13:35.756,294.90,450.00,2655,10251,66,100,100,23726,P2,Not Active,Not Active,Not Active,Not Active
2026/08/10 02:13:36.259,295.82,450.00,2655,10251,66,100,100,23726,P2,Not Active,Not Active,Not Active,Not Active
2026/08/10 02:13:36.765,296.24,450.00,2655,10251,66,100,100,23736,P2,Not Active,Not Active,Not Active,Not Active
2026/08/10 02:13:37.268,216.83,450.00,2655,10251,61,2,0,23736,P2,Not Active,Not Active,Not Active,Not Active
2026/08/10 02:13:37.773,233.97,450.00,2520,10251,74,100,75,23736,P2,Not Active,Not Active,Not Active,Not Active
2026/08/10 02:13:38.276,308.00,450.00,2655,10251,67,100,100,23736,P2,Not Active,Not Active,Not Active,Not Active
2026/08/10 02:13:38.781,326.32,450.00,2655,10251,67,100,100,23736,P2,Not Active,Not Active,Not Active,Not Active
2026/08/10 02:13:39.285,326.30,450.00,2655,10251,67,100,100,23736,P2,Not Active,Not Active,Not Active,Not Active
2026/08/10 02:13:39.788,325.70,450.00,2655,10251,67,100,100,23736,P2,Not Active,Not Active,Not Active,Not Active
2026/08/10 02:13:40.291,349.71,450.00,2520,10251,75,100,87,23736,P2,Not Active,Not Active,Not Active,Not Active
2026/08/10 02:13:40.794,335.05,450.00,2655,10251,66,100,100,23736,P2,Not Active,Not Active,Not Active,Not Active
2026/08/10 02:13:41.298,296.68,450.00,2655,10251,66,100,100,23736,P2,Not Active,Not Active,Not Active,Not Active
2026/08/10 02:13:41.803,296.72,450.00,2655,10251,66,100,100,23736,P2,Not Active,Not Active,Not Active,Not Active
2026/08/10 02:13:42.306,303.57,450.00,2655,10251,66,100,100,23736,P2,Not Active,Not Active,Not Active,Not Active
2026/08/10 02:13:42.809,317.38,450.00,2655,10251,67,100,100,23736,P2,Not Active,Not Active,Not Active,Not Active
2026/08/10 02:13:43.312,327.02,450.00,2655,10251,67,99,100,23736,P2,Not Active,Not Active,Not Active,Not Active
2026/08/10 02:13:43.815,326.59,450.00,2655,10251,67,99,100,23735,P2,Not Active,Not Active,Not Active,Not Active
2026/08/10 02:13:44.323,326.68,450.00,2655,10251,67,100,100,23735,P2,Not Active,Not Active,Not Active,Not Active
2026/08/10 02:13:44.826,228.65,450.00,2655,10251,62,3,0,23735,P2,Not Active,Not Active,Not Active,Not Active
2026/08/10 02:13:45.333,119.47,450.00,2670,10251,61,2,0,23735,P2,Not Active,Not Active,Not Active,Not Active
2026/08/10 02:13:45.839,86.41,450.00,2670,10251,60,2,0,23735,P2,Not Active,Not Active,Not Active,Not Active
2026/08/10 02:13:46.343,83.44,450.00,2670,10251,60,2,0,23735,P2,Not Active,Not Active,Not Active,Not Active
2026/08/10 02:13:46.909,68.95,450.00,600,10251,58,4,0,23735,P5,Not Active,Not Active,Not Active,Not Active
2026/08/10 02:13:47.498,43.24,450.00,480,810,58,8,3,23735,P5,Not Active,Not Active,Not Active,Not Active
2026/08/10 02:13:48.078,33.12,450.00,360,810,57,10,3,23735,P8,Not Active,Not Active,Not Active,Not Active
2026/08/10 02:13:48.686,28.77,450.00,300,405,57,12,7,23735,P8,Not Active,Not Active,Not Active,Not Active
2026/08/10 02:13:49.304,25.27,450.00,240,405,56,13,6,23735,P8,Not Active,Not Active,Not Active,Not Active
2026/08/10 02:13:49.926,24.91,450.00,210,405,56,22,7,23735,P8,Not Active,Not Active,Not Active,Not Active
2026/08/10 02:13:50.533,24.56,450.00,210,405,56,16,7,23735,P8,Not Active,Not Active,Not Active,Not Active
2026/08/10 02:13:51.145,24.39,450.00,210,405,55,17,7,23735,P8,Not Active,Not Active,Not Active,Not Active
2026/08/10 02:13:51.757,24.41,450.00,210,405,55,16,7,23735,P8,Not Active,Not Active,Not Active,Not Active
2026/08/10 02:13:52.369,24.42,450.00,210,405,55,15,6,23735,P8,Not Active,Not Active,Not Active,Not Active
2026/08/10 02:13:52.995,24.35,450.00,210,405,55,14,6,23735,P8,Not Active,Not Active,Not Active,Not Active
2026/08/10 02:13:53.609,24.08,450.00,210,405,54,12,6,23735,P8,Not Active,Not Active,Not Active,Not Active
2026/08/10 02:13:54.274,176.93,450.00,2655,10251,69,100,37,23735,P2,Not Active,Not Active,Not Active,Not Active
2026/08/10 02:13:54.816,322.02,450.00,2655,10251,62,100,100,23735,P2,Not Active,Not Active,Not Active,Not Active
2026/08/10 02:13:55.367,292.36,450.00,2670,10251,62,100,100,23735,P2,Not Active,Not Active,Not Active,Not Active
2026/08/10 02:13:55.871,291.29,450.00,2670,10251,62,100,100,23735,P2,Not Active,Not Active,Not Active,Not Active
2026/08/10 02:13:56.376,291.86,450.00,2670,10251,62,100,100,23735,P2,Not Active,Not Active,Not Active,Not Active
2026/08/10 02:13:56.879,292.18,450.00,2670,10251,62,100,100,23735,P2,Not Active,Not Active,Not Active,Not Active
2026/08/10 02:13:57.383,292.69,450.00,2670,10251,62,100,100,23735,P2,Not Active,Not Active,Not Active,Not Active
2026/08/10 02:13:57.886,292.80,450.00,2670,10251,62,100,100,23735,P2,Not Active,Not Active,Not Active,Not Active
2026/08/10 02:13:58.389,323.26,450.00,2670,10251,62,100,52,23735,P2,Not Active,Not Active,Not Active,Not Active
2026/08/10 02:13:58.941,357.18,450.00,2535,10251,71,100,100,23735,P2,Not Active,Not Active,Not Active,Not Active
2026/08/10 02:13:59.445,326.89,450.00,2655,10251,63,100,100,23735,P2,Not Active,Not Active,Not Active,Not Active
2026/08/10 02:13:59.948,291.89,450.00,2655,10251,63,99,100,23735,P2,Not Active,Not Active,Not Active,Not Active
2026/08/10 02:14:00.452,298.39,450.00,2655,10251,63,100,93,23735,P2,Active,Not Active,Not Active,Not Active
2026/08/10 02:14:00.970,357.06,450.00,2550,10251,72,100,38,23735,P2,Not Active,Not Active,Not Active,Not Active
2026/08/10 02:14:01.478,359.75,450.00,2655,10251,64,100,100,23735,P2,Not Active,Not Active,Not Active,Not Active
2026/08/10 02:14:01.982,299.56,450.00,2655,10251,63,100,100,23735,P2,Not Active,Not Active,Not Active,Not Active
2026/08/10 02:14:02.485,297.47,450.00,2655,10251,63,100,100,23735,P2,Not Active,Not Active,Not Active,Not Active
2026/08/10 02:14:02.989,297.55,450.00,2655,10251,63,100,100,23735,P2,Not Active,Not Active,Not Active,Not Active
2026/08/10 02:14:03.494,297.60,450.00,2655,10251,63,99,100,23735,P2,Not Active,Not Active,Not Active,Not Active
2026/08/10 02:14:03.998,295.57,450.00,2655,10251,63,100,100,23735,P2,Not Active,Not Active,Not Active,Not Active
2026/08/10 02:14:04.502,293.74,450.00,2655,10251,63,100,100,23735,P2,Active,Not Active,Not Active,Not Active
2026/08/10 02:14:05.005,326.08,450.00,2535,10251,72,99,91,23735,P2,Not Active,Not Active,Not Active,Not Active
2026/08/10 02:14:05.509,329.62,450.00,2655,10251,64,100,100,23735,P2,Not Active,Not Active,Not Active,Not Active
2026/08/10 02:14:06.015,310.57,450.00,2655,10251,65,100,100,23735,P2,Not Active,Not Active,Not Active,Not Active
2026/08/10 02:14:06.518,322.83,450.00,2655,10251,65,100,100,23735,P2,Not Active,Not Active,Not Active,Not Active
2026/08/10 02:14:07.021,323.31,450.00,2655,10251,65,99,100,23735,P2,Not Active,Not Active,Not Active,Not Active
2026/08/10 02:14:07.524,323.24,450.00,2655,10251,65,100,100,23735,P2,Not Active,Not Active,Not Active,Not Active
2026/08/10 02:14:08.028,350.72,450.00,2655,10251,65,100,37,23735,P2,Not Active,Not Active,Not Active,Not Active
2026/08/10 02:14:08.533,337.20,450.00,2655,10251,66,100,100,23735,P2,Not Active,Not Active,Not Active,Not Active
2026/08/10 02:14:09.037,307.00,450.00,2655,10251,64,100,100,23735,P2,Not Active,Not Active,Not Active,Not Active
2026/08/10 02:14:09.541,304.10,450.00,2655,10251,64,99,100,23735,P2,Active,Not Active,Not Active,Not Active
2026/08/10 02:14:10.044,336.56,450.00,2610,10251,72,100,100,23735,P2,Not Active,Not Active,Not Active,Not Active
2026/08/10 02:14:10.548,328.75,450.00,2655,10251,64,100,100,23735,P2,Not Active,Not Active,Not Active,Not Active
2026/08/10 02:14:11.053,361.33,450.00,2655,10251,64,100,41,23735,P2,Not Active,Not Active,Not Active,Not Active
2026/08/10 02:14:11.609,358.64,450.00,2655,10251,64,100,100,23735,P2,Not Active,Not Active,Not Active,Not Active
2026/08/10 02:14:12.115,298.87,450.00,2655,10251,64,100,100,23735,P2,Not Active,Not Active,Not Active,Not Active
2026/08/10 02:14:12.618,299.04,450.00,2655,10251,64,100,100,23735,P2,Not Active,Not Active,Not Active,Not Active
2026/08/10 02:14:13.122,298.92,450.00,2655,10251,64,100,100,23735,P2,Not Active,Not Active,Not Active,Not Active
2026/08/10 02:14:13.625,330.73,450.00,2655,10251,65,100,100,23735,P2,Not Active,Not Active,Not Active,Not Active
2026/08/10 02:14:14.130,331.06,450.00,2655,10251,64,100,100,23735,P2,Not Active,Not Active,Not Active,Not Active
2026/08/10 02:14:14.635,331.10,450.00,2535,10251,74,100,44,23729,P2,Not Active,Not Active,Not Active,Not Active
2026/08/10 02:14:15.165,331.66,450.00,2655,10251,65,100,100,23729,P2,Not Active,Not Active,Not Active,Not Active
2026/08/10 02:14:15.671,308.47,450.00,2655,10251,65,99,100,23729,P2,Not Active,Not Active,Not Active,Not Active
2026/08/10 02:14:16.174,297.47,450.00,2655,10251,64,100,100,23729,P2,Not Active,Not Active,Not Active,Not Active
2026/08/10 02:14:16.677,295.72,450.00,2655,10251,64,100,100,23729,P2,Not Active,Not Active,Not Active,Not Active
2026/08/10 02:14:17.180,317.39,450.00,2505,10251,73,100,99,23729,P2,Active,Not Active,Not Active,Not Active
2026/08/10 02:14:17.683,328.07,450.00,2655,10251,65,100,100,23729,P2,Not Active,Not Active,Not Active,Not Active
2026/08/10 02:14:18.189,326.37,450.00,2655,10251,65,100,100,23729,P2,Not Active,Not Active,Not Active,Not Active
2026/08/10 02:14:18.693,297.79,450.00,2655,10251,64,100,100,23729,P2,Not Active,Not Active,Not Active,Not Active
2026/08/10 02:14:19.196,295.45,450.00,2655,10251,64,100,100,23729,P2,Not Active,Not Active,Not Active,Not Active
2026/08/10 02:14:19.699,307.08,450.00,2655,10251,66,99,100,23729,P2,Not Active,Not Active,Not Active,Not Active
2026/08/10 02:14:20.203,322.42,450.00,2655,10251,66,100,100,23729,P2,Not Active,Not Active,Not Active,Not Active
2026/08/10 02:14:20.712,323.37,450.00,2655,10251,66,100,100,23729,P2,Not Active,Not Active,Not Active,Not Active
2026/08/10 02:14:21.215,342.92,450.00,2655,10251,66,100,54,23729,P2,Active,Not Active,Not Active,Not Active
2026/08/10 02:14:21.719,337.95,450.00,2655,10251,65,100,100,23729,P2,Not Active,Not Active,Not Active,Not Active
2026/08/10 02:14:22.223,332.45,450.00,2655,10251,66,100,100,23729,P2,Not Active,Not Active,Not Active,Not Active
2026/08/10 02:14:22.728,323.42,450.00,2655,10251,66,100,100,23729,P2,Not Active,Not Active,Not Active,Not Active
2026/08/10 02:14:23.231,325.11,450.00,2655,10251,66,100,100,23729,P2,Not Active,Not Active,Not Active,Not Active
2026/08/10 02:14:23.735,325.02,450.00,2655,10251,66,100,100,23729,P2,Not Active,Not Active,Not Active,Not Active
2026/08/10 02:14:24.239,325.33,450.00,2655,10251,66,99,100,23729,P2,Not Active,Not Active,Not Active,Not Active
2026/08/10 02:14:24.742,324.84,450.00,2655,10251,66,99,100,23729,P2,Not Active,Not Active,Not Active,Not Active
2026/08/10 02:14:25.247,323.63,450.00,2655,10251,66,100,100,23729,P2,Not Active,Not Active,Not Active,Not Active
2026/08/10 02:14:25.751,278.33,450.00,2655,10251,63,58,63,23729,P2,Not Active,Not Active,Not Active,Not Active
2026/08/10 02:14:26.259,176.41,450.00,2670,10251,60,2,0,23729,P2,Not Active,Not Active,Not Active,Not Active
2026/08/10 02:14:26.766,85.51,450.00,2670,10251,59,2,0,23729,P2,Not Active,Not Active,Not Active,Not Active
2026/08/10 02:14:27.275,85.30,450.00,2670,10251,59,2,0,23729,P2,Not Active,Not Active,Not Active,Not Active
2026/08/10 02:14:27.780,75.99,450.00,630,10251,58,4,0,23729,P3,Not Active,Not Active,Not Active,Not Active
2026/08/10 02:14:28.360,51.78,450.00,495,5001,57,4,0,23729,P3,Not Active,Not Active,Not Active,Not Active
2026/08/10 02:14:28.940,83.00,450.00,420,5001,57,100,11,23729,P2,Active,Not Active,Not Active,Not Active
2026/08/10 02:14:29.446,218.79,450.00,2655,10251,65,100,100,23729,P2,Not Active,Not Active,Not Active,Not Active
2026/08/10 02:14:29.949,336.03,450.00,2655,10251,65,100,100,23729,P2,Not Active,Not Active,Not Active,Not Active
2026/08/10 02:14:30.453,321.95,450.00,2655,10251,65,100,100,23729,P2,Not Active,Not Active,Not Active,Not Active
2026/08/10 02:14:30.957,322.68,450.00,2655,10251,65,99,100,23729,P2,Not Active,Not Active,Not Active,Not Active
2026/08/10 02:14:31.461,323.44,450.00,2655,10251,65,100,100,23729,P2,Not Active,Not Active,Not Active,Not Active
2026/08/10 02:14:31.966,324.10,450.00,2655,10251,65,100,100,23729,P2,Not Active,Not Active,Not Active,Not Active
2026/08/10 02:14:32.468,324.57,450.00,2655,10251,66,100,100,23729,P2,Not Active,Not Active,Not Active,Not Active
2026/08/10 02:14:32.972,379.08,450.00,2655,10251,71,100,30,23729,P2,Not Active,Not Active,Not Active,Not Active
2026/08/10 02:14:33.515,374.01,450.00,2655,10251,66,100,100,23729,P2,Active,Not Active,Not Active,Not Active
2026/08/10 02:14:34.059,330.42,450.00,2655,10251,65,100,100,23729,P2,Not Active,Not Active,Not Active,Not Active
2026/08/10 02:14:34.566,329.60,450.00,2655,10251,65,100,100,23729,P2,Not Active,Not Active,Not Active,Not Active
2026/08/10 02:14:35.069,298.55,450.00,2655,10251,65,100,100,23729,P2,Not Active,Not Active,Not Active,Not Active
2026/08/10 02:14:35.573,298.09,450.00,2655,10251,64,100,100,23729,P2,Not Active,Not Active,Not Active,Not Active
2026/08/10 02:14:36.076,298.89,450.00,2655,10251,65,100,100,23729,P2,Not Active,Not Active,Not Active,Not Active
2026/08/10 02:14:36.580,330.94,450.00,2655,10251,73,100,64,23729,P2,Active,Not Active,Not Active,Not Active
2026/08/10 02:14:37.085,365.57,450.00,2655,10251,66,99,100,23729,P2,Not Active,Not Active,Not Active,Not Active
2026/08/10 02:14:37.588,337.47,450.00,2655,10251,65,99,100,23729,P2,Not Active,Not Active,Not Active,Not Active
2026/08/10 02:14:38.091,306.15,450.00,2520,10251,72,99,100,23729,P2,Active,Not Active,Not Active,Not Active
2026/08/10 02:14:38.617,370.57,450.00,2655,10251,67,100,92,23729,P2,Active,Not Active,Not Active,Not Active
2026/08/10 02:14:39.177,423.92,450.00,2655,10251,68,100,41,23729,P2,Not Active,Not Active,Not Active,Not Active
2026/08/10 02:14:39.687,365.63,450.00,2655,10251,66,100,100,23729,P2,Not Active,Not Active,Not Active,Not Active
2026/08/10 02:14:40.190,306.09,450.00,2655,10251,65,100,100,23729,P2,Not Active,Not Active,Not Active,Not Active
2026/08/10 02:14:40.694,305.35,450.00,2655,10251,65,100,100,23729,P2,Not Active,Not Active,Not Active,Not Active
2026/08/10 02:14:41.197,306.10,450.00,2655,10251,65,100,100,23729,P2,Not Active,Not Active,Not Active,Not Active
2026/08/10 02:14:41.705,306.11,450.00,2655,10251,65,100,100,23729,P2,Not Active,Not Active,Not Active,Not Active
2026/08/10 02:14:42.208,338.11,450.00,2655,10251,68,100,100,23729,P2,Not Active,Not Active,Not Active,Not Active
2026/08/10 02:14:42.711,368.48,450.00,2640,10251,69,100,66,23729,P2,Not Active,Not Active,Not Active,Not Active
2026/08/10 02:14:43.214,340.14,450.00,2655,10251,66,99,100,23729,P2,Active,Not Active,Not Active,Not Active
2026/08/10 02:14:43.718,337.01,450.00,2655,10251,66,100,100,23729,P2,Not Active,Not Active,Not Active,Not Active
2026/08/10 02:14:44.225,335.75,450.00,2655,10251,66,99,100,23729,P2,Not Active,Not Active,Not Active,Not Active
2026/08/10 02:14:44.728,302.51,450.00,2655,10251,65,99,100,23729,P2,Not Active,Not Active,Not Active,Not Active
2026/08/10 02:14:45.232,299.14,450.00,2655,10251,65,100,100,23729,P2,Not Active,Not Active,Not Active,Not Active
2026/08/10 02:14:45.735,299.59,450.00,2655,10251,65,100,100,23729,P2,Not Active,Not Active,Not Active,Not Active
2026/08/10 02:14:46.240,300.13,450.00,2655,10251,65,100,100,23698,P2,Not Active,Not Active,Not Active,Not Active
2026/08/10 02:14:46.743,300.27,450.00,2655,10251,65,100,100,23700,P2,Not Active,Not Active,Not Active,Not Active
2026/08/10 02:14:47.246,300.88,450.00,2655,10251,65,100,100,23701,P2,Not Active,Not Active,Not Active,Not Active
2026/08/10 02:14:47.751,312.18,450.00,2655,10251,66,100,100,23698,P2,Not Active,Not Active,Not Active,Not Active
2026/08/10 02:14:48.254,230.99,450.00,2670,10251,60,2,0,23698,P2,Not Active,Not Active,Not Active,Not Active
2026/08/10 02:14:48.762,192.41,450.00,2565,10251,70,51,15,23698,P2,Not Active,Not Active,Not Active,Not Active
2026/08/10 02:14:49.265,264.17,450.00,2655,10251,66,100,100,23698,P2,Not Active,Not Active,Not Active,Not Active
2026/08/10 02:14:49.768,336.61,450.00,2655,10251,66,99,100,23698,P2,Not Active,Not Active,Not Active,Not Active
2026/08/10 02:14:50.271,323.64,450.00,2655,10251,66,100,100,23698,P2,Not Active,Not Active,Not Active,Not Active
2026/08/10 02:14:50.775,324.06,450.00,2655,10251,66,100,100,23698,P2,Not Active,Not Active,Not Active,Not Active
2026/08/10 02:14:51.280,351.24,450.00,2520,10251,73,100,33,23698,P2,Active,Not Active,Not Active,Not Active
2026/08/10 02:14:51.784,407.97,450.00,2520,10251,76,100,36,23698,P2,Not Active,Not Active,Not Active,Not Active
2026/08/10 02:14:52.287,375.54,450.00,2655,10251,66,100,100,23698,P2,Not Active,Not Active,Not Active,Not Active
2026/08/10 02:14:52.791,302.47,450.00,2655,10251,65,100,100,23698,P2,Not Active,Not Active,Not Active,Not Active
2026/08/10 02:14:53.294,300.01,450.00,2655,10251,65,100,100,23698,P2,Not Active,Not Active,Not Active,Not Active
2026/08/10 02:14:53.799,331.68,450.00,2520,10251,75,99,100,23698,P2,Not Active,Not Active,Not Active,Not Active
2026/08/10 02:14:54.307,331.70,450.00,2655,10251,65,100,100,23698,P2,Not Active,Not Active,Not Active,Not Active
2026/08/10 02:14:54.810,299.46,450.00,2655,10251,65,100,100,23698,P2,Not Active,Not Active,Not Active,Not Active
2026/08/10 02:14:55.313,322.12,450.00,2655,10251,65,100,88,23698,P2,Active,Not Active,Not Active,Not Active
2026/08/10 02:14:55.818,354.68,450.00,2655,10251,66,100,67,23698,P2,Active,Not Active,Not Active,Not Active
2026/08/10 02:14:56.324,357.22,450.00,2655,10251,67,100,100,23698,P2,Not Active,Not Active,Not Active,Not Active
2026/08/10 02:14:56.828,334.79,450.00,2655,10251,66,100,100,23698,P2,Not Active,Not Active,Not Active,Not Active
2026/08/10 02:14:57.331,302.88,450.00,2655,10251,65,100,100,23698,P2,Not Active,Not Active,Not Active,Not Active
2026/08/10 02:14:57.836,300.60,450.00,2655,10251,65,100,100,23698,P2,Not Active,Not Active,Not Active,Not Active
2026/08/10 02:14:58.340,300.43,450.00,2655,10251,65,100,100,23698,P2,Not Active,Not Active,Not Active,Not Active
2026/08/10 02:14:58.843,298.54,450.00,2655,10251,65,100,100,23698,P2,Not Active,Not Active,Not Active,Not Active
2026/08/10 02:14:59.348,296.79,450.00,2655,10251,65,100,100,23698,P2,Not Active,Not Active,Not Active,Not Active
2026/08/10 02:14:59.851,295.23,450.00,2655,10251,65,100,100,23698,P2,Not Active,Not Active,Not Active,Not Active
2026/08/10 02:15:00.357,300.84,450.00,2655,10251,66,100,100,23698,P2,Not Active,Not Active,Not Active,Not Active
2026/08/10 02:15:00.862,206.31,450.00,2670,10251,60,2,0,23698,P2,Not Active,Not Active,Not Active,Not Active
2026/08/10 02:15:01.366,135.92,450.00,2670,10251,59,2,0,23698,P2,Not Active,Not Active,Not Active,Not Active
2026/08/10 02:15:01.923,260.66,450.00,2655,10251,66,100,100,23698,P2,Not Active,Not Active,Not Active,Not Active
2026/08/10 02:15:02.427,337.58,450.00,2655,10251,66,100,100,23698,P2,Not Active,Not Active,Not Active,Not Active
2026/08/10 02:15:02.930,325.18,450.00,2655,10251,66,100,100,23698,P2,Not Active,Not Active,Not Active,Not Active
2026/08/10 02:15:03.435,349.52,450.00,2655,10251,66,100,51,23698,P2,Not Active,Not Active,Not Active,Not Active
2026/08/10 02:15:03.947,336.44,450.00,2655,10251,65,100,100,23698,P2,Not Active,Not Active,Not Active,Not Active
2026/08/10 02:15:04.450,303.36,450.00,2655,10251,65,100,100,23698,P2,Not Active,Not Active,Not Active,Not Active
2026/08/10 02:15:04.955,324.22,450.00,2655,10251,65,100,79,23698,P2,Not Active,Not Active,Not Active,Not Active
2026/08/10 02:15:05.482,328.45,450.00,2655,10251,66,100,100,23698,P2,Not Active,Not Active,Not Active,Not Active
2026/08/10 02:15:05.985,318.59,450.00,2655,10251,65,100,100,23698,P2,Not Active,Not Active,Not Active,Not Active
2026/08/10 02:15:06.489,298.40,450.00,2655,10251,65,100,100,23698,P2,Not Active,Not Active,Not Active,Not Active
2026/08/10 02:15:06.995,328.79,450.00,2655,10251,70,100,100,23698,P2,Not Active,Not Active,Not Active,Not Active
2026/08/10 02:15:07.503,330.75,450.00,2655,10251,65,100,100,23698,P2,Not Active,Not Active,Not Active,Not Active
2026/08/10 02:15:08.007,300.92,450.00,2655,10251,65,100,100,23698,P2,Not Active,Not Active,Not Active,Not Active
2026/08/10 02:15:08.510,298.77,450.00,2655,10251,65,100,100,23698,P2,Not Active,Not Active,Not Active,Not Active
2026/08/10 02:15:09.015,296.57,450.00,2655,10251,65,100,100,23698,P2,Not Active,Not Active,Not Active,Not Active
2026/08/10 02:15:09.518,327.45,450.00,2655,10251,65,100,35,23698,P2,Not Active,Not Active,Not Active,Not Active
2026/08/10 02:15:10.021,337.09,450.00,2655,10251,66,100,84,23698,P2,Active,Not Active,Not Active,Not Active
2026/08/10 02:15:10.529,327.95,450.00,2565,10251,74,100,100,23698,P2,Not Active,Not Active,Not Active,Not Active
2026/08/10 02:15:11.037,334.46,450.00,2655,10251,65,100,99,23698,P2,Active,Not Active,Not Active,Not Active
2026/08/10 02:15:11.567,336.64,450.00,2505,10251,73,99,100,23698,P2,Active,Not Active,Not Active,Not Active
2026/08/10 02:15:12.073,379.03,450.00,2535,10251,74,100,63,23698,P2,Active,Not Active,Not Active,Not Active
2026/08/10 02:15:12.578,363.53,450.00,2655,10251,66,100,100,23698,P2,Not Active,Not Active,Not Active,Not Active
2026/08/10 02:15:13.081,334.56,450.00,2655,10251,66,100,100,23698,P2,Not Active,Not Active,Not Active,Not Active
2026/08/10 02:15:13.585,307.94,450.00,2655,10251,66,100,100,23698,P2,Not Active,Not Active,Not Active,Not Active
2026/08/10 02:15:14.089,307.55,450.00,2655,10251,65,100,100,23698,P2,Not Active,Not Active,Not Active,Not Active
2026/08/10 02:15:14.593,306.58,450.00,2655,10251,65,100,100,23698,P2,Not Active,Not Active,Not Active,Not Active
2026/08/10 02:15:15.096,302.24,450.00,2655,10251,65,100,100,23698,P2,Not Active,Not Active,Not Active,Not Active
2026/08/10 02:15:15.600,298.91,450.00,2655,10251,65,100,100,23698,P2,Not Active,Not Active,Not Active,Not Active
2026/08/10 02:15:16.103,299.40,450.00,2655,10251,65,100,100,23698,P2,Not Active,Not Active,Not Active,Not Active
2026/08/10 02:15:16.606,285.43,450.00,2655,10251,63,53,58,23698,P2,Not Active,Not Active,Not Active,Not Active
2026/08/10 02:15:17.111,189.46,450.00,2670,10251,60,2,0,23698,P2,Not Active,Not Active,Not Active,Not Active
2026/08/10 02:15:17.618,88.00,450.00,2670,10251,59,1,0,23698,P2,Not Active,Not Active,Not Active,Not Active
2026/08/10 02:15:18.122,192.77,450.00,2655,10251,66,100,64,23698,P2,Not Active,Not Active,Not Active,Not Active
2026/08/10 02:15:18.625,301.10,450.00,2655,10251,66,100,100,23698,P2,Not Active,Not Active,Not Active,Not Active
2026/08/10 02:15:19.131,324.77,450.00,2655,10251,66,100,100,23698,P2,Not Active,Not Active,Not Active,Not Active
2026/08/10 02:15:19.634,324.89,450.00,2655,10251,66,100,100,23698,P2,Not Active,Not Active,Not Active,Not Active
2026/08/10 02:15:20.137,323.73,450.00,2655,10251,66,100,100,23698,P2,Not Active,Not Active,Not Active,Not Active
2026/08/10 02:15:20.645,340.70,450.00,2520,10251,73,100,60,23698,P2,Active,Not Active,Not Active,Not Active
2026/08/10 02:15:21.151,338.64,450.00,2655,10251,65,100,100,23698,P2,Not Active,Not Active,Not Active,Not Active
2026/08/10 02:15:21.654,321.69,450.00,2655,10251,65,100,100,23698,P2,Not Active,Not Active,Not Active,Not Active
2026/08/10 02:15:22.157,326.93,450.00,2535,10251,70,100,45,23698,P2,Not Active,Not Active,Not Active,Not Active
2026/08/10 02:15:22.661,358.99,450.00,2520,10251,75,100,43,23698,P2,Not Active,Not Active,Not Active,Not Active
2026/08/10 02:15:23.194,365.78,450.00,2520,10251,75,100,37,23698,P2,Active,Not Active,Not Active,Not Active
2026/08/10 02:15:23.699,362.71,450.00,2655,10251,66,100,100,23698,P2,Not Active,Not Active,Not Active,Not Active
2026/08/10 02:15:24.202,344.31,450.00,2655,10251,66,100,100,23698,P2,Not Active,Not Active,Not Active,Not Active
2026/08/10 02:15:24.706,336.45,450.00,2655,10251,67,100,90,23698,P2,Not Active,Not Active,Not Active,Not Active
2026/08/10 02:15:25.210,335.03,450.00,2655,10251,66,100,100,23698,P2,Not Active,Not Active,Not Active,Not Active
2026/08/10 02:15:25.714,305.88,450.00,2655,10251,65,100,100,23698,P2,Not Active,Not Active,Not Active,Not Active
2026/08/10 02:15:26.217,306.40,450.00,2655,10251,65,99,100,23698,P2,Not Active,Not Active,Not Active,Not Active
2026/08/10 02:15:26.721,307.18,450.00,2655,10251,65,100,100,23698,P2,Not Active,Not Active,Not Active,Not Active
2026/08/10 02:15:27.226,307.51,450.00,2655,10251,65,100,100,23698,P2,Not Active,Not Active,Not Active,Not Active
2026/08/10 02:15:27.730,304.51,450.00,2655,10251,65,100,100,23698,P2,Not Active,Not Active,Not Active,Not Active
2026/08/10 02:15:28.233,305.03,450.00,2655,10251,66,100,100,23698,P2,Not Active,Not Active,Not Active,Not Active
2026/08/10 02:15:28.738,315.72,450.00,2655,10251,66,99,100,23698,P2,Not Active,Not Active,Not Active,Not Active
2026/08/10 02:15:29.241,256.21,450.00,2670,10251,61,2,0,23698,P2,Not Active,Not Active,Not Active,Not Active
