timestamp,power_w,power_limit_w,clock_sm_mhz,clock_mem_mhz,temp_c,util_gpu_pct,util_mem_pct,mem_used_mib,pstate,throttle_sw_power_cap,throttle_hw_thermal,throttle_sw_thermal,throttle_hw_slowdown
2026/08/10 02:35:07.043,46.94,450.00,480,5001,58,5,0,23695,P3,Not Active,Not Active,Not Active,Not Active
2026/08/10 02:35:07.612,42.65,450.00,375,5001,57,6,1,23695,P3,Not Active,Not Active,Not Active,Not Active
2026/08/10 02:35:08.186,41.74,450.00,330,5001,57,6,1,23695,P3,Not Active,Not Active,Not Active,Not Active
2026/08/10 02:35:08.766,40.73,450.00,255,5001,57,8,1,23695,P5,Not Active,Not Active,Not Active,Not Active
2026/08/10 02:35:09.356,36.48,450.00,210,810,56,12,3,23695,P5,Not Active,Not Active,Not Active,Not Active
2026/08/10 02:35:09.929,33.89,450.00,210,810,56,19,4,23695,P5,Not Active,Not Active,Not Active,Not Active
2026/08/10 02:35:10.510,32.65,450.00,210,810,55,15,3,23695,P8,Not Active,Not Active,Not Active,Not Active
2026/08/10 02:35:11.115,26.97,450.00,210,405,55,18,7,23695,P8,Not Active,Not Active,Not Active,Not Active
2026/08/10 02:35:11.725,23.36,450.00,210,405,55,18,7,23695,P8,Not Active,Not Active,Not Active,Not Active
2026/08/10 02:35:12.325,23.24,450.00,210,405,54,13,7,23695,P8,Not Active,Not Active,Not Active,Not Active
2026/08/10 02:35:12.934,23.26,450.00,210,405,54,17,7,23695,P8,Not Active,Not Active,Not Active,Not Active
2026/08/10 02:35:13.536,23.34,450.00,210,405,54,14,7,23695,P8,Not Active,Not Active,Not Active,Not Active
2026/08/10 02:35:14.152,24.05,450.00,210,405,54,14,6,23695,P8,Not Active,Not Active,Not Active,Not Active
2026/08/10 02:35:14.761,24.44,450.00,210,405,53,22,8,23695,P8,Not Active,Not Active,Not Active,Not Active
2026/08/10 02:35:15.377,23.68,450.00,210,405,53,16,7,23695,P8,Not Active,Not Active,Not Active,Not Active
2026/08/10 02:35:15.974,23.10,450.00,210,405,53,20,7,23695,P8,Not Active,Not Active,Not Active,Not Active
2026/08/10 02:35:16.579,23.78,450.00,210,405,53,17,6,23695,P8,Active,Not Active,Not Active,Not Active
2026/08/10 02:35:17.137,212.41,450.00,2550,10251,67,100,37,23695,P2,Active,Not Active,Not Active,Not Active
2026/08/10 02:35:17.640,419.57,450.00,2535,10251,71,100,30,23695,P2,Active,Not Active,Not Active,Not Active
2026/08/10 02:35:18.143,457.80,450.00,2430,10251,70,100,29,23695,P2,Active,Not Active,Not Active,Not Active
2026/08/10 02:35:18.647,437.86,450.00,2520,10251,65,100,37,23695,P2,Active,Not Active,Not Active,Not Active
2026/08/10 02:35:19.153,447.29,450.00,2535,10251,72,100,30,23695,P2,Active,Not Active,Not Active,Not Active
2026/08/10 02:35:19.655,450.99,450.00,2550,10251,71,100,30,23695,P2,Active,Not Active,Not Active,Not Active
2026/08/10 02:35:20.160,448.17,450.00,2520,10251,73,100,30,23695,P2,Active,Not Active,Not Active,Not Active
2026/08/10 02:35:20.662,449.33,450.00,2445,10251,72,100,30,23695,P2,Active,Not Active,Not Active,Not Active
2026/08/10 02:35:21.167,436.53,450.00,2595,10251,71,100,46,23695,P2,Active,Not Active,Not Active,Not Active
2026/08/10 02:35:21.672,440.50,450.00,2535,10251,73,100,37,23695,P2,Active,Not Active,Not Active,Not Active
2026/08/10 02:35:22.179,446.51,450.00,2520,10251,73,100,30,23695,P2,Active,Not Active,Not Active,Not Active
2026/08/10 02:35:22.682,448.01,450.00,2490,10251,73,100,29,23695,P2,Active,Not Active,Not Active,Not Active
2026/08/10 02:35:23.191,448.53,450.00,2505,10251,73,100,30,23695,P2,Active,Not Active,Not Active,Not Active
2026/08/10 02:35:23.695,449.06,450.00,2490,10251,73,100,30,23695,P2,Active,Not Active,Not Active,Not Active
2026/08/10 02:35:24.198,449.44,450.00,2490,10251,74,100,30,23695,P2,Active,Not Active,Not Active,Not Active
2026/08/10 02:35:24.701,449.65,450.00,2490,10251,74,100,31,23695,P2,Active,Not Active,Not Active,Not Active
2026/08/10 02:35:25.206,449.73,450.00,2490,10251,74,100,31,23695,P2,Active,Not Active,Not Active,Not Active
2026/08/10 02:35:25.711,449.78,450.00,2475,10251,74,100,31,23695,P2,Active,Not Active,Not Active,Not Active
2026/08/10 02:35:26.214,449.60,450.00,2475,10251,74,100,32,23695,P2,Active,Not Active,Not Active,Not Active
2026/08/10 02:35:26.717,449.08,450.00,2460,10251,74,100,33,23695,P2,Active,Not Active,Not Active,Not Active
2026/08/10 02:35:27.220,448.95,450.00,2475,10251,74,100,34,23695,P2,Active,Not Active,Not Active,Not Active
2026/08/10 02:35:27.725,449.69,450.00,2475,10251,74,100,34,23695,P2,Active,Not Active,Not Active,Not Active
2026/08/10 02:35:28.230,448.72,450.00,2475,10251,74,100,38,23695,P2,Active,Not Active,Not Active,Not Active
2026/08/10 02:35:28.733,416.29,450.00,2505,10251,74,100,100,23695,P2,Not Active,Not Active,Not Active,Not Active
2026/08/10 02:35:29.236,373.27,450.00,2655,10251,68,100,100,23695,P2,Not Active,Not Active,Not Active,Not Active
2026/08/10 02:35:29.739,355.98,450.00,2655,10251,67,99,100,23695,P2,Not Active,Not Active,Not Active,Not Active
2026/08/10 02:35:30.244,354.73,450.00,2655,10251,67,100,100,23695,P2,Not Active,Not Active,Not Active,Not Active
2026/08/10 02:35:30.747,354.69,450.00,2655,10251,67,100,100,23695,P2,Not Active,Not Active,Not Active,Not Active
2026/08/10 02:35:31.251,355.56,450.00,2655,10251,67,100,100,23695,P2,Not Active,Not Active,Not Active,Not Active
2026/08/10 02:35:31.755,355.58,450.00,2655,10251,67,100,100,23695,P2,Not Active,Not Active,Not Active,Not Active
2026/08/10 02:35:32.258,356.03,450.00,2655,10251,67,100,100,23695,P2,Not Active,Not Active,Not Active,Not Active
2026/08/10 02:35:32.763,356.16,450.00,2655,10251,67,100,100,23695,P2,Not Active,Not Active,Not Active,Not Active
2026/08/10 02:35:33.268,370.38,450.00,2655,10251,67,100,62,23695,P2,Active,Not Active,Not Active,Not Active
2026/08/10 02:35:33.771,427.46,450.00,2550,10251,74,100,37,23695,P2,Active,Not Active,Not Active,Not Active
2026/08/10 02:35:34.274,457.95,450.00,2490,10251,75,100,35,23695,P2,Active,Not Active,Not Active,Not Active
2026/08/10 02:35:34.777,451.98,450.00,2445,10251,74,100,35,23695,P2,Active,Not Active,Not Active,Not Active
2026/08/10 02:35:35.282,447.53,450.00,2505,10251,75,100,41,23695,P2,Active,Not Active,Not Active,Not Active
2026/08/10 02:35:35.787,450.30,450.00,2475,10251,71,100,46,23695,P2,Active,Not Active,Not Active,Not Active
2026/08/10 02:35:36.291,447.87,450.00,2580,10251,75,100,36,23695,P2,Active,Not Active,Not Active,Not Active
2026/08/10 02:35:36.794,450.78,450.00,2430,10251,74,100,46,23695,P2,Active,Not Active,Not Active,Not Active
2026/08/10 02:35:37.297,448.80,450.00,2505,10251,75,100,36,23695,P2,Active,Not Active,Not Active,Not Active
2026/08/10 02:35:37.802,449.96,450.00,2430,10251,75,100,36,23695,P2,Active,Not Active,Not Active,Not Active
2026/08/10 02:35:38.308,447.88,450.00,2505,10251,76,100,37,23695,P2,Active,Not Active,Not Active,Not Active
2026/08/10 02:35:38.811,444.80,450.00,2490,10251,75,100,64,23695,P2,Active,Not Active,Not Active,Not Active
2026/08/10 02:35:39.336,448.15,450.00,2430,10251,73,100,37,23695,P2,Active,Not Active,Not Active,Not Active
2026/08/10 02:35:39.844,451.35,450.00,2505,10251,76,100,36,23695,P2,Active,Not Active,Not Active,Not Active
2026/08/10 02:35:40.347,447.19,450.00,2430,10251,75,100,36,23695,P2,Active,Not Active,Not Active,Not Active
2026/08/10 02:35:40.851,449.97,450.00,2505,10251,76,100,35,23695,P2,Active,Not Active,Not Active,Not Active
2026/08/10 02:35:41.354,448.05,450.00,2445,10251,75,100,35,23695,P2,Active,Not Active,Not Active,Not Active
2026/08/10 02:35:41.857,449.66,450.00,2490,10251,76,100,35,23695,P2,Active,Not Active,Not Active,Not Active
2026/08/10 02:35:42.363,448.14,450.00,2490,10251,76,100,34,23695,P2,Active,Not Active,Not Active,Not Active
2026/08/10 02:35:42.866,449.62,450.00,2505,10251,76,99,34,23695,P2,Active,Not Active,Not Active,Not Active
2026/08/10 02:35:43.369,448.52,450.00,2460,10251,76,100,33,23695,P2,Active,Not Active,Not Active,Not Active
2026/08/10 02:35:43.873,450.08,450.00,2475,10251,76,100,34,23695,P2,Active,Not Active,Not Active,Not Active
2026/08/10 02:35:44.376,448.79,450.00,2475,10251,76,100,34,23695,P2,Active,Not Active,Not Active,Not Active
2026/08/10 02:35:44.884,450.45,450.00,2490,10251,76,100,34,23695,P2,Active,Not Active,Not Active,Not Active
2026/08/10 02:35:45.387,448.44,450.00,2475,10251,76,100,34,23695,P2,Active,Not Active,Not Active,Not Active
2026/08/10 02:35:45.890,449.91,450.00,2535,10251,76,100,45,23695,P2,Not Active,Not Active,Not Active,Not Active
2026/08/10 02:35:46.395,424.24,450.00,2655,10251,71,100,100,23695,P2,Not Active,Not Active,Not Active,Not Active
2026/08/10 02:35:46.908,384.09,450.00,2655,10251,69,100,100,23698,P2,Not Active,Not Active,Not Active,Not Active
2026/08/10 02:35:47.411,373.81,450.00,2655,10251,69,100,67,23698,P2,Active,Not Active,Not Active,Not Active
2026/08/10 02:35:47.938,386.91,450.00,2655,10251,70,100,100,23695,P2,Not Active,Not Active,Not Active,Not Active
2026/08/10 02:35:48.442,385.70,450.00,2655,10251,69,100,100,23695,P2,Not Active,Not Active,Not Active,Not Active
2026/08/10 02:35:48.946,385.73,450.00,2550,10251,75,100,56,23695,P2,Not Active,Not Active,Not Active,Not Active
2026/08/10 02:35:49.473,384.52,450.00,2655,10251,69,100,100,23695,P2,Not Active,Not Active,Not Active,Not Active
2026/08/10 02:35:49.979,368.06,450.00,2655,10251,69,100,100,23695,P2,Not Active,Not Active,Not Active,Not Active
2026/08/10 02:35:50.482,383.04,450.00,2640,10251,74,100,99,23695,P2,Not Active,Not Active,Not Active,Not Active
2026/08/10 02:35:50.985,383.73,450.00,2655,10251,69,100,100,23695,P2,Not Active,Not Active,Not Active,Not Active
2026/08/10 02:35:51.488,375.79,450.00,2550,10251,69,100,53,23695,P2,Active,Not Active,Not Active,Not Active
2026/08/10 02:35:51.991,399.55,450.00,2655,10251,69,100,100,23695,P2,Active,Not Active,Not Active,Not Active
2026/08/10 02:35:52.496,437.98,450.00,2520,10251,77,100,37,23695,P2,Active,Not Active,Not Active,Not Active
2026/08/10 02:35:53.003,458.31,450.00,2430,10251,75,100,41,23695,P2,Active,Not Active,Not Active,Not Active
2026/08/10 02:35:53.506,449.91,450.00,2535,10251,76,100,47,23695,P2,Active,Not Active,Not Active,Not Active
2026/08/10 02:35:54.009,447.86,450.00,2445,10251,76,100,36,23695,P2,Active,Not Active,Not Active,Not Active
2026/08/10 02:35:54.512,449.57,450.00,2505,10251,75,100,46,23695,P2,Active,Not Active,Not Active,Not Active
2026/08/10 02:35:55.017,447.77,450.00,2445,10251,76,100,35,23695,P2,Active,Not Active,Not Active,Not Active
2026/08/10 02:35:55.520,449.20,450.00,2505,10251,77,100,36,23695,P2,Active,Not Active,Not Active,Not Active
2026/08/10 02:35:56.023,448.14,450.00,2445,10251,76,100,36,23695,P2,Active,Not Active,Not Active,Not Active
2026/08/10 02:35:56.526,446.37,450.00,2535,10251,77,100,61,23695,P2,Active,Not Active,Not Active,Not Active
2026/08/10 02:35:57.029,446.39,450.00,2520,10251,76,100,47,23695,P2,Active,Not Active,Not Active,Not Active
2026/08/10 02:35:57.534,452.43,450.00,2475,10251,76,100,42,23695,P2,Active,Not Active,Not Active,Not Active
2026/08/10 02:35:58.040,448.90,450.00,2460,10251,76,100,36,23695,P2,Active,Not Active,Not Active,Not Active
2026/08/10 02:35:58.543,449.11,450.00,2490,10251,77,100,36,23695,P2,Active,Not Active,Not Active,Not Active
2026/08/10 02:35:59.048,449.86,450.00,2445,10251,76,100,35,23695,P2,Active,Not Active,Not Active,Not Active
2026/08/10 02:35:59.552,448.65,450.00,2460,10251,77,100,35,23695,P2,Active,Not Active,Not Active,Not Active
2026/08/10 02:36:00.057,449.82,450.00,2490,10251,77,100,34,23695,P2,Active,Not Active,Not Active,Not Active
2026/08/10 02:36:00.561,448.48,450.00,2445,10251,77,100,34,23695,P2,Active,Not Active,Not Active,Not Active
2026/08/10 02:36:01.064,449.85,450.00,2490,10251,77,100,34,23695,P2,Active,Not Active,Not Active,Not Active
2026/08/10 02:36:01.568,448.53,450.00,2475,10251,77,100,33,23695,P2,Active,Not Active,Not Active,Not Active
2026/08/10 02:36:02.072,449.70,450.00,2475,10251,77,100,34,23695,P2,Active,Not Active,Not Active,Not Active
2026/08/10 02:36:02.576,449.23,450.00,2475,10251,77,100,34,23695,P2,Active,Not Active,Not Active,Not Active
2026/08/10 02:36:03.080,449.52,450.00,2475,10251,77,100,34,23695,P2,Active,Not Active,Not Active,Not Active
2026/08/10 02:36:03.583,449.47,450.00,2430,10251,77,100,34,23695,P2,Active,Not Active,Not Active,Not Active
2026/08/10 02:36:04.087,448.83,450.00,2475,10251,76,100,35,23695,P2,Active,Not Active,Not Active,Not Active
2026/08/10 02:36:04.590,437.78,450.00,2505,10251,76,100,83,23695,P2,Not Active,Not Active,Not Active,Not Active
2026/08/10 02:36:05.099,395.14,450.00,2655,10251,71,100,100,23695,P2,Not Active,Not Active,Not Active,Not Active
2026/08/10 02:36:05.602,359.73,450.00,2655,10251,70,100,100,23695,P2,Not Active,Not Active,Not Active,Not Active
2026/08/10 02:36:06.105,360.49,450.00,2655,10251,70,100,100,23695,P2,Not Active,Not Active,Not Active,Not Active
2026/08/10 02:36:06.608,360.40,450.00,2655,10251,70,100,100,23695,P2,Not Active,Not Active,Not Active,Not Active
2026/08/10 02:36:07.113,360.34,450.00,2655,10251,70,100,100,23695,P2,Not Active,Not Active,Not Active,Not Active
2026/08/10 02:36:07.616,360.02,450.00,2655,10251,70,100,100,23695,P2,Not Active,Not Active,Not Active,Not Active
2026/08/10 02:36:08.119,360.15,450.00,2655,10251,70,100,100,23695,P2,Not Active,Not Active,Not Active,Not Active
2026/08/10 02:36:08.622,360.55,450.00,2655,10251,70,100,100,23695,P2,Not Active,Not Active,Not Active,Not Active
2026/08/10 02:36:09.125,388.61,450.00,2535,10251,76,100,89,23695,P2,Not Active,Not Active,Not Active,Not Active
2026/08/10 02:36:09.629,388.22,450.00,2655,10251,70,100,100,23695,P2,Not Active,Not Active,Not Active,Not Active
2026/08/10 02:36:10.134,410.79,450.00,2550,10251,76,100,36,23695,P2,Active,Not Active,Not Active,Not Active
2026/08/10 02:36:10.637,452.57,450.00,2445,10251,77,100,35,23695,P2,Active,Not Active,Not Active,Not Active
2026/08/10 02:36:11.140,452.35,450.00,2445,10251,76,100,41,23695,P2,Active,Not Active,Not Active,Not Active
2026/08/10 02:36:11.643,446.96,450.00,2565,10251,77,100,36,23695,P2,Active,Not Active,Not Active,Not Active
2026/08/10 02:36:12.146,451.14,450.00,2475,10251,77,100,42,23695,P2,Active,Not Active,Not Active,Not Active
2026/08/10 02:36:12.652,448.20,450.00,2475,10251,77,100,36,23695,P2,Active,Not Active,Not Active,Not Active
2026/08/10 02:36:13.154,451.81,450.00,2475,10251,76,100,36,23695,P2,Active,Not Active,Not Active,Not Active
2026/08/10 02:36:13.657,448.36,450.00,2460,10251,76,100,35,23695,P2,Active,Not Active,Not Active,Not Active
2026/08/10 02:36:14.160,449.82,450.00,2460,10251,76,100,36,23695,P2,Active,Not Active,Not Active,Not Active
2026/08/10 02:36:14.663,445.88,450.00,2580,10251,75,100,45,23695,P2,Not Active,Not Active,Not Active,Not Active
2026/08/10 02:36:15.166,449.83,450.00,2475,10251,77,100,46,23695,P2,Active,Not Active,Not Active,Not Active
2026/08/10 02:36:15.675,447.39,450.00,2460,10251,77,100,36,23695,P2,Active,Not Active,Not Active,Not Active
2026/08/10 02:36:16.178,448.54,450.00,2475,10251,77,100,35,23695,P2,Not Active,Not Active,Not Active,Not Active
2026/08/10 02:36:16.707,397.47,450.00,2655,10251,70,100,100,23695,P2,Not Active,Not Active,Not Active,Not Active
2026/08/10 02:36:17.212,352.11,450.00,2655,10251,69,100,100,23695,P2,Not Active,Not Active,Not Active,Not Active
2026/08/10 02:36:17.715,347.84,450.00,2655,10251,69,100,100,23695,P2,Not Active,Not Active,Not Active,Not Active
2026/08/10 02:36:18.218,347.66,450.00,2655,10251,69,100,100,23695,P2,Not Active,Not Active,Not Active,Not Active
2026/08/10 02:36:18.721,347.17,450.00,2655,10251,69,100,100,23695,P2,Not Active,Not Active,Not Active,Not Active
2026/08/10 02:36:19.224,346.85,450.00,2655,10251,69,99,100,23695,P2,Not Active,Not Active,Not Active,Not Active
2026/08/10 02:36:19.732,346.20,450.00,2655,10251,69,100,100,23695,P2,Not Active,Not Active,Not Active,Not Active
2026/08/10 02:36:20.235,343.41,450.00,2655,10251,68,100,100,23695,P2,Not Active,Not Active,Not Active,Not Active
2026/08/10 02:36:20.740,340.92,450.00,2655,10251,68,100,100,23695,P2,Not Active,Not Active,Not Active,Not Active
2026/08/10 02:36:21.243,340.57,450.00,2655,10251,68,100,100,23695,P2,Not Active,Not Active,Not Active,Not Active
2026/08/10 02:36:21.748,319.88,450.00,2655,10251,67,100,100,23695,P2,Not Active,Not Active,Not Active,Not Active
2026/08/10 02:36:22.252,205.36,450.00,2655,10251,62,2,0,23695,P2,Not Active,Not Active,Not Active,Not Active
2026/08/10 02:36:22.757,97.95,450.00,2655,10251,61,2,0,23695,P2,Not Active,Not Active,Not Active,Not Active
2026/08/10 02:36:23.260,87.07,450.00,2655,10251,60,2,0,23695,P2,Not Active,Not Active,Not Active,Not Active
2026/08/10 02:36:23.764,78.51,450.00,2655,10251,60,3,0,23695,P2,Not Active,Not Active,Not Active,Not Active
2026/08/10 02:36:24.341,59.56,450.00,540,810,58,3,0,23695,P5,Not Active,Not Active,Not Active,Not Active
2026/08/10 02:36:24.931,42.55,450.00,450,810,57,13,4,23695,P5,Not Active,Not Active,Not Active,Not Active
2026/08/10 02:36:25.513,33.89,450.00,405,810,57,8,3,23695,P8,Not Active,Not Active,Not Active,Not Active
2026/08/10 02:36:26.136,28.74,450.00,330,405,56,12,7,23695,P8,Not Active,Not Active,Not Active,Not Active
2026/08/10 02:36:26.751,25.59,450.00,285,405,56,12,7,23695,P8,Not Active,Not Active,Not Active,Not Active
2026/08/10 02:36:27.374,34.71,450.00,2520,10251,56,6,3,23695,P2,Not Active,Not Active,Not Active,Not Active
2026/08/10 02:36:27.935,60.86,450.00,2520,10251,56,2,0,23695,P2,Not Active,Not Active,Not Active,Not Active
2026/08/10 02:36:28.496,73.40,450.00,2520,10251,56,2,0,23695,P2,Not Active,Not Active,Not Active,Not Active
2026/08/10 02:36:29.059,73.41,450.00,2520,10251,56,2,0,23695,P2,Not Active,Not Active,Not Active,Not Active
2026/08/10 02:36:29.635,73.39,450.00,2520,10251,56,3,0,23695,P2,Not Active,Not Active,Not Active,Not Active
2026/08/10 02:36:30.197,73.14,450.00,2520,10251,56,2,0,23695,P2,Not Active,Not Active,Not Active,Not Active
2026/08/10 02:36:30.758,66.94,450.00,2520,10251,56,4,1,23695,P5,Not Active,Not Active,Not Active,Not Active
2026/08/10 02:36:31.347,45.73,450.00,585,810,54,10,3,23695,P5,Not Active,Not Active,Not Active,Not Active
2026/08/10 02:36:31.935,33.16,450.00,405,810,54,9,3,23695,P5,Not Active,Not Active,Not Active,Not Active
2026/08/10 02:36:32.549,28.72,450.00,360,405,53,10,6,23695,P8,Not Active,Not Active,Not Active,Not Active
2026/08/10 02:36:33.191,23.75,450.00,300,405,53,13,6,23695,P8,Not Active,Not Active,Not Active,Not Active
2026/08/10 02:36:33.793,23.48,450.00,270,405,53,13,6,23695,P8,Not Active,Not Active,Not Active,Not Active
2026/08/10 02:36:34.411,23.23,450.00,210,405,53,15,7,23695,P8,Not Active,Not Active,Not Active,Not Active
2026/08/10 02:36:35.013,22.91,450.00,210,405,52,19,7,23695,P8,Not Active,Not Active,Not Active,Not Active
2026/08/10 02:36:35.627,22.91,450.00,210,405,52,21,7,23695,P8,Not Active,Not Active,Not Active,Not Active
2026/08/10 02:36:36.227,43.56,450.00,2520,10251,53,2,0,23695,P2,Not Active,Not Active,Not Active,Not Active
2026/08/10 02:36:36.789,69.12,450.00,2520,10251,53,2,0,23695,P2,Not Active,Not Active,Not Active,Not Active
2026/08/10 02:36:37.347,69.94,450.00,2520,10251,53,2,0,23695,P2,Not Active,Not Active,Not Active,Not Active
2026/08/10 02:36:37.909,69.88,450.00,2520,10251,53,2,0,23695,P2,Not Active,Not Active,Not Active,Not Active
2026/08/10 02:36:38.468,69.84,450.00,2520,10251,53,2,0,23695,P2,Not Active,Not Active,Not Active,Not Active
2026/08/10 02:36:39.028,69.86,450.00,2520,10251,53,2,0,23695,P2,Not Active,Not Active,Not Active,Not Active
2026/08/10 02:36:39.586,67.38,450.00,2520,10251,53,7,1,23695,P5,Not Active,Not Active,Not Active,Not Active
2026/08/10 02:36:40.163,50.69,450.00,585,810,52,14,4,23695,P5,Not Active,Not Active,Not Active,Not Active
2026/08/10 02:36:40.746,32.59,450.00,525,810,51,10,3,23695,P5,Not Active,Not Active,Not Active,Not Active
2026/08/10 02:36:41.329,31.67,450.00,420,810,51,10,6,23695,P8,Not Active,Not Active,Not Active,Not Active
2026/08/10 02:36:41.956,219.31,450.00,2535,10251,70,100,37,23695,P2,Active,Not Active,Not Active,Not Active
2026/08/10 02:36:42.461,420.18,450.00,2445,10251,70,100,29,23695,P2,Active,Not Active,Not Active,Not Active
2026/08/10 02:36:42.966,456.29,450.00,2475,10251,69,100,29,23695,P2,Active,Not Active,Not Active,Not Active
2026/08/10 02:36:43.470,445.25,450.00,2535,10251,71,100,37,23695,P2,Active,Not Active,Not Active,Not Active
2026/08/10 02:36:43.973,449.49,450.00,2460,10251,69,100,29,23695,P2,Active,Not Active,Not Active,Not Active
2026/08/10 02:36:44.476,447.70,450.00,2505,10251,71,100,30,23695,P2,Active,Not Active,Not Active,Not Active
2026/08/10 02:36:44.981,448.32,450.00,2505,10251,71,100,29,23695,P2,Active,Not Active,Not Active,Not Active
2026/08/10 02:36:45.485,447.98,450.00,2490,10251,72,100,30,23695,P2,Active,Not Active,Not Active,Not Active
2026/08/10 02:36:45.988,445.68,450.00,2535,10251,70,100,39,23695,P2,Active,Not Active,Not Active,Not Active
2026/08/10 02:36:46.491,444.18,450.00,2535,10251,72,100,37,23695,P2,Active,Not Active,Not Active,Not Active
2026/08/10 02:36:46.994,449.76,450.00,2505,10251,72,100,30,23698,P2,Active,Not Active,Not Active,Not Active
2026/08/10 02:36:47.499,447.19,450.00,2460,10251,72,100,30,23698,P2,Active,Not Active,Not Active,Not Active
2026/08/10 02:36:48.004,448.98,450.00,2490,10251,72,100,30,23695,P2,Active,Not Active,Not Active,Not Active
2026/08/10 02:36:48.508,447.98,450.00,2475,10251,72,100,30,23695,P2,Active,Not Active,Not Active,Not Active
2026/08/10 02:36:49.011,449.08,450.00,2445,10251,72,100,30,23695,P2,Active,Not Active,Not Active,Not Active
2026/08/10 02:36:49.514,449.27,450.00,2445,10251,72,100,30,23695,P2,Active,Not Active,Not Active,Not Active
2026/08/10 02:36:50.019,448.72,450.00,2490,10251,73,100,31,23695,P2,Active,Not Active,Not Active,Not Active
2026/08/10 02:36:50.524,449.16,450.00,2475,10251,73,100,32,23695,P2,Active,Not Active,Not Active,Not Active
2026/08/10 02:36:51.027,449.38,450.00,2490,10251,73,100,33,23695,P2,Active,Not Active,Not Active,Not Active
2026/08/10 02:36:51.530,448.94,450.00,2475,10251,73,100,33,23695,P2,Active,Not Active,Not Active,Not Active
2026/08/10 02:36:52.034,448.83,450.00,2475,10251,73,100,34,23695,P2,Active,Not Active,Not Active,Not Active
2026/08/10 02:36:52.538,449.67,450.00,2490,10251,73,100,35,23695,P2,Active,Not Active,Not Active,Not Active
2026/08/10 02:36:53.043,448.97,450.00,2490,10251,73,100,42,23695,P2,Not Active,Not Active,Not Active,Not Active
2026/08/10 02:36:53.584,398.89,450.00,2655,10251,67,100,100,23695,P2,Not Active,Not Active,Not Active,Not Active
2026/08/10 02:36:54.087,356.50,450.00,2655,10251,66,100,100,23695,P2,Not Active,Not Active,Not Active,Not Active
2026/08/10 02:36:54.590,354.99,450.00,2655,10251,66,100,100,23695,P2,Not Active,Not Active,Not Active,Not Active
2026/08/10 02:36:55.093,353.80,450.00,2655,10251,66,100,100,23695,P2,Not Active,Not Active,Not Active,Not Active
2026/08/10 02:36:55.598,353.96,450.00,2655,10251,66,100,100,23695,P2,Not Active,Not Active,Not Active,Not Active
2026/08/10 02:36:56.101,354.45,450.00,2655,10251,66,100,100,23695,P2,Not Active,Not Active,Not Active,Not Active
2026/08/10 02:36:56.604,354.30,450.00,2655,10251,66,100,100,23695,P2,Not Active,Not Active,Not Active,Not Active
2026/08/10 02:36:57.107,354.50,450.00,2655,10251,66,100,100,23695,P2,Not Active,Not Active,Not Active,Not Active
2026/08/10 02:36:57.610,354.64,450.00,2655,10251,66,100,100,23695,P2,Not Active,Not Active,Not Active,Not Active
2026/08/10 02:36:58.116,379.02,450.00,2655,10251,66,100,62,23695,P2,Active,Not Active,Not Active,Not Active
2026/08/10 02:36:58.621,430.74,450.00,2535,10251,74,100,36,23695,P2,Active,Not Active,Not Active,Not Active
2026/08/10 02:36:59.125,452.98,450.00,2445,10251,73,100,35,23695,P2,Active,Not Active,Not Active,Not Active
2026/08/10 02:36:59.628,450.48,450.00,2535,10251,74,100,36,23695,P2,Active,Not Active,Not Active,Not Active
2026/08/10 02:37:00.131,448.54,450.00,2445,10251,73,100,35,23695,P2,Active,Not Active,Not Active,Not Active
2026/08/10 02:37:00.636,449.65,450.00,2520,10251,74,100,46,23695,P2,Active,Not Active,Not Active,Not Active
2026/08/10 02:37:01.140,448.02,450.00,2460,10251,74,100,36,23695,P2,Active,Not Active,Not Active,Not Active
2026/08/10 02:37:01.643,449.65,450.00,2505,10251,74,100,36,23695,P2,Active,Not Active,Not Active,Not Active
2026/08/10 02:37:02.146,448.24,450.00,2490,10251,74,100,36,23695,P2,Active,Not Active,Not Active,Not Active
2026/08/10 02:37:02.649,450.05,450.00,2490,10251,74,100,36,23695,P2,Active,Not Active,Not Active,Not Active
2026/08/10 02:37:03.153,444.79,450.00,2475,10251,75,100,37,23695,P2,Active,Not Active,Not Active,Not Active
2026/08/10 02:37:03.660,448.53,450.00,2640,10251,74,100,41,23695,P2,Active,Not Active,Not Active,Not Active
2026/08/10 02:37:04.163,448.40,450.00,2490,10251,75,100,46,23695,P2,Active,Not Active,Not Active,Not Active
2026/08/10 02:37:04.666,450.61,450.00,2520,10251,75,100,36,23695,P2,Active,Not Active,Not Active,Not Active
2026/08/10 02:37:05.170,448.92,450.00,2490,10251,75,100,36,23695,P2,Active,Not Active,Not Active,Not Active
2026/08/10 02:37:05.680,450.06,450.00,2505,10251,75,100,36,23695,P2,Active,Not Active,Not Active,Not Active
2026/08/10 02:37:06.183,449.35,450.00,2490,10251,75,100,35,23695,P2,Active,Not Active,Not Active,Not Active
2026/08/10 02:37:06.687,449.55,450.00,2490,10251,75,100,35,23695,P2,Active,Not Active,Not Active,Not Active
2026/08/10 02:37:07.191,449.48,450.00,2460,10251,76,100,34,23695,P2,Active,Not Active,Not Active,Not Active
2026/08/10 02:37:07.698,449.51,450.00,2475,10251,76,100,34,23695,P2,Active,Not Active,Not Active,Not Active
2026/08/10 02:37:08.202,449.61,450.00,2475,10251,76,100,34,23695,P2,Active,Not Active,Not Active,Not Active
2026/08/10 02:37:08.705,449.04,450.00,2475,10251,75,100,34,23695,P2,Active,Not Active,Not Active,Not Active
2026/08/10 02:37:09.209,449.58,450.00,2460,10251,76,100,33,23695,P2,Active,Not Active,Not Active,Not Active
2026/08/10 02:37:09.713,449.58,450.00,2460,10251,76,100,35,23695,P2,Active,Not Active,Not Active,Not Active
2026/08/10 02:37:10.218,449.61,450.00,2475,10251,76,100,36,23695,P2,Active,Not Active,Not Active,Not Active
2026/08/10 02:37:10.721,440.02,450.00,2490,10251,75,100,76,23695,P2,Active,Not Active,Not Active,Not Active
2026/08/10 02:37:11.226,418.14,450.00,2610,10251,77,100,100,23695,P2,Not Active,Not Active,Not Active,Not Active
2026/08/10 02:37:11.730,386.79,450.00,2655,10251,69,100,100,23695,P2,Not Active,Not Active,Not Active,Not Active
2026/08/10 02:37:12.236,374.27,450.00,2655,10251,69,100,62,23695,P2,Active,Not Active,Not Active,Not Active
2026/08/10 02:37:12.740,406.35,450.00,2535,10251,76,100,70,23695,P2,Not Active,Not Active,Not Active,Not Active
2026/08/10 02:37:13.243,402.58,450.00,2655,10251,69,100,100,23695,P2,Not Active,Not Active,Not Active,Not Active
2026/08/10 02:37:13.747,373.46,450.00,2655,10251,69,100,91,23695,P2,Active,Not Active,Not Active,Not Active
2026/08/10 02:37:14.297,409.59,450.00,2535,10251,76,100,96,23695,P2,Not Active,Not Active,Not Active,Not Active
2026/08/10 02:37:14.801,393.87,450.00,2655,10251,69,100,100,23695,P2,Not Active,Not Active,Not Active,Not Active
2026/08/10 02:37:15.305,377.36,450.00,2655,10251,69,100,73,23695,P2,Active,Not Active,Not Active,Not Active
2026/08/10 02:37:15.826,383.15,450.00,2655,10251,74,100,100,23695,P2,Not Active,Not Active,Not Active,Not Active
2026/08/10 02:37:16.332,373.19,450.00,2655,10251,69,100,100,23695,P2,Active,Not Active,Not Active,Not Active
2026/08/10 02:37:16.835,384.30,450.00,2535,10251,69,100,100,23695,P2,Not Active,Not Active,Not Active,Not Active
2026/08/10 02:37:17.339,415.27,450.00,2655,10251,69,100,42,23695,P2,Active,Not Active,Not Active,Not Active
2026/08/10 02:37:17.842,441.11,450.00,2535,10251,76,100,36,23695,P2,Active,Not Active,Not Active,Not Active
2026/08/10 02:37:18.346,455.84,450.00,2445,10251,75,100,36,23695,P2,Active,Not Active,Not Active,Not Active
2026/08/10 02:37:18.851,447.49,450.00,2505,10251,75,100,38,23695,P2,Active,Not Active,Not Active,Not Active
2026/08/10 02:37:19.356,448.17,450.00,2430,10251,75,100,36,23695,P2,Active,Not Active,Not Active,Not Active
2026/08/10 02:37:19.860,448.66,450.00,2505,10251,75,100,36,23695,P2,Active,Not Active,Not Active,Not Active
2026/08/10 02:37:20.364,451.11,450.00,2445,10251,76,100,36,23695,P2,Active,Not Active,Not Active,Not Active
2026/08/10 02:37:20.873,448.65,450.00,2490,10251,76,100,36,23695,P2,Active,Not Active,Not Active,Not Active
2026/08/10 02:37:21.376,449.82,450.00,2460,10251,76,100,42,23695,P2,Active,Not Active,Not Active,Not Active
2026/08/10 02:37:21.883,447.52,450.00,2535,10251,75,100,56,23695,P2,Active,Not Active,Not Active,Not Active
2026/08/10 02:37:22.388,448.98,450.00,2475,10251,75,100,45,23695,P2,Active,Not Active,Not Active,Not Active
2026/08/10 02:37:22.893,449.11,450.00,2475,10251,76,100,36,23695,P2,Active,Not Active,Not Active,Not Active
2026/08/10 02:37:23.396,449.33,450.00,2460,10251,75,100,35,23695,P2,Active,Not Active,Not Active,Not Active
2026/08/10 02:37:23.901,449.03,450.00,2475,10251,76,100,35,23695,P2,Active,Not Active,Not Active,Not Active
2026/08/10 02:37:24.404,450.06,450.00,2445,10251,76,100,35,23695,P2,Active,Not Active,Not Active,Not Active
2026/08/10 02:37:24.910,450.50,450.00,2460,10251,76,100,34,23695,P2,Active,Not Active,Not Active,Not Active
2026/08/10 02:37:25.418,449.79,450.00,2475,10251,75,100,34,23695,P2,Active,Not Active,Not Active,Not Active
2026/08/10 02:37:25.922,449.68,450.00,2475,10251,76,100,34,23695,P2,Active,Not Active,Not Active,Not Active
2026/08/10 02:37:26.428,449.82,450.00,2460,10251,76,100,34,23695,P2,Active,Not Active,Not Active,Not Active
2026/08/10 02:37:26.931,449.75,450.00,2490,10251,76,100,34,23695,P2,Active,Not Active,Not Active,Not Active
2026/08/10 02:37:27.435,449.31,450.00,2445,10251,76,100,34,23695,P2,Active,Not Active,Not Active,Not Active
2026/08/10 02:37:27.939,448.79,450.00,2445,10251,76,100,34,23695,P2,Active,Not Active,Not Active,Not Active
2026/08/10 02:37:28.443,449.38,450.00,2460,10251,76,100,35,23695,P2,Active,Not Active,Not Active,Not Active
2026/08/10 02:37:28.948,448.76,450.00,2460,10251,76,100,35,23695,P2,Active,Not Active,Not Active,Not Active
2026/08/10 02:37:29.452,444.16,450.00,2550,10251,71,100,67,23695,P2,Active,Not Active,Not Active,Not Active
2026/08/10 02:37:29.955,420.68,450.00,2655,10251,70,100,100,23695,P2,Not Active,Not Active,Not Active,Not Active
2026/08/10 02:37:30.459,378.99,450.00,2655,10251,70,100,100,23695,P2,Not Active,Not Active,Not Active,Not Active
2026/08/10 02:37:30.963,360.39,450.00,2655,10251,70,100,100,23695,P2,Not Active,Not Active,Not Active,Not Active
2026/08/10 02:37:31.470,360.37,450.00,2655,10251,70,100,100,23695,P2,Not Active,Not Active,Not Active,Not Active
2026/08/10 02:37:31.973,360.29,450.00,2655,10251,69,100,100,23695,P2,Not Active,Not Active,Not Active,Not Active
2026/08/10 02:37:32.477,359.95,450.00,2655,10251,69,100,100,23695,P2,Not Active,Not Active,Not Active,Not Active
2026/08/10 02:37:32.981,359.81,450.00,2655,10251,69,100,100,23675,P2,Not Active,Not Active,Not Active,Not Active
2026/08/10 02:37:33.489,359.46,450.00,2655,10251,69,100,100,23695,P2,Not Active,Not Active,Not Active,Not Active
2026/08/10 02:37:33.992,361.16,450.00,2655,10251,69,100,99,23695,P2,Active,Not Active,Not Active,Not Active
2026/08/10 02:37:34.496,387.11,450.00,2655,10251,70,100,97,23695,P2,Not Active,Not Active,Not Active,Not Active
2026/08/10 02:37:34.999,410.25,450.00,2520,10251,76,100,36,23695,P2,Active,Not Active,Not Active,Not Active
2026/08/10 02:37:35.505,434.69,450.00,2505,10251,77,100,36,23695,P2,Active,Not Active,Not Active,Not Active
2026/08/10 02:37:36.011,455.17,450.00,2445,10251,76,100,35,23695,P2,Active,Not Active,Not Active,Not Active
2026/08/10 02:37:36.515,448.11,450.00,2475,10251,78,100,36,23695,P2,Active,Not Active,Not Active,Not Active
2026/08/10 02:37:37.018,448.89,450.00,2460,10251,76,100,38,23695,P2,Active,Not Active,Not Active,Not Active
2026/08/10 02:37:37.523,449.30,450.00,2475,10251,77,100,37,23695,P2,Active,Not Active,Not Active,Not Active
2026/08/10 02:37:38.029,449.37,450.00,2430,10251,76,100,36,23695,P2,Active,Not Active,Not Active,Not Active
2026/08/10 02:37:38.533,449.21,450.00,2460,10251,77,100,36,23695,P2,Active,Not Active,Not Active,Not Active
2026/08/10 02:37:39.037,449.14,450.00,2460,10251,76,100,36,23695,P2,Active,Not Active,Not Active,Not Active
2026/08/10 02:37:39.541,449.07,450.00,2475,10251,76,100,41,23695,P2,Active,Not Active,Not Active,Not Active
2026/08/10 02:37:40.046,448.04,450.00,2520,10251,76,100,46,23695,P2,Active,Not Active,Not Active,Not Active
2026/08/10 02:37:40.549,449.26,450.00,2475,10251,77,100,36,23695,P2,Active,Not Active,Not Active,Not Active
2026/08/10 02:37:41.053,449.63,450.00,2490,10251,76,100,36,23695,P2,Active,Not Active,Not Active,Not Active
2026/08/10 02:37:41.556,448.03,450.00,2460,10251,77,100,36,23695,P2,Active,Not Active,Not Active,Not Active
2026/08/10 02:37:42.061,449.90,450.00,2475,10251,76,100,35,23695,P2,Active,Not Active,Not Active,Not Active
2026/08/10 02:37:42.567,448.25,450.00,2475,10251,76,100,34,23695,P2,Active,Not Active,Not Active,Not Active
2026/08/10 02:37:43.072,450.24,450.00,2460,10251,76,100,34,23695,P2,Active,Not Active,Not Active,Not Active
2026/08/10 02:37:43.575,448.55,450.00,2460,10251,77,100,34,23695,P2,Active,Not Active,Not Active,Not Active
2026/08/10 02:37:44.080,449.97,450.00,2475,10251,77,100,34,23695,P2,Active,Not Active,Not Active,Not Active
2026/08/10 02:37:44.587,448.81,450.00,2475,10251,77,100,33,23695,P2,Active,Not Active,Not Active,Not Active
2026/08/10 02:37:45.090,449.67,450.00,2490,10251,76,100,34,23695,P2,Active,Not Active,Not Active,Not Active
2026/08/10 02:37:45.594,448.50,450.00,2460,10251,77,100,34,23695,P2,Active,Not Active,Not Active,Not Active
2026/08/10 02:37:46.098,449.80,450.00,2475,10251,77,100,34,23695,P2,Active,Not Active,Not Active,Not Active
2026/08/10 02:37:46.604,449.02,450.00,2475,10251,77,100,35,23695,P2,Active,Not Active,Not Active,Not Active
2026/08/10 02:37:47.107,449.82,450.00,2490,10251,77,100,37,23698,P2,Active,Not Active,Not Active,Not Active
2026/08/10 02:37:47.611,418.49,450.00,2655,10251,71,100,100,23698,P2,Not Active,Not Active,Not Active,Not Active
2026/08/10 02:37:48.114,379.66,450.00,2655,10251,70,100,100,23695,P2,Not Active,Not Active,Not Active,Not Active
2026/08/10 02:37:48.619,381.73,450.00,2655,10251,70,100,39,23695,P2,Active,Not Active,Not Active,Not Active
2026/08/10 02:37:49.126,387.49,450.00,2655,10251,71,100,100,23695,P2,Not Active,Not Active,Not Active,Not Active
2026/08/10 02:37:49.629,376.49,450.00,2655,10251,70,100,100,23695,P2,Not Active,Not Active,Not Active,Not Active
2026/08/10 02:37:50.132,372.56,450.00,2655,10251,70,100,98,23695,P2,Active,Not Active,Not Active,Not Active
2026/08/10 02:37:50.637,387.39,450.00,2655,10251,71,100,100,23695,P2,Not Active,Not Active,Not Active,Not Active
2026/08/10 02:37:51.141,386.27,450.00,2655,10251,70,100,100,23695,P2,Not Active,Not Active,Not Active,Not Active
2026/08/10 02:37:51.645,395.67,450.00,2550,10251,75,100,37,23695,P2,Active,Not Active,Not Active,Not Active
2026/08/10 02:37:52.148,412.32,450.00,2640,10251,72,100,100,23695,P2,Not Active,Not Active,Not Active,Not Active
2026/08/10 02:37:52.652,391.60,450.00,2655,10251,70,100,100,23695,P2,Not Active,Not Active,Not Active,Not Active
2026/08/10 02:37:53.156,386.54,450.00,2550,10251,70,100,78,23695,P2,Not Active,Not Active,Not Active,Not Active
2026/08/10 02:37:53.705,413.00,450.00,2655,10251,70,100,52,23695,P2,Active,Not Active,Not Active,Not Active
2026/08/10 02:37:54.209,439.26,450.00,2550,10251,78,100,36,23695,P2,Active,Not Active,Not Active,Not Active
2026/08/10 02:37:54.712,453.86,450.00,2430,10251,76,100,35,23695,P2,Active,Not Active,Not Active,Not Active
2026/08/10 02:37:55.218,447.84,450.00,2535,10251,78,100,36,23695,P2,Active,Not Active,Not Active,Not Active
2026/08/10 02:37:55.723,449.10,450.00,2430,10251,77,100,35,23695,P2,Active,Not Active,Not Active,Not Active
2026/08/10 02:37:56.227,447.73,450.00,2505,10251,78,100,36,23695,P2,Active,Not Active,Not Active,Not Active
2026/08/10 02:37:56.730,448.80,450.00,2430,10251,76,100,36,23695,P2,Active,Not Active,Not Active,Not Active
2026/08/10 02:37:57.233,448.20,450.00,2475,10251,78,100,36,23695,P2,Active,Not Active,Not Active,Not Active
2026/08/10 02:37:57.739,448.67,450.00,2430,10251,77,100,36,23695,P2,Not Active,Not Active,Not Active,Not Active
2026/08/10 02:37:58.243,447.63,450.00,2505,10251,77,100,46,23695,P2,Active,Not Active,Not Active,Not Active
2026/08/10 02:37:58.746,448.77,450.00,2430,10251,77,100,36,23695,P2,Active,Not Active,Not Active,Not Active
2026/08/10 02:37:59.250,448.28,450.00,2475,10251,77,100,36,23695,P2,Active,Not Active,Not Active,Not Active
2026/08/10 02:37:59.754,450.33,450.00,2445,10251,77,100,35,23695,P2,Active,Not Active,Not Active,Not Active
2026/08/10 02:38:00.259,449.79,450.00,2475,10251,77,100,35,23695,P2,Active,Not Active,Not Active,Not Active
2026/08/10 02:38:00.764,450.55,450.00,2460,10251,77,100,34,23695,P2,Active,Not Active,Not Active,Not Active
2026/08/10 02:38:01.267,449.32,450.00,2460,10251,77,100,35,23695,P2,Active,Not Active,Not Active,Not Active
2026/08/10 02:38:01.771,450.21,450.00,2445,10251,77,100,34,23695,P2,Active,Not Active,Not Active,Not Active
2026/08/10 02:38:02.276,448.41,450.00,2430,10251,77,100,34,23695,P2,Active,Not Active,Not Active,Not Active
2026/08/10 02:38:02.781,449.52,450.00,2445,10251,77,100,34,23695,P2,Active,Not Active,Not Active,Not Active
2026/08/10 02:38:03.284,449.10,450.00,2460,10251,77,100,34,23695,P2,Active,Not Active,Not Active,Not Active
2026/08/10 02:38:03.788,449.75,450.00,2460,10251,77,100,34,23695,P2,Active,Not Active,Not Active,Not Active
2026/08/10 02:38:04.292,448.63,450.00,2460,10251,77,100,34,23695,P2,Active,Not Active,Not Active,Not Active
2026/08/10 02:38:04.798,449.52,450.00,2460,10251,77,100,35,23695,P2,Active,Not Active,Not Active,Not Active
2026/08/10 02:38:05.302,449.53,450.00,2490,10251,77,100,36,23695,P2,Active,Not Active,Not Active,Not Active
2026/08/10 02:38:05.805,441.89,450.00,2490,10251,77,100,71,23695,P2,Active,Not Active,Not Active,Not Active
2026/08/10 02:38:06.309,416.40,450.00,2535,10251,78,100,100,23695,P2,Not Active,Not Active,Not Active,Not Active
2026/08/10 02:38:06.814,387.96,450.00,2655,10251,71,100,100,23695,P2,Not Active,Not Active,Not Active,Not Active
2026/08/10 02:38:07.319,361.81,450.00,2655,10251,70,100,100,23695,P2,Not Active,Not Active,Not Active,Not Active
2026/08/10 02:38:07.822,361.53,450.00,2655,10251,70,100,100,23695,P2,Not Active,Not Active,Not Active,Not Active
2026/08/10 02:38:08.325,360.95,450.00,2655,10251,70,100,100,23695,P2,Not Active,Not Active,Not Active,Not Active
2026/08/10 02:38:08.829,360.62,450.00,2655,10251,70,100,100,23695,P2,Not Active,Not Active,Not Active,Not Active
2026/08/10 02:38:09.334,360.41,450.00,2655,10251,70,100,100,23695,P2,Not Active,Not Active,Not Active,Not Active
2026/08/10 02:38:09.838,359.71,450.00,2655,10251,70,100,100,23695,P2,Not Active,Not Active,Not Active,Not Active
2026/08/10 02:38:10.341,358.93,450.00,2655,10251,70,100,100,23695,P2,Active,Not Active,Not Active,Not Active
2026/08/10 02:38:10.844,387.24,450.00,2535,10251,75,100,100,23695,P2,Not Active,Not Active,Not Active,Not Active
2026/08/10 02:38:11.348,412.23,450.00,2655,10251,70,100,37,23695,P2,Active,Not Active,Not Active,Not Active
2026/08/10 02:38:11.861,436.89,450.00,2535,10251,77,100,37,23695,P2,Active,Not Active,Not Active,Not Active
2026/08/10 02:38:12.365,456.47,450.00,2430,10251,78,100,35,23695,P2,Active,Not Active,Not Active,Not Active
2026/08/10 02:38:12.869,449.09,450.00,2460,10251,76,100,36,23695,P2,Active,Not Active,Not Active,Not Active
2026/08/10 02:38:13.378,448.45,450.00,2430,10251,77,100,35,23695,P2,Active,Not Active,Not Active,Not Active
2026/08/10 02:38:13.881,447.92,450.00,2460,10251,77,100,35,23695,P2,Active,Not Active,Not Active,Not Active
2026/08/10 02:38:14.384,449.29,450.00,2445,10251,77,100,35,23695,P2,Active,Not Active,Not Active,Not Active
2026/08/10 02:38:14.889,448.16,450.00,2460,10251,77,100,35,23695,P2,Active,Not Active,Not Active,Not Active
2026/08/10 02:38:15.394,449.51,450.00,2490,10251,77,100,35,23695,P2,Active,Not Active,Not Active,Not Active
2026/08/10 02:38:15.899,448.38,450.00,2475,10251,77,100,37,23695,P2,Active,Not Active,Not Active,Not Active
2026/08/10 02:38:16.402,449.67,450.00,2490,10251,77,100,39,23695,P2,Active,Not Active,Not Active,Not Active
2026/08/10 02:38:16.905,448.38,450.00,2460,10251,77,100,36,23695,P2,Active,Not Active,Not Active,Not Active
2026/08/10 02:38:17.410,449.80,450.00,2475,10251,77,100,36,23695,P2,Active,Not Active,Not Active,Not Active
2026/08/10 02:38:17.916,448.58,450.00,2475,10251,77,100,35,23695,P2,Active,Not Active,Not Active,Not Active
2026/08/10 02:38:18.420,449.48,450.00,2505,10251,77,100,35,23695,P2,Active,Not Active,Not Active,Not Active
2026/08/10 02:38:18.924,449.52,450.00,2460,10251,78,100,34,23695,P2,Active,Not Active,Not Active,Not Active
2026/08/10 02:38:19.428,449.76,450.00,2490,10251,78,100,34,23695,P2,Active,Not Active,Not Active,Not Active
2026/08/10 02:38:19.935,448.27,450.00,2490,10251,77,100,34,23695,P2,Active,Not Active,Not Active,Not Active
2026/08/10 02:38:20.438,450.07,450.00,2475,10251,77,100,33,23695,P2,Active,Not Active,Not Active,Not Active
2026/08/10 02:38:20.942,448.96,450.00,2475,10251,77,100,34,23695,P2,Active,Not Active,Not Active,Not Active
2026/08/10 02:38:21.446,449.88,450.00,2445,10251,77,100,34,23695,P2,Active,Not Active,Not Active,Not Active
2026/08/10 02:38:21.951,448.89,450.00,2475,10251,77,100,34,23695,P2,Active,Not Active,Not Active,Not Active
2026/08/10 02:38:22.456,449.87,450.00,2475,10251,77,100,33,23695,P2,Active,Not Active,Not Active,Not Active
2026/08/10 02:38:22.960,449.12,450.00,2460,10251,77,100,35,23695,P2,Active,Not Active,Not Active,Not Active
2026/08/10 02:38:23.463,446.50,450.00,2505,10251,77,100,41,23695,P2,Not Active,Not Active,Not Active,Not Active
2026/08/10 02:38:23.968,407.75,450.00,2655,10251,71,100,100,23695,P2,Not Active,Not Active,Not Active,Not Active
2026/08/10 02:38:24.473,367.65,450.00,2655,10251,70,100,100,23695,P2,Not Active,Not Active,Not Active,Not Active
2026/08/10 02:38:24.976,387.48,450.00,2520,10251,76,100,46,23695,P2,Not Active,Not Active,Not Active,Not Active
2026/08/10 02:38:25.523,386.90,450.00,2655,10251,70,100,100,23695,P2,Not Active,Not Active,Not Active,Not Active
2026/08/10 02:38:26.029,370.00,450.00,2655,10251,70,100,100,23695,P2,Not Active,Not Active,Not Active,Not Active
2026/08/10 02:38:26.532,381.25,450.00,2535,10251,75,100,74,23695,P2,Active,Not Active,Not Active,Not Active
2026/08/10 02:38:27.035,388.56,450.00,2655,10251,70,100,100,23695,P2,Not Active,Not Active,Not Active,Not Active
2026/08/10 02:38:27.539,378.62,450.00,2655,10251,70,100,100,23695,P2,Not Active,Not Active,Not Active,Not Active
2026/08/10 02:38:28.043,408.54,450.00,2535,10251,77,100,38,23695,P2,Not Active,Not Active,Not Active,Not Active
2026/08/10 02:38:28.548,408.43,450.00,2655,10251,70,100,100,23695,P2,Not Active,Not Active,Not Active,Not Active
2026/08/10 02:38:29.051,365.13,450.00,2655,10251,70,100,100,23695,P2,Not Active,Not Active,Not Active,Not Active
2026/08/10 02:38:29.554,388.61,450.00,2520,10251,76,100,82,23695,P2,Not Active,Not Active,Not Active,Not Active
2026/08/10 02:38:30.078,420.89,450.00,2550,10251,76,100,37,23695,P2,Active,Not Active,Not Active,Not Active
2026/08/10 02:38:30.581,439.78,450.00,2505,10251,77,100,35,23695,P2,Active,Not Active,Not Active,Not Active
2026/08/10 02:38:31.087,453.29,450.00,2430,10251,76,100,35,23695,P2,Active,Not Active,Not Active,Not Active
2026/08/10 02:38:31.592,446.64,450.00,2460,10251,77,100,35,23695,P2,Active,Not Active,Not Active,Not Active
2026/08/10 02:38:32.096,450.52,450.00,2445,10251,77,100,35,23695,P2,Active,Not Active,Not Active,Not Active
2026/08/10 02:38:32.601,446.77,450.00,2490,10251,78,100,35,23695,P2,Active,Not Active,Not Active,Not Active
2026/08/10 02:38:33.105,450.51,450.00,2445,10251,77,100,35,23695,P2,Active,Not Active,Not Active,Not Active
2026/08/10 02:38:33.608,447.89,450.00,2460,10251,77,100,35,23695,P2,Active,Not Active,Not Active,Not Active
2026/08/10 02:38:34.112,450.21,450.00,2460,10251,77,100,35,23695,P2,Active,Not Active,Not Active,Not Active
2026/08/10 02:38:34.615,448.13,450.00,2460,10251,78,100,34,23695,P2,Active,Not Active,Not Active,Not Active
2026/08/10 02:38:35.119,450.11,450.00,2490,10251,77,100,34,23695,P2,Active,Not Active,Not Active,Not Active
2026/08/10 02:38:35.624,449.61,450.00,2460,10251,78,100,34,23695,P2,Active,Not Active,Not Active,Not Active
2026/08/10 02:38:36.129,450.20,450.00,2475,10251,77,100,34,23695,P2,Active,Not Active,Not Active,Not Active
2026/08/10 02:38:36.632,449.18,450.00,2445,10251,78,100,34,23695,P2,Active,Not Active,Not Active,Not Active
2026/08/10 02:38:37.135,450.08,450.00,2445,10251,77,100,34,23695,P2,Active,Not Active,Not Active,Not Active
2026/08/10 02:38:37.639,447.74,450.00,2460,10251,78,100,34,23695,P2,Active,Not Active,Not Active,Not Active
2026/08/10 02:38:38.147,450.03,450.00,2460,10251,77,100,34,23695,P2,Active,Not Active,Not Active,Not Active
2026/08/10 02:38:38.651,448.64,450.00,2445,10251,77,100,34,23695,P2,Active,Not Active,Not Active,Not Active
2026/08/10 02:38:39.154,450.05,450.00,2460,10251,77,100,34,23695,P2,Active,Not Active,Not Active,Not Active
2026/08/10 02:38:39.658,448.90,450.00,2475,10251,78,100,34,23695,P2,Active,Not Active,Not Active,Not Active
2026/08/10 02:38:40.162,449.50,450.00,2475,10251,77,100,34,23695,P2,Active,Not Active,Not Active,Not Active
2026/08/10 02:38:40.668,448.37,450.00,2460,10251,78,100,34,23695,P2,Active,Not Active,Not Active,Not Active
2026/08/10 02:38:41.171,449.89,450.00,2475,10251,77,100,35,23695,P2,Active,Not Active,Not Active,Not Active
2026/08/10 02:38:41.675,448.93,450.00,2475,10251,78,100,36,23695,P2,Active,Not Active,Not Active,Not Active
2026/08/10 02:38:42.178,430.16,450.00,2655,10251,71,100,62,23695,P2,Active,Not Active,Not Active,Not Active
2026/08/10 02:38:42.684,400.94,450.00,2640,10251,72,100,100,23695,P2,Not Active,Not Active,Not Active,Not Active
2026/08/10 02:38:43.188,384.79,450.00,2655,10251,71,100,100,23695,P2,Not Active,Not Active,Not Active,Not Active
2026/08/10 02:38:43.693,362.22,450.00,2655,10251,70,100,100,23695,P2,Not Active,Not Active,Not Active,Not Active
2026/08/10 02:38:44.196,361.54,450.00,2655,10251,70,100,100,23695,P2,Not Active,Not Active,Not Active,Not Active
2026/08/10 02:38:44.701,360.39,450.00,2655,10251,70,100,100,23695,P2,Not Active,Not Active,Not Active,Not Active
2026/08/10 02:38:45.205,359.14,450.00,2655,10251,70,100,100,23695,P2,Not Active,Not Active,Not Active,Not Active
2026/08/10 02:38:45.709,359.21,450.00,2655,10251,70,100,100,23695,P2,Not Active,Not Active,Not Active,Not Active
2026/08/10 02:38:46.212,359.76,450.00,2655,10251,70,100,100,23695,P2,Not Active,Not Active,Not Active,Not Active
2026/08/10 02:38:46.715,359.95,450.00,2655,10251,70,100,100,23695,P2,Active,Not Active,Not Active,Not Active
2026/08/10 02:38:47.219,389.45,450.00,2520,10251,76,100,100,23695,P2,Not Active,Not Active,Not Active,Not Active
2026/08/10 02:38:47.726,414.59,450.00,2655,10251,70,100,58,23695,P2,Active,Not Active,Not Active,Not Active
2026/08/10 02:38:48.230,437.31,450.00,2550,10251,78,100,36,23695,P2,Active,Not Active,Not Active,Not Active
2026/08/10 02:38:48.733,454.28,450.00,2430,10251,76,100,35,23695,P2,Active,Not Active,Not Active,Not Active
2026/08/10 02:38:49.236,447.54,450.00,2520,10251,78,100,35,23695,P2,Active,Not Active,Not Active,Not Active
2026/08/10 02:38:49.741,450.25,450.00,2430,10251,76,100,35,23695,P2,Active,Not Active,Not Active,Not Active
2026/08/10 02:38:50.246,447.55,450.00,2520,10251,78,100,35,23695,P2,Active,Not Active,Not Active,Not Active
2026/08/10 02:38:50.750,450.36,450.00,2430,10251,77,100,35,23695,P2,Active,Not Active,Not Active,Not Active
2026/08/10 02:38:51.253,448.34,450.00,2505,10251,78,100,35,23695,P2,Active,Not Active,Not Active,Not Active
2026/08/10 02:38:51.757,450.07,450.00,2445,10251,77,100,34,23695,P2,Active,Not Active,Not Active,Not Active
2026/08/10 02:38:52.262,448.31,450.00,2475,10251,78,100,34,23695,P2,Active,Not Active,Not Active,Not Active
2026/08/10 02:38:52.766,450.32,450.00,2430,10251,77,100,34,23695,P2,Active,Not Active,Not Active,Not Active
2026/08/10 02:38:53.269,449.01,450.00,2475,10251,77,100,34,23695,P2,Active,Not Active,Not Active,Not Active
2026/08/10 02:38:53.772,450.26,450.00,2445,10251,77,100,34,23695,P2,Active,Not Active,Not Active,Not Active
2026/08/10 02:38:54.276,448.08,450.00,2490,10251,78,100,34,23695,P2,Active,Not Active,Not Active,Not Active
2026/08/10 02:38:54.781,450.47,450.00,2460,10251,77,100,34,23695,P2,Active,Not Active,Not Active,Not Active
2026/08/10 02:38:55.285,448.13,450.00,2490,10251,77,100,33,23695,P2,Active,Not Active,Not Active,Not Active
2026/08/10 02:38:55.788,450.73,450.00,2460,10251,77,100,33,23695,P2,Active,Not Active,Not Active,Not Active
2026/08/10 02:38:56.291,448.58,450.00,2460,10251,77,100,34,23695,P2,Active,Not Active,Not Active,Not Active
2026/08/10 02:38:56.796,449.98,450.00,2460,10251,77,100,34,23695,P2,Active,Not Active,Not Active,Not Active
2026/08/10 02:38:57.301,448.72,450.00,2490,10251,78,100,33,23695,P2,Active,Not Active,Not Active,Not Active
2026/08/10 02:38:57.804,450.11,450.00,2460,10251,77,100,33,23695,P2,Active,Not Active,Not Active,Not Active
2026/08/10 02:38:58.308,448.36,450.00,2475,10251,78,100,33,23695,P2,Active,Not Active,Not Active,Not Active
2026/08/10 02:38:58.812,450.14,450.00,2460,10251,77,100,34,23695,P2,Active,Not Active,Not Active,Not Active
2026/08/10 02:38:59.317,447.99,450.00,2490,10251,78,100,35,23695,P2,Active,Not Active,Not Active,Not Active
2026/08/10 02:38:59.822,434.89,450.00,2460,10251,77,100,87,23695,P2,Not Active,Not Active,Not Active,Not Active
2026/08/10 02:39:00.326,393.43,450.00,2655,10251,71,100,100,23695,P2,Not Active,Not Active,Not Active,Not Active
2026/08/10 02:39:00.829,358.90,450.00,2655,10251,71,100,100,23695,P2,Not Active,Not Active,Not Active,Not Active
2026/08/10 02:39:01.333,402.35,450.00,2655,10251,70,100,37,23695,P2,Active,Not Active,Not Active,Not Active
2026/08/10 02:39:01.855,408.81,450.00,2535,10251,78,100,100,23695,P2,Not Active,Not Active,Not Active,Not Active
2026/08/10 02:39:02.362,382.23,450.00,2655,10251,71,100,100,23695,P2,Not Active,Not Active,Not Active,Not Active
2026/08/10 02:39:02.865,384.33,450.00,2655,10251,70,100,61,23695,P2,Active,Not Active,Not Active,Not Active
2026/08/10 02:39:03.368,387.77,450.00,2595,10251,75,100,100,23695,P2,Not Active,Not Active,Not Active,Not Active
2026/08/10 02:39:03.871,373.58,450.00,2655,10251,70,100,100,23695,P2,Not Active,Not Active,Not Active,Not Active
2026/08/10 02:39:04.377,407.07,450.00,2655,10251,70,100,38,23695,P2,Active,Not Active,Not Active,Not Active
2026/08/10 02:39:04.882,411.23,450.00,2550,10251,77,100,100,23695,P2,Not Active,Not Active,Not Active,Not Active
2026/08/10 02:39:05.387,374.98,450.00,2655,10251,70,100,100,23695,P2,Not Active,Not Active,Not Active,Not Active
2026/08/10 02:39:05.891,371.24,450.00,2535,10251,76,100,97,23695,P2,Active,Not Active,Not Active,Not Active
2026/08/10 02:39:06.395,407.52,450.00,2550,10251,77,100,39,23695,P2,Active,Not Active,Not Active,Not Active
2026/08/10 02:39:06.901,451.13,450.00,2460,10251,77,100,36,23695,P2,Active,Not Active,Not Active,Not Active
2026/08/10 02:39:07.404,453.13,450.00,2520,10251,78,100,35,23695,P2,Active,Not Active,Not Active,Not Active
2026/08/10 02:39:07.907,450.31,450.00,2445,10251,77,100,35,23695,P2,Active,Not Active,Not Active,Not Active
2026/08/10 02:39:08.410,450.76,450.00,2475,10251,78,100,35,23695,P2,Active,Not Active,Not Active,Not Active
2026/08/10 02:39:08.916,449.43,450.00,2430,10251,77,100,35,23695,P2,Active,Not Active,Not Active,Not Active
2026/08/10 02:39:09.421,450.36,450.00,2490,10251,78,100,35,23695,P2,Active,Not Active,Not Active,Not Active
2026/08/10 02:39:09.924,448.22,450.00,2430,10251,77,100,34,23695,P2,Active,Not Active,Not Active,Not Active
2026/08/10 02:39:10.428,449.64,450.00,2475,10251,77,100,34,23695,P2,Active,Not Active,Not Active,Not Active
2026/08/10 02:39:10.932,448.23,450.00,2445,10251,77,100,33,23695,P2,Active,Not Active,Not Active,Not Active
2026/08/10 02:39:11.440,450.45,450.00,2475,10251,77,100,33,23695,P2,Active,Not Active,Not Active,Not Active
2026/08/10 02:39:11.943,447.88,450.00,2460,10251,77,100,33,23695,P2,Active,Not Active,Not Active,Not Active
2026/08/10 02:39:12.446,449.86,450.00,2475,10251,77,100,34,23695,P2,Active,Not Active,Not Active,Not Active
2026/08/10 02:39:12.950,448.04,450.00,2430,10251,77,100,33,23695,P2,Active,Not Active,Not Active,Not Active
2026/08/10 02:39:13.456,450.08,450.00,2460,10251,78,100,34,23695,P2,Active,Not Active,Not Active,Not Active
2026/08/10 02:39:13.959,449.09,450.00,2445,10251,77,100,34,23695,P2,Active,Not Active,Not Active,Not Active
2026/08/10 02:39:14.463,449.96,450.00,2460,10251,78,100,34,23695,P2,Active,Not Active,Not Active,Not Active
2026/08/10 02:39:14.967,449.29,450.00,2460,10251,78,100,33,23695,P2,Active,Not Active,Not Active,Not Active
2026/08/10 02:39:15.471,450.27,450.00,2460,10251,78,100,34,23695,P2,Active,Not Active,Not Active,Not Active
2026/08/10 02:39:15.976,449.32,450.00,2445,10251,77,100,34,23695,P2,Active,Not Active,Not Active,Not Active
2026/08/10 02:39:16.479,449.89,450.00,2475,10251,78,100,34,23695,P2,Active,Not Active,Not Active,Not Active
2026/08/10 02:39:16.983,448.61,450.00,2460,10251,78,100,34,23695,P2,Active,Not Active,Not Active,Not Active
2026/08/10 02:39:17.487,449.45,450.00,2490,10251,78,100,35,23695,P2,Active,Not Active,Not Active,Not Active
2026/08/10 02:39:17.993,448.85,450.00,2445,10251,77,100,36,23695,P2,Active,Not Active,Not Active,Not Active
2026/08/10 02:39:18.498,423.70,450.00,2655,10251,71,100,100,23695,P2,Not Active,Not Active,Not Active,Not Active
2026/08/10 02:39:19.001,419.40,450.00,2520,10251,78,100,37,23695,P2,Active,Not Active,Not Active,Not Active
2026/08/10 02:39:19.505,407.73,450.00,2655,10251,71,100,100,23695,P2,Not Active,Not Active,Not Active,Not Active
2026/08/10 02:39:20.009,380.06,450.00,2655,10251,70,100,100,23695,P2,Not Active,Not Active,Not Active,Not Active
2026/08/10 02:39:20.515,359.52,450.00,2655,10251,70,100,100,23695,P2,Not Active,Not Active,Not Active,Not Active
2026/08/10 02:39:21.018,360.00,450.00,2655,10251,70,100,100,23695,P2,Not Active,Not Active,Not Active,Not Active
2026/08/10 02:39:21.522,360.22,450.00,2655,10251,70,100,100,23695,P2,Not Active,Not Active,Not Active,Not Active
2026/08/10 02:39:22.026,360.22,450.00,2655,10251,70,100,100,23695,P2,Not Active,Not Active,Not Active,Not Active
2026/08/10 02:39:22.531,359.86,450.00,2655,10251,70,100,100,23695,P2,Not Active,Not Active,Not Active,Not Active
2026/08/10 02:39:23.035,359.69,450.00,2655,10251,70,100,100,23699,P2,Not Active,Not Active,Not Active,Not Active
2026/08/10 02:39:23.538,379.93,450.00,2535,10251,75,100,39,23699,P2,Active,Not Active,Not Active,Not Active
2026/08/10 02:39:24.041,392.05,450.00,2655,10251,70,100,100,23699,P2,Active,Not Active,Not Active,Not Active
2026/08/10 02:39:24.585,434.22,450.00,2535,10251,77,100,36,23699,P2,Active,Not Active,Not Active,Not Active
2026/08/10 02:39:25.090,455.62,450.00,2460,10251,76,100,35,23699,P2,Active,Not Active,Not Active,Not Active
2026/08/10 02:39:25.595,452.49,450.00,2535,10251,78,100,36,23699,P2,Active,Not Active,Not Active,Not Active
2026/08/10 02:39:26.098,447.56,450.00,2460,10251,76,100,35,23699,P2,Active,Not Active,Not Active,Not Active
2026/08/10 02:39:26.602,452.01,450.00,2535,10251,77,100,35,23695,P2,Active,Not Active,Not Active,Not Active
2026/08/10 02:39:27.107,447.55,450.00,2475,10251,76,100,34,23700,P2,Active,Not Active,Not Active,Not Active
2026/08/10 02:39:27.613,451.81,450.00,2520,10251,78,100,34,23700,P2,Active,Not Active,Not Active,Not Active
2026/08/10 02:39:28.116,447.96,450.00,2460,10251,77,100,33,23700,P2,Active,Not Active,Not Active,Not Active
2026/08/10 02:39:28.620,450.16,450.00,2520,10251,77,100,34,23699,P2,Active,Not Active,Not Active,Not Active
2026/08/10 02:39:29.123,448.48,450.00,2460,10251,76,100,33,23699,P2,Active,Not Active,Not Active,Not Active
2026/08/10 02:39:29.633,448.92,450.00,2505,10251,77,100,34,23699,P2,Active,Not Active,Not Active,Not Active
2026/08/10 02:39:30.137,449.00,450.00,2460,10251,77,100,33,23699,P2,Active,Not Active,Not Active,Not Active
2026/08/10 02:39:30.640,449.13,450.00,2505,10251,77,100,34,23699,P2,Active,Not Active,Not Active,Not Active
2026/08/10 02:39:31.143,448.36,450.00,2475,10251,76,100,34,23695,P2,Active,Not Active,Not Active,Not Active
2026/08/10 02:39:31.647,448.88,450.00,2490,10251,78,100,34,23695,P2,Active,Not Active,Not Active,Not Active
2026/08/10 02:39:32.151,448.98,450.00,2460,10251,77,100,33,23695,P2,Active,Not Active,Not Active,Not Active
2026/08/10 02:39:32.654,449.20,450.00,2505,10251,77,100,34,23695,P2,Active,Not Active,Not Active,Not Active
2026/08/10 02:39:33.157,449.85,450.00,2460,10251,77,100,34,23695,P2,Active,Not Active,Not Active,Not Active
2026/08/10 02:39:33.660,449.38,450.00,2475,10251,77,100,34,23695,P2,Active,Not Active,Not Active,Not Active
2026/08/10 02:39:34.164,449.62,450.00,2445,10251,77,100,33,23695,P2,Active,Not Active,Not Active,Not Active
2026/08/10 02:39:34.671,449.77,450.00,2490,10251,77,100,33,23695,P2,Active,Not Active,Not Active,Not Active
2026/08/10 02:39:35.175,449.19,450.00,2475,10251,77,100,34,23695,P2,Active,Not Active,Not Active,Not Active
2026/08/10 02:39:35.678,449.55,450.00,2460,10251,78,100,35,23695,P2,Active,Not Active,Not Active,Not Active
2026/08/10 02:39:36.181,449.50,450.00,2460,10251,77,100,36,23695,P2,Active,Not Active,Not Active,Not Active
2026/08/10 02:39:36.687,422.23,450.00,2640,10251,72,99,100,23695,P2,Not Active,Not Active,Not Active,Not Active
2026/08/10 02:39:37.190,380.60,450.00,2655,10251,71,100,100,23695,P2,Not Active,Not Active,Not Active,Not Active
2026/08/10 02:39:37.693,357.53,450.00,2655,10251,70,100,100,23695,P2,Not Active,Not Active,Not Active,Not Active
2026/08/10 02:39:38.196,384.27,450.00,2550,10251,76,100,58,23695,P2,Not Active,Not Active,Not Active,Not Active
2026/08/10 02:39:38.732,383.70,450.00,2655,10251,71,100,100,23695,P2,Not Active,Not Active,Not Active,Not Active
2026/08/10 02:39:39.236,361.30,450.00,2655,10251,70,100,100,23695,P2,Active,Not Active,Not Active,Not Active
2026/08/10 02:39:39.779,385.06,450.00,2550,10251,77,100,100,23695,P2,Not Active,Not Active,Not Active,Not Active
2026/08/10 02:39:40.283,385.03,450.00,2655,10251,70,100,100,23695,P2,Not Active,Not Active,Not Active,Not Active
2026/08/10 02:39:40.789,372.57,450.00,2655,10251,70,100,62,23695,P2,Active,Not Active,Not Active,Not Active
2026/08/10 02:39:41.321,385.87,450.00,2565,10251,76,100,100,23695,P2,Not Active,Not Active,Not Active,Not Active
2026/08/10 02:39:41.829,373.46,450.00,2655,10251,70,100,100,23695,P2,Not Active,Not Active,Not Active,Not Active
2026/08/10 02:39:42.333,364.91,450.00,2655,10251,70,100,92,23695,P2,Active,Not Active,Not Active,Not Active
2026/08/10 02:39:42.836,418.07,450.00,2535,10251,76,100,37,23695,P2,Active,Not Active,Not Active,Not Active
2026/08/10 02:39:43.339,456.40,450.00,2520,10251,78,100,35,23695,P2,Active,Not Active,Not Active,Not Active
2026/08/10 02:39:43.844,452.42,450.00,2445,10251,76,100,36,23695,P2,Active,Not Active,Not Active,Not Active
2026/08/10 02:39:44.349,446.92,450.00,2505,10251,78,100,35,23695,P2,Active,Not Active,Not Active,Not Active
2026/08/10 02:39:44.853,450.73,450.00,2430,10251,77,100,35,23695,P2,Active,Not Active,Not Active,Not Active
2026/08/10 02:39:45.356,447.63,450.00,2505,10251,78,100,33,23695,P2,Active,Not Active,Not Active,Not Active
2026/08/10 02:39:45.860,450.10,450.00,2460,10251,76,100,34,23695,P2,Active,Not Active,Not Active,Not Active
2026/08/10 02:39:46.368,447.83,450.00,2475,10251,78,100,34,23695,P2,Active,Not Active,Not Active,Not Active
2026/08/10 02:39:46.877,450.15,450.00,2460,10251,77,100,34,23698,P2,Active,Not Active,Not Active,Not Active
2026/08/10 02:39:47.381,447.45,450.00,2490,10251,77,100,33,23698,P2,Active,Not Active,Not Active,Not Active
2026/08/10 02:39:47.887,450.39,450.00,2475,10251,77,100,34,23695,P2,Active,Not Active,Not Active,Not Active
2026/08/10 02:39:48.391,448.62,450.00,2490,10251,78,100,34,23695,P2,Active,Not Active,Not Active,Not Active
2026/08/10 02:39:48.895,450.61,450.00,2460,10251,77,100,34,23699,P2,Active,Not Active,Not Active,Not Active
2026/08/10 02:39:49.398,448.56,450.00,2460,10251,77,100,33,23699,P2,Active,Not Active,Not Active,Not Active
2026/08/10 02:39:49.902,450.20,450.00,2505,10251,77,100,34,23699,P2,Active,Not Active,Not Active,Not Active
2026/08/10 02:39:50.407,449.19,450.00,2475,10251,77,100,34,23699,P2,Active,Not Active,Not Active,Not Active
2026/08/10 02:39:50.911,449.85,450.00,2475,10251,77,100,34,23699,P2,Active,Not Active,Not Active,Not Active
2026/08/10 02:39:51.414,449.50,450.00,2475,10251,77,100,33,23699,P2,Active,Not Active,Not Active,Not Active
2026/08/10 02:39:51.918,449.59,450.00,2460,10251,77,100,33,23699,P2,Active,Not Active,Not Active,Not Active
2026/08/10 02:39:52.424,449.40,450.00,2460,10251,77,100,33,23699,P2,Active,Not Active,Not Active,Not Active
2026/08/10 02:39:52.928,449.39,450.00,2460,10251,77,100,33,23699,P2,Active,Not Active,Not Active,Not Active
2026/08/10 02:39:53.431,449.48,450.00,2460,10251,77,100,34,23699,P2,Active,Not Active,Not Active,Not Active
2026/08/10 02:39:53.935,449.70,450.00,2490,10251,77,100,35,23699,P2,Active,Not Active,Not Active,Not Active
2026/08/10 02:39:54.440,449.79,450.00,2490,10251,78,100,36,23699,P2,Active,Not Active,Not Active,Not Active
2026/08/10 02:39:54.945,417.53,450.00,2655,10251,71,100,100,23699,P2,Not Active,Not Active,Not Active,Not Active
2026/08/10 02:39:55.448,380.79,450.00,2655,10251,70,100,100,23699,P2,Active,Not Active,Not Active,Not Active
2026/08/10 02:39:55.951,383.34,450.00,2655,10251,71,99,100,23695,P2,Not Active,Not Active,Not Active,Not Active
2026/08/10 02:39:56.456,384.00,450.00,2655,10251,70,100,100,23695,P2,Not Active,Not Active,Not Active,Not Active
2026/08/10 02:39:56.961,357.99,450.00,2655,10251,70,100,100,23695,P2,Not Active,Not Active,Not Active,Not Active
2026/08/10 02:39:57.464,357.49,450.00,2655,10251,70,100,100,23695,P2,Not Active,Not Active,Not Active,Not Active
2026/08/10 02:39:57.967,357.25,450.00,2655,10251,70,100,100,23695,P2,Not Active,Not Active,Not Active,Not Active
2026/08/10 02:39:58.472,356.85,450.00,2655,10251,70,100,100,23695,P2,Not Active,Not Active,Not Active,Not Active
2026/08/10 02:39:58.975,356.43,450.00,2655,10251,70,100,100,23695,P2,Not Active,Not Active,Not Active,Not Active
2026/08/10 02:39:59.481,356.55,450.00,2655,10251,70,100,100,23695,P2,Not Active,Not Active,Not Active,Not Active
2026/08/10 02:39:59.984,381.76,450.00,2550,10251,77,100,39,23695,P2,Not Active,Not Active,Not Active,Not Active
2026/08/10 02:40:00.488,398.62,450.00,2550,10251,76,100,99,23695,P2,Active,Not Active,Not Active,Not Active
2026/08/10 02:40:00.991,438.45,450.00,2550,10251,78,100,37,23695,P2,Active,Not Active,Not Active,Not Active
2026/08/10 02:40:01.495,457.64,450.00,2430,10251,76,100,35,23695,P2,Active,Not Active,Not Active,Not Active
2026/08/10 02:40:02.000,451.47,450.00,2505,10251,78,100,35,23695,P2,Active,Not Active,Not Active,Not Active
2026/08/10 02:40:02.504,446.83,450.00,2430,10251,76,100,34,23695,P2,Active,Not Active,Not Active,Not Active
2026/08/10 02:40:03.007,450.13,450.00,2475,10251,78,100,34,23695,P2,Active,Not Active,Not Active,Not Active
2026/08/10 02:40:03.510,447.56,450.00,2445,10251,76,100,34,23695,P2,Active,Not Active,Not Active,Not Active
2026/08/10 02:40:04.014,448.75,450.00,2490,10251,77,100,34,23695,P2,Active,Not Active,Not Active,Not Active
2026/08/10 02:40:04.518,449.84,450.00,2460,10251,77,100,33,23695,P2,Active,Not Active,Not Active,Not Active
2026/08/10 02:40:05.022,449.42,450.00,2505,10251,78,100,34,23695,P2,Active,Not Active,Not Active,Not Active
2026/08/10 02:40:05.525,449.61,450.00,2460,10251,77,100,34,23695,P2,Active,Not Active,Not Active,Not Active
2026/08/10 02:40:06.028,448.48,450.00,2475,10251,78,100,34,23695,P2,Active,Not Active,Not Active,Not Active
2026/08/10 02:40:06.531,449.57,450.00,2460,10251,77,100,33,23695,P2,Active,Not Active,Not Active,Not Active
2026/08/10 02:40:07.036,448.64,450.00,2445,10251,77,100,34,23695,P2,Active,Not Active,Not Active,Not Active
2026/08/10 02:40:07.541,449.66,450.00,2445,10251,77,100,34,23695,P2,Active,Not Active,Not Active,Not Active
2026/08/10 02:40:08.044,449.47,450.00,2460,10251,78,100,34,23695,P2,Active,Not Active,Not Active,Not Active
2026/08/10 02:40:08.548,449.77,450.00,2460,10251,77,100,34,23695,P2,Active,Not Active,Not Active,Not Active
2026/08/10 02:40:09.051,449.38,450.00,2475,10251,77,100,33,23695,P2,Active,Not Active,Not Active,Not Active
2026/08/10 02:40:09.556,449.08,450.00,2490,10251,77,100,34,23695,P2,Active,Not Active,Not Active,Not Active
2026/08/10 02:40:10.059,449.69,450.00,2490,10251,77,100,34,23695,P2,Active,Not Active,Not Active,Not Active
2026/08/10 02:40:10.562,449.25,450.00,2445,10251,78,100,34,23695,P2,Active,Not Active,Not Active,Not Active
2026/08/10 02:40:11.067,449.33,450.00,2460,10251,77,100,33,23695,P2,Active,Not Active,Not Active,Not Active
2026/08/10 02:40:11.570,449.75,450.00,2475,10251,76,100,34,23695,P2,Active,Not Active,Not Active,Not Active
2026/08/10 02:40:12.076,449.38,450.00,2475,10251,78,100,35,23695,P2,Active,Not Active,Not Active,Not Active
2026/08/10 02:40:12.580,448.83,450.00,2460,10251,77,100,39,23695,P2,Active,Not Active,Not Active,Not Active
2026/08/10 02:40:13.084,411.56,450.00,2655,10251,71,100,100,23730,P2,Not Active,Not Active,Not Active,Not Active
2026/08/10 02:40:13.587,372.34,450.00,2655,10251,71,100,100,23733,P2,Not Active,Not Active,Not Active,Not Active
2026/08/10 02:40:14.091,358.73,450.00,2655,10251,70,100,100,23732,P2,Not Active,Not Active,Not Active,Not Active
2026/08/10 02:40:14.595,384.89,450.00,2640,10251,74,100,99,23744,P2,Not Active,Not Active,Not Active,Not Active
2026/08/10 02:40:15.098,385.94,450.00,2655,10251,70,100,100,23741,P2,Not Active,Not Active,Not Active,Not Active
2026/08/10 02:40:15.602,371.31,450.00,2655,10251,70,100,77,23741,P2,Active,Not Active,Not Active,Not Active
2026/08/10 02:40:16.106,388.81,450.00,2655,10251,71,100,100,23740,P2,Not Active,Not Active,Not Active,Not Active
2026/08/10 02:40:16.609,379.29,450.00,2655,10251,70,100,100,23740,P2,Not Active,Not Active,Not Active,Not Active
2026/08/10 02:40:17.114,363.16,450.00,2655,10251,70,100,100,23736,P2,Not Active,Not Active,Not Active,Not Active
2026/08/10 02:40:17.616,389.02,450.00,2535,10251,77,100,75,23736,P2,Not Active,Not Active,Not Active,Not Active
2026/08/10 02:40:18.119,389.15,450.00,2655,10251,70,100,100,23722,P2,Not Active,Not Active,Not Active,Not Active
2026/08/10 02:40:18.623,377.65,450.00,2655,10251,70,100,93,23722,P2,Active,Not Active,Not Active,Not Active
2026/08/10 02:40:19.167,432.02,450.00,2520,10251,78,100,36,23722,P2,Active,Not Active,Not Active,Not Active
2026/08/10 02:40:19.672,459.15,450.00,2430,10251,76,100,35,23704,P2,Active,Not Active,Not Active,Not Active
2026/08/10 02:40:20.178,450.54,450.00,2520,10251,78,100,36,23704,P2,Active,Not Active,Not Active,Not Active
2026/08/10 02:40:20.681,448.40,450.00,2415,10251,77,100,34,23704,P2,Active,Not Active,Not Active,Not Active
2026/08/10 02:40:21.184,449.85,450.00,2505,10251,78,100,35,23704,P2,Active,Not Active,Not Active,Not Active
2026/08/10 02:40:21.688,447.71,450.00,2430,10251,77,100,33,23704,P2,Active,Not Active,Not Active,Not Active
2026/08/10 02:40:22.193,450.55,450.00,2475,10251,78,100,34,23704,P2,Active,Not Active,Not Active,Not Active
2026/08/10 02:40:22.697,448.82,450.00,2430,10251,77,100,34,23704,P2,Active,Not Active,Not Active,Not Active
2026/08/10 02:40:23.201,450.46,450.00,2475,10251,77,100,34,23704,P2,Active,Not Active,Not Active,Not Active
2026/08/10 02:40:23.705,449.68,450.00,2430,10251,77,100,34,23704,P2,Active,Not Active,Not Active,Not Active
2026/08/10 02:40:24.216,449.05,450.00,2475,10251,78,100,34,23704,P2,Active,Not Active,Not Active,Not Active
2026/08/10 02:40:24.720,449.58,450.00,2430,10251,77,100,34,23704,P2,Active,Not Active,Not Active,Not Active
2026/08/10 02:40:25.224,449.86,450.00,2475,10251,78,100,34,23704,P2,Active,Not Active,Not Active,Not Active
2026/08/10 02:40:25.728,449.33,450.00,2430,10251,77,100,34,23704,P2,Active,Not Active,Not Active,Not Active
2026/08/10 02:40:26.235,449.02,450.00,2460,10251,78,100,34,23704,P2,Active,Not Active,Not Active,Not Active
2026/08/10 02:40:26.738,449.94,450.00,2445,10251,77,100,34,23704,P2,Active,Not Active,Not Active,Not Active
2026/08/10 02:40:27.242,448.76,450.00,2460,10251,78,100,34,23704,P2,Active,Not Active,Not Active,Not Active
2026/08/10 02:40:27.745,449.92,450.00,2445,10251,77,100,34,23704,P2,Active,Not Active,Not Active,Not Active
2026/08/10 02:40:28.250,448.87,450.00,2475,10251,78,100,34,23704,P2,Active,Not Active,Not Active,Not Active
2026/08/10 02:40:28.753,450.07,450.00,2460,10251,77,100,33,23704,P2,Active,Not Active,Not Active,Not Active
2026/08/10 02:40:29.256,449.08,450.00,2445,10251,78,100,34,23704,P2,Active,Not Active,Not Active,Not Active
2026/08/10 02:40:29.759,449.98,450.00,2445,10251,78,100,34,23704,P2,Active,Not Active,Not Active,Not Active
2026/08/10 02:40:30.262,449.44,450.00,2460,10251,78,100,35,23704,P2,Active,Not Active,Not Active,Not Active
2026/08/10 02:40:30.767,438.52,450.00,2475,10251,77,100,86,23704,P2,Not Active,Not Active,Not Active,Not Active
2026/08/10 02:40:31.285,397.46,450.00,2655,10251,71,100,100,23704,P2,Not Active,Not Active,Not Active,Not Active
2026/08/10 02:40:31.791,362.83,450.00,2655,10251,71,100,100,23704,P2,Active,Not Active,Not Active,Not Active
2026/08/10 02:40:32.324,388.11,450.00,2520,10251,77,100,100,23704,P2,Not Active,Not Active,Not Active,Not Active
2026/08/10 02:40:32.829,388.02,450.00,2655,10251,71,100,100,23704,P2,Not Active,Not Active,Not Active,Not Active
2026/08/10 02:40:33.332,363.38,450.00,2655,10251,70,100,100,23704,P2,Not Active,Not Active,Not Active,Not Active
2026/08/10 02:40:33.835,363.22,450.00,2655,10251,70,100,100,23704,P2,Not Active,Not Active,Not Active,Not Active
2026/08/10 02:40:34.338,362.90,450.00,2655,10251,70,100,100,23704,P2,Not Active,Not Active,Not Active,Not Active
2026/08/10 02:40:34.841,361.60,450.00,2655,10251,70,100,100,23704,P2,Not Active,Not Active,Not Active,Not Active
2026/08/10 02:40:35.345,360.90,450.00,2655,10251,70,100,100,23704,P2,Not Active,Not Active,Not Active,Not Active
2026/08/10 02:40:35.850,384.43,450.00,2655,10251,70,100,70,23704,P2,Active,Not Active,Not Active,Not Active
2026/08/10 02:40:36.353,402.23,450.00,2550,10251,76,100,70,23704,P2,Active,Not Active,Not Active,Not Active
2026/08/10 02:40:36.881,442.75,450.00,2535,10251,77,100,37,23704,P2,Active,Not Active,Not Active,Not Active
2026/08/10 02:40:37.391,460.90,450.00,2505,10251,77,100,35,23704,P2,Active,Not Active,Not Active,Not Active
2026/08/10 02:40:37.894,451.62,450.00,2430,10251,75,100,35,23704,P2,Active,Not Active,Not Active,Not Active
2026/08/10 02:40:38.398,447.14,450.00,2445,10251,76,100,34,23704,P2,Active,Not Active,Not Active,Not Active
2026/08/10 02:40:38.902,448.81,450.00,2460,10251,77,100,34,23704,P2,Active,Not Active,Not Active,Not Active
2026/08/10 02:40:39.412,448.35,450.00,2445,10251,77,100,34,23704,P2,Active,Not Active,Not Active,Not Active
2026/08/10 02:40:39.915,448.54,450.00,2460,10251,77,100,34,23704,P2,Active,Not Active,Not Active,Not Active
2026/08/10 02:40:40.418,448.73,450.00,2475,10251,76,100,34,23704,P2,Active,Not Active,Not Active,Not Active
2026/08/10 02:40:40.921,449.05,450.00,2445,10251,77,100,34,23704,P2,Active,Not Active,Not Active,Not Active
2026/08/10 02:40:41.426,449.24,450.00,2460,10251,77,100,34,23704,P2,Active,Not Active,Not Active,Not Active
2026/08/10 02:40:41.931,449.06,450.00,2460,10251,78,100,34,23704,P2,Active,Not Active,Not Active,Not Active
2026/08/10 02:40:42.434,449.03,450.00,2460,10251,77,100,33,23704,P2,Active,Not Active,Not Active,Not Active
2026/08/10 02:40:42.937,449.22,450.00,2460,10251,78,100,34,23704,P2,Active,Not Active,Not Active,Not Active
2026/08/10 02:40:43.440,449.25,450.00,2460,10251,77,100,34,23704,P2,Active,Not Active,Not Active,Not Active
2026/08/10 02:40:43.945,449.48,450.00,2490,10251,78,100,34,23727,P2,Active,Not Active,Not Active,Not Active
2026/08/10 02:40:44.450,449.88,450.00,2475,10251,78,100,34,23762,P2,Active,Not Active,Not Active,Not Active
2026/08/10 02:40:44.953,449.56,450.00,2505,10251,78,100,34,23765,P2,Active,Not Active,Not Active,Not Active
2026/08/10 02:40:45.456,449.50,450.00,2460,10251,77,100,34,23765,P2,Active,Not Active,Not Active,Not Active
2026/08/10 02:40:45.960,449.30,450.00,2445,10251,78,100,34,23764,P2,Active,Not Active,Not Active,Not Active
2026/08/10 02:40:46.464,449.15,450.00,2505,10251,78,100,33,23817,P2,Active,Not Active,Not Active,Not Active
2026/08/10 02:40:46.969,449.10,450.00,2445,10251,78,100,34,23816,P2,Active,Not Active,Not Active,Not Active
2026/08/10 02:40:47.472,449.18,450.00,2460,10251,77,100,35,23816,P2,Active,Not Active,Not Active,Not Active
2026/08/10 02:40:47.975,449.07,450.00,2445,10251,78,100,36,23814,P2,Active,Not Active,Not Active,Not Active
2026/08/10 02:40:48.478,445.20,450.00,2595,10251,77,100,39,23814,P2,Not Active,Not Active,Not Active,Not Active
2026/08/10 02:40:48.983,407.50,450.00,2655,10251,71,100,100,23769,P2,Not Active,Not Active,Not Active,Not Active
2026/08/10 02:40:49.486,370.95,450.00,2655,10251,71,100,100,23769,P2,Not Active,Not Active,Not Active,Not Active
2026/08/10 02:40:49.990,370.95,450.00,2520,10251,73,100,82,23767,P2,Active,Not Active,Not Active,Not Active
2026/08/10 02:40:50.517,389.76,450.00,2655,10251,71,100,100,23767,P2,Not Active,Not Active,Not Active,Not Active
2026/08/10 02:40:51.021,384.68,450.00,2655,10251,70,100,100,23767,P2,Not Active,Not Active,Not Active,Not Active
2026/08/10 02:40:51.524,388.97,450.00,2550,10251,77,100,76,23696,P2,Not Active,Not Active,Not Active,Not Active
2026/08/10 02:40:52.058,389.26,450.00,2655,10251,70,100,100,23705,P2,Not Active,Not Active,Not Active,Not Active
2026/08/10 02:40:52.563,366.12,450.00,2655,10251,70,100,100,23705,P2,Not Active,Not Active,Not Active,Not Active
2026/08/10 02:40:53.066,365.61,450.00,2655,10251,70,100,100,23688,P2,Not Active,Not Active,Not Active,Not Active
2026/08/10 02:40:53.569,392.59,450.00,2520,10251,76,100,68,23688,P2,Not Active,Not Active,Not Active,Not Active
2026/08/10 02:40:54.100,390.50,450.00,2655,10251,70,100,100,23688,P2,Not Active,Not Active,Not Active,Not Active
2026/08/10 02:40:54.604,409.73,450.00,2505,10251,77,100,37,23688,P2,Active,Not Active,Not Active,Not Active
2026/08/10 02:40:55.107,451.08,450.00,2430,10251,77,100,35,23688,P2,Active,Not Active,Not Active,Not Active
2026/08/10 02:40:55.610,453.24,450.00,2430,10251,76,100,35,23688,P2,Active,Not Active,Not Active,Not Active
2026/08/10 02:40:56.114,447.75,450.00,2445,10251,77,100,35,23688,P2,Active,Not Active,Not Active,Not Active
2026/08/10 02:40:56.617,451.79,450.00,2460,10251,76,100,35,23688,P2,Active,Not Active,Not Active,Not Active
2026/08/10 02:40:57.125,447.36,450.00,2445,10251,77,100,35,23688,P2,Active,Not Active,Not Active,Not Active
2026/08/10 02:40:57.628,451.31,450.00,2460,10251,77,100,35,23688,P2,Active,Not Active,Not Active,Not Active
2026/08/10 02:40:58.131,448.48,450.00,2445,10251,78,100,34,23688,P2,Active,Not Active,Not Active,Not Active
2026/08/10 02:40:58.634,450.91,450.00,2460,10251,77,100,34,23668,P2,Active,Not Active,Not Active,Not Active
2026/08/10 02:40:59.139,447.77,450.00,2445,10251,77,100,34,23688,P2,Active,Not Active,Not Active,Not Active
2026/08/10 02:40:59.642,450.72,450.00,2445,10251,77,100,34,23688,P2,Active,Not Active,Not Active,Not Active
2026/08/10 02:41:00.146,447.29,450.00,2460,10251,77,100,34,23688,P2,Active,Not Active,Not Active,Not Active
2026/08/10 02:41:00.650,450.94,450.00,2475,10251,77,100,34,23688,P2,Active,Not Active,Not Active,Not Active
2026/08/10 02:41:01.153,448.48,450.00,2430,10251,78,100,33,23700,P2,Active,Not Active,Not Active,Not Active
2026/08/10 02:41:01.657,450.00,450.00,2460,10251,77,100,35,23700,P2,Active,Not Active,Not Active,Not Active
2026/08/10 02:41:02.161,448.13,450.00,2445,10251,77,100,34,23700,P2,Active,Not Active,Not Active,Not Active
2026/08/10 02:41:02.664,450.43,450.00,2460,10251,78,100,34,23700,P2,Active,Not Active,Not Active,Not Active
2026/08/10 02:41:03.167,448.23,450.00,2460,10251,77,100,34,23700,P2,Active,Not Active,Not Active,Not Active
2026/08/10 02:41:03.670,450.12,450.00,2475,10251,78,100,34,23700,P2,Active,Not Active,Not Active,Not Active
2026/08/10 02:41:04.173,448.54,450.00,2445,10251,78,100,34,23700,P2,Active,Not Active,Not Active,Not Active
2026/08/10 02:41:04.680,450.08,450.00,2460,10251,78,100,33,23700,P2,Active,Not Active,Not Active,Not Active
2026/08/10 02:41:05.185,448.71,450.00,2445,10251,78,100,34,23700,P2,Active,Not Active,Not Active,Not Active
2026/08/10 02:41:05.688,449.95,450.00,2475,10251,78,100,35,23700,P2,Active,Not Active,Not Active,Not Active
2026/08/10 02:41:06.192,450.34,450.00,2460,10251,77,100,37,23700,P2,Active,Not Active,Not Active,Not Active
2026/08/10 02:41:06.697,409.39,450.00,2640,10251,72,100,100,23700,P2,Not Active,Not Active,Not Active,Not Active
2026/08/10 02:41:07.205,373.51,450.00,2655,10251,71,100,100,23700,P2,Not Active,Not Active,Not Active,Not Active
2026/08/10 02:41:07.708,376.55,450.00,2655,10251,71,100,74,23700,P2,Active,Not Active,Not Active,Not Active
2026/08/10 02:41:08.235,417.89,450.00,2505,10251,78,100,51,23700,P2,Not Active,Not Active,Not Active,Not Active
2026/08/10 02:41:08.784,413.56,450.00,2655,10251,71,100,100,23700,P2,Not Active,Not Active,Not Active,Not Active
2026/08/10 02:41:09.287,365.68,450.00,2655,10251,70,100,100,23700,P2,Not Active,Not Active,Not Active,Not Active
2026/08/10 02:41:09.791,363.23,450.00,2655,10251,70,100,100,23700,P2,Not Active,Not Active,Not Active,Not Active
2026/08/10 02:41:10.296,361.73,450.00,2655,10251,70,100,100,23700,P2,Not Active,Not Active,Not Active,Not Active
2026/08/10 02:41:10.799,361.97,450.00,2655,10251,70,100,100,23700,P2,Not Active,Not Active,Not Active,Not Active
2026/08/10 02:41:11.302,363.42,450.00,2655,10251,70,100,100,23700,P2,Not Active,Not Active,Not Active,Not Active
2026/08/10 02:41:11.805,390.25,450.00,2625,10251,70,100,74,23700,P2,Not Active,Not Active,Not Active,Not Active
2026/08/10 02:41:12.308,424.91,450.00,2655,10251,70,100,37,23700,P2,Active,Not Active,Not Active,Not Active
2026/08/10 02:41:12.811,445.23,450.00,2520,10251,78,100,36,23700,P2,Active,Not Active,Not Active,Not Active
2026/08/10 02:41:13.316,454.83,450.00,2415,10251,76,100,35,23700,P2,Active,Not Active,Not Active,Not Active
2026/08/10 02:41:13.820,447.01,450.00,2505,10251,78,100,35,23700,P2,Active,Not Active,Not Active,Not Active
2026/08/10 02:41:14.323,451.25,450.00,2430,10251,77,100,35,23700,P2,Active,Not Active,Not Active,Not Active
2026/08/10 02:41:14.827,447.62,450.00,2475,10251,78,100,35,23700,P2,Active,Not Active,Not Active,Not Active
2026/08/10 02:41:15.330,451.14,450.00,2445,10251,77,100,35,23700,P2,Active,Not Active,Not Active,Not Active
2026/08/10 02:41:15.835,448.21,450.00,2490,10251,78,100,34,23700,P2,Active,Not Active,Not Active,Not Active
2026/08/10 02:41:16.339,451.03,450.00,2460,10251,77,100,35,23700,P2,Active,Not Active,Not Active,Not Active
2026/08/10 02:41:16.842,448.04,450.00,2460,10251,78,100,35,23700,P2,Active,Not Active,Not Active,Not Active
2026/08/10 02:41:17.346,450.20,450.00,2430,10251,77,100,35,23700,P2,Active,Not Active,Not Active,Not Active
2026/08/10 02:41:17.849,448.36,450.00,2460,10251,77,100,34,23700,P2,Active,Not Active,Not Active,Not Active
2026/08/10 02:41:18.354,450.12,450.00,2445,10251,77,100,34,23680,P2,Active,Not Active,Not Active,Not Active
2026/08/10 02:41:18.859,448.06,450.00,2460,10251,77,100,34,23680,P2,Active,Not Active,Not Active,Not Active
2026/08/10 02:41:19.362,449.89,450.00,2445,10251,77,100,34,23680,P2,Active,Not Active,Not Active,Not Active
2026/08/10 02:41:19.865,448.52,450.00,2445,10251,77,100,33,23700,P2,Active,Not Active,Not Active,Not Active
2026/08/10 02:41:20.368,449.67,450.00,2460,10251,77,100,34,23700,P2,Active,Not Active,Not Active,Not Active
2026/08/10 02:41:20.873,448.24,450.00,2460,10251,77,100,34,23700,P2,Active,Not Active,Not Active,Not Active
2026/08/10 02:41:21.378,449.33,450.00,2460,10251,77,100,34,23700,P2,Active,Not Active,Not Active,Not Active
2026/08/10 02:41:21.881,448.62,450.00,2475,10251,78,100,33,23700,P2,Active,Not Active,Not Active,Not Active
2026/08/10 02:41:22.384,450.15,450.00,2445,10251,77,100,34,23700,P2,Active,Not Active,Not Active,Not Active
2026/08/10 02:41:22.887,449.37,450.00,2460,10251,78,100,34,23680,P2,Active,Not Active,Not Active,Not Active
2026/08/10 02:41:23.397,449.72,450.00,2445,10251,78,100,35,23700,P2,Active,Not Active,Not Active,Not Active
2026/08/10 02:41:23.901,448.71,450.00,2460,10251,77,100,39,23700,P2,Active,Not Active,Not Active,Not Active
2026/08/10 02:41:24.403,416.04,450.00,2655,10251,71,100,100,23700,P2,Not Active,Not Active,Not Active,Not Active
2026/08/10 02:41:24.907,377.29,450.00,2655,10251,70,100,100,23700,P2,Not Active,Not Active,Not Active,Not Active
2026/08/10 02:41:25.412,361.55,450.00,2655,10251,70,100,100,23700,P2,Not Active,Not Active,Not Active,Not Active
2026/08/10 02:41:25.915,387.14,450.00,2655,10251,71,100,100,23700,P2,Not Active,Not Active,Not Active,Not Active
2026/08/10 02:41:26.418,389.41,450.00,2655,10251,70,100,100,23700,P2,Not Active,Not Active,Not Active,Not Active
2026/08/10 02:41:26.921,372.52,450.00,2655,10251,70,100,87,23700,P2,Active,Not Active,Not Active,Not Active
2026/08/10 02:41:27.465,392.68,450.00,2655,10251,71,100,100,23700,P2,Not Active,Not Active,Not Active,Not Active
2026/08/10 02:41:27.970,392.55,450.00,2655,10251,70,100,100,23700,P2,Not Active,Not Active,Not Active,Not Active
2026/08/10 02:41:28.473,365.39,450.00,2655,10251,70,100,100,23700,P2,Not Active,Not Active,Not Active,Not Active
2026/08/10 02:41:28.976,365.10,450.00,2655,10251,70,100,100,23680,P2,Not Active,Not Active,Not Active,Not Active
2026/08/10 02:41:29.480,390.45,450.00,2550,10251,76,100,43,23700,P2,Not Active,Not Active,Not Active,Not Active
2026/08/10 02:41:30.001,406.90,450.00,2535,10251,75,100,77,23700,P2,Active,Not Active,Not Active,Not Active
2026/08/10 02:41:30.505,434.26,450.00,2520,10251,78,100,36,23700,P2,Active,Not Active,Not Active,Not Active
2026/08/10 02:41:31.010,456.83,450.00,2415,10251,76,100,35,23700,P2,Active,Not Active,Not Active,Not Active
2026/08/10 02:41:31.514,449.78,450.00,2505,10251,78,100,36,23700,P2,Active,Not Active,Not Active,Not Active
2026/08/10 02:41:32.018,447.60,450.00,2415,10251,76,100,35,23700,P2,Active,Not Active,Not Active,Not Active
2026/08/10 02:41:32.521,449.17,450.00,2490,10251,78,100,35,23700,P2,Active,Not Active,Not Active,Not Active
2026/08/10 02:41:33.024,448.71,450.00,2430,10251,76,100,34,23700,P2,Active,Not Active,Not Active,Not Active
2026/08/10 02:41:33.529,449.00,450.00,2475,10251,78,100,35,23700,P2,Active,Not Active,Not Active,Not Active
2026/08/10 02:41:34.034,449.23,450.00,2430,10251,77,100,34,23700,P2,Active,Not Active,Not Active,Not Active
2026/08/10 02:41:34.537,449.33,450.00,2445,10251,78,100,35,23700,P2,Active,Not Active,Not Active,Not Active
2026/08/10 02:41:35.041,449.36,450.00,2445,10251,77,100,34,23700,P2,Active,Not Active,Not Active,Not Active
2026/08/10 02:41:35.545,448.83,450.00,2460,10251,77,100,35,23700,P2,Active,Not Active,Not Active,Not Active
2026/08/10 02:41:36.050,449.25,450.00,2475,10251,77,100,34,23700,P2,Active,Not Active,Not Active,Not Active
2026/08/10 02:41:36.554,449.16,450.00,2460,10251,77,100,34,23680,P2,Active,Not Active,Not Active,Not Active
2026/08/10 02:41:37.057,449.57,450.00,2460,10251,77,100,34,23680,P2,Active,Not Active,Not Active,Not Active
2026/08/10 02:41:37.560,449.16,450.00,2460,10251,77,100,34,23680,P2,Active,Not Active,Not Active,Not Active
2026/08/10 02:41:38.065,449.43,450.00,2445,10251,77,100,34,23680,P2,Active,Not Active,Not Active,Not Active
2026/08/10 02:41:38.571,449.35,450.00,2445,10251,78,100,34,23680,P2,Active,Not Active,Not Active,Not Active
2026/08/10 02:41:39.075,450.00,450.00,2460,10251,77,100,33,23700,P2,Active,Not Active,Not Active,Not Active
2026/08/10 02:41:39.578,448.46,450.00,2445,10251,77,100,34,23700,P2,Active,Not Active,Not Active,Not Active
2026/08/10 02:41:40.081,450.39,450.00,2460,10251,77,100,33,23700,P2,Active,Not Active,Not Active,Not Active
2026/08/10 02:41:40.592,449.24,450.00,2460,10251,77,100,33,23700,P2,Active,Not Active,Not Active,Not Active
2026/08/10 02:41:41.095,449.54,450.00,2475,10251,77,100,35,23700,P2,Active,Not Active,Not Active,Not Active
2026/08/10 02:41:41.598,448.88,450.00,2445,10251,77,100,35,23700,P2,Active,Not Active,Not Active,Not Active
2026/08/10 02:41:42.101,424.33,450.00,2490,10251,74,100,100,23700,P2,Not Active,Not Active,Not Active,Not Active
2026/08/10 02:41:42.610,388.54,450.00,2655,10251,71,100,100,23700,P2,Not Active,Not Active,Not Active,Not Active
2026/08/10 02:41:43.113,366.35,450.00,2655,10251,70,100,100,23700,P2,Not Active,Not Active,Not Active,Not Active
2026/08/10 02:41:43.616,366.00,450.00,2655,10251,70,100,100,23700,P2,Active,Not Active,Not Active,Not Active
2026/08/10 02:41:44.119,390.17,450.00,2640,10251,76,100,100,23700,P2,Not Active,Not Active,Not Active,Not Active
2026/08/10 02:41:44.624,389.73,450.00,2655,10251,70,100,100,23700,P2,Not Active,Not Active,Not Active,Not Active
2026/08/10 02:41:45.128,362.68,450.00,2655,10251,70,100,100,23700,P2,Not Active,Not Active,Not Active,Not Active
2026/08/10 02:41:45.631,361.50,450.00,2655,10251,70,100,100,23700,P2,Not Active,Not Active,Not Active,Not Active
2026/08/10 02:41:46.135,363.66,450.00,2655,10251,70,100,100,23700,P2,Not Active,Not Active,Not Active,Not Active
2026/08/10 02:41:46.639,364.71,450.00,2655,10251,70,100,100,23700,P2,Not Active,Not Active,Not Active,Not Active
2026/08/10 02:41:47.145,391.89,450.00,2505,10251,76,100,62,23703,P2,Not Active,Not Active,Not Active,Not Active
2026/08/10 02:41:47.699,424.55,450.00,2655,10251,70,100,37,23700,P2,Active,Not Active,Not Active,Not Active
2026/08/10 02:41:48.208,443.53,450.00,2535,10251,77,100,36,23700,P2,Active,Not Active,Not Active,Not Active
2026/08/10 02:41:48.711,454.71,450.00,2430,10251,76,100,36,23700,P2,Active,Not Active,Not Active,Not Active
2026/08/10 02:41:49.214,447.04,450.00,2520,10251,77,100,35,23680,P2,Active,Not Active,Not Active,Not Active
2026/08/10 02:41:49.717,450.87,450.00,2430,10251,76,100,35,23700,P2,Active,Not Active,Not Active,Not Active
2026/08/10 02:41:50.221,447.54,450.00,2505,10251,78,100,35,23700,P2,Active,Not Active,Not Active,Not Active
2026/08/10 02:41:50.729,450.57,450.00,2415,10251,76,100,35,23701,P2,Active,Not Active,Not Active,Not Active
2026/08/10 02:41:51.231,448.28,450.00,2460,10251,78,100,35,23701,P2,Active,Not Active,Not Active,Not Active
2026/08/10 02:41:51.736,450.32,450.00,2430,10251,76,100,35,23701,P2,Active,Not Active,Not Active,Not Active
2026/08/10 02:41:52.239,447.98,450.00,2460,10251,77,100,35,23701,P2,Active,Not Active,Not Active,Not Active
2026/08/10 02:41:52.744,450.26,450.00,2430,10251,76,100,35,23701,P2,Active,Not Active,Not Active,Not Active
2026/08/10 02:41:53.247,447.57,450.00,2460,10251,78,100,35,23701,P2,Active,Not Active,Not Active,Not Active
2026/08/10 02:41:53.750,450.90,450.00,2445,10251,76,100,34,23701,P2,Active,Not Active,Not Active,Not Active
2026/08/10 02:41:54.253,448.57,450.00,2475,10251,78,100,33,23680,P2,Active,Not Active,Not Active,Not Active
2026/08/10 02:41:54.756,449.99,450.00,2445,10251,77,100,34,23701,P2,Active,Not Active,Not Active,Not Active
2026/08/10 02:41:55.261,448.15,450.00,2490,10251,77,100,33,23701,P2,Active,Not Active,Not Active,Not Active
2026/08/10 02:41:55.764,450.33,450.00,2445,10251,77,100,34,23701,P2,Active,Not Active,Not Active,Not Active
2026/08/10 02:41:56.267,448.91,450.00,2460,10251,77,100,34,23701,P2,Active,Not Active,Not Active,Not Active
2026/08/10 02:41:56.770,450.02,450.00,2445,10251,77,100,34,23701,P2,Active,Not Active,Not Active,Not Active
2026/08/10 02:41:57.273,448.70,450.00,2460,10251,78,100,34,23701,P2,Active,Not Active,Not Active,Not Active
2026/08/10 02:41:57.776,449.39,450.00,2460,10251,77,100,34,23701,P2,Active,Not Active,Not Active,Not Active
2026/08/10 02:41:58.285,448.34,450.00,2460,10251,77,100,35,23701,P2,Active,Not Active,Not Active,Not Active
2026/08/10 02:41:58.788,449.97,450.00,2460,10251,77,100,35,23701,P2,Active,Not Active,Not Active,Not Active
2026/08/10 02:41:59.291,448.79,450.00,2460,10251,77,100,36,23680,P2,Active,Not Active,Not Active,Not Active
2026/08/10 02:41:59.795,417.71,450.00,2550,10251,76,100,100,23701,P2,Not Active,Not Active,Not Active,Not Active
2026/08/10 02:42:00.300,379.14,450.00,2655,10251,70,100,100,23701,P2,Not Active,Not Active,Not Active,Not Active
2026/08/10 02:42:00.803,363.36,450.00,2655,10251,70,100,100,23701,P2,Not Active,Not Active,Not Active,Not Active
2026/08/10 02:42:01.306,391.04,450.00,2655,10251,70,100,94,23701,P2,Not Active,Not Active,Not Active,Not Active
2026/08/10 02:42:01.808,391.30,450.00,2655,10251,71,100,100,23701,P2,Not Active,Not Active,Not Active,Not Active
2026/08/10 02:42:02.311,365.54,450.00,2655,10251,70,100,100,23701,P2,Not Active,Not Active,Not Active,Not Active
2026/08/10 02:42:02.814,386.66,450.00,2655,10251,70,100,81,23680,P2,Active,Not Active,Not Active,Not Active
2026/08/10 02:42:03.324,392.23,450.00,2565,10251,77,100,100,23701,P2,Not Active,Not Active,Not Active,Not Active
2026/08/10 02:42:03.827,383.82,450.00,2655,10251,70,100,100,23701,P2,Not Active,Not Active,Not Active,Not Active
2026/08/10 02:42:04.331,364.67,450.00,2655,10251,70,100,100,23701,P2,Not Active,Not Active,Not Active,Not Active
2026/08/10 02:42:04.835,383.59,450.00,2655,10251,70,100,72,23701,P2,Active,Not Active,Not Active,Not Active
2026/08/10 02:42:05.339,394.18,450.00,2655,10251,76,100,94,23701,P2,Active,Not Active,Not Active,Not Active
2026/08/10 02:42:05.843,437.73,450.00,2520,10251,77,100,37,23701,P2,Active,Not Active,Not Active,Not Active
2026/08/10 02:42:06.346,458.30,450.00,2520,10251,78,100,36,23701,P2,Active,Not Active,Not Active,Not Active
2026/08/10 02:42:06.849,451.81,450.00,2415,10251,76,100,36,23680,P2,Active,Not Active,Not Active,Not Active
2026/08/10 02:42:07.352,447.34,450.00,2460,10251,78,100,35,23701,P2,Active,Not Active,Not Active,Not Active
2026/08/10 02:42:07.858,452.01,450.00,2430,10251,76,100,36,23701,P2,Active,Not Active,Not Active,Not Active
2026/08/10 02:42:08.362,447.94,450.00,2460,10251,78,100,35,23701,P2,Active,Not Active,Not Active,Not Active
2026/08/10 02:42:08.864,451.48,450.00,2430,10251,76,100,35,23680,P2,Active,Not Active,Not Active,Not Active
2026/08/10 02:42:09.367,447.88,450.00,2445,10251,78,100,35,23680,P2,Active,Not Active,Not Active,Not Active
2026/08/10 02:42:09.871,449.78,450.00,2445,10251,77,100,34,23701,P2,Active,Not Active,Not Active,Not Active
2026/08/10 02:42:10.374,448.07,450.00,2460,10251,78,100,34,23701,P2,Active,Not Active,Not Active,Not Active
2026/08/10 02:42:10.882,449.65,450.00,2460,10251,77,100,34,23701,P2,Active,Not Active,Not Active,Not Active
2026/08/10 02:42:11.384,447.76,450.00,2475,10251,77,100,34,23701,P2,Active,Not Active,Not Active,Not Active
2026/08/10 02:42:11.887,449.52,450.00,2460,10251,77,100,34,23701,P2,Active,Not Active,Not Active,Not Active
2026/08/10 02:42:12.390,448.24,450.00,2445,10251,77,100,34,23701,P2,Active,Not Active,Not Active,Not Active
2026/08/10 02:42:12.894,449.50,450.00,2460,10251,77,100,34,23701,P2,Active,Not Active,Not Active,Not Active
2026/08/10 02:42:13.401,448.41,450.00,2445,10251,77,100,34,23701,P2,Active,Not Active,Not Active,Not Active
2026/08/10 02:42:13.904,449.88,450.00,2445,10251,77,100,34,23680,P2,Active,Not Active,Not Active,Not Active
2026/08/10 02:42:14.407,448.56,450.00,2460,10251,77,100,33,23680,P2,Active,Not Active,Not Active,Not Active
2026/08/10 02:42:14.910,449.02,450.00,2475,10251,77,100,33,23701,P2,Active,Not Active,Not Active,Not Active
2026/08/10 02:42:15.414,449.01,450.00,2475,10251,77,100,34,23701,P2,Active,Not Active,Not Active,Not Active
2026/08/10 02:42:15.920,449.11,450.00,2460,10251,78,100,34,23701,P2,Active,Not Active,Not Active,Not Active
2026/08/10 02:42:16.423,448.92,450.00,2460,10251,77,100,34,23701,P2,Active,Not Active,Not Active,Not Active
2026/08/10 02:42:16.928,449.54,450.00,2445,10251,77,100,36,23680,P2,Active,Not Active,Not Active,Not Active
2026/08/10 02:42:17.432,438.91,450.00,2655,10251,72,100,57,23701,P2,Not Active,Not Active,Not Active,Not Active
2026/08/10 02:42:17.937,398.27,450.00,2655,10251,71,100,100,23680,P2,Not Active,Not Active,Not Active,Not Active
2026/08/10 02:42:18.440,365.70,450.00,2655,10251,70,100,100,23701,P2,Not Active,Not Active,Not Active,Not Active
2026/08/10 02:42:18.943,365.20,450.00,2655,10251,70,100,100,23680,P2,Not Active,Not Active,Not Active,Not Active
2026/08/10 02:42:19.446,364.73,450.00,2655,10251,70,100,100,23701,P2,Active,Not Active,Not Active,Not Active
2026/08/10 02:42:19.949,389.52,450.00,2655,10251,71,100,100,23701,P2,Not Active,Not Active,Not Active,Not Active
2026/08/10 02:42:20.454,388.57,450.00,2655,10251,70,100,100,23701,P2,Not Active,Not Active,Not Active,Not Active
2026/08/10 02:42:20.958,362.01,450.00,2655,10251,70,100,100,23701,P2,Not Active,Not Active,Not Active,Not Active
2026/08/10 02:42:21.461,362.95,450.00,2655,10251,70,100,100,23701,P2,Not Active,Not Active,Not Active,Not Active
2026/08/10 02:42:21.964,363.87,450.00,2655,10251,70,100,100,23701,P2,Not Active,Not Active,Not Active,Not Active
2026/08/10 02:42:22.468,392.11,450.00,2520,10251,76,100,48,23701,P2,Active,Not Active,Not Active,Not Active
2026/08/10 02:42:22.983,407.96,450.00,2520,10251,70,100,89,23680,P2,Active,Not Active,Not Active,Not Active
2026/08/10 02:42:23.486,442.34,450.00,2505,10251,78,100,37,23701,P2,Active,Not Active,Not Active,Not Active
2026/08/10 02:42:23.990,458.56,450.00,2415,10251,76,100,35,23680,P2,Active,Not Active,Not Active,Not Active
2026/08/10 02:42:24.497,450.32,450.00,2505,10251,78,100,36,23701,P2,Active,Not Active,Not Active,Not Active
2026/08/10 02:42:25.000,447.16,450.00,2430,10251,76,100,35,23701,P2,Active,Not Active,Not Active,Not Active
2026/08/10 02:42:25.503,449.41,450.00,2475,10251,78,100,36,23701,P2,Active,Not Active,Not Active,Not Active
2026/08/10 02:42:26.006,448.00,450.00,2430,10251,76,100,35,23701,P2,Active,Not Active,Not Active,Not Active
2026/08/10 02:42:26.511,450.03,450.00,2460,10251,78,100,35,23701,P2,Active,Not Active,Not Active,Not Active
2026/08/10 02:42:27.016,448.83,450.00,2430,10251,76,100,35,23701,P2,Active,Not Active,Not Active,Not Active
2026/08/10 02:42:27.519,449.22,450.00,2475,10251,77,100,35,23701,P2,Active,Not Active,Not Active,Not Active
2026/08/10 02:42:28.022,449.68,450.00,2430,10251,76,100,34,23701,P2,Active,Not Active,Not Active,Not Active
2026/08/10 02:42:28.525,449.50,450.00,2445,10251,77,100,34,23701,P2,Active,Not Active,Not Active,Not Active
2026/08/10 02:42:29.031,448.73,450.00,2445,10251,76,100,33,23680,P2,Active,Not Active,Not Active,Not Active
2026/08/10 02:42:29.536,449.21,450.00,2445,10251,77,100,34,23701,P2,Active,Not Active,Not Active,Not Active
2026/08/10 02:42:30.038,449.15,450.00,2475,10251,77,100,33,23701,P2,Active,Not Active,Not Active,Not Active
2026/08/10 02:42:30.542,449.18,450.00,2460,10251,77,100,34,23701,P2,Active,Not Active,Not Active,Not Active
2026/08/10 02:42:31.045,449.15,450.00,2445,10251,77,100,34,23701,P2,Active,Not Active,Not Active,Not Active
2026/08/10 02:42:31.549,449.69,450.00,2490,10251,77,100,34,23680,P2,Active,Not Active,Not Active,Not Active
2026/08/10 02:42:32.055,448.69,450.00,2445,10251,77,100,34,23701,P2,Active,Not Active,Not Active,Not Active
2026/08/10 02:42:32.558,449.35,450.00,2460,10251,77,100,34,23701,P2,Active,Not Active,Not Active,Not Active
2026/08/10 02:42:33.061,449.08,450.00,2445,10251,77,100,34,23701,P2,Active,Not Active,Not Active,Not Active
2026/08/10 02:42:33.565,449.13,450.00,2445,10251,77,100,34,23701,P2,Active,Not Active,Not Active,Not Active
2026/08/10 02:42:34.069,449.80,450.00,2460,10251,77,100,35,23701,P2,Active,Not Active,Not Active,Not Active
2026/08/10 02:42:34.574,448.55,450.00,2445,10251,77,100,36,23701,P2,Active,Not Active,Not Active,Not Active
2026/08/10 02:42:35.077,429.97,450.00,2610,10251,76,100,100,23701,P2,Not Active,Not Active,Not Active,Not Active
2026/08/10 02:42:35.624,390.36,450.00,2655,10251,71,100,100,23701,P2,Not Active,Not Active,Not Active,Not Active
2026/08/10 02:42:36.129,364.02,450.00,2655,10251,70,100,100,23701,P2,Not Active,Not Active,Not Active,Not Active
2026/08/10 02:42:36.633,389.89,450.00,2520,10251,72,100,51,23701,P2,Not Active,Not Active,Not Active,Not Active
2026/08/10 02:42:37.163,390.90,450.00,2655,10251,71,100,100,23701,P2,Not Active,Not Active,Not Active,Not Active
2026/08/10 02:42:37.669,365.25,450.00,2655,10251,70,100,100,23701,P2,Not Active,Not Active,Not Active,Not Active
2026/08/10 02:42:38.172,364.61,450.00,2655,10251,70,100,100,23701,P2,Not Active,Not Active,Not Active,Not Active
2026/08/10 02:42:38.675,390.30,450.00,2655,10251,70,100,56,23701,P2,Not Active,Not Active,Not Active,Not Active
2026/08/10 02:42:39.179,391.08,450.00,2655,10251,71,100,100,23701,P2,Not Active,Not Active,Not Active,Not Active
2026/08/10 02:42:39.681,370.66,450.00,2655,10251,70,100,100,23701,P2,Not Active,Not Active,Not Active,Not Active
2026/08/10 02:42:40.185,381.05,450.00,2655,10251,70,100,78,23701,P2,Active,Not Active,Not Active,Not Active
2026/08/10 02:42:40.691,390.54,450.00,2655,10251,71,100,100,23701,P2,Active,Not Active,Not Active,Not Active
2026/08/10 02:42:41.221,438.11,450.00,2520,10251,76,100,37,23701,P2,Active,Not Active,Not Active,Not Active
2026/08/10 02:42:41.725,456.52,450.00,2415,10251,77,100,36,23680,P2,Active,Not Active,Not Active,Not Active
2026/08/10 02:42:42.232,452.58,450.00,2460,10251,76,100,36,23701,P2,Active,Not Active,Not Active,Not Active
2026/08/10 02:42:42.735,447.12,450.00,2460,10251,77,100,35,23701,P2,Active,Not Active,Not Active,Not Active
2026/08/10 02:42:43.237,451.79,450.00,2460,10251,76,100,36,23701,P2,Active,Not Active,Not Active,Not Active
2026/08/10 02:42:43.741,447.88,450.00,2430,10251,77,100,35,23701,P2,Active,Not Active,Not Active,Not Active
2026/08/10 02:42:44.246,451.99,450.00,2445,10251,76,100,35,23701,P2,Active,Not Active,Not Active,Not Active
2026/08/10 02:42:44.749,448.32,450.00,2430,10251,77,100,34,23701,P2,Active,Not Active,Not Active,Not Active
2026/08/10 02:42:45.252,450.60,450.00,2475,10251,76,100,35,23701,P2,Active,Not Active,Not Active,Not Active
2026/08/10 02:42:45.756,447.62,450.00,2430,10251,77,100,34,23701,P2,Active,Not Active,Not Active,Not Active
2026/08/10 02:42:46.259,449.95,450.00,2460,10251,77,100,35,23701,P2,Active,Not Active,Not Active,Not Active
2026/08/10 02:42:46.764,449.18,450.00,2430,10251,77,100,34,23683,P2,Active,Not Active,Not Active,Not Active
2026/08/10 02:42:47.269,449.69,450.00,2475,10251,77,100,34,23703,P2,Active,Not Active,Not Active,Not Active
2026/08/10 02:42:47.772,449.24,450.00,2445,10251,77,100,34,23701,P2,Active,Not Active,Not Active,Not Active
2026/08/10 02:42:48.276,449.62,450.00,2460,10251,77,100,34,23701,P2,Active,Not Active,Not Active,Not Active
2026/08/10 02:42:48.779,449.73,450.00,2430,10251,77,100,34,23701,P2,Active,Not Active,Not Active,Not Active
2026/08/10 02:42:49.284,449.54,450.00,2460,10251,78,100,34,23701,P2,Active,Not Active,Not Active,Not Active
2026/08/10 02:42:49.789,450.12,450.00,2445,10251,77,100,33,23701,P2,Active,Not Active,Not Active,Not Active
2026/08/10 02:42:50.292,449.50,450.00,2475,10251,77,100,34,23701,P2,Active,Not Active,Not Active,Not Active
2026/08/10 02:42:50.795,449.15,450.00,2430,10251,77,100,34,23701,P2,Active,Not Active,Not Active,Not Active
2026/08/10 02:42:51.298,449.20,450.00,2460,10251,78,100,33,23701,P2,Active,Not Active,Not Active,Not Active
2026/08/10 02:42:51.802,450.43,450.00,2445,10251,77,100,34,23701,P2,Active,Not Active,Not Active,Not Active
2026/08/10 02:42:52.308,448.44,450.00,2460,10251,78,100,36,23701,P2,Active,Not Active,Not Active,Not Active
2026/08/10 02:42:52.811,440.54,450.00,2430,10251,77,100,47,23701,P2,Not Active,Not Active,Not Active,Not Active
2026/08/10 02:42:53.316,400.04,450.00,2655,10251,72,100,100,23701,P2,Not Active,Not Active,Not Active,Not Active
2026/08/10 02:42:53.819,364.83,450.00,2655,10251,71,100,100,23701,P2,Not Active,Not Active,Not Active,Not Active
2026/08/10 02:42:54.324,365.32,450.00,2655,10251,70,100,100,23701,P2,Not Active,Not Active,Not Active,Not Active
2026/08/10 02:42:54.827,362.95,450.00,2655,10251,70,100,100,23701,P2,Not Active,Not Active,Not Active,Not Active
2026/08/10 02:42:55.330,376.33,450.00,2655,10251,70,100,54,23701,P2,Active,Not Active,Not Active,Not Active
2026/08/10 02:42:55.858,412.09,450.00,2520,10251,77,100,100,23701,P2,Not Active,Not Active,Not Active,Not Active
2026/08/10 02:42:56.370,398.55,450.00,2655,10251,71,100,100,23701,P2,Not Active,Not Active,Not Active,Not Active
2026/08/10 02:42:56.873,364.58,450.00,2655,10251,70,100,100,23701,P2,Not Active,Not Active,Not Active,Not Active
2026/08/10 02:42:57.376,364.56,450.00,2655,10251,70,100,100,23701,P2,Not Active,Not Active,Not Active,Not Active
2026/08/10 02:42:57.881,369.50,450.00,2655,10251,70,100,91,23701,P2,Active,Not Active,Not Active,Not Active
2026/08/10 02:42:58.386,388.80,450.00,2550,10251,70,100,100,23701,P2,Not Active,Not Active,Not Active,Not Active
2026/08/10 02:42:58.889,433.08,450.00,2655,10251,70,100,37,23701,P2,Active,Not Active,Not Active,Not Active
2026/08/10 02:42:59.393,448.48,450.00,2535,10251,77,100,36,23680,P2,Active,Not Active,Not Active,Not Active
2026/08/10 02:42:59.896,452.95,450.00,2430,10251,76,100,36,23701,P2,Active,Not Active,Not Active,Not Active
2026/08/10 02:43:00.401,447.03,450.00,2520,10251,78,100,35,23701,P2,Active,Not Active,Not Active,Not Active
2026/08/10 02:43:00.906,452.26,450.00,2490,10251,78,100,36,23701,P2,Active,Not Active,Not Active,Not Active
2026/08/10 02:43:01.409,446.74,450.00,2430,10251,76,100,35,23701,P2,Active,Not Active,Not Active,Not Active
2026/08/10 02:43:01.913,451.14,450.00,2490,10251,78,100,35,23701,P2,Active,Not Active,Not Active,Not Active
2026/08/10 02:43:02.417,447.33,450.00,2430,10251,76,100,35,23701,P2,Active,Not Active,Not Active,Not Active
2026/08/10 02:43:02.921,450.63,450.00,2475,10251,77,100,35,23701,P2,Active,Not Active,Not Active,Not Active
2026/08/10 02:43:03.424,447.86,450.00,2430,10251,77,100,34,23701,P2,Active,Not Active,Not Active,Not Active
2026/08/10 02:43:03.927,450.22,450.00,2475,10251,77,100,34,23701,P2,Active,Not Active,Not Active,Not Active
2026/08/10 02:43:04.430,448.36,450.00,2430,10251,76,100,33,23701,P2,Active,Not Active,Not Active,Not Active
2026/08/10 02:43:04.933,450.41,450.00,2490,10251,77,100,34,23701,P2,Active,Not Active,Not Active,Not Active
2026/08/10 02:43:05.437,448.44,450.00,2445,10251,77,100,33,23701,P2,Active,Not Active,Not Active,Not Active
2026/08/10 02:43:05.944,450.06,450.00,2475,10251,78,100,34,23701,P2,Active,Not Active,Not Active,Not Active
2026/08/10 02:43:06.446,447.88,450.00,2445,10251,77,100,33,23701,P2,Active,Not Active,Not Active,Not Active
2026/08/10 02:43:06.950,450.64,450.00,2445,10251,78,100,34,23701,P2,Active,Not Active,Not Active,Not Active
2026/08/10 02:43:07.453,448.87,450.00,2460,10251,77,100,34,23701,P2,Active,Not Active,Not Active,Not Active
2026/08/10 02:43:07.964,449.37,450.00,2460,10251,78,100,34,23701,P2,Active,Not Active,Not Active,Not Active
2026/08/10 02:43:08.467,449.65,450.00,2460,10251,77,100,34,23701,P2,Active,Not Active,Not Active,Not Active
2026/08/10 02:43:08.970,449.17,450.00,2475,10251,78,100,34,23701,P2,Active,Not Active,Not Active,Not Active
2026/08/10 02:43:09.474,449.54,450.00,2460,10251,77,100,34,23701,P2,Active,Not Active,Not Active,Not Active
2026/08/10 02:43:09.978,449.84,450.00,2460,10251,78,100,35,23701,P2,Active,Not Active,Not Active,Not Active
2026/08/10 02:43:10.483,448.30,450.00,2520,10251,76,100,47,23701,P2,Active,Not Active,Not Active,Not Active
2026/08/10 02:43:10.986,408.95,450.00,2655,10251,71,100,100,23701,P2,Not Active,Not Active,Not Active,Not Active
2026/08/10 02:43:11.489,372.55,450.00,2655,10251,71,100,100,23680,P2,Not Active,Not Active,Not Active,Not Active
2026/08/10 02:43:11.992,365.37,450.00,2655,10251,70,100,100,23701,P2,Not Active,Not Active,Not Active,Not Active
2026/08/10 02:43:12.497,390.03,450.00,2655,10251,71,100,100,23701,P2,Not Active,Not Active,Not Active,Not Active
2026/08/10 02:43:13.001,389.95,450.00,2655,10251,70,100,100,23701,P2,Not Active,Not Active,Not Active,Not Active
2026/08/10 02:43:13.504,364.94,450.00,2655,10251,70,100,100,23701,P2,Not Active,Not Active,Not Active,Not Active
2026/08/10 02:43:14.009,364.74,450.00,2655,10251,70,100,100,23701,P2,Not Active,Not Active,Not Active,Not Active
2026/08/10 02:43:14.512,380.95,450.00,2520,10251,76,100,50,23701,P2,Active,Not Active,Not Active,Not Active
2026/08/10 02:43:15.030,388.98,450.00,2655,10251,70,100,100,23701,P2,Not Active,Not Active,Not Active,Not Active
2026/08/10 02:43:15.535,381.33,450.00,2655,10251,70,100,100,23701,P2,Not Active,Not Active,Not Active,Not Active
2026/08/10 02:43:16.038,387.93,450.00,2625,10251,72,100,45,23701,P2,Not Active,Not Active,Not Active,Not Active
2026/08/10 02:43:16.541,410.03,450.00,2505,10251,77,100,42,23701,P2,Active,Not Active,Not Active,Not Active
2026/08/10 02:43:17.045,438.91,450.00,2445,10251,77,100,37,23701,P2,Active,Not Active,Not Active,Not Active
2026/08/10 02:43:17.548,455.57,450.00,2415,10251,76,100,36,23680,P2,Active,Not Active,Not Active,Not Active
2026/08/10 02:43:18.054,446.49,450.00,2445,10251,77,100,36,23701,P2,Active,Not Active,Not Active,Not Active
2026/08/10 02:43:18.558,450.85,450.00,2445,10251,76,100,35,23701,P2,Active,Not Active,Not Active,Not Active
2026/08/10 02:43:19.063,447.39,450.00,2460,10251,78,100,35,23701,P2,Active,Not Active,Not Active,Not Active
2026/08/10 02:43:19.566,450.15,450.00,2445,10251,77,100,34,23701,P2,Active,Not Active,Not Active,Not Active
2026/08/10 02:43:20.071,448.69,450.00,2490,10251,77,100,34,23701,P2,Active,Not Active,Not Active,Not Active
2026/08/10 02:43:20.577,450.11,450.00,2430,10251,77,100,34,23701,P2,Active,Not Active,Not Active,Not Active
2026/08/10 02:43:21.081,448.80,450.00,2445,10251,77,100,34,23701,P2,Active,Not Active,Not Active,Not Active
2026/08/10 02:43:21.585,450.30,450.00,2445,10251,77,100,34,23701,P2,Active,Not Active,Not Active,Not Active
2026/08/10 02:43:22.089,448.20,450.00,2445,10251,77,100,34,23701,P2,Active,Not Active,Not Active,Not Active
2026/08/10 02:43:22.595,450.05,450.00,2460,10251,77,100,34,23701,P2,Active,Not Active,Not Active,Not Active
2026/08/10 02:43:23.098,448.14,450.00,2445,10251,77,100,34,23701,P2,Active,Not Active,Not Active,Not Active
2026/08/10 02:43:23.602,450.67,450.00,2445,10251,77,100,34,23701,P2,Active,Not Active,Not Active,Not Active
2026/08/10 02:43:24.106,448.23,450.00,2445,10251,77,100,34,23701,P2,Active,Not Active,Not Active,Not Active
2026/08/10 02:43:24.611,450.01,450.00,2460,10251,77,100,34,23701,P2,Active,Not Active,Not Active,Not Active
2026/08/10 02:43:25.118,449.17,450.00,2445,10251,77,100,34,23701,P2,Active,Not Active,Not Active,Not Active
2026/08/10 02:43:25.622,450.57,450.00,2475,10251,77,100,34,23701,P2,Active,Not Active,Not Active,Not Active
2026/08/10 02:43:26.126,448.58,450.00,2460,10251,77,100,34,23701,P2,Active,Not Active,Not Active,Not Active
2026/08/10 02:43:26.631,450.56,450.00,2460,10251,77,100,34,23701,P2,Active,Not Active,Not Active,Not Active
2026/08/10 02:43:27.137,449.00,450.00,2445,10251,77,100,34,23701,P2,Active,Not Active,Not Active,Not Active
2026/08/10 02:43:27.640,449.84,450.00,2445,10251,77,100,36,23680,P2,Active,Not Active,Not Active,Not Active
2026/08/10 02:43:28.144,448.57,450.00,2445,10251,77,100,37,23701,P2,Active,Not Active,Not Active,Not Active
2026/08/10 02:43:28.648,418.89,450.00,2640,10251,72,100,100,23701,P2,Not Active,Not Active,Not Active,Not Active
2026/08/10 02:43:29.156,381.88,450.00,2655,10251,71,100,100,23701,P2,Not Active,Not Active,Not Active,Not Active
2026/08/10 02:43:29.660,364.36,450.00,2655,10251,70,100,100,23701,P2,Not Active,Not Active,Not Active,Not Active
2026/08/10 02:43:30.163,362.29,450.00,2655,10251,70,100,100,23701,P2,Not Active,Not Active,Not Active,Not Active
2026/08/10 02:43:30.665,360.43,450.00,2655,10251,70,100,100,23701,P2,Not Active,Not Active,Not Active,Not Active
2026/08/10 02:43:31.170,377.81,450.00,2655,10251,70,100,88,23701,P2,Active,Not Active,Not Active,Not Active
2026/08/10 02:43:31.675,388.33,450.00,2655,10251,71,100,100,23701,P2,Not Active,Not Active,Not Active,Not Active
2026/08/10 02:43:32.178,383.17,450.00,2655,10251,70,100,100,23701,P2,Not Active,Not Active,Not Active,Not Active
2026/08/10 02:43:32.682,364.24,450.00,2655,10251,70,100,100,23701,P2,Not Active,Not Active,Not Active,Not Active
2026/08/10 02:43:33.185,364.40,450.00,2655,10251,70,100,100,23701,P2,Not Active,Not Active,Not Active,Not Active
2026/08/10 02:43:33.690,391.49,450.00,2505,10251,76,100,92,23701,P2,Not Active,Not Active,Not Active,Not Active
2026/08/10 02:43:34.194,419.51,450.00,2565,10251,75,100,44,23701,P2,Active,Not Active,Not Active,Not Active
2026/08/10 02:43:34.697,440.78,450.00,2505,10251,78,100,36,23701,P2,Active,Not Active,Not Active,Not Active
2026/08/10 02:43:35.204,454.47,450.00,2430,10251,76,100,35,23701,P2,Active,Not Active,Not Active,Not Active
2026/08/10 02:43:35.709,447.52,450.00,2520,10251,77,100,36,23701,P2,Active,Not Active,Not Active,Not Active
2026/08/10 02:43:36.215,450.30,450.00,2430,10251,76,100,35,23701,P2,Active,Not Active,Not Active,Not Active
2026/08/10 02:43:36.718,448.23,450.00,2475,10251,78,100,36,23701,P2,Active,Not Active,Not Active,Not Active
2026/08/10 02:43:37.221,450.45,450.00,2430,10251,76,100,35,23701,P2,Active,Not Active,Not Active,Not Active
2026/08/10 02:43:37.725,447.31,450.00,2475,10251,78,100,38,23701,P2,Not Active,Not Active,Not Active,Not Active
2026/08/10 02:43:38.264,401.88,450.00,2655,10251,70,100,100,23701,P2,Not Active,Not Active,Not Active,Not Active
2026/08/10 02:43:38.771,351.38,450.00,2655,10251,69,100,100,23701,P2,Not Active,Not Active,Not Active,Not Active
2026/08/10 02:43:39.274,346.11,450.00,2655,10251,69,100,100,23701,P2,Not Active,Not Active,Not Active,Not Active
2026/08/10 02:43:39.778,343.91,450.00,2655,10251,69,100,100,23701,P2,Not Active,Not Active,Not Active,Not Active
2026/08/10 02:43:40.281,338.14,450.00,2655,10251,68,100,100,23701,P2,Not Active,Not Active,Not Active,Not Active
2026/08/10 02:43:40.784,332.41,450.00,2655,10251,68,100,100,23701,P2,Not Active,Not Active,Not Active,Not Active
2026/08/10 02:43:41.291,331.39,450.00,2655,10251,68,100,100,23701,P2,Not Active,Not Active,Not Active,Not Active
2026/08/10 02:43:41.794,332.34,450.00,2655,10251,68,100,100,23701,P2,Not Active,Not Active,Not Active,Not Active
2026/08/10 02:43:42.297,331.56,450.00,2655,10251,67,100,100,23701,P2,Not Active,Not Active,Not Active,Not Active
2026/08/10 02:43:42.801,309.78,450.00,2655,10251,67,100,100,23701,P2,Not Active,Not Active,Not Active,Not Active
2026/08/10 02:43:43.306,198.46,450.00,2655,10251,61,0,0,23701,P2,Not Active,Not Active,Not Active,Not Active
