timestamp,power_w,power_limit_w,clock_sm_mhz,clock_mem_mhz,temp_c,util_gpu_pct,util_mem_pct,mem_used_mib,pstate,throttle_sw_power_cap,throttle_hw_thermal,throttle_sw_thermal,throttle_hw_slowdown
2026/08/10 02:43:45.505,50.72,450.00,420,810,57,2,3,23701,P5,Not Active,Not Active,Not Active,Not Active
2026/08/10 02:43:46.084,36.28,450.00,330,810,57,1,3,23701,P5,Not Active,Not Active,Not Active,Not Active
2026/08/10 02:43:46.665,33.14,450.00,285,810,56,2,3,23722,P5,Not Active,Not Active,Not Active,Not Active
2026/08/10 02:43:47.244,30.04,450.00,225,405,56,2,5,23722,P8,Not Active,Not Active,Not Active,Not Active
2026/08/10 02:43:47.855,24.78,450.00,210,405,56,2,6,23699,P8,Not Active,Not Active,Not Active,Not Active
2026/08/10 02:43:48.471,23.19,450.00,210,405,55,2,6,23719,P8,Not Active,Not Active,Not Active,Not Active
2026/08/10 02:43:49.074,22.97,450.00,210,405,55,2,6,23719,P8,Not Active,Not Active,Not Active,Not Active
2026/08/10 02:43:49.671,22.81,450.00,210,405,55,20,7,23719,P8,Not Active,Not Active,Not Active,Not Active
2026/08/10 02:43:50.274,22.78,450.00,210,405,54,6,6,23719,P8,Not Active,Not Active,Not Active,Not Active
2026/08/10 02:43:50.884,22.77,450.00,210,405,54,13,6,23719,P8,Not Active,Not Active,Not Active,Not Active
2026/08/10 02:43:51.490,22.42,450.00,210,405,54,4,6,23699,P8,Not Active,Not Active,Not Active,Not Active
2026/08/10 02:43:52.093,22.17,450.00,210,405,54,3,5,23719,P8,Not Active,Not Active,Not Active,Not Active
2026/08/10 02:43:52.753,23.43,450.00,210,405,53,3,6,23699,P8,Not Active,Not Active,Not Active,Not Active
2026/08/10 02:43:53.375,23.91,450.00,210,405,53,2,5,23699,P8,Not Active,Not Active,Not Active,Not Active
2026/08/10 02:43:53.997,22.96,450.00,210,405,53,3,6,23699,P8,Not Active,Not Active,Not Active,Not Active
2026/08/10 02:43:54.598,22.23,450.00,210,405,53,5,6,23719,P8,Not Active,Not Active,Not Active,Not Active
2026/08/10 02:43:55.209,22.29,450.00,210,405,52,13,6,23719,P8,Not Active,Not Active,Not Active,Not Active
2026/08/10 02:43:55.814,25.36,450.00,210,405,52,34,22,23719,P8,Active,Not Active,Not Active,Not Active
2026/08/10 02:43:56.370,217.48,450.00,2520,10251,57,100,37,23719,P2,Active,Not Active,Not Active,Not Active
2026/08/10 02:43:56.874,418.84,450.00,2520,10251,71,100,29,23719,P2,Active,Not Active,Not Active,Not Active
2026/08/10 02:43:57.377,455.29,450.00,2430,10251,70,100,29,23719,P2,Active,Not Active,Not Active,Not Active
2026/08/10 02:43:57.882,447.45,450.00,2520,10251,71,100,30,23719,P2,Active,Not Active,Not Active,Not Active
2026/08/10 02:43:58.386,449.90,450.00,2430,10251,71,100,29,23719,P2,Active,Not Active,Not Active,Not Active
2026/08/10 02:43:58.889,448.35,450.00,2520,10251,72,100,30,23719,P2,Active,Not Active,Not Active,Not Active
2026/08/10 02:43:59.393,450.32,450.00,2430,10251,71,100,29,23699,P2,Active,Not Active,Not Active,Not Active
2026/08/10 02:43:59.896,448.50,450.00,2505,10251,72,100,30,23719,P2,Active,Not Active,Not Active,Not Active
2026/08/10 02:44:00.401,449.80,450.00,2445,10251,72,100,29,23719,P2,Active,Not Active,Not Active,Not Active
2026/08/10 02:44:00.906,448.77,450.00,2520,10251,73,100,30,23719,P2,Active,Not Active,Not Active,Not Active
2026/08/10 02:44:01.410,450.41,450.00,2460,10251,73,100,30,23719,P2,Active,Not Active,Not Active,Not Active
2026/08/10 02:44:01.913,449.46,450.00,2490,10251,73,100,30,23719,P2,Active,Not Active,Not Active,Not Active
2026/08/10 02:44:02.417,449.54,450.00,2430,10251,73,100,30,23699,P2,Active,Not Active,Not Active,Not Active
2026/08/10 02:44:02.922,449.47,450.00,2490,10251,73,100,30,23719,P2,Active,Not Active,Not Active,Not Active
2026/08/10 02:44:03.427,450.00,450.00,2475,10251,74,100,30,23719,P2,Active,Not Active,Not Active,Not Active
2026/08/10 02:44:03.931,449.43,450.00,2460,10251,73,100,31,23719,P2,Active,Not Active,Not Active,Not Active
2026/08/10 02:44:04.434,449.76,450.00,2475,10251,74,100,32,23719,P2,Active,Not Active,Not Active,Not Active
2026/08/10 02:44:04.946,449.30,450.00,2490,10251,74,100,32,23719,P2,Active,Not Active,Not Active,Not Active
2026/08/10 02:44:05.449,449.87,450.00,2490,10251,73,100,33,23719,P2,Active,Not Active,Not Active,Not Active
2026/08/10 02:44:05.952,449.31,450.00,2460,10251,74,100,34,23719,P2,Active,Not Active,Not Active,Not Active
2026/08/10 02:44:06.457,449.44,450.00,2475,10251,74,100,35,23719,P2,Active,Not Active,Not Active,Not Active
2026/08/10 02:44:06.962,448.20,450.00,2490,10251,73,100,37,23719,P2,Active,Not Active,Not Active,Not Active
2026/08/10 02:44:07.466,417.40,450.00,2655,10251,68,100,100,23719,P2,Not Active,Not Active,Not Active,Not Active
2026/08/10 02:44:07.969,375.82,450.00,2655,10251,67,100,100,23719,P2,Not Active,Not Active,Not Active,Not Active
2026/08/10 02:44:08.472,359.18,450.00,2655,10251,67,100,100,23699,P2,Not Active,Not Active,Not Active,Not Active
2026/08/10 02:44:08.976,358.91,450.00,2655,10251,67,100,100,23719,P2,Not Active,Not Active,Not Active,Not Active
2026/08/10 02:44:09.481,359.67,450.00,2655,10251,67,100,100,23719,P2,Not Active,Not Active,Not Active,Not Active
2026/08/10 02:44:09.984,356.73,450.00,2655,10251,67,100,100,23719,P2,Not Active,Not Active,Not Active,Not Active
2026/08/10 02:44:10.487,355.75,450.00,2655,10251,67,100,100,23719,P2,Not Active,Not Active,Not Active,Not Active
2026/08/10 02:44:10.992,356.77,450.00,2655,10251,67,100,100,23719,P2,Not Active,Not Active,Not Active,Not Active
2026/08/10 02:44:11.496,358.50,450.00,2655,10251,67,100,100,23719,P2,Not Active,Not Active,Not Active,Not Active
2026/08/10 02:44:12.001,360.25,450.00,2655,10251,67,100,100,23719,P2,Not Active,Not Active,Not Active,Not Active
2026/08/10 02:44:12.504,390.41,450.00,2580,10251,73,100,55,23719,P2,Active,Not Active,Not Active,Not Active
2026/08/10 02:44:13.032,447.60,450.00,2415,10251,75,100,36,23719,P2,Active,Not Active,Not Active,Not Active
2026/08/10 02:44:13.541,453.13,450.00,2475,10251,74,100,35,23719,P2,Active,Not Active,Not Active,Not Active
2026/08/10 02:44:14.045,446.78,450.00,2460,10251,75,100,35,23719,P2,Active,Not Active,Not Active,Not Active
2026/08/10 02:44:14.549,450.48,450.00,2460,10251,74,100,35,23719,P2,Active,Not Active,Not Active,Not Active
2026/08/10 02:44:15.052,447.59,450.00,2460,10251,75,100,34,23719,P2,Active,Not Active,Not Active,Not Active
2026/08/10 02:44:15.558,450.84,450.00,2460,10251,75,100,34,23719,P2,Active,Not Active,Not Active,Not Active
2026/08/10 02:44:16.062,448.35,450.00,2445,10251,75,100,34,23719,P2,Active,Not Active,Not Active,Not Active
2026/08/10 02:44:16.565,450.20,450.00,2460,10251,75,100,35,23719,P2,Active,Not Active,Not Active,Not Active
2026/08/10 02:44:17.069,448.51,450.00,2460,10251,75,100,35,23719,P2,Active,Not Active,Not Active,Not Active
2026/08/10 02:44:17.573,450.95,450.00,2445,10251,75,100,35,23719,P2,Active,Not Active,Not Active,Not Active
2026/08/10 02:44:18.078,448.79,450.00,2460,10251,75,100,35,23719,P2,Active,Not Active,Not Active,Not Active
2026/08/10 02:44:18.582,450.07,450.00,2445,10251,75,100,34,23719,P2,Active,Not Active,Not Active,Not Active
2026/08/10 02:44:19.087,448.87,450.00,2475,10251,75,100,34,23699,P2,Active,Not Active,Not Active,Not Active
2026/08/10 02:44:19.590,449.92,450.00,2445,10251,76,100,34,23719,P2,Active,Not Active,Not Active,Not Active
2026/08/10 02:44:20.096,447.99,450.00,2490,10251,76,100,34,23719,P2,Active,Not Active,Not Active,Not Active
2026/08/10 02:44:20.602,449.20,450.00,2445,10251,76,100,33,23719,P2,Active,Not Active,Not Active,Not Active
2026/08/10 02:44:21.105,449.04,450.00,2460,10251,76,100,33,23719,P2,Active,Not Active,Not Active,Not Active
2026/08/10 02:44:21.609,450.46,450.00,2460,10251,76,100,33,23719,P2,Active,Not Active,Not Active,Not Active
2026/08/10 02:44:22.114,448.96,450.00,2445,10251,76,100,33,23719,P2,Active,Not Active,Not Active,Not Active
2026/08/10 02:44:22.619,449.55,450.00,2460,10251,76,100,34,23719,P2,Active,Not Active,Not Active,Not Active
2026/08/10 02:44:23.123,448.35,450.00,2445,10251,76,100,34,23719,P2,Active,Not Active,Not Active,Not Active
2026/08/10 02:44:23.627,449.41,450.00,2445,10251,76,100,35,23719,P2,Active,Not Active,Not Active,Not Active
2026/08/10 02:44:24.130,448.20,450.00,2445,10251,76,100,36,23719,P2,Active,Not Active,Not Active,Not Active
2026/08/10 02:44:24.635,434.77,450.00,2655,10251,70,100,37,23719,P2,Active,Not Active,Not Active,Not Active
2026/08/10 02:44:25.143,421.11,450.00,2595,10251,76,100,91,23719,P2,Not Active,Not Active,Not Active,Not Active
2026/08/10 02:44:25.646,398.74,450.00,2655,10251,69,100,100,23719,P2,Not Active,Not Active,Not Active,Not Active
2026/08/10 02:44:26.150,374.26,450.00,2655,10251,69,100,100,23719,P2,Active,Not Active,Not Active,Not Active
2026/08/10 02:44:26.656,389.54,450.00,2655,10251,70,100,100,23719,P2,Not Active,Not Active,Not Active,Not Active
2026/08/10 02:44:27.159,390.06,450.00,2655,10251,69,100,100,23719,P2,Not Active,Not Active,Not Active,Not Active
2026/08/10 02:44:27.662,389.89,450.00,2550,10251,74,100,55,23719,P2,Not Active,Not Active,Not Active,Not Active
2026/08/10 02:44:28.166,389.99,450.00,2655,10251,69,100,100,23719,P2,Not Active,Not Active,Not Active,Not Active
2026/08/10 02:44:28.675,372.22,450.00,2655,10251,69,100,100,23719,P2,Active,Not Active,Not Active,Not Active
2026/08/10 02:44:29.207,413.30,450.00,2520,10251,76,100,38,23719,P2,Not Active,Not Active,Not Active,Not Active
2026/08/10 02:44:29.712,412.55,450.00,2655,10251,69,100,100,23719,P2,Not Active,Not Active,Not Active,Not Active
2026/08/10 02:44:30.216,371.24,450.00,2655,10251,69,100,100,23719,P2,Active,Not Active,Not Active,Not Active
2026/08/10 02:44:30.749,386.03,450.00,2655,10251,71,100,100,23719,P2,Not Active,Not Active,Not Active,Not Active
2026/08/10 02:44:31.255,426.00,450.00,2520,10251,74,100,37,23719,P2,Active,Not Active,Not Active,Not Active
2026/08/10 02:44:31.758,448.54,450.00,2520,10251,77,100,36,23719,P2,Active,Not Active,Not Active,Not Active
2026/08/10 02:44:32.261,453.59,450.00,2430,10251,75,100,36,23719,P2,Active,Not Active,Not Active,Not Active
2026/08/10 02:44:32.763,447.04,450.00,2475,10251,77,100,36,23699,P2,Active,Not Active,Not Active,Not Active
2026/08/10 02:44:33.266,452.76,450.00,2430,10251,75,100,36,23699,P2,Active,Not Active,Not Active,Not Active
2026/08/10 02:44:33.776,447.75,450.00,2460,10251,77,100,36,23719,P2,Active,Not Active,Not Active,Not Active
2026/08/10 02:44:34.279,451.22,450.00,2445,10251,76,100,36,23719,P2,Active,Not Active,Not Active,Not Active
2026/08/10 02:44:34.783,448.20,450.00,2460,10251,77,100,35,23719,P2,Active,Not Active,Not Active,Not Active
2026/08/10 02:44:35.288,450.47,450.00,2475,10251,76,100,35,23719,P2,Active,Not Active,Not Active,Not Active
2026/08/10 02:44:35.795,448.50,450.00,2475,10251,76,100,34,23719,P2,Active,Not Active,Not Active,Not Active
2026/08/10 02:44:36.299,449.93,450.00,2460,10251,76,100,34,23719,P2,Active,Not Active,Not Active,Not Active
2026/08/10 02:44:36.802,448.05,450.00,2460,10251,77,100,34,23699,P2,Active,Not Active,Not Active,Not Active
2026/08/10 02:44:37.305,449.96,450.00,2460,10251,77,100,34,23719,P2,Active,Not Active,Not Active,Not Active
2026/08/10 02:44:37.811,447.80,450.00,2475,10251,77,100,34,23719,P2,Active,Not Active,Not Active,Not Active
2026/08/10 02:44:38.316,449.67,450.00,2460,10251,77,100,34,23719,P2,Active,Not Active,Not Active,Not Active
2026/08/10 02:44:38.819,448.07,450.00,2475,10251,77,100,34,23699,P2,Active,Not Active,Not Active,Not Active
2026/08/10 02:44:39.323,449.27,450.00,2460,10251,76,100,34,23719,P2,Active,Not Active,Not Active,Not Active
2026/08/10 02:44:39.827,449.43,450.00,2460,10251,77,100,33,23719,P2,Active,Not Active,Not Active,Not Active
2026/08/10 02:44:40.335,449.46,450.00,2475,10251,77,100,34,23719,P2,Active,Not Active,Not Active,Not Active
2026/08/10 02:44:40.838,449.29,450.00,2445,10251,77,100,34,23719,P2,Active,Not Active,Not Active,Not Active
2026/08/10 02:44:41.341,448.56,450.00,2460,10251,77,100,34,23719,P2,Active,Not Active,Not Active,Not Active
2026/08/10 02:44:41.844,449.66,450.00,2460,10251,77,100,35,23719,P2,Active,Not Active,Not Active,Not Active
2026/08/10 02:44:42.350,449.18,450.00,2430,10251,77,100,36,23719,P2,Active,Not Active,Not Active,Not Active
2026/08/10 02:44:42.853,429.98,450.00,2460,10251,77,100,100,23699,P2,Not Active,Not Active,Not Active,Not Active
2026/08/10 02:44:43.355,416.86,450.00,2505,10251,72,100,82,23719,P2,Not Active,Not Active,Not Active,Not Active
2026/08/10 02:44:43.858,390.47,450.00,2655,10251,71,100,100,23719,P2,Not Active,Not Active,Not Active,Not Active
2026/08/10 02:44:44.362,365.43,450.00,2655,10251,70,100,100,23719,P2,Not Active,Not Active,Not Active,Not Active
2026/08/10 02:44:44.866,363.07,450.00,2655,10251,70,100,100,23719,P2,Not Active,Not Active,Not Active,Not Active
2026/08/10 02:44:45.371,361.70,450.00,2655,10251,70,100,100,23719,P2,Not Active,Not Active,Not Active,Not Active
2026/08/10 02:44:45.875,361.83,450.00,2655,10251,70,100,100,23719,P2,Not Active,Not Active,Not Active,Not Active
2026/08/10 02:44:46.379,362.83,450.00,2655,10251,69,100,100,23719,P2,Not Active,Not Active,Not Active,Not Active
2026/08/10 02:44:46.882,363.67,450.00,2655,10251,69,100,100,23722,P2,Not Active,Not Active,Not Active,Not Active
2026/08/10 02:44:47.388,363.91,450.00,2655,10251,69,100,100,23722,P2,Not Active,Not Active,Not Active,Not Active
2026/08/10 02:44:47.890,379.69,450.00,2655,10251,69,100,50,23719,P2,Active,Not Active,Not Active,Not Active
2026/08/10 02:44:48.393,407.74,450.00,2535,10251,76,100,85,23699,P2,Active,Not Active,Not Active,Not Active
2026/08/10 02:44:48.896,451.81,450.00,2520,10251,77,100,36,23719,P2,Active,Not Active,Not Active,Not Active
2026/08/10 02:44:49.399,456.55,450.00,2430,10251,77,100,35,23719,P2,Active,Not Active,Not Active,Not Active
2026/08/10 02:44:49.902,450.65,450.00,2490,10251,76,100,35,23719,P2,Active,Not Active,Not Active,Not Active
2026/08/10 02:44:50.406,448.55,450.00,2445,10251,76,100,34,23719,P2,Active,Not Active,Not Active,Not Active
2026/08/10 02:44:50.910,449.74,450.00,2460,10251,77,100,35,23719,P2,Active,Not Active,Not Active,Not Active
2026/08/10 02:44:51.414,448.65,450.00,2430,10251,77,100,35,23719,P2,Active,Not Active,Not Active,Not Active
2026/08/10 02:44:51.917,450.31,450.00,2460,10251,76,100,35,23719,P2,Active,Not Active,Not Active,Not Active
2026/08/10 02:44:52.420,450.09,450.00,2460,10251,77,100,35,23719,P2,Active,Not Active,Not Active,Not Active
2026/08/10 02:44:52.930,448.63,450.00,2445,10251,77,100,35,23719,P2,Active,Not Active,Not Active,Not Active
2026/08/10 02:44:53.433,450.15,450.00,2445,10251,77,100,34,23699,P2,Active,Not Active,Not Active,Not Active
2026/08/10 02:44:53.937,448.98,450.00,2430,10251,77,100,34,23719,P2,Active,Not Active,Not Active,Not Active
2026/08/10 02:44:54.439,450.35,450.00,2460,10251,77,100,34,23719,P2,Active,Not Active,Not Active,Not Active
2026/08/10 02:44:54.944,448.64,450.00,2475,10251,76,100,34,23719,P2,Active,Not Active,Not Active,Not Active
2026/08/10 02:44:55.447,449.84,450.00,2460,10251,77,100,34,23719,P2,Active,Not Active,Not Active,Not Active
2026/08/10 02:44:55.950,449.07,450.00,2460,10251,77,100,34,23719,P2,Active,Not Active,Not Active,Not Active
2026/08/10 02:44:56.454,450.22,450.00,2490,10251,77,100,34,23719,P2,Active,Not Active,Not Active,Not Active
2026/08/10 02:44:56.957,449.02,450.00,2445,10251,77,100,34,23719,P2,Active,Not Active,Not Active,Not Active
2026/08/10 02:44:57.461,450.05,450.00,2490,10251,78,100,34,23719,P2,Active,Not Active,Not Active,Not Active
2026/08/10 02:44:57.966,448.64,450.00,2445,10251,77,100,34,23719,P2,Active,Not Active,Not Active,Not Active
2026/08/10 02:44:58.469,450.04,450.00,2490,10251,78,100,34,23719,P2,Active,Not Active,Not Active,Not Active
2026/08/10 02:44:58.974,447.98,450.00,2445,10251,77,100,34,23719,P2,Active,Not Active,Not Active,Not Active
2026/08/10 02:44:59.477,450.30,450.00,2460,10251,77,100,36,23719,P2,Active,Not Active,Not Active,Not Active
2026/08/10 02:44:59.983,446.79,450.00,2535,10251,76,100,36,23719,P2,Not Active,Not Active,Not Active,Not Active
2026/08/10 02:45:00.488,433.90,450.00,2655,10251,72,100,97,23719,P2,Not Active,Not Active,Not Active,Not Active
2026/08/10 02:45:00.991,393.53,450.00,2655,10251,70,100,100,23719,P2,Not Active,Not Active,Not Active,Not Active
2026/08/10 02:45:01.494,364.83,450.00,2655,10251,70,100,100,23719,P2,Not Active,Not Active,Not Active,Not Active
2026/08/10 02:45:01.997,391.11,450.00,2565,10251,77,100,51,23719,P2,Not Active,Not Active,Not Active,Not Active
2026/08/10 02:45:02.502,390.51,450.00,2655,10251,70,100,100,23719,P2,Not Active,Not Active,Not Active,Not Active
2026/08/10 02:45:03.005,372.97,450.00,2655,10251,70,100,100,23719,P2,Active,Not Active,Not Active,Not Active
2026/08/10 02:45:03.509,392.59,450.00,2655,10251,71,100,100,23719,P2,Not Active,Not Active,Not Active,Not Active
2026/08/10 02:45:04.012,389.98,450.00,2655,10251,70,100,100,23719,P2,Not Active,Not Active,Not Active,Not Active
2026/08/10 02:45:04.515,396.57,450.00,2520,10251,76,100,43,23719,P2,Active,Not Active,Not Active,Not Active
2026/08/10 02:45:05.035,413.65,450.00,2655,10251,71,100,100,23719,P2,Not Active,Not Active,Not Active,Not Active
2026/08/10 02:45:05.540,394.81,450.00,2655,10251,70,100,100,23719,P2,Not Active,Not Active,Not Active,Not Active
2026/08/10 02:45:06.043,363.09,450.00,2655,10251,70,100,100,23719,P2,Active,Not Active,Not Active,Not Active
2026/08/10 02:45:06.547,397.76,450.00,2655,10251,71,100,90,23699,P2,Active,Not Active,Not Active,Not Active
2026/08/10 02:45:07.055,444.42,450.00,2430,10251,77,100,37,23719,P2,Active,Not Active,Not Active,Not Active
2026/08/10 02:45:07.561,452.53,450.00,2415,10251,76,100,36,23719,P2,Active,Not Active,Not Active,Not Active
2026/08/10 02:45:08.066,448.15,450.00,2445,10251,77,100,36,23719,P2,Active,Not Active,Not Active,Not Active
2026/08/10 02:45:08.571,448.01,450.00,2445,10251,76,100,35,23719,P2,Active,Not Active,Not Active,Not Active
2026/08/10 02:45:09.074,449.03,450.00,2445,10251,78,100,35,23719,P2,Active,Not Active,Not Active,Not Active
2026/08/10 02:45:09.580,448.96,450.00,2430,10251,76,100,35,23719,P2,Active,Not Active,Not Active,Not Active
2026/08/10 02:45:10.085,449.09,450.00,2460,10251,77,100,34,23719,P2,Active,Not Active,Not Active,Not Active
2026/08/10 02:45:10.589,449.03,450.00,2445,10251,76,100,34,23719,P2,Active,Not Active,Not Active,Not Active
2026/08/10 02:45:11.092,449.33,450.00,2445,10251,77,100,34,23719,P2,Active,Not Active,Not Active,Not Active
2026/08/10 02:45:11.596,448.87,450.00,2445,10251,77,100,33,23719,P2,Active,Not Active,Not Active,Not Active
2026/08/10 02:45:12.103,449.01,450.00,2445,10251,77,100,34,23719,P2,Active,Not Active,Not Active,Not Active
2026/08/10 02:45:12.606,448.87,450.00,2460,10251,77,100,33,23719,P2,Active,Not Active,Not Active,Not Active
2026/08/10 02:45:13.110,448.69,450.00,2460,10251,77,100,34,23719,P2,Active,Not Active,Not Active,Not Active
2026/08/10 02:45:13.613,450.01,450.00,2430,10251,77,100,34,23719,P2,Active,Not Active,Not Active,Not Active
2026/08/10 02:45:14.124,437.15,450.00,2490,10251,77,100,53,23719,P2,Not Active,Not Active,Not Active,Not Active
2026/08/10 02:45:14.628,396.11,450.00,2655,10251,70,100,100,23719,P2,Not Active,Not Active,Not Active,Not Active
2026/08/10 02:45:15.132,351.70,450.00,2655,10251,70,100,100,23719,P2,Not Active,Not Active,Not Active,Not Active
2026/08/10 02:45:15.636,349.71,450.00,2655,10251,69,100,100,23719,P2,Not Active,Not Active,Not Active,Not Active
2026/08/10 02:45:16.140,351.04,450.00,2655,10251,69,100,100,23719,P2,Not Active,Not Active,Not Active,Not Active
2026/08/10 02:45:16.643,351.37,450.00,2655,10251,69,100,100,23719,P2,Not Active,Not Active,Not Active,Not Active
2026/08/10 02:45:17.146,352.02,450.00,2655,10251,69,100,100,23719,P2,Not Active,Not Active,Not Active,Not Active
2026/08/10 02:45:17.649,351.94,450.00,2655,10251,69,100,100,23719,P2,Not Active,Not Active,Not Active,Not Active
2026/08/10 02:45:18.154,351.62,450.00,2655,10251,69,100,100,23719,P2,Not Active,Not Active,Not Active,Not Active
2026/08/10 02:45:18.670,351.65,450.00,2655,10251,69,100,100,23719,P2,Not Active,Not Active,Not Active,Not Active
2026/08/10 02:45:19.174,351.40,450.00,2655,10251,69,100,100,23719,P2,Not Active,Not Active,Not Active,Not Active
2026/08/10 02:45:19.680,347.00,450.00,2655,10251,68,99,100,23719,P2,Not Active,Not Active,Not Active,Not Active
2026/08/10 02:45:20.184,259.45,450.00,2655,10251,63,2,0,23719,P2,Not Active,Not Active,Not Active,Not Active
2026/08/10 02:45:20.687,141.22,450.00,2655,10251,61,1,0,23719,P2,Not Active,Not Active,Not Active,Not Active
2026/08/10 02:45:21.196,87.18,450.00,2655,10251,60,0,0,23719,P2,Not Active,Not Active,Not Active,Not Active
2026/08/10 02:45:21.703,86.63,450.00,2655,10251,60,0,0,23719,P2,Not Active,Not Active,Not Active,Not Active
2026/08/10 02:45:22.310,64.99,450.00,525,10251,58,1,0,23719,P5,Not Active,Not Active,Not Active,Not Active
2026/08/10 02:45:22.893,43.63,450.00,405,810,58,3,3,23719,P5,Not Active,Not Active,Not Active,Not Active
2026/08/10 02:45:23.474,33.79,450.00,285,810,57,3,3,23719,P8,Not Active,Not Active,Not Active,Not Active
2026/08/10 02:45:24.080,29.39,450.00,225,405,56,4,6,23699,P8,Not Active,Not Active,Not Active,Not Active
2026/08/10 02:45:24.708,25.77,450.00,210,405,56,21,7,23719,P8,Not Active,Not Active,Not Active,Not Active
2026/08/10 02:45:25.328,24.72,450.00,210,405,56,8,6,23719,P8,Not Active,Not Active,Not Active,Not Active
2026/08/10 02:45:25.939,23.18,450.00,210,405,55,3,6,23719,P8,Not Active,Not Active,Not Active,Not Active
2026/08/10 02:45:26.558,22.63,450.00,210,405,55,2,5,23719,P8,Not Active,Not Active,Not Active,Not Active
2026/08/10 02:45:27.161,22.65,450.00,210,405,54,2,5,23719,P8,Not Active,Not Active,Not Active,Not Active
2026/08/10 02:45:27.780,22.48,450.00,210,405,54,2,6,23719,P8,Not Active,Not Active,Not Active,Not Active
2026/08/10 02:45:28.381,22.14,450.00,210,405,54,3,5,23719,P8,Not Active,Not Active,Not Active,Not Active
2026/08/10 02:45:28.984,22.21,450.00,210,405,54,4,7,23719,P8,Not Active,Not Active,Not Active,Not Active
2026/08/10 02:45:29.591,22.47,450.00,210,405,53,4,6,23719,P8,Not Active,Not Active,Not Active,Not Active
2026/08/10 02:45:30.194,23.31,450.00,210,405,53,14,6,23719,P8,Not Active,Not Active,Not Active,Not Active
2026/08/10 02:45:30.796,23.58,450.00,210,405,53,8,6,23719,P8,Not Active,Not Active,Not Active,Not Active
2026/08/10 02:45:31.418,22.11,450.00,210,405,53,3,5,23719,P8,Not Active,Not Active,Not Active,Not Active
2026/08/10 02:45:32.023,21.51,450.00,210,405,52,3,6,23719,P8,Not Active,Not Active,Not Active,Not Active
2026/08/10 02:45:32.638,21.56,450.00,210,405,52,2,5,23719,P8,Not Active,Not Active,Not Active,Not Active
2026/08/10 02:45:33.241,21.43,450.00,210,405,52,2,5,23719,P8,Not Active,Not Active,Not Active,Not Active
2026/08/10 02:45:33.855,21.27,450.00,210,405,52,3,7,23719,P8,Not Active,Not Active,Not Active,Not Active
2026/08/10 02:45:34.503,21.39,450.00,210,405,52,4,6,23719,P8,Not Active,Not Active,Not Active,Not Active
2026/08/10 02:45:35.117,21.68,450.00,210,405,51,15,6,23719,P8,Not Active,Not Active,Not Active,Not Active
2026/08/10 02:45:35.732,21.50,450.00,210,405,51,9,6,23719,P8,Not Active,Not Active,Not Active,Not Active
2026/08/10 02:45:36.337,21.30,450.00,210,405,51,4,5,23719,P8,Not Active,Not Active,Not Active,Not Active
2026/08/10 02:45:36.940,21.20,450.00,210,405,51,4,7,23719,P8,Not Active,Not Active,Not Active,Not Active
2026/08/10 02:45:37.558,21.13,450.00,210,405,51,3,5,23719,P8,Not Active,Not Active,Not Active,Not Active
2026/08/10 02:45:38.155,21.08,450.00,210,405,51,3,5,23719,P8,Not Active,Not Active,Not Active,Not Active
2026/08/10 02:45:38.757,21.26,450.00,210,405,51,2,6,23719,P8,Not Active,Not Active,Not Active,Not Active
2026/08/10 02:45:39.361,21.33,450.00,210,405,50,2,6,23719,P8,Not Active,Not Active,Not Active,Not Active
2026/08/10 02:45:39.973,21.46,450.00,210,405,50,18,6,23719,P8,Not Active,Not Active,Not Active,Not Active
2026/08/10 02:45:40.585,21.19,450.00,210,405,50,7,6,23719,P8,Not Active,Not Active,Not Active,Not Active
2026/08/10 02:45:41.197,20.95,450.00,210,405,50,4,6,23719,P8,Not Active,Not Active,Not Active,Not Active
2026/08/10 02:45:41.814,20.56,450.00,210,405,50,3,6,23719,P8,Not Active,Not Active,Not Active,Not Active
2026/08/10 02:45:42.432,27.67,450.00,210,405,50,99,67,23719,P2,Not Active,Not Active,Not Active,Not Active
2026/08/10 02:45:43.040,264.60,450.00,2520,10251,69,100,30,23719,P2,Active,Not Active,Not Active,Not Active
2026/08/10 02:45:43.544,455.33,450.00,2430,10251,68,100,29,23719,P2,Active,Not Active,Not Active,Not Active
2026/08/10 02:45:44.049,452.27,450.00,2505,10251,68,100,30,23719,P2,Active,Not Active,Not Active,Not Active
2026/08/10 02:45:44.553,447.78,450.00,2460,10251,69,100,29,23719,P2,Active,Not Active,Not Active,Not Active
2026/08/10 02:45:45.055,451.01,450.00,2505,10251,70,100,30,23719,P2,Active,Not Active,Not Active,Not Active
2026/08/10 02:45:45.559,447.58,450.00,2475,10251,70,100,30,23719,P2,Active,Not Active,Not Active,Not Active
2026/08/10 02:45:46.062,450.58,450.00,2490,10251,70,100,30,23719,P2,Active,Not Active,Not Active,Not Active
2026/08/10 02:45:46.567,448.21,450.00,2460,10251,70,100,30,23719,P2,Active,Not Active,Not Active,Not Active
2026/08/10 02:45:47.073,450.02,450.00,2505,10251,71,100,30,23722,P2,Active,Not Active,Not Active,Not Active
2026/08/10 02:45:47.577,448.63,450.00,2460,10251,71,100,30,23722,P2,Active,Not Active,Not Active,Not Active
2026/08/10 02:45:48.080,450.38,450.00,2490,10251,71,100,30,23719,P2,Active,Not Active,Not Active,Not Active
2026/08/10 02:45:48.584,448.73,450.00,2445,10251,71,100,30,23719,P2,Active,Not Active,Not Active,Not Active
2026/08/10 02:45:49.088,450.78,450.00,2490,10251,72,100,30,23719,P2,Active,Not Active,Not Active,Not Active
2026/08/10 02:45:49.593,449.12,450.00,2475,10251,72,100,31,23719,P2,Active,Not Active,Not Active,Not Active
2026/08/10 02:45:50.096,449.80,450.00,2505,10251,72,100,31,23719,P2,Active,Not Active,Not Active,Not Active
2026/08/10 02:45:50.599,449.07,450.00,2445,10251,72,100,31,23719,P2,Active,Not Active,Not Active,Not Active
2026/08/10 02:45:51.102,449.97,450.00,2460,10251,72,100,32,23719,P2,Active,Not Active,Not Active,Not Active
2026/08/10 02:45:51.607,449.42,450.00,2475,10251,72,100,32,23719,P2,Active,Not Active,Not Active,Not Active
2026/08/10 02:45:52.112,449.97,450.00,2490,10251,72,100,33,23719,P2,Active,Not Active,Not Active,Not Active
2026/08/10 02:45:52.615,449.59,450.00,2460,10251,73,100,34,23719,P2,Active,Not Active,Not Active,Not Active
2026/08/10 02:45:53.119,450.08,450.00,2460,10251,73,100,35,23719,P2,Active,Not Active,Not Active,Not Active
2026/08/10 02:45:53.623,445.16,450.00,2490,10251,72,100,57,23719,P2,Not Active,Not Active,Not Active,Not Active
2026/08/10 02:45:54.130,403.27,450.00,2655,10251,66,100,100,23719,P2,Not Active,Not Active,Not Active,Not Active
2026/08/10 02:45:54.633,361.72,450.00,2655,10251,66,100,100,23719,P2,Not Active,Not Active,Not Active,Not Active
2026/08/10 02:45:55.136,354.74,450.00,2655,10251,65,100,100,23719,P2,Not Active,Not Active,Not Active,Not Active
2026/08/10 02:45:55.639,353.94,450.00,2655,10251,65,100,100,23736,P2,Not Active,Not Active,Not Active,Not Active
2026/08/10 02:45:56.144,356.12,450.00,2655,10251,66,100,100,23746,P2,Not Active,Not Active,Not Active,Not Active
2026/08/10 02:45:56.647,354.67,450.00,2655,10251,65,100,100,23756,P2,Not Active,Not Active,Not Active,Not Active
2026/08/10 02:45:57.150,353.06,450.00,2655,10251,66,100,100,23840,P2,Not Active,Not Active,Not Active,Not Active
2026/08/10 02:45:57.654,351.90,450.00,2655,10251,65,100,100,23810,P2,Not Active,Not Active,Not Active,Not Active
2026/08/10 02:45:58.158,350.43,450.00,2655,10251,65,100,100,23822,P2,Not Active,Not Active,Not Active,Not Active
2026/08/10 02:45:58.663,352.24,450.00,2655,10251,65,100,100,23826,P2,Not Active,Not Active,Not Active,Not Active
2026/08/10 02:45:59.167,389.28,450.00,2595,10251,71,100,44,23792,P2,Active,Not Active,Not Active,Not Active
2026/08/10 02:45:59.670,440.21,450.00,2505,10251,74,100,36,23790,P2,Active,Not Active,Not Active,Not Active
2026/08/10 02:46:00.173,449.65,450.00,2460,10251,73,100,35,23786,P2,Active,Not Active,Not Active,Not Active
2026/08/10 02:46:00.677,447.88,450.00,2505,10251,74,100,35,23781,P2,Active,Not Active,Not Active,Not Active
2026/08/10 02:46:01.181,449.45,450.00,2460,10251,73,100,34,23785,P2,Active,Not Active,Not Active,Not Active
2026/08/10 02:46:01.685,448.45,450.00,2490,10251,74,100,35,23788,P2,Active,Not Active,Not Active,Not Active
2026/08/10 02:46:02.189,449.67,450.00,2460,10251,74,100,34,23788,P2,Active,Not Active,Not Active,Not Active
2026/08/10 02:46:02.692,448.47,450.00,2475,10251,74,100,34,23651,P2,Active,Not Active,Not Active,Not Active
2026/08/10 02:46:03.196,450.94,450.00,2475,10251,74,100,34,23651,P2,Active,Not Active,Not Active,Not Active
2026/08/10 02:46:03.700,448.99,450.00,2445,10251,74,100,35,23651,P2,Active,Not Active,Not Active,Not Active
2026/08/10 02:46:04.204,449.35,450.00,2445,10251,74,100,35,23651,P2,Active,Not Active,Not Active,Not Active
2026/08/10 02:46:04.709,448.72,450.00,2460,10251,74,100,35,23651,P2,Active,Not Active,Not Active,Not Active
2026/08/10 02:46:05.212,449.95,450.00,2445,10251,74,100,34,23651,P2,Active,Not Active,Not Active,Not Active
2026/08/10 02:46:05.716,448.88,450.00,2460,10251,74,100,34,23651,P2,Active,Not Active,Not Active,Not Active
2026/08/10 02:46:06.221,449.70,450.00,2475,10251,74,100,34,23651,P2,Active,Not Active,Not Active,Not Active
2026/08/10 02:46:06.726,448.77,450.00,2430,10251,75,100,34,23651,P2,Active,Not Active,Not Active,Not Active
2026/08/10 02:46:07.230,449.49,450.00,2460,10251,75,100,34,23651,P2,Active,Not Active,Not Active,Not Active
2026/08/10 02:46:07.733,448.19,450.00,2475,10251,75,100,34,23651,P2,Active,Not Active,Not Active,Not Active
2026/08/10 02:46:08.236,449.92,450.00,2445,10251,75,100,34,23651,P2,Active,Not Active,Not Active,Not Active
2026/08/10 02:46:08.741,449.38,450.00,2460,10251,75,100,34,23651,P2,Active,Not Active,Not Active,Not Active
2026/08/10 02:46:09.246,450.21,450.00,2445,10251,75,100,33,23651,P2,Active,Not Active,Not Active,Not Active
2026/08/10 02:46:09.750,449.34,450.00,2460,10251,75,100,33,23651,P2,Active,Not Active,Not Active,Not Active
2026/08/10 02:46:10.255,449.50,450.00,2460,10251,75,100,36,23651,P2,Active,Not Active,Not Active,Not Active
2026/08/10 02:46:10.759,448.91,450.00,2475,10251,75,100,36,23651,P2,Active,Not Active,Not Active,Not Active
2026/08/10 02:46:11.266,431.28,450.00,2655,10251,69,100,55,23651,P2,Active,Not Active,Not Active,Not Active
2026/08/10 02:46:11.769,422.19,450.00,2505,10251,76,100,74,23651,P2,Not Active,Not Active,Not Active,Not Active
2026/08/10 02:46:12.272,404.00,450.00,2655,10251,69,100,100,23651,P2,Not Active,Not Active,Not Active,Not Active
2026/08/10 02:46:12.776,369.85,450.00,2655,10251,68,100,100,23651,P2,Active,Not Active,Not Active,Not Active
2026/08/10 02:46:13.285,388.49,450.00,2595,10251,70,100,100,23651,P2,Not Active,Not Active,Not Active,Not Active
2026/08/10 02:46:13.788,388.86,450.00,2655,10251,68,100,100,23651,P2,Not Active,Not Active,Not Active,Not Active
2026/08/10 02:46:14.291,390.59,450.00,2655,10251,70,100,49,23651,P2,Not Active,Not Active,Not Active,Not Active
2026/08/10 02:46:14.802,390.17,450.00,2655,10251,69,100,100,23651,P2,Not Active,Not Active,Not Active,Not Active
2026/08/10 02:46:15.306,374.67,450.00,2655,10251,68,100,100,23651,P2,Active,Not Active,Not Active,Not Active
2026/08/10 02:46:15.809,414.77,450.00,2520,10251,76,100,90,23651,P2,Not Active,Not Active,Not Active,Not Active
2026/08/10 02:46:16.313,415.12,450.00,2655,10251,69,100,100,23651,P2,Not Active,Not Active,Not Active,Not Active
2026/08/10 02:46:16.818,381.97,450.00,2655,10251,69,100,52,23651,P2,Active,Not Active,Not Active,Not Active
2026/08/10 02:46:17.324,390.02,450.00,2655,10251,70,100,100,23651,P2,Not Active,Not Active,Not Active,Not Active
2026/08/10 02:46:17.827,430.24,450.00,2520,10251,76,100,37,23651,P2,Active,Not Active,Not Active,Not Active
2026/08/10 02:46:18.331,450.60,450.00,2505,10251,76,100,35,23651,P2,Active,Not Active,Not Active,Not Active
2026/08/10 02:46:18.835,453.03,450.00,2430,10251,74,100,36,23651,P2,Active,Not Active,Not Active,Not Active
2026/08/10 02:46:19.340,447.20,450.00,2460,10251,76,100,36,23651,P2,Active,Not Active,Not Active,Not Active
2026/08/10 02:46:19.844,451.17,450.00,2445,10251,75,100,36,23651,P2,Active,Not Active,Not Active,Not Active
2026/08/10 02:46:20.391,448.18,450.00,2475,10251,76,100,35,23651,P2,Active,Not Active,Not Active,Not Active
2026/08/10 02:46:20.897,450.32,450.00,2445,10251,75,100,36,23651,P2,Active,Not Active,Not Active,Not Active
2026/08/10 02:46:21.401,447.79,450.00,2475,10251,76,100,35,23651,P2,Active,Not Active,Not Active,Not Active
2026/08/10 02:46:21.905,450.82,450.00,2475,10251,75,100,35,23651,P2,Active,Not Active,Not Active,Not Active
2026/08/10 02:46:22.409,448.29,450.00,2445,10251,76,100,34,23651,P2,Active,Not Active,Not Active,Not Active
2026/08/10 02:46:22.914,450.74,450.00,2460,10251,76,100,34,23651,P2,Active,Not Active,Not Active,Not Active
2026/08/10 02:46:23.418,447.95,450.00,2430,10251,76,100,34,23651,P2,Active,Not Active,Not Active,Not Active
2026/08/10 02:46:23.923,450.27,450.00,2460,10251,76,100,34,23651,P2,Active,Not Active,Not Active,Not Active
2026/08/10 02:46:24.426,449.05,450.00,2445,10251,76,100,34,23651,P2,Active,Not Active,Not Active,Not Active
2026/08/10 02:46:24.930,449.76,450.00,2460,10251,76,100,35,23651,P2,Active,Not Active,Not Active,Not Active
2026/08/10 02:46:25.435,449.79,450.00,2460,10251,76,100,34,23651,P2,Active,Not Active,Not Active,Not Active
2026/08/10 02:46:25.940,449.82,450.00,2445,10251,76,100,34,23651,P2,Active,Not Active,Not Active,Not Active
2026/08/10 02:46:26.443,449.18,450.00,2430,10251,77,100,34,23651,P2,Active,Not Active,Not Active,Not Active
2026/08/10 02:46:26.947,449.82,450.00,2460,10251,76,100,34,23651,P2,Active,Not Active,Not Active,Not Active
2026/08/10 02:46:27.450,449.30,450.00,2445,10251,77,100,34,23651,P2,Active,Not Active,Not Active,Not Active
2026/08/10 02:46:27.955,450.22,450.00,2460,10251,77,100,34,23651,P2,Active,Not Active,Not Active,Not Active
2026/08/10 02:46:28.460,450.15,450.00,2445,10251,76,100,36,23651,P2,Active,Not Active,Not Active,Not Active
2026/08/10 02:46:28.963,449.71,450.00,2445,10251,76,100,37,23651,P2,Active,Not Active,Not Active,Not Active
2026/08/10 02:46:29.466,427.85,450.00,2445,10251,76,100,68,23651,P2,Active,Not Active,Not Active,Not Active
2026/08/10 02:46:29.969,402.33,450.00,2520,10251,77,100,100,23651,P2,Not Active,Not Active,Not Active,Not Active
2026/08/10 02:46:30.474,388.58,450.00,2655,10251,70,100,100,23651,P2,Not Active,Not Active,Not Active,Not Active
2026/08/10 02:46:30.977,366.13,450.00,2655,10251,70,100,100,23651,P2,Not Active,Not Active,Not Active,Not Active
2026/08/10 02:46:31.480,365.80,450.00,2655,10251,70,100,100,23651,P2,Not Active,Not Active,Not Active,Not Active
2026/08/10 02:46:31.983,365.47,450.00,2655,10251,70,100,100,23651,P2,Not Active,Not Active,Not Active,Not Active
2026/08/10 02:46:32.486,365.29,450.00,2655,10251,69,100,100,23651,P2,Not Active,Not Active,Not Active,Not Active
2026/08/10 02:46:32.991,365.14,450.00,2655,10251,69,100,100,23651,P2,Not Active,Not Active,Not Active,Not Active
2026/08/10 02:46:33.496,365.05,450.00,2655,10251,69,100,100,23651,P2,Not Active,Not Active,Not Active,Not Active
2026/08/10 02:46:33.999,364.68,450.00,2655,10251,69,100,100,23651,P2,Not Active,Not Active,Not Active,Not Active
2026/08/10 02:46:34.503,392.06,450.00,2655,10251,70,100,88,23651,P2,Not Active,Not Active,Not Active,Not Active
2026/08/10 02:46:35.005,442.29,450.00,2460,10251,76,100,37,23651,P2,Active,Not Active,Not Active,Not Active
2026/08/10 02:46:35.509,452.85,450.00,2415,10251,75,100,35,23651,P2,Active,Not Active,Not Active,Not Active
2026/08/10 02:46:36.013,450.45,450.00,2475,10251,77,100,36,23651,P2,Active,Not Active,Not Active,Not Active
2026/08/10 02:46:36.518,447.54,450.00,2415,10251,76,100,35,23651,P2,Active,Not Active,Not Active,Not Active
2026/08/10 02:46:37.021,450.79,450.00,2475,10251,77,100,35,23651,P2,Active,Not Active,Not Active,Not Active
2026/08/10 02:46:37.524,447.74,450.00,2430,10251,76,100,35,23651,P2,Active,Not Active,Not Active,Not Active
2026/08/10 02:46:38.027,450.96,450.00,2490,10251,77,100,36,23651,P2,Active,Not Active,Not Active,Not Active
2026/08/10 02:46:38.531,448.24,450.00,2430,10251,76,100,35,23651,P2,Active,Not Active,Not Active,Not Active
2026/08/10 02:46:39.037,450.90,450.00,2475,10251,77,100,35,23651,P2,Active,Not Active,Not Active,Not Active
2026/08/10 02:46:39.540,449.08,450.00,2430,10251,76,100,34,23651,P2,Active,Not Active,Not Active,Not Active
2026/08/10 02:46:40.043,450.75,450.00,2460,10251,77,100,34,23651,P2,Active,Not Active,Not Active,Not Active
2026/08/10 02:46:40.547,448.48,450.00,2445,10251,77,100,34,23651,P2,Active,Not Active,Not Active,Not Active
2026/08/10 02:46:41.051,450.29,450.00,2475,10251,77,100,34,23651,P2,Active,Not Active,Not Active,Not Active
2026/08/10 02:46:41.556,448.57,450.00,2445,10251,76,100,34,23651,P2,Active,Not Active,Not Active,Not Active
2026/08/10 02:46:42.059,450.53,450.00,2460,10251,77,100,34,23651,P2,Active,Not Active,Not Active,Not Active
2026/08/10 02:46:42.562,448.91,450.00,2460,10251,77,100,34,23651,P2,Active,Not Active,Not Active,Not Active
2026/08/10 02:46:43.067,450.51,450.00,2475,10251,77,100,34,23651,P2,Active,Not Active,Not Active,Not Active
2026/08/10 02:46:43.571,449.00,450.00,2445,10251,77,100,34,23651,P2,Active,Not Active,Not Active,Not Active
2026/08/10 02:46:44.074,449.97,450.00,2460,10251,77,100,34,23651,P2,Active,Not Active,Not Active,Not Active
2026/08/10 02:46:44.577,448.31,450.00,2445,10251,77,100,34,23648,P2,Active,Not Active,Not Active,Not Active
2026/08/10 02:46:45.081,449.79,450.00,2460,10251,77,100,34,23648,P2,Active,Not Active,Not Active,Not Active
2026/08/10 02:46:45.584,449.53,450.00,2430,10251,77,100,35,23648,P2,Active,Not Active,Not Active,Not Active
2026/08/10 02:46:46.093,449.58,450.00,2460,10251,77,100,37,23648,P2,Active,Not Active,Not Active,Not Active
2026/08/10 02:46:46.596,438.04,450.00,2535,10251,77,100,81,23648,P2,Not Active,Not Active,Not Active,Not Active
2026/08/10 02:46:47.137,399.81,450.00,2655,10251,71,100,100,23651,P2,Not Active,Not Active,Not Active,Not Active
2026/08/10 02:46:47.642,365.19,450.00,2655,10251,70,100,100,23651,P2,Not Active,Not Active,Not Active,Not Active
2026/08/10 02:46:48.147,390.72,450.00,2505,10251,76,100,62,23648,P2,Not Active,Not Active,Not Active,Not Active
2026/08/10 02:46:48.652,390.81,450.00,2655,10251,70,100,100,23648,P2,Not Active,Not Active,Not Active,Not Active
2026/08/10 02:46:49.156,377.35,450.00,2655,10251,70,100,100,23648,P2,Not Active,Not Active,Not Active,Not Active
2026/08/10 02:46:49.659,390.90,450.00,2655,10251,73,100,100,23648,P2,Not Active,Not Active,Not Active,Not Active
2026/08/10 02:46:50.162,390.79,450.00,2655,10251,70,100,100,23648,P2,Not Active,Not Active,Not Active,Not Active
2026/08/10 02:46:50.668,384.43,450.00,2505,10251,74,100,45,23648,P2,Active,Not Active,Not Active,Not Active
2026/08/10 02:46:51.171,416.46,450.00,2640,10251,72,100,79,23639,P2,Not Active,Not Active,Not Active,Not Active
2026/08/10 02:46:51.675,408.74,450.00,2655,10251,70,100,100,23639,P2,Not Active,Not Active,Not Active,Not Active
2026/08/10 02:46:52.178,366.62,450.00,2655,10251,70,100,100,23639,P2,Active,Not Active,Not Active,Not Active
2026/08/10 02:46:52.722,406.51,450.00,2655,10251,74,100,95,23639,P2,Active,Not Active,Not Active,Not Active
2026/08/10 02:46:53.227,449.63,450.00,2475,10251,77,100,36,23637,P2,Active,Not Active,Not Active,Not Active
2026/08/10 02:46:53.732,454.79,450.00,2415,10251,76,100,36,23637,P2,Active,Not Active,Not Active,Not Active
2026/08/10 02:46:54.235,448.88,450.00,2445,10251,77,100,36,23637,P2,Active,Not Active,Not Active,Not Active
2026/08/10 02:46:54.738,449.82,450.00,2415,10251,76,100,36,23637,P2,Active,Not Active,Not Active,Not Active
2026/08/10 02:46:55.242,449.76,450.00,2430,10251,77,100,35,23637,P2,Active,Not Active,Not Active,Not Active
2026/08/10 02:46:55.746,449.92,450.00,2415,10251,76,100,35,23637,P2,Active,Not Active,Not Active,Not Active
2026/08/10 02:46:56.251,449.08,450.00,2460,10251,77,100,35,23637,P2,Active,Not Active,Not Active,Not Active
2026/08/10 02:46:56.754,449.84,450.00,2445,10251,76,100,34,23637,P2,Active,Not Active,Not Active,Not Active
2026/08/10 02:46:57.257,448.90,450.00,2445,10251,77,100,34,23637,P2,Active,Not Active,Not Active,Not Active
2026/08/10 02:46:57.762,449.74,450.00,2445,10251,77,100,34,23637,P2,Active,Not Active,Not Active,Not Active
2026/08/10 02:46:58.267,448.97,450.00,2445,10251,77,100,34,23637,P2,Active,Not Active,Not Active,Not Active
2026/08/10 02:46:58.770,449.77,450.00,2445,10251,77,100,34,23637,P2,Active,Not Active,Not Active,Not Active
2026/08/10 02:46:59.274,448.13,450.00,2475,10251,77,100,34,23637,P2,Active,Not Active,Not Active,Not Active
2026/08/10 02:46:59.777,450.19,450.00,2460,10251,77,100,34,23637,P2,Active,Not Active,Not Active,Not Active
2026/08/10 02:47:00.282,449.02,450.00,2445,10251,77,100,34,23637,P2,Active,Not Active,Not Active,Not Active
2026/08/10 02:47:00.787,449.88,450.00,2445,10251,77,100,34,23637,P2,Active,Not Active,Not Active,Not Active
2026/08/10 02:47:01.289,449.18,450.00,2430,10251,77,100,34,23637,P2,Active,Not Active,Not Active,Not Active
2026/08/10 02:47:01.792,449.81,450.00,2445,10251,77,100,33,23637,P2,Active,Not Active,Not Active,Not Active
2026/08/10 02:47:02.295,449.15,450.00,2445,10251,77,100,34,23637,P2,Active,Not Active,Not Active,Not Active
2026/08/10 02:47:02.798,449.57,450.00,2460,10251,77,100,34,23637,P2,Active,Not Active,Not Active,Not Active
2026/08/10 02:47:03.303,449.02,450.00,2445,10251,77,100,34,23637,P2,Active,Not Active,Not Active,Not Active
2026/08/10 02:47:03.809,449.60,450.00,2460,10251,78,100,36,23637,P2,Active,Not Active,Not Active,Not Active
2026/08/10 02:47:04.312,444.80,450.00,2445,10251,77,100,39,23637,P2,Not Active,Not Active,Not Active,Not Active
2026/08/10 02:47:04.830,407.18,450.00,2655,10251,71,100,100,23637,P2,Active,Not Active,Not Active,Not Active
2026/08/10 02:47:05.333,395.01,450.00,2505,10251,77,100,96,23637,P2,Not Active,Not Active,Not Active,Not Active
2026/08/10 02:47:05.838,391.81,450.00,2655,10251,71,100,100,23637,P2,Not Active,Not Active,Not Active,Not Active
2026/08/10 02:47:06.342,367.02,450.00,2655,10251,71,100,100,23637,P2,Not Active,Not Active,Not Active,Not Active
2026/08/10 02:47:06.846,366.60,450.00,2655,10251,70,100,100,23637,P2,Not Active,Not Active,Not Active,Not Active
2026/08/10 02:47:07.349,365.66,450.00,2655,10251,70,100,100,23637,P2,Not Active,Not Active,Not Active,Not Active
2026/08/10 02:47:07.852,365.64,450.00,2655,10251,70,100,100,23637,P2,Not Active,Not Active,Not Active,Not Active
2026/08/10 02:47:08.355,365.19,450.00,2655,10251,70,100,100,23637,P2,Not Active,Not Active,Not Active,Not Active
2026/08/10 02:47:08.859,366.11,450.00,2655,10251,70,100,100,23637,P2,Not Active,Not Active,Not Active,Not Active
2026/08/10 02:47:09.364,376.97,450.00,2655,10251,70,100,100,23637,P2,Active,Not Active,Not Active,Not Active
2026/08/10 02:47:09.868,397.79,450.00,2535,10251,76,100,93,23637,P2,Active,Not Active,Not Active,Not Active
2026/08/10 02:47:10.372,448.30,450.00,2520,10251,77,100,37,23637,P2,Active,Not Active,Not Active,Not Active
2026/08/10 02:47:10.875,457.92,450.00,2415,10251,77,100,36,23637,P2,Active,Not Active,Not Active,Not Active
2026/08/10 02:47:11.380,451.00,450.00,2445,10251,76,100,37,23637,P2,Active,Not Active,Not Active,Not Active
2026/08/10 02:47:11.884,448.64,450.00,2445,10251,77,100,35,23637,P2,Active,Not Active,Not Active,Not Active
2026/08/10 02:47:12.387,450.64,450.00,2430,10251,77,100,36,23637,P2,Active,Not Active,Not Active,Not Active
2026/08/10 02:47:12.891,448.05,450.00,2445,10251,77,100,35,23637,P2,Active,Not Active,Not Active,Not Active
2026/08/10 02:47:13.395,449.74,450.00,2445,10251,76,100,35,23637,P2,Active,Not Active,Not Active,Not Active
2026/08/10 02:47:13.899,447.98,450.00,2430,10251,78,100,34,23637,P2,Active,Not Active,Not Active,Not Active
2026/08/10 02:47:14.405,450.39,450.00,2460,10251,77,100,34,23637,P2,Active,Not Active,Not Active,Not Active
2026/08/10 02:47:14.909,448.45,450.00,2460,10251,77,100,34,23637,P2,Active,Not Active,Not Active,Not Active
2026/08/10 02:47:15.411,450.05,450.00,2460,10251,77,100,34,23637,P2,Active,Not Active,Not Active,Not Active
2026/08/10 02:47:15.915,449.19,450.00,2430,10251,77,100,34,23637,P2,Active,Not Active,Not Active,Not Active
2026/08/10 02:47:16.420,449.42,450.00,2460,10251,77,100,34,23637,P2,Active,Not Active,Not Active,Not Active
2026/08/10 02:47:16.925,449.10,450.00,2445,10251,77,100,34,23637,P2,Active,Not Active,Not Active,Not Active
2026/08/10 02:47:17.428,449.30,450.00,2460,10251,77,100,34,23637,P2,Active,Not Active,Not Active,Not Active
2026/08/10 02:47:17.932,449.29,450.00,2445,10251,77,100,34,23637,P2,Active,Not Active,Not Active,Not Active
2026/08/10 02:47:18.436,449.38,450.00,2445,10251,77,100,34,23637,P2,Active,Not Active,Not Active,Not Active
2026/08/10 02:47:18.941,449.06,450.00,2430,10251,77,100,34,23637,P2,Active,Not Active,Not Active,Not Active
2026/08/10 02:47:19.445,448.65,450.00,2460,10251,77,100,34,23637,P2,Active,Not Active,Not Active,Not Active
2026/08/10 02:47:19.947,449.11,450.00,2445,10251,77,100,34,23637,P2,Active,Not Active,Not Active,Not Active
2026/08/10 02:47:20.451,448.70,450.00,2460,10251,77,100,34,23637,P2,Active,Not Active,Not Active,Not Active
2026/08/10 02:47:20.954,449.70,450.00,2460,10251,77,100,35,23637,P2,Active,Not Active,Not Active,Not Active
2026/08/10 02:47:21.460,447.97,450.00,2445,10251,78,100,43,23637,P2,Active,Not Active,Not Active,Not Active
2026/08/10 02:47:21.963,430.35,450.00,2445,10251,77,100,78,23637,P2,Not Active,Not Active,Not Active,Not Active
2026/08/10 02:47:22.466,394.73,450.00,2655,10251,71,100,100,23637,P2,Not Active,Not Active,Not Active,Not Active
2026/08/10 02:47:22.969,366.89,450.00,2655,10251,71,100,100,23637,P2,Not Active,Not Active,Not Active,Not Active
2026/08/10 02:47:23.473,391.99,450.00,2655,10251,71,100,53,23637,P2,Not Active,Not Active,Not Active,Not Active
2026/08/10 02:47:24.005,392.32,450.00,2655,10251,71,100,100,23637,P2,Not Active,Not Active,Not Active,Not Active
2026/08/10 02:47:24.509,374.79,450.00,2505,10251,74,100,100,23637,P2,Active,Not Active,Not Active,Not Active
2026/08/10 02:47:25.051,392.17,450.00,2655,10251,71,100,100,23637,P2,Not Active,Not Active,Not Active,Not Active
2026/08/10 02:47:25.556,392.30,450.00,2655,10251,70,100,100,23637,P2,Not Active,Not Active,Not Active,Not Active
2026/08/10 02:47:26.060,379.01,450.00,2520,10251,76,100,65,23637,P2,Active,Not Active,Not Active,Not Active
2026/08/10 02:47:26.591,392.32,450.00,2655,10251,71,100,100,23637,P2,Not Active,Not Active,Not Active,Not Active
2026/08/10 02:47:27.096,379.85,450.00,2655,10251,70,100,100,23637,P2,Not Active,Not Active,Not Active,Not Active
2026/08/10 02:47:27.599,385.79,450.00,2520,10251,76,100,40,23637,P2,Active,Not Active,Not Active,Not Active
2026/08/10 02:47:28.102,435.99,450.00,2505,10251,78,100,37,23637,P2,Active,Not Active,Not Active,Not Active
2026/08/10 02:47:28.606,455.98,450.00,2415,10251,76,100,36,23637,P2,Active,Not Active,Not Active,Not Active
2026/08/10 02:47:29.110,449.27,450.00,2445,10251,78,100,37,23637,P2,Active,Not Active,Not Active,Not Active
2026/08/10 02:47:29.614,448.06,450.00,2415,10251,77,100,35,23637,P2,Active,Not Active,Not Active,Not Active
2026/08/10 02:47:30.120,449.34,450.00,2445,10251,78,100,36,23637,P2,Active,Not Active,Not Active,Not Active
2026/08/10 02:47:30.623,449.02,450.00,2430,10251,77,100,34,23637,P2,Active,Not Active,Not Active,Not Active
2026/08/10 02:47:31.128,449.70,450.00,2460,10251,78,100,34,23637,P2,Active,Not Active,Not Active,Not Active
2026/08/10 02:47:31.633,449.34,450.00,2445,10251,77,100,34,23637,P2,Active,Not Active,Not Active,Not Active
2026/08/10 02:47:32.138,450.10,450.00,2460,10251,78,100,34,23637,P2,Active,Not Active,Not Active,Not Active
2026/08/10 02:47:32.641,449.30,450.00,2445,10251,77,100,34,23637,P2,Active,Not Active,Not Active,Not Active
2026/08/10 02:47:33.144,449.57,450.00,2445,10251,78,100,34,23637,P2,Active,Not Active,Not Active,Not Active
2026/08/10 02:47:33.647,450.15,450.00,2430,10251,77,100,34,23637,P2,Active,Not Active,Not Active,Not Active
2026/08/10 02:47:34.151,448.68,450.00,2460,10251,78,100,34,23637,P2,Active,Not Active,Not Active,Not Active
2026/08/10 02:47:34.658,449.29,450.00,2460,10251,77,100,34,23637,P2,Active,Not Active,Not Active,Not Active
2026/08/10 02:47:35.161,448.81,450.00,2430,10251,78,100,34,23637,P2,Active,Not Active,Not Active,Not Active
2026/08/10 02:47:35.665,449.87,450.00,2460,10251,77,100,34,23637,P2,Active,Not Active,Not Active,Not Active
2026/08/10 02:47:36.168,448.26,450.00,2460,10251,78,100,34,23637,P2,Active,Not Active,Not Active,Not Active
2026/08/10 02:47:36.676,450.08,450.00,2460,10251,77,100,34,23637,P2,Active,Not Active,Not Active,Not Active
2026/08/10 02:47:37.179,448.42,450.00,2445,10251,77,100,34,23637,P2,Active,Not Active,Not Active,Not Active
2026/08/10 02:47:37.682,449.76,450.00,2475,10251,77,100,34,23637,P2,Active,Not Active,Not Active,Not Active
2026/08/10 02:47:38.186,449.15,450.00,2430,10251,78,100,34,23637,P2,Active,Not Active,Not Active,Not Active
2026/08/10 02:47:38.690,450.69,450.00,2445,10251,77,100,35,23637,P2,Active,Not Active,Not Active,Not Active
2026/08/10 02:47:39.196,448.19,450.00,2445,10251,77,100,36,23637,P2,Active,Not Active,Not Active,Not Active
2026/08/10 02:47:39.699,418.58,450.00,2640,10251,72,100,100,23637,P2,Not Active,Not Active,Not Active,Not Active
2026/08/10 02:47:40.202,380.47,450.00,2655,10251,71,100,100,23637,P2,Not Active,Not Active,Not Active,Not Active
2026/08/10 02:47:40.705,391.78,450.00,2610,10251,76,100,94,23637,P2,Not Active,Not Active,Not Active,Not Active
2026/08/10 02:47:41.210,392.30,450.00,2655,10251,71,100,100,23637,P2,Not Active,Not Active,Not Active,Not Active
2026/08/10 02:47:41.714,367.76,450.00,2655,10251,71,100,100,23637,P2,Not Active,Not Active,Not Active,Not Active
2026/08/10 02:47:42.217,367.08,450.00,2655,10251,70,100,100,23637,P2,Not Active,Not Active,Not Active,Not Active
2026/08/10 02:47:42.720,366.61,450.00,2655,10251,70,100,100,23637,P2,Not Active,Not Active,Not Active,Not Active
2026/08/10 02:47:43.224,366.24,450.00,2655,10251,70,100,100,23637,P2,Not Active,Not Active,Not Active,Not Active
2026/08/10 02:47:43.729,365.83,450.00,2655,10251,70,100,100,23637,P2,Not Active,Not Active,Not Active,Not Active
2026/08/10 02:47:44.233,365.87,450.00,2655,10251,70,100,100,23637,P2,Active,Not Active,Not Active,Not Active
2026/08/10 02:47:44.737,393.41,450.00,2550,10251,77,100,77,23637,P2,Not Active,Not Active,Not Active,Not Active
2026/08/10 02:47:45.240,435.52,450.00,2505,10251,77,100,38,23637,P2,Active,Not Active,Not Active,Not Active
2026/08/10 02:47:45.743,450.10,450.00,2415,10251,77,100,36,23637,P2,Active,Not Active,Not Active,Not Active
2026/08/10 02:47:46.248,454.19,450.00,2430,10251,76,100,36,23637,P2,Active,Not Active,Not Active,Not Active
2026/08/10 02:47:46.753,447.68,450.00,2445,10251,78,100,35,23639,P2,Active,Not Active,Not Active,Not Active
2026/08/10 02:47:47.256,451.41,450.00,2445,10251,77,100,35,23639,P2,Active,Not Active,Not Active,Not Active
2026/08/10 02:47:47.760,446.85,450.00,2445,10251,77,100,34,23637,P2,Active,Not Active,Not Active,Not Active
2026/08/10 02:47:48.264,451.35,450.00,2445,10251,77,100,35,23637,P2,Active,Not Active,Not Active,Not Active
2026/08/10 02:47:48.769,448.24,450.00,2430,10251,78,100,34,23637,P2,Active,Not Active,Not Active,Not Active
2026/08/10 02:47:49.274,450.73,450.00,2460,10251,77,100,34,23637,P2,Active,Not Active,Not Active,Not Active
2026/08/10 02:47:49.778,448.36,450.00,2430,10251,77,100,34,23637,P2,Active,Not Active,Not Active,Not Active
2026/08/10 02:47:50.282,449.65,450.00,2460,10251,77,100,35,23637,P2,Active,Not Active,Not Active,Not Active
2026/08/10 02:47:50.787,448.54,450.00,2430,10251,78,100,34,23637,P2,Active,Not Active,Not Active,Not Active
2026/08/10 02:47:51.293,449.92,450.00,2475,10251,77,100,34,23637,P2,Active,Not Active,Not Active,Not Active
2026/08/10 02:47:51.797,448.04,450.00,2445,10251,77,100,34,23637,P2,Active,Not Active,Not Active,Not Active
2026/08/10 02:47:52.300,449.72,450.00,2475,10251,77,100,34,23637,P2,Active,Not Active,Not Active,Not Active
2026/08/10 02:47:52.804,448.00,450.00,2445,10251,78,100,34,23637,P2,Active,Not Active,Not Active,Not Active
2026/08/10 02:47:53.308,449.78,450.00,2460,10251,78,100,34,23637,P2,Active,Not Active,Not Active,Not Active
2026/08/10 02:47:53.812,448.24,450.00,2430,10251,78,100,34,23637,P2,Active,Not Active,Not Active,Not Active
2026/08/10 02:47:54.315,449.86,450.00,2460,10251,78,100,34,23637,P2,Active,Not Active,Not Active,Not Active
2026/08/10 02:47:54.821,448.57,450.00,2430,10251,77,100,34,23637,P2,Active,Not Active,Not Active,Not Active
2026/08/10 02:47:55.325,449.78,450.00,2460,10251,78,100,34,23637,P2,Active,Not Active,Not Active,Not Active
2026/08/10 02:47:55.829,448.91,450.00,2430,10251,77,100,35,23637,P2,Active,Not Active,Not Active,Not Active
2026/08/10 02:47:56.333,449.61,450.00,2460,10251,77,100,36,23637,P2,Active,Not Active,Not Active,Not Active
2026/08/10 02:47:56.836,442.63,450.00,2445,10251,78,100,69,23637,P2,Not Active,Not Active,Not Active,Not Active
2026/08/10 02:47:57.384,396.61,450.00,2655,10251,72,100,100,23637,P2,Not Active,Not Active,Not Active,Not Active
2026/08/10 02:47:57.888,367.37,450.00,2655,10251,71,100,100,23637,P2,Not Active,Not Active,Not Active,Not Active
2026/08/10 02:47:58.392,390.45,450.00,2655,10251,71,100,41,23637,P2,Active,Not Active,Not Active,Not Active
2026/08/10 02:47:58.895,393.00,450.00,2640,10251,74,100,100,23637,P2,Not Active,Not Active,Not Active,Not Active
2026/08/10 02:47:59.398,377.62,450.00,2655,10251,71,100,100,23637,P2,Not Active,Not Active,Not Active,Not Active
2026/08/10 02:47:59.902,390.70,450.00,2535,10251,71,100,70,23637,P2,Not Active,Not Active,Not Active,Not Active
2026/08/10 02:48:00.407,390.57,450.00,2655,10251,71,100,100,23637,P2,Not Active,Not Active,Not Active,Not Active
2026/08/10 02:48:00.910,366.29,450.00,2655,10251,71,100,100,23637,P2,Not Active,Not Active,Not Active,Not Active
2026/08/10 02:48:01.413,378.57,450.00,2655,10251,70,100,66,23637,P2,Active,Not Active,Not Active,Not Active
2026/08/10 02:48:01.940,390.63,450.00,2520,10251,77,100,100,23637,P2,Not Active,Not Active,Not Active,Not Active
2026/08/10 02:48:02.490,382.82,450.00,2520,10251,70,100,100,23637,P2,Active,Not Active,Not Active,Not Active
2026/08/10 02:48:02.993,420.91,450.00,2505,10251,78,100,37,23637,P2,Active,Not Active,Not Active,Not Active
2026/08/10 02:48:03.496,455.90,450.00,2415,10251,77,100,36,23637,P2,Active,Not Active,Not Active,Not Active
2026/08/10 02:48:03.999,451.74,450.00,2505,10251,78,100,36,23637,P2,Active,Not Active,Not Active,Not Active
2026/08/10 02:48:04.504,447.86,450.00,2415,10251,77,100,35,23637,P2,Active,Not Active,Not Active,Not Active
2026/08/10 02:48:05.010,451.33,450.00,2460,10251,78,100,35,23637,P2,Active,Not Active,Not Active,Not Active
2026/08/10 02:48:05.513,447.54,450.00,2430,10251,77,100,34,23637,P2,Active,Not Active,Not Active,Not Active
2026/08/10 02:48:06.017,451.21,450.00,2460,10251,78,100,35,23637,P2,Active,Not Active,Not Active,Not Active
2026/08/10 02:48:06.521,447.80,450.00,2415,10251,77,100,34,23637,P2,Active,Not Active,Not Active,Not Active
2026/08/10 02:48:07.027,450.27,450.00,2460,10251,78,100,35,23637,P2,Active,Not Active,Not Active,Not Active
2026/08/10 02:48:07.530,447.41,450.00,2445,10251,77,100,35,23637,P2,Active,Not Active,Not Active,Not Active
2026/08/10 02:48:08.034,450.12,450.00,2460,10251,78,100,35,23637,P2,Active,Not Active,Not Active,Not Active
2026/08/10 02:48:08.537,448.25,450.00,2430,10251,77,100,34,23637,P2,Active,Not Active,Not Active,Not Active
2026/08/10 02:48:09.041,449.77,450.00,2460,10251,78,100,34,23637,P2,Active,Not Active,Not Active,Not Active
2026/08/10 02:48:09.547,448.66,450.00,2445,10251,77,100,34,23637,P2,Active,Not Active,Not Active,Not Active
2026/08/10 02:48:10.050,449.55,450.00,2445,10251,78,100,35,23637,P2,Active,Not Active,Not Active,Not Active
2026/08/10 02:48:10.553,448.72,450.00,2445,10251,78,100,34,23637,P2,Active,Not Active,Not Active,Not Active
2026/08/10 02:48:11.056,449.11,450.00,2460,10251,78,100,34,23637,P2,Active,Not Active,Not Active,Not Active
2026/08/10 02:48:11.562,449.41,450.00,2460,10251,77,100,34,23637,P2,Active,Not Active,Not Active,Not Active
2026/08/10 02:48:12.064,448.59,450.00,2445,10251,78,100,34,23637,P2,Active,Not Active,Not Active,Not Active
2026/08/10 02:48:12.567,449.56,450.00,2445,10251,78,100,34,23637,P2,Active,Not Active,Not Active,Not Active
2026/08/10 02:48:13.070,449.52,450.00,2430,10251,77,100,34,23637,P2,Active,Not Active,Not Active,Not Active
2026/08/10 02:48:13.573,449.36,450.00,2445,10251,78,100,35,23637,P2,Active,Not Active,Not Active,Not Active
2026/08/10 02:48:14.075,448.98,450.00,2430,10251,78,100,36,23637,P2,Active,Not Active,Not Active,Not Active
2026/08/10 02:48:14.580,431.29,450.00,2655,10251,72,100,100,23637,P2,Not Active,Not Active,Not Active,Not Active
2026/08/10 02:48:15.084,392.73,450.00,2655,10251,71,100,100,23637,P2,Not Active,Not Active,Not Active,Not Active
2026/08/10 02:48:15.587,372.92,450.00,2655,10251,71,100,95,23637,P2,Active,Not Active,Not Active,Not Active
2026/08/10 02:48:16.134,391.48,450.00,2655,10251,72,100,100,23637,P2,Not Active,Not Active,Not Active,Not Active
2026/08/10 02:48:16.638,391.33,450.00,2655,10251,71,100,100,23637,P2,Not Active,Not Active,Not Active,Not Active
2026/08/10 02:48:17.143,367.87,450.00,2655,10251,71,100,100,23637,P2,Not Active,Not Active,Not Active,Not Active
2026/08/10 02:48:17.646,367.51,450.00,2655,10251,71,100,100,23637,P2,Not Active,Not Active,Not Active,Not Active
2026/08/10 02:48:18.172,367.19,450.00,2655,10251,70,100,100,23637,P2,Not Active,Not Active,Not Active,Not Active
2026/08/10 02:48:18.675,367.18,450.00,2655,10251,70,100,100,23637,P2,Not Active,Not Active,Not Active,Not Active
2026/08/10 02:48:19.180,367.27,450.00,2655,10251,70,100,100,23637,P2,Not Active,Not Active,Not Active,Not Active
2026/08/10 02:48:19.683,392.85,450.00,2535,10251,77,100,67,23637,P2,Not Active,Not Active,Not Active,Not Active
2026/08/10 02:48:20.186,428.02,450.00,2505,10251,78,100,37,23637,P2,Active,Not Active,Not Active,Not Active
2026/08/10 02:48:20.688,445.08,450.00,2460,10251,78,100,36,23637,P2,Active,Not Active,Not Active,Not Active
2026/08/10 02:48:21.191,453.54,450.00,2415,10251,76,100,35,23637,P2,Active,Not Active,Not Active,Not Active
2026/08/10 02:48:21.694,447.71,450.00,2430,10251,78,100,35,23637,P2,Active,Not Active,Not Active,Not Active
2026/08/10 02:48:22.199,451.32,450.00,2460,10251,77,100,35,23637,P2,Active,Not Active,Not Active,Not Active
2026/08/10 02:48:22.703,448.44,450.00,2445,10251,77,100,35,23637,P2,Active,Not Active,Not Active,Not Active
2026/08/10 02:48:23.207,450.71,450.00,2460,10251,77,100,35,23637,P2,Active,Not Active,Not Active,Not Active
2026/08/10 02:48:23.709,448.12,450.00,2445,10251,77,100,35,23637,P2,Active,Not Active,Not Active,Not Active
2026/08/10 02:48:24.212,450.75,450.00,2445,10251,76,100,35,23637,P2,Active,Not Active,Not Active,Not Active
2026/08/10 02:48:24.717,447.79,450.00,2445,10251,78,100,34,23637,P2,Active,Not Active,Not Active,Not Active
2026/08/10 02:48:25.221,450.13,450.00,2460,10251,77,100,34,23637,P2,Active,Not Active,Not Active,Not Active
2026/08/10 02:48:25.724,447.58,450.00,2430,10251,77,100,34,23637,P2,Active,Not Active,Not Active,Not Active
2026/08/10 02:48:26.227,450.17,450.00,2460,10251,78,100,35,23637,P2,Active,Not Active,Not Active,Not Active
2026/08/10 02:48:26.731,448.19,450.00,2445,10251,78,100,34,23637,P2,Active,Not Active,Not Active,Not Active
2026/08/10 02:48:27.235,450.18,450.00,2445,10251,77,100,34,23637,P2,Active,Not Active,Not Active,Not Active
2026/08/10 02:48:27.741,447.67,450.00,2430,10251,78,100,34,23637,P2,Active,Not Active,Not Active,Not Active
2026/08/10 02:48:28.244,450.46,450.00,2475,10251,78,100,35,23637,P2,Active,Not Active,Not Active,Not Active
2026/08/10 02:48:28.747,447.89,450.00,2430,10251,78,100,34,23637,P2,Active,Not Active,Not Active,Not Active
2026/08/10 02:48:29.251,450.02,450.00,2460,10251,78,100,34,23637,P2,Active,Not Active,Not Active,Not Active
2026/08/10 02:48:29.756,448.65,450.00,2445,10251,78,100,34,23637,P2,Active,Not Active,Not Active,Not Active
2026/08/10 02:48:30.259,450.02,450.00,2445,10251,78,100,34,23637,P2,Active,Not Active,Not Active,Not Active
2026/08/10 02:48:30.763,447.91,450.00,2430,10251,78,100,34,23637,P2,Active,Not Active,Not Active,Not Active
2026/08/10 02:48:31.266,450.20,450.00,2445,10251,78,100,36,23637,P2,Active,Not Active,Not Active,Not Active
2026/08/10 02:48:31.768,446.35,450.00,2430,10251,78,100,49,23637,P2,Active,Not Active,Not Active,Not Active
2026/08/10 02:48:32.271,407.91,450.00,2655,10251,72,100,100,23637,P2,Not Active,Not Active,Not Active,Not Active
2026/08/10 02:48:32.776,372.15,450.00,2655,10251,71,100,100,23637,P2,Not Active,Not Active,Not Active,Not Active
2026/08/10 02:48:33.280,376.44,450.00,2655,10251,71,100,100,23637,P2,Active,Not Active,Not Active,Not Active
2026/08/10 02:48:33.782,393.65,450.00,2640,10251,78,100,100,23637,P2,Not Active,Not Active,Not Active,Not Active
2026/08/10 02:48:34.285,393.63,450.00,2655,10251,71,100,100,23637,P2,Not Active,Not Active,Not Active,Not Active
2026/08/10 02:48:34.788,393.90,450.00,2655,10251,71,100,47,23637,P2,Not Active,Not Active,Not Active,Not Active
2026/08/10 02:48:35.292,393.80,450.00,2655,10251,72,100,100,23637,P2,Not Active,Not Active,Not Active,Not Active
2026/08/10 02:48:35.796,375.45,450.00,2655,10251,71,98,100,23637,P2,Not Active,Not Active,Not Active,Not Active
2026/08/10 02:48:36.299,365.78,450.00,2655,10251,71,100,100,23637,P2,Not Active,Not Active,Not Active,Not Active
2026/08/10 02:48:36.802,383.25,450.00,2655,10251,71,100,45,23637,P2,Active,Not Active,Not Active,Not Active
2026/08/10 02:48:37.305,392.84,450.00,2655,10251,72,100,100,23637,P2,Not Active,Not Active,Not Active,Not Active
2026/08/10 02:48:37.809,412.46,450.00,2655,10251,71,100,37,23637,P2,Active,Not Active,Not Active,Not Active
2026/08/10 02:48:38.313,441.03,450.00,2490,10251,78,100,37,23637,P2,Active,Not Active,Not Active,Not Active
2026/08/10 02:48:38.818,454.71,450.00,2400,10251,77,100,35,23637,P2,Active,Not Active,Not Active,Not Active
2026/08/10 02:48:39.321,447.60,450.00,2490,10251,78,100,36,23637,P2,Active,Not Active,Not Active,Not Active
2026/08/10 02:48:39.823,449.52,450.00,2430,10251,77,100,35,23637,P2,Active,Not Active,Not Active,Not Active
2026/08/10 02:48:40.327,448.45,450.00,2460,10251,78,100,35,23637,P2,Active,Not Active,Not Active,Not Active
2026/08/10 02:48:40.831,450.84,450.00,2430,10251,77,100,35,23637,P2,Active,Not Active,Not Active,Not Active
2026/08/10 02:48:41.337,447.42,450.00,2445,10251,78,100,34,23637,P2,Active,Not Active,Not Active,Not Active
2026/08/10 02:48:41.841,450.51,450.00,2415,10251,78,100,35,23637,P2,Active,Not Active,Not Active,Not Active
2026/08/10 02:48:42.344,447.82,450.00,2445,10251,78,100,34,23637,P2,Active,Not Active,Not Active,Not Active
2026/08/10 02:48:42.847,450.65,450.00,2430,10251,77,100,34,23637,P2,Active,Not Active,Not Active,Not Active
2026/08/10 02:48:43.352,448.66,450.00,2460,10251,78,100,34,23637,P2,Active,Not Active,Not Active,Not Active
2026/08/10 02:48:43.857,450.13,450.00,2445,10251,78,100,34,23637,P2,Active,Not Active,Not Active,Not Active
2026/08/10 02:48:44.360,448.98,450.00,2445,10251,78,100,34,23637,P2,Active,Not Active,Not Active,Not Active
2026/08/10 02:48:44.863,450.33,450.00,2430,10251,78,100,35,23637,P2,Active,Not Active,Not Active,Not Active
2026/08/10 02:48:45.366,448.75,450.00,2445,10251,77,100,35,23637,P2,Active,Not Active,Not Active,Not Active
2026/08/10 02:48:45.871,450.18,450.00,2430,10251,77,100,34,23637,P2,Active,Not Active,Not Active,Not Active
2026/08/10 02:48:46.374,449.09,450.00,2445,10251,78,100,34,23637,P2,Active,Not Active,Not Active,Not Active
2026/08/10 02:48:46.877,449.91,450.00,2445,10251,78,100,34,23639,P2,Active,Not Active,Not Active,Not Active
2026/08/10 02:48:47.381,448.97,450.00,2430,10251,78,100,34,23639,P2,Active,Not Active,Not Active,Not Active
2026/08/10 02:48:47.885,450.61,450.00,2445,10251,78,100,34,23636,P2,Active,Not Active,Not Active,Not Active
2026/08/10 02:48:48.390,448.53,450.00,2430,10251,78,100,34,23636,P2,Active,Not Active,Not Active,Not Active
2026/08/10 02:48:48.894,449.86,450.00,2445,10251,78,100,35,23636,P2,Active,Not Active,Not Active,Not Active
2026/08/10 02:48:49.397,448.08,450.00,2445,10251,78,100,41,23636,P2,Active,Not Active,Not Active,Not Active
2026/08/10 02:48:49.900,413.09,450.00,2640,10251,72,100,100,23636,P2,Not Active,Not Active,Not Active,Not Active
2026/08/10 02:48:50.403,377.03,450.00,2655,10251,71,100,100,23636,P2,Not Active,Not Active,Not Active,Not Active
2026/08/10 02:48:50.908,368.04,450.00,2655,10251,71,100,100,23636,P2,Active,Not Active,Not Active,Not Active
2026/08/10 02:48:51.414,392.18,450.00,2505,10251,77,100,100,23636,P2,Not Active,Not Active,Not Active,Not Active
2026/08/10 02:48:51.917,392.17,450.00,2655,10251,71,100,100,23636,P2,Not Active,Not Active,Not Active,Not Active
2026/08/10 02:48:52.421,368.08,450.00,2655,10251,71,100,100,23636,P2,Not Active,Not Active,Not Active,Not Active
2026/08/10 02:48:52.923,367.57,450.00,2655,10251,71,100,100,23636,P2,Not Active,Not Active,Not Active,Not Active
2026/08/10 02:48:53.428,367.33,450.00,2655,10251,71,100,100,23636,P2,Not Active,Not Active,Not Active,Not Active
2026/08/10 02:48:53.932,367.30,450.00,2655,10251,71,100,100,23636,P2,Not Active,Not Active,Not Active,Not Active
2026/08/10 02:48:54.435,375.09,450.00,2655,10251,71,100,82,23636,P2,Active,Not Active,Not Active,Not Active
2026/08/10 02:48:54.982,399.56,450.00,2505,10251,77,100,87,23636,P2,Active,Not Active,Not Active,Not Active
2026/08/10 02:48:55.530,442.46,450.00,2505,10251,79,100,37,23636,P2,Active,Not Active,Not Active,Not Active
2026/08/10 02:48:56.033,457.60,450.00,2415,10251,77,100,35,23636,P2,Active,Not Active,Not Active,Not Active
2026/08/10 02:48:56.536,452.79,450.00,2460,10251,78,100,36,23636,P2,Active,Not Active,Not Active,Not Active
2026/08/10 02:48:57.039,448.86,450.00,2400,10251,77,100,35,23636,P2,Active,Not Active,Not Active,Not Active
2026/08/10 02:48:57.542,449.36,450.00,2460,10251,78,100,35,23636,P2,Active,Not Active,Not Active,Not Active
2026/08/10 02:48:58.055,448.24,450.00,2430,10251,77,100,34,23636,P2,Active,Not Active,Not Active,Not Active
2026/08/10 02:48:58.559,449.36,450.00,2445,10251,78,100,34,23636,P2,Active,Not Active,Not Active,Not Active
2026/08/10 02:48:59.061,448.29,450.00,2430,10251,77,100,34,23636,P2,Active,Not Active,Not Active,Not Active
2026/08/10 02:48:59.567,449.45,450.00,2430,10251,78,100,34,23636,P2,Active,Not Active,Not Active,Not Active
2026/08/10 02:49:00.070,449.33,450.00,2430,10251,78,100,34,23636,P2,Active,Not Active,Not Active,Not Active
2026/08/10 02:49:00.573,448.74,450.00,2460,10251,78,100,34,23636,P2,Active,Not Active,Not Active,Not Active
2026/08/10 02:49:01.076,449.39,450.00,2430,10251,78,100,34,23636,P2,Active,Not Active,Not Active,Not Active
2026/08/10 02:49:01.579,449.29,450.00,2445,10251,78,100,34,23636,P2,Active,Not Active,Not Active,Not Active
2026/08/10 02:49:02.082,448.93,450.00,2445,10251,77,100,34,23636,P2,Active,Not Active,Not Active,Not Active
2026/08/10 02:49:02.587,449.06,450.00,2445,10251,78,100,34,23636,P2,Active,Not Active,Not Active,Not Active
2026/08/10 02:49:03.090,449.35,450.00,2445,10251,78,100,34,23636,P2,Active,Not Active,Not Active,Not Active
2026/08/10 02:49:03.593,448.53,450.00,2445,10251,78,100,34,23636,P2,Active,Not Active,Not Active,Not Active
2026/08/10 02:49:04.097,449.45,450.00,2445,10251,78,100,34,23636,P2,Active,Not Active,Not Active,Not Active
2026/08/10 02:49:04.600,448.41,450.00,2445,10251,78,100,34,23636,P2,Active,Not Active,Not Active,Not Active
2026/08/10 02:49:05.105,449.56,450.00,2445,10251,78,100,34,23636,P2,Active,Not Active,Not Active,Not Active
2026/08/10 02:49:05.610,448.68,450.00,2445,10251,78,100,34,23636,P2,Active,Not Active,Not Active,Not Active
2026/08/10 02:49:06.113,449.72,450.00,2460,10251,78,100,35,23636,P2,Active,Not Active,Not Active,Not Active
2026/08/10 02:49:06.616,448.45,450.00,2445,10251,78,100,36,23636,P2,Active,Not Active,Not Active,Not Active
2026/08/10 02:49:07.119,431.00,450.00,2640,10251,72,100,92,23636,P2,Not Active,Not Active,Not Active,Not Active
2026/08/10 02:49:07.624,392.90,450.00,2655,10251,71,100,100,23636,P2,Not Active,Not Active,Not Active,Not Active
2026/08/10 02:49:08.127,367.47,450.00,2655,10251,71,100,100,23636,P2,Not Active,Not Active,Not Active,Not Active
2026/08/10 02:49:08.631,393.37,450.00,2505,10251,77,100,58,23636,P2,Not Active,Not Active,Not Active,Not Active
2026/08/10 02:49:09.178,394.08,450.00,2655,10251,71,100,100,23636,P2,Not Active,Not Active,Not Active,Not Active
2026/08/10 02:49:09.682,367.77,450.00,2655,10251,71,100,100,23636,P2,Not Active,Not Active,Not Active,Not Active
2026/08/10 02:49:10.187,392.46,450.00,2550,10251,72,100,100,23636,P2,Not Active,Not Active,Not Active,Not Active
2026/08/10 02:49:10.690,392.63,450.00,2655,10251,71,100,100,23636,P2,Not Active,Not Active,Not Active,Not Active
2026/08/10 02:49:11.207,367.65,450.00,2655,10251,71,100,100,23636,P2,Not Active,Not Active,Not Active,Not Active
2026/08/10 02:49:11.711,367.25,450.00,2655,10251,70,100,100,23636,P2,Not Active,Not Active,Not Active,Not Active
2026/08/10 02:49:12.214,390.98,450.00,2655,10251,77,100,41,23636,P2,Not Active,Not Active,Not Active,Not Active
2026/08/10 02:49:12.759,414.45,450.00,2655,10251,71,100,38,23636,P2,Active,Not Active,Not Active,Not Active
2026/08/10 02:49:13.266,439.87,450.00,2505,10251,78,100,37,23636,P2,Active,Not Active,Not Active,Not Active
2026/08/10 02:49:13.769,455.99,450.00,2415,10251,77,100,36,23636,P2,Active,Not Active,Not Active,Not Active
2026/08/10 02:49:14.272,447.17,450.00,2490,10251,78,100,36,23636,P2,Active,Not Active,Not Active,Not Active
2026/08/10 02:49:14.775,448.87,450.00,2430,10251,77,100,35,23636,P2,Active,Not Active,Not Active,Not Active
2026/08/10 02:49:15.279,448.20,450.00,2475,10251,78,100,36,23636,P2,Active,Not Active,Not Active,Not Active
2026/08/10 02:49:15.787,449.24,450.00,2415,10251,77,100,34,23636,P2,Active,Not Active,Not Active,Not Active
2026/08/10 02:49:16.289,448.70,450.00,2475,10251,78,100,35,23636,P2,Active,Not Active,Not Active,Not Active
2026/08/10 02:49:16.794,450.25,450.00,2430,10251,78,100,34,23636,P2,Active,Not Active,Not Active,Not Active
2026/08/10 02:49:17.297,448.45,450.00,2445,10251,78,100,35,23636,P2,Active,Not Active,Not Active,Not Active
2026/08/10 02:49:17.802,449.93,450.00,2430,10251,77,100,34,23631,P2,Active,Not Active,Not Active,Not Active
2026/08/10 02:49:18.307,448.12,450.00,2475,10251,78,100,35,23631,P2,Active,Not Active,Not Active,Not Active
2026/08/10 02:49:18.810,449.39,450.00,2430,10251,77,100,34,23631,P2,Active,Not Active,Not Active,Not Active
2026/08/10 02:49:19.313,448.04,450.00,2445,10251,78,100,34,23631,P2,Active,Not Active,Not Active,Not Active
2026/08/10 02:49:19.816,449.76,450.00,2445,10251,78,100,35,23631,P2,Active,Not Active,Not Active,Not Active
2026/08/10 02:49:20.321,447.52,450.00,2445,10251,78,100,34,23631,P2,Active,Not Active,Not Active,Not Active
2026/08/10 02:49:20.824,450.09,450.00,2430,10251,78,100,34,23631,P2,Active,Not Active,Not Active,Not Active
2026/08/10 02:49:21.328,448.63,450.00,2430,10251,78,100,34,23631,P2,Active,Not Active,Not Active,Not Active
2026/08/10 02:49:21.832,450.24,450.00,2460,10251,78,100,34,23631,P2,Active,Not Active,Not Active,Not Active
2026/08/10 02:49:22.336,448.68,450.00,2445,10251,78,100,34,23631,P2,Active,Not Active,Not Active,Not Active
2026/08/10 02:49:22.845,449.83,450.00,2445,10251,78,100,34,23631,P2,Active,Not Active,Not Active,Not Active
2026/08/10 02:49:23.348,449.29,450.00,2445,10251,78,100,34,23631,P2,Active,Not Active,Not Active,Not Active
2026/08/10 02:49:23.851,450.21,450.00,2445,10251,78,100,35,23631,P2,Active,Not Active,Not Active,Not Active
2026/08/10 02:49:24.354,449.52,450.00,2430,10251,78,100,36,23631,P2,Active,Not Active,Not Active,Not Active
2026/08/10 02:49:24.859,419.86,450.00,2625,10251,74,100,100,23631,P2,Not Active,Not Active,Not Active,Not Active
2026/08/10 02:49:25.363,383.02,450.00,2655,10251,71,100,100,23631,P2,Not Active,Not Active,Not Active,Not Active
2026/08/10 02:49:25.866,368.01,450.00,2655,10251,71,100,100,23631,P2,Not Active,Not Active,Not Active,Not Active
2026/08/10 02:49:26.369,368.86,450.00,2655,10251,71,100,100,23631,P2,Active,Not Active,Not Active,Not Active
2026/08/10 02:49:26.873,391.80,450.00,2505,10251,77,100,100,23631,P2,Not Active,Not Active,Not Active,Not Active
2026/08/10 02:49:27.379,392.05,450.00,2655,10251,71,100,100,23631,P2,Not Active,Not Active,Not Active,Not Active
2026/08/10 02:49:27.882,367.75,450.00,2655,10251,71,100,100,23631,P2,Not Active,Not Active,Not Active,Not Active
2026/08/10 02:49:28.385,367.25,450.00,2655,10251,71,100,100,23631,P2,Not Active,Not Active,Not Active,Not Active
2026/08/10 02:49:28.889,366.97,450.00,2655,10251,71,100,100,23631,P2,Not Active,Not Active,Not Active,Not Active
2026/08/10 02:49:29.392,366.56,450.00,2655,10251,71,100,100,23631,P2,Active,Not Active,Not Active,Not Active
2026/08/10 02:49:29.897,392.74,450.00,2520,10251,77,100,91,23631,P2,Not Active,Not Active,Not Active,Not Active
2026/08/10 02:49:30.400,432.97,450.00,2655,10251,75,100,37,23631,P2,Active,Not Active,Not Active,Not Active
2026/08/10 02:49:30.904,447.31,450.00,2505,10251,78,100,36,23631,P2,Active,Not Active,Not Active,Not Active
2026/08/10 02:49:31.407,452.20,450.00,2415,10251,77,100,36,23631,P2,Active,Not Active,Not Active,Not Active
2026/08/10 02:49:31.911,447.08,450.00,2490,10251,78,100,36,23631,P2,Active,Not Active,Not Active,Not Active
2026/08/10 02:49:32.415,451.43,450.00,2415,10251,77,100,36,23631,P2,Active,Not Active,Not Active,Not Active
2026/08/10 02:49:32.921,447.27,450.00,2475,10251,78,100,35,23631,P2,Active,Not Active,Not Active,Not Active
2026/08/10 02:49:33.424,450.77,450.00,2430,10251,77,100,35,23631,P2,Active,Not Active,Not Active,Not Active
2026/08/10 02:49:33.927,448.26,450.00,2445,10251,78,100,35,23631,P2,Active,Not Active,Not Active,Not Active
2026/08/10 02:49:34.431,450.89,450.00,2430,10251,77,100,35,23631,P2,Active,Not Active,Not Active,Not Active
2026/08/10 02:49:34.937,447.43,450.00,2460,10251,78,100,34,23631,P2,Active,Not Active,Not Active,Not Active
2026/08/10 02:49:35.440,450.75,450.00,2430,10251,77,100,35,23631,P2,Active,Not Active,Not Active,Not Active
2026/08/10 02:49:35.944,448.07,450.00,2445,10251,78,100,34,23631,P2,Active,Not Active,Not Active,Not Active
2026/08/10 02:49:36.447,450.63,450.00,2445,10251,77,100,34,23631,P2,Active,Not Active,Not Active,Not Active
2026/08/10 02:49:36.951,448.10,450.00,2445,10251,78,100,34,23631,P2,Active,Not Active,Not Active,Not Active
2026/08/10 02:49:37.456,449.86,450.00,2445,10251,78,100,34,23631,P2,Active,Not Active,Not Active,Not Active
2026/08/10 02:49:37.959,448.51,450.00,2445,10251,78,100,34,23631,P2,Active,Not Active,Not Active,Not Active
2026/08/10 02:49:38.463,449.61,450.00,2445,10251,78,100,34,23631,P2,Active,Not Active,Not Active,Not Active
2026/08/10 02:49:38.966,448.75,450.00,2445,10251,78,100,34,23631,P2,Active,Not Active,Not Active,Not Active
2026/08/10 02:49:39.470,449.35,450.00,2460,10251,77,100,34,23631,P2,Active,Not Active,Not Active,Not Active
2026/08/10 02:49:39.976,448.88,450.00,2430,10251,78,100,34,23631,P2,Active,Not Active,Not Active,Not Active
2026/08/10 02:49:40.479,449.15,450.00,2460,10251,78,100,34,23631,P2,Active,Not Active,Not Active,Not Active
2026/08/10 02:49:40.982,449.14,450.00,2445,10251,77,100,35,23631,P2,Active,Not Active,Not Active,Not Active
2026/08/10 02:49:41.486,448.45,450.00,2460,10251,78,100,36,23631,P2,Active,Not Active,Not Active,Not Active
2026/08/10 02:49:41.990,444.14,450.00,2445,10251,77,100,68,23631,P2,Not Active,Not Active,Not Active,Not Active
2026/08/10 02:49:42.496,405.38,450.00,2655,10251,71,100,100,23631,P2,Not Active,Not Active,Not Active,Not Active
2026/08/10 02:49:42.999,372.25,450.00,2655,10251,71,100,100,23631,P2,Not Active,Not Active,Not Active,Not Active
2026/08/10 02:49:43.502,380.27,450.00,2505,10251,77,100,100,23631,P2,Active,Not Active,Not Active,Not Active
2026/08/10 02:49:44.043,393.88,450.00,2655,10251,71,100,100,23631,P2,Not Active,Not Active,Not Active,Not Active
2026/08/10 02:49:44.546,382.26,450.00,2655,10251,71,100,100,23631,P2,Not Active,Not Active,Not Active,Not Active
2026/08/10 02:49:45.051,368.06,450.00,2655,10251,71,100,100,23631,P2,Not Active,Not Active,Not Active,Not Active
2026/08/10 02:49:45.554,393.24,450.00,2640,10251,72,100,100,23631,P2,Not Active,Not Active,Not Active,Not Active
2026/08/10 02:49:46.062,393.33,450.00,2655,10251,71,100,100,23631,P2,Not Active,Not Active,Not Active,Not Active
2026/08/10 02:49:46.565,367.61,450.00,2655,10251,71,100,100,23631,P2,Not Active,Not Active,Not Active,Not Active
2026/08/10 02:49:47.072,373.75,450.00,2655,10251,71,100,100,23633,P2,Active,Not Active,Not Active,Not Active
2026/08/10 02:49:47.606,393.13,450.00,2655,10251,71,100,100,23633,P2,Not Active,Not Active,Not Active,Not Active
2026/08/10 02:49:48.115,436.21,450.00,2505,10251,78,100,37,23631,P2,Active,Not Active,Not Active,Not Active
2026/08/10 02:49:48.618,450.36,450.00,2415,10251,76,100,36,23631,P2,Active,Not Active,Not Active,Not Active
2026/08/10 02:49:49.122,453.32,450.00,2505,10251,78,100,36,23631,P2,Active,Not Active,Not Active,Not Active
2026/08/10 02:49:49.626,446.99,450.00,2430,10251,77,100,35,23631,P2,Active,Not Active,Not Active,Not Active
2026/08/10 02:49:50.131,451.34,450.00,2475,10251,78,100,36,23631,P2,Active,Not Active,Not Active,Not Active
2026/08/10 02:49:50.636,447.44,450.00,2430,10251,77,100,35,23631,P2,Active,Not Active,Not Active,Not Active
2026/08/10 02:49:51.140,451.24,450.00,2460,10251,78,100,35,23631,P2,Active,Not Active,Not Active,Not Active
2026/08/10 02:49:51.643,447.58,450.00,2430,10251,77,100,35,23631,P2,Active,Not Active,Not Active,Not Active
2026/08/10 02:49:52.147,450.19,450.00,2475,10251,78,100,35,23631,P2,Active,Not Active,Not Active,Not Active
2026/08/10 02:49:52.651,447.53,450.00,2430,10251,77,100,34,23631,P2,Active,Not Active,Not Active,Not Active
2026/08/10 02:49:53.156,450.37,450.00,2460,10251,78,100,35,23631,P2,Active,Not Active,Not Active,Not Active
2026/08/10 02:49:53.659,447.24,450.00,2445,10251,77,100,34,23631,P2,Active,Not Active,Not Active,Not Active
2026/08/10 02:49:54.163,449.50,450.00,2460,10251,78,100,34,23631,P2,Active,Not Active,Not Active,Not Active
2026/08/10 02:49:54.666,448.41,450.00,2430,10251,77,100,34,23631,P2,Active,Not Active,Not Active,Not Active
2026/08/10 02:49:55.172,449.46,450.00,2460,10251,78,100,34,23631,P2,Active,Not Active,Not Active,Not Active
2026/08/10 02:49:55.676,449.35,450.00,2430,10251,77,100,34,23631,P2,Active,Not Active,Not Active,Not Active
2026/08/10 02:49:56.179,449.57,450.00,2445,10251,78,100,34,23631,P2,Active,Not Active,Not Active,Not Active
2026/08/10 02:49:56.683,449.05,450.00,2445,10251,78,100,34,23631,P2,Active,Not Active,Not Active,Not Active
2026/08/10 02:49:57.188,449.21,450.00,2445,10251,78,100,34,23631,P2,Active,Not Active,Not Active,Not Active
2026/08/10 02:49:57.692,449.38,450.00,2445,10251,78,100,34,23631,P2,Active,Not Active,Not Active,Not Active
2026/08/10 02:49:58.195,449.24,450.00,2445,10251,78,100,34,23631,P2,Active,Not Active,Not Active,Not Active
2026/08/10 02:49:58.699,448.71,450.00,2445,10251,77,100,34,23631,P2,Active,Not Active,Not Active,Not Active
2026/08/10 02:49:59.202,449.01,450.00,2475,10251,78,100,36,23631,P2,Active,Not Active,Not Active,Not Active
2026/08/10 02:49:59.707,440.12,450.00,2490,10251,77,100,51,23631,P2,Not Active,Not Active,Not Active,Not Active
2026/08/10 02:50:00.211,402.42,450.00,2655,10251,71,100,100,23631,P2,Not Active,Not Active,Not Active,Not Active
2026/08/10 02:50:00.714,368.65,450.00,2655,10251,71,100,100,23631,P2,Not Active,Not Active,Not Active,Not Active
2026/08/10 02:50:01.217,368.62,450.00,2655,10251,71,100,100,23631,P2,Not Active,Not Active,Not Active,Not Active
2026/08/10 02:50:01.720,368.10,450.00,2655,10251,71,100,100,23631,P2,Not Active,Not Active,Not Active,Not Active
2026/08/10 02:50:02.225,392.68,450.00,2565,10251,76,100,97,23631,P2,Not Active,Not Active,Not Active,Not Active
2026/08/10 02:50:02.730,392.77,450.00,2655,10251,71,100,100,23631,P2,Not Active,Not Active,Not Active,Not Active
2026/08/10 02:50:03.233,368.23,450.00,2655,10251,71,100,100,23631,P2,Not Active,Not Active,Not Active,Not Active
2026/08/10 02:50:03.736,367.93,450.00,2655,10251,71,100,100,23631,P2,Not Active,Not Active,Not Active,Not Active
2026/08/10 02:50:04.239,368.03,450.00,2655,10251,70,100,100,23631,P2,Not Active,Not Active,Not Active,Not Active
2026/08/10 02:50:04.744,394.60,450.00,2535,10251,76,100,66,23631,P2,Not Active,Not Active,Not Active,Not Active
2026/08/10 02:50:05.250,418.08,450.00,2655,10251,71,100,68,23631,P2,Active,Not Active,Not Active,Not Active
2026/08/10 02:50:05.752,441.23,450.00,2490,10251,79,100,36,23631,P2,Active,Not Active,Not Active,Not Active
2026/08/10 02:50:06.255,456.65,450.00,2400,10251,77,100,35,23631,P2,Active,Not Active,Not Active,Not Active
2026/08/10 02:50:06.759,448.04,450.00,2490,10251,78,100,35,23631,P2,Active,Not Active,Not Active,Not Active
2026/08/10 02:50:07.264,449.02,450.00,2430,10251,77,100,35,23631,P2,Active,Not Active,Not Active,Not Active
2026/08/10 02:50:07.770,448.18,450.00,2460,10251,78,100,35,23631,P2,Active,Not Active,Not Active,Not Active
2026/08/10 02:50:08.273,450.18,450.00,2400,10251,77,100,35,23631,P2,Active,Not Active,Not Active,Not Active
2026/08/10 02:50:08.778,448.25,450.00,2475,10251,78,100,35,23631,P2,Active,Not Active,Not Active,Not Active
2026/08/10 02:50:09.283,450.16,450.00,2415,10251,77,100,35,23631,P2,Active,Not Active,Not Active,Not Active
2026/08/10 02:50:09.789,448.55,450.00,2460,10251,78,100,35,23631,P2,Active,Not Active,Not Active,Not Active
2026/08/10 02:50:10.292,449.52,450.00,2445,10251,77,100,35,23631,P2,Active,Not Active,Not Active,Not Active
2026/08/10 02:50:10.796,448.30,450.00,2460,10251,78,100,35,23631,P2,Active,Not Active,Not Active,Not Active
2026/08/10 02:50:11.300,449.18,450.00,2445,10251,77,100,34,23631,P2,Active,Not Active,Not Active,Not Active
2026/08/10 02:50:11.805,448.60,450.00,2445,10251,78,100,34,23631,P2,Active,Not Active,Not Active,Not Active
2026/08/10 02:50:12.310,449.27,450.00,2460,10251,77,100,34,23631,P2,Active,Not Active,Not Active,Not Active
2026/08/10 02:50:12.814,448.53,450.00,2460,10251,78,100,33,23631,P2,Active,Not Active,Not Active,Not Active
2026/08/10 02:50:13.318,450.19,450.00,2445,10251,77,100,34,23631,P2,Active,Not Active,Not Active,Not Active
2026/08/10 02:50:13.828,448.06,450.00,2445,10251,78,100,34,23631,P2,Active,Not Active,Not Active,Not Active
2026/08/10 02:50:14.332,449.79,450.00,2445,10251,78,100,34,23631,P2,Active,Not Active,Not Active,Not Active
2026/08/10 02:50:14.835,448.23,450.00,2445,10251,78,100,34,23631,P2,Active,Not Active,Not Active,Not Active
2026/08/10 02:50:15.340,449.51,450.00,2475,10251,77,100,34,23631,P2,Active,Not Active,Not Active,Not Active
2026/08/10 02:50:15.847,449.17,450.00,2445,10251,78,100,34,23631,P2,Active,Not Active,Not Active,Not Active
2026/08/10 02:50:16.350,449.64,450.00,2460,10251,77,100,36,23631,P2,Active,Not Active,Not Active,Not Active
2026/08/10 02:50:16.854,448.77,450.00,2445,10251,78,100,37,23631,P2,Active,Not Active,Not Active,Not Active
2026/08/10 02:50:17.357,418.26,450.00,2640,10251,73,100,100,23631,P2,Not Active,Not Active,Not Active,Not Active
2026/08/10 02:50:17.862,379.78,450.00,2655,10251,71,100,100,23634,P2,Not Active,Not Active,Not Active,Not Active
2026/08/10 02:50:18.366,366.28,450.00,2655,10251,71,100,100,23634,P2,Not Active,Not Active,Not Active,Not Active
2026/08/10 02:50:18.869,393.98,450.00,2520,10251,78,100,79,23634,P2,Not Active,Not Active,Not Active,Not Active
2026/08/10 02:50:19.374,394.30,450.00,2655,10251,71,100,100,23634,P2,Not Active,Not Active,Not Active,Not Active
2026/08/10 02:50:19.878,367.84,450.00,2655,10251,71,100,100,23634,P2,Not Active,Not Active,Not Active,Not Active
2026/08/10 02:50:20.383,367.03,450.00,2655,10251,71,100,100,23634,P2,Not Active,Not Active,Not Active,Not Active
2026/08/10 02:50:20.886,393.73,450.00,2655,10251,71,100,40,23634,P2,Not Active,Not Active,Not Active,Not Active
2026/08/10 02:50:21.389,391.33,450.00,2655,10251,71,100,100,23633,P2,Not Active,Not Active,Not Active,Not Active
2026/08/10 02:50:21.892,368.52,450.00,2655,10251,70,100,100,23624,P2,Not Active,Not Active,Not Active,Not Active
2026/08/10 02:50:22.397,391.83,450.00,2655,10251,70,100,64,23624,P2,Not Active,Not Active,Not Active,Not Active
2026/08/10 02:50:22.902,408.76,450.00,2655,10251,71,100,91,23624,P2,Active,Not Active,Not Active,Not Active
2026/08/10 02:50:23.406,437.53,450.00,2505,10251,78,100,37,23624,P2,Active,Not Active,Not Active,Not Active
2026/08/10 02:50:23.910,459.22,450.00,2400,10251,77,100,35,23624,P2,Active,Not Active,Not Active,Not Active
2026/08/10 02:50:24.414,448.59,450.00,2460,10251,77,100,36,23624,P2,Active,Not Active,Not Active,Not Active
2026/08/10 02:50:24.922,448.28,450.00,2415,10251,77,100,35,23624,P2,Active,Not Active,Not Active,Not Active
2026/08/10 02:50:25.426,448.68,450.00,2475,10251,77,100,36,23624,P2,Active,Not Active,Not Active,Not Active
2026/08/10 02:50:25.930,448.33,450.00,2445,10251,76,100,35,23624,P2,Active,Not Active,Not Active,Not Active
2026/08/10 02:50:26.433,448.70,450.00,2460,10251,77,100,36,23624,P2,Active,Not Active,Not Active,Not Active
2026/08/10 02:50:26.939,448.93,450.00,2430,10251,77,100,35,23624,P2,Active,Not Active,Not Active,Not Active
2026/08/10 02:50:27.442,448.03,450.00,2475,10251,77,100,35,23624,P2,Active,Not Active,Not Active,Not Active
2026/08/10 02:50:27.945,448.94,450.00,2430,10251,77,100,34,23624,P2,Active,Not Active,Not Active,Not Active
2026/08/10 02:50:28.448,448.63,450.00,2460,10251,78,100,34,23624,P2,Active,Not Active,Not Active,Not Active
2026/08/10 02:50:28.951,449.46,450.00,2445,10251,77,100,34,23624,P2,Active,Not Active,Not Active,Not Active
2026/08/10 02:50:29.455,448.42,450.00,2475,10251,78,100,34,23624,P2,Active,Not Active,Not Active,Not Active
2026/08/10 02:50:29.961,450.17,450.00,2445,10251,78,100,34,23624,P2,Active,Not Active,Not Active,Not Active
2026/08/10 02:50:30.464,448.66,450.00,2475,10251,78,100,34,23624,P2,Active,Not Active,Not Active,Not Active
2026/08/10 02:50:30.968,449.54,450.00,2445,10251,77,100,34,23624,P2,Active,Not Active,Not Active,Not Active
2026/08/10 02:50:31.472,448.45,450.00,2475,10251,78,100,34,23624,P2,Active,Not Active,Not Active,Not Active
2026/08/10 02:50:31.977,449.49,450.00,2460,10251,77,100,34,23624,P2,Active,Not Active,Not Active,Not Active
2026/08/10 02:50:32.482,448.32,450.00,2460,10251,78,100,34,23624,P2,Active,Not Active,Not Active,Not Active
2026/08/10 02:50:32.985,449.60,450.00,2430,10251,78,100,34,23624,P2,Active,Not Active,Not Active,Not Active
2026/08/10 02:50:33.488,448.46,450.00,2460,10251,78,100,34,23624,P2,Active,Not Active,Not Active,Not Active
2026/08/10 02:50:33.991,449.66,450.00,2445,10251,78,100,35,23624,P2,Active,Not Active,Not Active,Not Active
2026/08/10 02:50:34.496,448.76,450.00,2445,10251,78,100,36,23624,P2,Active,Not Active,Not Active,Not Active
2026/08/10 02:50:35.001,422.85,450.00,2655,10251,71,100,100,23624,P2,Not Active,Not Active,Not Active,Not Active
2026/08/10 02:50:35.505,386.16,450.00,2655,10251,71,100,100,23624,P2,Not Active,Not Active,Not Active,Not Active
2026/08/10 02:50:36.009,368.26,450.00,2655,10251,71,100,100,23624,P2,Not Active,Not Active,Not Active,Not Active
2026/08/10 02:50:36.513,367.68,450.00,2655,10251,71,100,100,23624,P2,Not Active,Not Active,Not Active,Not Active
2026/08/10 02:50:37.023,367.24,450.00,2655,10251,71,100,100,23624,P2,Not Active,Not Active,Not Active,Not Active
2026/08/10 02:50:37.526,392.25,450.00,2655,10251,71,100,100,23624,P2,Not Active,Not Active,Not Active,Not Active
2026/08/10 02:50:38.029,392.46,450.00,2655,10251,71,100,100,23624,P2,Not Active,Not Active,Not Active,Not Active
2026/08/10 02:50:38.533,367.62,450.00,2655,10251,70,100,100,23624,P2,Not Active,Not Active,Not Active,Not Active
2026/08/10 02:50:39.037,367.46,450.00,2655,10251,70,100,100,23624,P2,Not Active,Not Active,Not Active,Not Active
2026/08/10 02:50:39.540,373.52,450.00,2565,10251,70,100,88,23624,P2,Active,Not Active,Not Active,Not Active
2026/08/10 02:50:40.087,392.65,450.00,2655,10251,71,100,100,23624,P2,Not Active,Not Active,Not Active,Not Active
2026/08/10 02:50:40.590,436.84,450.00,2505,10251,78,100,37,23624,P2,Active,Not Active,Not Active,Not Active
2026/08/10 02:50:41.095,452.13,450.00,2400,10251,77,100,35,23624,P2,Active,Not Active,Not Active,Not Active
2026/08/10 02:50:41.600,452.63,450.00,2490,10251,78,100,36,23624,P2,Active,Not Active,Not Active,Not Active
2026/08/10 02:50:42.103,447.44,450.00,2400,10251,77,100,36,23624,P2,Active,Not Active,Not Active,Not Active
2026/08/10 02:50:42.606,451.70,450.00,2475,10251,77,100,36,23624,P2,Active,Not Active,Not Active,Not Active
2026/08/10 02:50:43.110,447.55,450.00,2415,10251,77,100,35,23624,P2,Active,Not Active,Not Active,Not Active
2026/08/10 02:50:43.619,451.78,450.00,2475,10251,78,100,36,23624,P2,Active,Not Active,Not Active,Not Active
2026/08/10 02:50:44.121,448.08,450.00,2400,10251,77,100,35,23624,P2,Active,Not Active,Not Active,Not Active
2026/08/10 02:50:44.626,450.88,450.00,2475,10251,78,100,35,23624,P2,Active,Not Active,Not Active,Not Active
2026/08/10 02:50:45.131,447.76,450.00,2415,10251,77,100,34,23624,P2,Active,Not Active,Not Active,Not Active
2026/08/10 02:50:45.637,451.17,450.00,2460,10251,78,100,34,23624,P2,Active,Not Active,Not Active,Not Active
2026/08/10 02:50:46.140,448.16,450.00,2415,10251,77,100,34,23624,P2,Active,Not Active,Not Active,Not Active
2026/08/10 02:50:46.644,450.45,450.00,2490,10251,78,100,34,23624,P2,Active,Not Active,Not Active,Not Active
2026/08/10 02:50:47.147,448.37,450.00,2430,10251,77,100,34,23627,P2,Active,Not Active,Not Active,Not Active
2026/08/10 02:50:47.652,450.03,450.00,2475,10251,78,100,34,23627,P2,Active,Not Active,Not Active,Not Active
2026/08/10 02:50:48.157,448.33,450.00,2430,10251,77,100,34,23624,P2,Active,Not Active,Not Active,Not Active
2026/08/10 02:50:48.661,450.37,450.00,2460,10251,77,100,34,23624,P2,Active,Not Active,Not Active,Not Active
2026/08/10 02:50:49.164,448.53,450.00,2430,10251,77,100,34,23624,P2,Active,Not Active,Not Active,Not Active
2026/08/10 02:50:49.668,450.58,450.00,2460,10251,78,100,34,23624,P2,Active,Not Active,Not Active,Not Active
2026/08/10 02:50:50.173,449.50,450.00,2445,10251,77,100,34,23624,P2,Active,Not Active,Not Active,Not Active
2026/08/10 02:50:50.677,449.72,450.00,2460,10251,78,100,34,23624,P2,Active,Not Active,Not Active,Not Active
2026/08/10 02:50:51.180,449.27,450.00,2445,10251,78,100,35,23624,P2,Active,Not Active,Not Active,Not Active
2026/08/10 02:50:51.684,450.41,450.00,2475,10251,78,100,36,23624,P2,Active,Not Active,Not Active,Not Active
2026/08/10 02:50:52.187,440.22,450.00,2550,10251,76,100,85,23624,P2,Not Active,Not Active,Not Active,Not Active
2026/08/10 02:50:52.691,403.82,450.00,2655,10251,71,100,100,23624,P2,Not Active,Not Active,Not Active,Not Active
2026/08/10 02:50:53.194,367.65,450.00,2655,10251,71,100,100,23624,P2,Not Active,Not Active,Not Active,Not Active
2026/08/10 02:50:53.698,374.62,450.00,2655,10251,71,100,100,23624,P2,Active,Not Active,Not Active,Not Active
2026/08/10 02:50:54.202,392.93,450.00,2655,10251,71,100,100,23624,P2,Not Active,Not Active,Not Active,Not Active
2026/08/10 02:50:54.705,386.03,450.00,2655,10251,71,100,100,23624,P2,Not Active,Not Active,Not Active,Not Active
2026/08/10 02:50:55.212,367.74,450.00,2655,10251,71,100,100,23624,P2,Not Active,Not Active,Not Active,Not Active
2026/08/10 02:50:55.716,367.41,450.00,2655,10251,70,100,100,23624,P2,Not Active,Not Active,Not Active,Not Active
2026/08/10 02:50:56.219,394.68,450.00,2505,10251,77,100,58,23624,P2,Not Active,Not Active,Not Active,Not Active
2026/08/10 02:50:56.737,394.99,450.00,2655,10251,71,100,100,23624,P2,Not Active,Not Active,Not Active,Not Active
2026/08/10 02:50:57.240,382.93,450.00,2655,10251,70,100,95,23624,P2,Active,Not Active,Not Active,Not Active
2026/08/10 02:50:57.743,392.83,450.00,2640,10251,71,100,100,23624,P2,Not Active,Not Active,Not Active,Not Active
2026/08/10 02:50:58.248,436.95,450.00,2505,10251,78,100,37,23624,P2,Active,Not Active,Not Active,Not Active
2026/08/10 02:50:58.754,452.44,450.00,2415,10251,77,100,36,23624,P2,Active,Not Active,Not Active,Not Active
2026/08/10 02:50:59.258,451.68,450.00,2475,10251,77,100,36,23624,P2,Active,Not Active,Not Active,Not Active
2026/08/10 02:50:59.762,447.44,450.00,2430,10251,77,100,35,23624,P2,Active,Not Active,Not Active,Not Active
2026/08/10 02:51:00.266,451.79,450.00,2460,10251,77,100,36,23624,P2,Active,Not Active,Not Active,Not Active
2026/08/10 02:51:00.773,447.64,450.00,2430,10251,77,100,35,23624,P2,Active,Not Active,Not Active,Not Active
2026/08/10 02:51:01.276,451.31,450.00,2460,10251,77,100,36,23624,P2,Active,Not Active,Not Active,Not Active
2026/08/10 02:51:01.779,447.83,450.00,2430,10251,77,100,35,23624,P2,Active,Not Active,Not Active,Not Active
2026/08/10 02:51:02.283,450.79,450.00,2445,10251,77,100,34,23624,P2,Active,Not Active,Not Active,Not Active
2026/08/10 02:51:02.788,448.97,450.00,2445,10251,77,100,34,23624,P2,Active,Not Active,Not Active,Not Active
2026/08/10 02:51:03.293,450.48,450.00,2460,10251,77,100,35,23624,P2,Active,Not Active,Not Active,Not Active
2026/08/10 02:51:03.796,447.82,450.00,2445,10251,77,100,34,23624,P2,Active,Not Active,Not Active,Not Active
2026/08/10 02:51:04.300,449.80,450.00,2475,10251,78,100,34,23624,P2,Active,Not Active,Not Active,Not Active
2026/08/10 02:51:04.811,449.89,450.00,2445,10251,77,100,34,23624,P2,Active,Not Active,Not Active,Not Active
2026/08/10 02:51:05.314,449.43,450.00,2460,10251,77,100,35,23624,P2,Active,Not Active,Not Active,Not Active
2026/08/10 02:51:05.818,449.36,450.00,2445,10251,78,100,34,23624,P2,Active,Not Active,Not Active,Not Active
2026/08/10 02:51:06.322,449.77,450.00,2445,10251,78,100,34,23624,P2,Active,Not Active,Not Active,Not Active
2026/08/10 02:51:06.827,449.38,450.00,2445,10251,77,100,34,23624,P2,Active,Not Active,Not Active,Not Active
2026/08/10 02:51:07.332,449.53,450.00,2460,10251,78,100,34,23624,P2,Active,Not Active,Not Active,Not Active
2026/08/10 02:51:07.836,449.74,450.00,2430,10251,78,100,34,23624,P2,Active,Not Active,Not Active,Not Active
2026/08/10 02:51:08.339,449.21,450.00,2475,10251,78,100,35,23624,P2,Active,Not Active,Not Active,Not Active
2026/08/10 02:51:08.843,449.24,450.00,2445,10251,78,100,35,23624,P2,Active,Not Active,Not Active,Not Active
2026/08/10 02:51:09.350,448.92,450.00,2445,10251,78,100,37,23624,P2,Active,Not Active,Not Active,Not Active
2026/08/10 02:51:09.853,436.68,450.00,2430,10251,78,100,56,23624,P2,Not Active,Not Active,Not Active,Not Active
2026/08/10 02:51:10.357,400.49,450.00,2655,10251,72,100,100,23624,P2,Not Active,Not Active,Not Active,Not Active
2026/08/10 02:51:10.860,368.57,450.00,2655,10251,71,100,100,23624,P2,Not Active,Not Active,Not Active,Not Active
2026/08/10 02:51:11.366,368.13,450.00,2655,10251,71,100,100,23624,P2,Not Active,Not Active,Not Active,Not Active
2026/08/10 02:51:11.869,367.72,450.00,2655,10251,71,100,100,23624,P2,Not Active,Not Active,Not Active,Not Active
2026/08/10 02:51:12.372,367.25,450.00,2655,10251,71,100,100,23624,P2,Not Active,Not Active,Not Active,Not Active
2026/08/10 02:51:12.875,391.82,450.00,2520,10251,77,100,76,23624,P2,Not Active,Not Active,Not Active,Not Active
2026/08/10 02:51:13.378,392.05,450.00,2655,10251,71,100,100,23624,P2,Not Active,Not Active,Not Active,Not Active
2026/08/10 02:51:13.883,367.22,450.00,2655,10251,70,100,100,23624,P2,Not Active,Not Active,Not Active,Not Active
2026/08/10 02:51:14.386,367.16,450.00,2655,10251,70,100,100,23624,P2,Not Active,Not Active,Not Active,Not Active
2026/08/10 02:51:14.889,392.21,450.00,2655,10251,70,100,48,23624,P2,Not Active,Not Active,Not Active,Not Active
2026/08/10 02:51:15.432,416.91,450.00,2655,10251,71,100,55,23624,P2,Active,Not Active,Not Active,Not Active
2026/08/10 02:51:15.936,439.31,450.00,2505,10251,78,100,37,23624,P2,Active,Not Active,Not Active,Not Active
2026/08/10 02:51:16.439,453.65,450.00,2415,10251,77,100,36,23624,P2,Active,Not Active,Not Active,Not Active
2026/08/10 02:51:16.944,448.40,450.00,2475,10251,77,100,36,23624,P2,Active,Not Active,Not Active,Not Active
2026/08/10 02:51:17.448,449.89,450.00,2415,10251,77,100,35,23624,P2,Active,Not Active,Not Active,Not Active
2026/08/10 02:51:17.952,448.90,450.00,2460,10251,77,100,36,23624,P2,Active,Not Active,Not Active,Not Active
2026/08/10 02:51:18.455,448.90,450.00,2415,10251,77,100,35,23624,P2,Active,Not Active,Not Active,Not Active
2026/08/10 02:51:18.959,449.02,450.00,2460,10251,77,100,34,23624,P2,Active,Not Active,Not Active,Not Active
2026/08/10 02:51:19.464,448.70,450.00,2445,10251,77,100,34,23624,P2,Active,Not Active,Not Active,Not Active
2026/08/10 02:51:19.968,449.83,450.00,2475,10251,77,100,35,23624,P2,Active,Not Active,Not Active,Not Active
2026/08/10 02:51:20.472,449.26,450.00,2430,10251,77,100,34,23624,P2,Active,Not Active,Not Active,Not Active
2026/08/10 02:51:20.975,449.29,450.00,2445,10251,78,100,34,23624,P2,Active,Not Active,Not Active,Not Active
2026/08/10 02:51:21.481,449.52,450.00,2415,10251,77,100,34,23624,P2,Active,Not Active,Not Active,Not Active
2026/08/10 02:51:21.986,448.64,450.00,2460,10251,78,100,34,23624,P2,Active,Not Active,Not Active,Not Active
2026/08/10 02:51:22.490,450.16,450.00,2430,10251,77,100,34,23624,P2,Active,Not Active,Not Active,Not Active
2026/08/10 02:51:22.994,447.58,450.00,2460,10251,78,100,34,23624,P2,Active,Not Active,Not Active,Not Active
2026/08/10 02:51:23.499,450.67,450.00,2430,10251,78,100,34,23624,P2,Active,Not Active,Not Active,Not Active
2026/08/10 02:51:24.003,447.65,450.00,2445,10251,77,100,34,23624,P2,Active,Not Active,Not Active,Not Active
2026/08/10 02:51:24.506,449.75,450.00,2490,10251,78,100,34,23624,P2,Active,Not Active,Not Active,Not Active
2026/08/10 02:51:25.010,448.38,450.00,2445,10251,77,100,34,23624,P2,Active,Not Active,Not Active,Not Active
2026/08/10 02:51:25.513,449.99,450.00,2460,10251,78,100,34,23624,P2,Active,Not Active,Not Active,Not Active
2026/08/10 02:51:26.018,448.57,450.00,2445,10251,78,100,34,23624,P2,Active,Not Active,Not Active,Not Active
2026/08/10 02:51:26.523,449.77,450.00,2460,10251,78,100,36,23624,P2,Active,Not Active,Not Active,Not Active
2026/08/10 02:51:27.026,448.36,450.00,2475,10251,77,100,36,23624,P2,Active,Not Active,Not Active,Not Active
2026/08/10 02:51:27.529,415.63,450.00,2655,10251,71,100,100,23624,P2,Not Active,Not Active,Not Active,Not Active
2026/08/10 02:51:28.033,378.13,450.00,2655,10251,71,100,100,23624,P2,Not Active,Not Active,Not Active,Not Active
2026/08/10 02:51:28.537,367.37,450.00,2655,10251,71,100,100,23624,P2,Not Active,Not Active,Not Active,Not Active
2026/08/10 02:51:29.041,381.45,450.00,2505,10251,77,100,94,23624,P2,Active,Not Active,Not Active,Not Active
2026/08/10 02:51:29.554,391.93,450.00,2655,10251,71,100,100,23624,P2,Not Active,Not Active,Not Active,Not Active
2026/08/10 02:51:30.060,387.47,450.00,2655,10251,71,100,100,23624,P2,Not Active,Not Active,Not Active,Not Active
2026/08/10 02:51:30.563,367.20,450.00,2655,10251,70,100,100,23624,P2,Not Active,Not Active,Not Active,Not Active
2026/08/10 02:51:31.066,381.55,450.00,2505,10251,76,100,100,23624,P2,Active,Not Active,Not Active,Not Active
2026/08/10 02:51:31.570,392.82,450.00,2655,10251,71,100,100,23624,P2,Not Active,Not Active,Not Active,Not Active
2026/08/10 02:51:32.073,391.29,450.00,2655,10251,70,100,100,23624,P2,Not Active,Not Active,Not Active,Not Active
2026/08/10 02:51:32.578,401.65,450.00,2505,10251,78,100,38,23624,P2,Active,Not Active,Not Active,Not Active
2026/08/10 02:51:33.082,413.71,450.00,2520,10251,71,100,100,23624,P2,Active,Not Active,Not Active,Not Active
2026/08/10 02:51:33.625,439.07,450.00,2505,10251,78,100,37,23624,P2,Active,Not Active,Not Active,Not Active
2026/08/10 02:51:34.128,458.07,450.00,2415,10251,76,100,36,23624,P2,Active,Not Active,Not Active,Not Active
2026/08/10 02:51:34.632,451.03,450.00,2475,10251,78,100,37,23624,P2,Active,Not Active,Not Active,Not Active
2026/08/10 02:51:35.137,447.76,450.00,2430,10251,77,100,35,23624,P2,Active,Not Active,Not Active,Not Active
2026/08/10 02:51:35.641,450.25,450.00,2460,10251,78,100,36,23624,P2,Active,Not Active,Not Active,Not Active
2026/08/10 02:51:36.145,448.25,450.00,2430,10251,77,100,35,23624,P2,Active,Not Active,Not Active,Not Active
2026/08/10 02:51:36.650,449.98,450.00,2460,10251,78,100,35,23624,P2,Active,Not Active,Not Active,Not Active
2026/08/10 02:51:37.155,448.51,450.00,2430,10251,77,100,34,23624,P2,Active,Not Active,Not Active,Not Active
2026/08/10 02:51:37.661,449.65,450.00,2460,10251,78,100,34,23624,P2,Active,Not Active,Not Active,Not Active
2026/08/10 02:51:38.164,448.43,450.00,2430,10251,77,100,33,23624,P2,Active,Not Active,Not Active,Not Active
2026/08/10 02:51:38.668,449.39,450.00,2445,10251,78,100,34,23624,P2,Active,Not Active,Not Active,Not Active
2026/08/10 02:51:39.172,450.10,450.00,2445,10251,77,100,34,23624,P2,Active,Not Active,Not Active,Not Active
2026/08/10 02:51:39.679,449.43,450.00,2445,10251,78,100,34,23624,P2,Active,Not Active,Not Active,Not Active
2026/08/10 02:51:40.183,449.40,450.00,2475,10251,77,100,34,23624,P2,Active,Not Active,Not Active,Not Active
2026/08/10 02:51:40.686,448.90,450.00,2460,10251,78,100,34,23624,P2,Active,Not Active,Not Active,Not Active
2026/08/10 02:51:41.190,450.01,450.00,2460,10251,77,100,34,23624,P2,Active,Not Active,Not Active,Not Active
2026/08/10 02:51:41.695,448.22,450.00,2445,10251,78,100,34,23624,P2,Active,Not Active,Not Active,Not Active
2026/08/10 02:51:42.199,449.75,450.00,2460,10251,77,100,34,23624,P2,Active,Not Active,Not Active,Not Active
2026/08/10 02:51:42.702,448.98,450.00,2430,10251,78,100,34,23624,P2,Active,Not Active,Not Active,Not Active
2026/08/10 02:51:43.205,449.67,450.00,2460,10251,77,100,34,23624,P2,Active,Not Active,Not Active,Not Active
2026/08/10 02:51:43.709,448.21,450.00,2460,10251,78,100,35,23624,P2,Active,Not Active,Not Active,Not Active
2026/08/10 02:51:44.214,449.92,450.00,2445,10251,78,100,36,23624,P2,Active,Not Active,Not Active,Not Active
2026/08/10 02:51:44.720,443.34,450.00,2445,10251,78,100,64,23624,P2,Active,Not Active,Not Active,Not Active
2026/08/10 02:51:45.230,428.46,450.00,2565,10251,76,100,98,23624,P2,Not Active,Not Active,Not Active,Not Active
2026/08/10 02:51:45.735,390.91,450.00,2655,10251,71,100,100,23624,P2,Not Active,Not Active,Not Active,Not Active
2026/08/10 02:51:46.238,368.65,450.00,2655,10251,71,100,100,23624,P2,Not Active,Not Active,Not Active,Not Active
2026/08/10 02:51:46.741,368.29,450.00,2655,10251,71,100,100,23627,P2,Not Active,Not Active,Not Active,Not Active
2026/08/10 02:51:47.246,367.80,450.00,2655,10251,71,100,100,23627,P2,Not Active,Not Active,Not Active,Not Active
2026/08/10 02:51:47.748,367.73,450.00,2655,10251,70,100,100,23624,P2,Not Active,Not Active,Not Active,Not Active
2026/08/10 02:51:48.254,394.28,450.00,2520,10251,77,100,38,23624,P2,Not Active,Not Active,Not Active,Not Active
2026/08/10 02:51:48.821,394.61,450.00,2655,10251,71,100,100,23624,P2,Not Active,Not Active,Not Active,Not Active
2026/08/10 02:51:49.324,367.83,450.00,2655,10251,70,100,100,23624,P2,Not Active,Not Active,Not Active,Not Active
2026/08/10 02:51:49.828,373.46,450.00,2655,10251,70,100,100,23624,P2,Active,Not Active,Not Active,Not Active
2026/08/10 02:51:50.342,393.77,450.00,2535,10251,77,100,100,23624,P2,Not Active,Not Active,Not Active,Not Active
2026/08/10 02:51:50.846,435.80,450.00,2505,10251,76,100,38,23624,P2,Active,Not Active,Not Active,Not Active
2026/08/10 02:51:51.352,449.90,450.00,2505,10251,78,100,36,23624,P2,Active,Not Active,Not Active,Not Active
2026/08/10 02:51:51.857,453.48,450.00,2415,10251,77,100,36,23624,P2,Active,Not Active,Not Active,Not Active
2026/08/10 02:51:52.360,448.19,450.00,2445,10251,78,100,35,23624,P2,Active,Not Active,Not Active,Not Active
2026/08/10 02:51:52.864,451.71,450.00,2430,10251,76,100,35,23624,P2,Active,Not Active,Not Active,Not Active
2026/08/10 02:51:53.369,448.33,450.00,2445,10251,78,100,34,23624,P2,Active,Not Active,Not Active,Not Active
2026/08/10 02:51:53.876,451.25,450.00,2415,10251,77,100,35,23624,P2,Active,Not Active,Not Active,Not Active
2026/08/10 02:51:54.379,447.65,450.00,2445,10251,78,100,34,23624,P2,Active,Not Active,Not Active,Not Active
2026/08/10 02:51:54.883,451.07,450.00,2445,10251,77,100,34,23624,P2,Active,Not Active,Not Active,Not Active
2026/08/10 02:51:55.387,448.23,450.00,2445,10251,78,100,34,23624,P2,Active,Not Active,Not Active,Not Active
2026/08/10 02:51:55.893,450.36,450.00,2445,10251,77,100,35,23624,P2,Active,Not Active,Not Active,Not Active
2026/08/10 02:51:56.397,447.95,450.00,2460,10251,78,100,34,23624,P2,Active,Not Active,Not Active,Not Active
2026/08/10 02:51:56.900,450.07,450.00,2430,10251,77,100,34,23624,P2,Active,Not Active,Not Active,Not Active
2026/08/10 02:51:57.404,448.34,450.00,2445,10251,77,100,34,23624,P2,Active,Not Active,Not Active,Not Active
2026/08/10 02:51:57.909,449.14,450.00,2460,10251,77,100,34,23624,P2,Active,Not Active,Not Active,Not Active
2026/08/10 02:51:58.414,448.75,450.00,2445,10251,78,100,34,23624,P2,Active,Not Active,Not Active,Not Active
2026/08/10 02:51:58.918,449.49,450.00,2445,10251,78,100,34,23624,P2,Active,Not Active,Not Active,Not Active
2026/08/10 02:51:59.421,448.56,450.00,2430,10251,77,100,34,23624,P2,Active,Not Active,Not Active,Not Active
2026/08/10 02:51:59.924,449.79,450.00,2445,10251,78,100,34,23624,P2,Active,Not Active,Not Active,Not Active
2026/08/10 02:52:00.429,449.11,450.00,2445,10251,78,100,34,23624,P2,Active,Not Active,Not Active,Not Active
2026/08/10 02:52:00.933,449.45,450.00,2460,10251,77,100,34,23624,P2,Active,Not Active,Not Active,Not Active
2026/08/10 02:52:01.436,449.37,450.00,2430,10251,78,100,35,23624,P2,Active,Not Active,Not Active,Not Active
2026/08/10 02:52:01.941,449.09,450.00,2475,10251,78,100,36,23624,P2,Active,Not Active,Not Active,Not Active
2026/08/10 02:52:02.446,440.60,450.00,2445,10251,78,100,47,23624,P2,Not Active,Not Active,Not Active,Not Active
2026/08/10 02:52:02.952,403.01,450.00,2640,10251,72,100,100,23624,P2,Not Active,Not Active,Not Active,Not Active
2026/08/10 02:52:03.455,367.19,450.00,2655,10251,71,100,100,23624,P2,Not Active,Not Active,Not Active,Not Active
2026/08/10 02:52:03.959,368.22,450.00,2655,10251,71,100,100,23624,P2,Not Active,Not Active,Not Active,Not Active
2026/08/10 02:52:04.463,369.30,450.00,2655,10251,71,100,100,23624,P2,Active,Not Active,Not Active,Not Active
2026/08/10 02:52:04.968,393.06,450.00,2520,10251,76,100,100,23624,P2,Not Active,Not Active,Not Active,Not Active
2026/08/10 02:52:05.471,393.14,450.00,2655,10251,71,100,100,23624,P2,Not Active,Not Active,Not Active,Not Active
2026/08/10 02:52:05.974,368.12,450.00,2655,10251,71,100,100,23624,P2,Not Active,Not Active,Not Active,Not Active
2026/08/10 02:52:06.478,393.08,450.00,2655,10251,70,100,41,23624,P2,Not Active,Not Active,Not Active,Not Active
2026/08/10 02:52:06.998,393.06,450.00,2655,10251,72,100,100,23624,P2,Not Active,Not Active,Not Active,Not Active
2026/08/10 02:52:07.501,373.84,450.00,2505,10251,70,100,88,23624,P2,Active,Not Active,Not Active,Not Active
2026/08/10 02:52:08.041,395.53,450.00,2655,10251,71,100,100,23624,P2,Not Active,Not Active,Not Active,Not Active
2026/08/10 02:52:08.545,443.80,450.00,2520,10251,78,100,37,23624,P2,Active,Not Active,Not Active,Not Active
2026/08/10 02:52:09.051,453.34,450.00,2415,10251,76,100,36,23624,P2,Active,Not Active,Not Active,Not Active
2026/08/10 02:52:09.555,452.85,450.00,2490,10251,78,100,36,23624,P2,Active,Not Active,Not Active,Not Active
2026/08/10 02:52:10.058,446.91,450.00,2400,10251,77,100,35,23624,P2,Active,Not Active,Not Active,Not Active
2026/08/10 02:52:10.562,451.69,450.00,2490,10251,78,100,36,23624,P2,Active,Not Active,Not Active,Not Active
2026/08/10 02:52:11.067,447.55,450.00,2415,10251,77,100,35,23624,P2,Active,Not Active,Not Active,Not Active
2026/08/10 02:52:11.571,451.46,450.00,2490,10251,78,100,35,23624,P2,Active,Not Active,Not Active,Not Active
2026/08/10 02:52:12.075,447.36,450.00,2430,10251,77,100,35,23624,P2,Active,Not Active,Not Active,Not Active
2026/08/10 02:52:12.579,450.89,450.00,2475,10251,78,100,35,23624,P2,Active,Not Active,Not Active,Not Active
2026/08/10 02:52:13.083,448.40,450.00,2445,10251,77,100,34,23624,P2,Active,Not Active,Not Active,Not Active
2026/08/10 02:52:13.589,451.05,450.00,2460,10251,78,100,35,23624,P2,Active,Not Active,Not Active,Not Active
2026/08/10 02:52:14.093,448.83,450.00,2430,10251,77,100,34,23624,P2,Active,Not Active,Not Active,Not Active
2026/08/10 02:52:14.597,450.57,450.00,2460,10251,78,100,34,23624,P2,Active,Not Active,Not Active,Not Active
2026/08/10 02:52:15.102,448.62,450.00,2430,10251,77,100,33,23624,P2,Active,Not Active,Not Active,Not Active
2026/08/10 02:52:15.608,450.07,450.00,2460,10251,78,100,34,23624,P2,Active,Not Active,Not Active,Not Active
2026/08/10 02:52:16.112,448.86,450.00,2430,10251,77,100,34,23624,P2,Active,Not Active,Not Active,Not Active
2026/08/10 02:52:16.616,449.54,450.00,2460,10251,78,100,35,23624,P2,Active,Not Active,Not Active,Not Active
2026/08/10 02:52:17.119,448.60,450.00,2460,10251,78,100,34,23624,P2,Active,Not Active,Not Active,Not Active
2026/08/10 02:52:17.625,449.54,450.00,2445,10251,78,100,34,23624,P2,Active,Not Active,Not Active,Not Active
2026/08/10 02:52:18.129,449.02,450.00,2445,10251,77,100,34,23624,P2,Active,Not Active,Not Active,Not Active
2026/08/10 02:52:18.634,449.14,450.00,2430,10251,78,100,34,23624,P2,Active,Not Active,Not Active,Not Active
2026/08/10 02:52:19.137,448.95,450.00,2445,10251,78,100,35,23624,P2,Active,Not Active,Not Active,Not Active
2026/08/10 02:52:19.643,448.59,450.00,2430,10251,78,100,37,23624,P2,Active,Not Active,Not Active,Not Active
2026/08/10 02:52:20.148,442.97,450.00,2475,10251,78,100,63,23624,P2,Not Active,Not Active,Not Active,Not Active
2026/08/10 02:52:20.651,403.64,450.00,2655,10251,71,100,100,23624,P2,Not Active,Not Active,Not Active,Not Active
2026/08/10 02:52:21.155,371.50,450.00,2655,10251,71,100,100,23624,P2,Not Active,Not Active,Not Active,Not Active
2026/08/10 02:52:21.658,368.72,450.00,2655,10251,71,100,100,23624,P2,Not Active,Not Active,Not Active,Not Active
2026/08/10 02:52:22.163,368.25,450.00,2655,10251,71,100,100,23624,P2,Not Active,Not Active,Not Active,Not Active
2026/08/10 02:52:22.666,367.84,450.00,2655,10251,70,100,100,23624,P2,Not Active,Not Active,Not Active,Not Active
2026/08/10 02:52:23.169,367.68,450.00,2655,10251,70,100,100,23624,P2,Not Active,Not Active,Not Active,Not Active
2026/08/10 02:52:23.678,390.29,450.00,2505,10251,77,100,100,23624,P2,Not Active,Not Active,Not Active,Not Active
2026/08/10 02:52:24.189,390.36,450.00,2655,10251,71,100,100,23624,P2,Not Active,Not Active,Not Active,Not Active
2026/08/10 02:52:24.693,367.86,450.00,2655,10251,70,100,100,23624,P2,Not Active,Not Active,Not Active,Not Active
2026/08/10 02:52:25.197,393.09,450.00,2505,10251,77,100,51,23624,P2,Not Active,Not Active,Not Active,Not Active
2026/08/10 02:52:25.705,416.10,450.00,2520,10251,70,100,37,23624,P2,Active,Not Active,Not Active,Not Active
2026/08/10 02:52:26.209,437.93,450.00,2505,10251,78,100,37,23624,P2,Active,Not Active,Not Active,Not Active
2026/08/10 02:52:26.712,454.33,450.00,2415,10251,77,100,36,23624,P2,Active,Not Active,Not Active,Not Active
2026/08/10 02:52:27.217,446.78,450.00,2490,10251,78,100,36,23624,P2,Active,Not Active,Not Active,Not Active
2026/08/10 02:52:27.722,449.46,450.00,2445,10251,77,100,35,23624,P2,Active,Not Active,Not Active,Not Active
2026/08/10 02:52:28.226,448.86,450.00,2460,10251,78,100,36,23624,P2,Active,Not Active,Not Active,Not Active
2026/08/10 02:52:28.729,449.83,450.00,2430,10251,76,100,35,23624,P2,Active,Not Active,Not Active,Not Active
2026/08/10 02:52:29.233,449.00,450.00,2445,10251,78,100,35,23624,P2,Active,Not Active,Not Active,Not Active
2026/08/10 02:52:29.736,449.49,450.00,2445,10251,77,100,35,23624,P2,Active,Not Active,Not Active,Not Active
2026/08/10 02:52:30.241,448.07,450.00,2460,10251,78,100,35,23624,P2,Active,Not Active,Not Active,Not Active
2026/08/10 02:52:30.745,449.73,450.00,2430,10251,77,100,34,23624,P2,Active,Not Active,Not Active,Not Active
2026/08/10 02:52:31.248,447.89,450.00,2445,10251,78,100,35,23624,P2,Active,Not Active,Not Active,Not Active
2026/08/10 02:52:31.751,449.82,450.00,2445,10251,77,100,34,23624,P2,Active,Not Active,Not Active,Not Active
2026/08/10 02:52:32.254,448.32,450.00,2430,10251,78,100,34,23624,P2,Active,Not Active,Not Active,Not Active
2026/08/10 02:52:32.759,449.66,450.00,2445,10251,77,100,34,23624,P2,Active,Not Active,Not Active,Not Active
2026/08/10 02:52:33.263,448.11,450.00,2460,10251,78,100,34,23624,P2,Active,Not Active,Not Active,Not Active
2026/08/10 02:52:33.767,449.45,450.00,2445,10251,78,100,34,23624,P2,Active,Not Active,Not Active,Not Active
2026/08/10 02:52:34.270,448.55,450.00,2430,10251,77,100,34,23624,P2,Active,Not Active,Not Active,Not Active
2026/08/10 02:52:34.773,450.10,450.00,2445,10251,77,100,34,23624,P2,Active,Not Active,Not Active,Not Active
2026/08/10 02:52:35.277,448.71,450.00,2445,10251,78,100,34,23624,P2,Active,Not Active,Not Active,Not Active
2026/08/10 02:52:35.783,449.99,450.00,2445,10251,78,100,34,23624,P2,Active,Not Active,Not Active,Not Active
2026/08/10 02:52:36.286,448.67,450.00,2445,10251,78,100,35,23624,P2,Active,Not Active,Not Active,Not Active
2026/08/10 02:52:36.789,449.84,450.00,2460,10251,78,100,35,23624,P2,Active,Not Active,Not Active,Not Active
2026/08/10 02:52:37.292,448.37,450.00,2445,10251,78,100,40,23624,P2,Active,Not Active,Not Active,Not Active
2026/08/10 02:52:37.797,414.45,450.00,2655,10251,72,100,100,23624,P2,Not Active,Not Active,Not Active,Not Active
2026/08/10 02:52:38.300,378.68,450.00,2655,10251,71,100,100,23624,P2,Not Active,Not Active,Not Active,Not Active
2026/08/10 02:52:38.803,368.89,450.00,2655,10251,71,100,100,23624,P2,Not Active,Not Active,Not Active,Not Active
2026/08/10 02:52:39.306,368.63,450.00,2655,10251,71,100,100,23624,P2,Not Active,Not Active,Not Active,Not Active
2026/08/10 02:52:39.809,376.13,450.00,2655,10251,71,100,100,23624,P2,Active,Not Active,Not Active,Not Active
2026/08/10 02:52:40.313,394.20,450.00,2640,10251,77,100,100,23624,P2,Not Active,Not Active,Not Active,Not Active
2026/08/10 02:52:40.820,394.20,450.00,2655,10251,71,100,100,23624,P2,Not Active,Not Active,Not Active,Not Active
2026/08/10 02:52:41.323,379.39,450.00,2655,10251,70,100,65,23624,P2,Active,Not Active,Not Active,Not Active
2026/08/10 02:52:41.828,391.32,450.00,2550,10251,76,100,100,23624,P2,Not Active,Not Active,Not Active,Not Active
2026/08/10 02:52:42.332,389.05,450.00,2655,10251,71,100,100,23624,P2,Not Active,Not Active,Not Active,Not Active
2026/08/10 02:52:42.836,393.43,450.00,2655,10251,70,100,41,23624,P2,Not Active,Not Active,Not Active,Not Active
2026/08/10 02:52:43.402,424.51,450.00,2655,10251,71,100,38,23624,P2,Active,Not Active,Not Active,Not Active
2026/08/10 02:52:43.905,442.61,450.00,2505,10251,78,100,36,23624,P2,Active,Not Active,Not Active,Not Active
2026/08/10 02:52:44.408,453.26,450.00,2400,10251,76,100,36,23624,P2,Active,Not Active,Not Active,Not Active
2026/08/10 02:52:44.912,446.49,450.00,2490,10251,78,100,35,23624,P2,Active,Not Active,Not Active,Not Active
2026/08/10 02:52:45.418,450.64,450.00,2415,10251,77,100,35,23624,P2,Active,Not Active,Not Active,Not Active
2026/08/10 02:52:45.921,447.70,450.00,2475,10251,78,100,35,23624,P2,Active,Not Active,Not Active,Not Active
2026/08/10 02:52:46.425,450.80,450.00,2430,10251,77,100,35,23624,P2,Active,Not Active,Not Active,Not Active
2026/08/10 02:52:46.928,447.63,450.00,2475,10251,78,100,34,23627,P2,Active,Not Active,Not Active,Not Active
2026/08/10 02:52:47.433,450.26,450.00,2430,10251,77,100,35,23627,P2,Active,Not Active,Not Active,Not Active
2026/08/10 02:52:47.938,448.00,450.00,2460,10251,78,100,34,23624,P2,Active,Not Active,Not Active,Not Active
2026/08/10 02:52:48.441,450.26,450.00,2415,10251,77,100,34,23624,P2,Active,Not Active,Not Active,Not Active
2026/08/10 02:52:48.944,447.79,450.00,2475,10251,78,100,34,23624,P2,Active,Not Active,Not Active,Not Active
2026/08/10 02:52:49.448,450.02,450.00,2430,10251,77,100,34,23624,P2,Active,Not Active,Not Active,Not Active
2026/08/10 02:52:49.952,447.53,450.00,2460,10251,78,100,34,23624,P2,Active,Not Active,Not Active,Not Active
2026/08/10 02:52:50.456,449.51,450.00,2445,10251,77,100,34,23624,P2,Active,Not Active,Not Active,Not Active
2026/08/10 02:52:50.960,448.30,450.00,2445,10251,78,100,34,23624,P2,Active,Not Active,Not Active,Not Active
2026/08/10 02:52:51.462,449.91,450.00,2445,10251,77,100,34,23624,P2,Active,Not Active,Not Active,Not Active
2026/08/10 02:52:51.966,448.97,450.00,2445,10251,78,100,34,23624,P2,Active,Not Active,Not Active,Not Active
2026/08/10 02:52:52.470,449.62,450.00,2445,10251,78,100,34,23624,P2,Active,Not Active,Not Active,Not Active
2026/08/10 02:52:52.974,448.63,450.00,2460,10251,78,100,34,23624,P2,Active,Not Active,Not Active,Not Active
2026/08/10 02:52:53.478,449.73,450.00,2445,10251,78,100,34,23624,P2,Active,Not Active,Not Active,Not Active
2026/08/10 02:52:53.981,448.85,450.00,2445,10251,78,100,35,23624,P2,Active,Not Active,Not Active,Not Active
2026/08/10 02:52:54.484,449.59,450.00,2430,10251,77,100,37,23624,P2,Active,Not Active,Not Active,Not Active
2026/08/10 02:52:54.987,446.67,450.00,2460,10251,78,100,72,23624,P2,Active,Not Active,Not Active,Not Active
2026/08/10 02:52:55.491,416.89,450.00,2445,10251,78,100,100,23624,P2,Not Active,Not Active,Not Active,Not Active
2026/08/10 02:52:55.995,385.14,450.00,2655,10251,71,100,100,23624,P2,Not Active,Not Active,Not Active,Not Active
2026/08/10 02:52:56.498,368.73,450.00,2655,10251,71,100,100,23624,P2,Not Active,Not Active,Not Active,Not Active
2026/08/10 02:52:57.001,368.23,450.00,2655,10251,71,100,100,23624,P2,Not Active,Not Active,Not Active,Not Active
2026/08/10 02:52:57.505,367.72,450.00,2655,10251,71,100,100,23624,P2,Not Active,Not Active,Not Active,Not Active
2026/08/10 02:52:58.009,367.46,450.00,2655,10251,70,100,100,23624,P2,Not Active,Not Active,Not Active,Not Active
2026/08/10 02:52:58.513,367.35,450.00,2655,10251,70,100,100,23624,P2,Not Active,Not Active,Not Active,Not Active
2026/08/10 02:52:59.016,392.66,450.00,2655,10251,71,100,69,23624,P2,Not Active,Not Active,Not Active,Not Active
2026/08/10 02:52:59.520,392.64,450.00,2655,10251,70,100,100,23624,P2,Not Active,Not Active,Not Active,Not Active
2026/08/10 02:53:00.023,378.66,450.00,2520,10251,76,100,100,23624,P2,Active,Not Active,Not Active,Not Active
2026/08/10 02:53:00.529,393.03,450.00,2655,10251,71,100,100,23624,P2,Active,Not Active,Not Active,Not Active
2026/08/10 02:53:01.034,440.23,450.00,2505,10251,78,100,37,23624,P2,Active,Not Active,Not Active,Not Active
2026/08/10 02:53:01.538,454.75,450.00,2400,10251,77,100,36,23624,P2,Active,Not Active,Not Active,Not Active
2026/08/10 02:53:02.040,452.80,450.00,2505,10251,78,100,36,23624,P2,Active,Not Active,Not Active,Not Active
2026/08/10 02:53:02.543,447.85,450.00,2415,10251,77,100,35,23624,P2,Active,Not Active,Not Active,Not Active
2026/08/10 02:53:03.049,451.70,450.00,2460,10251,78,100,35,23624,P2,Active,Not Active,Not Active,Not Active
2026/08/10 02:53:03.554,447.79,450.00,2415,10251,77,100,35,23624,P2,Active,Not Active,Not Active,Not Active
2026/08/10 02:53:04.057,452.04,450.00,2445,10251,78,100,35,23624,P2,Active,Not Active,Not Active,Not Active
2026/08/10 02:53:04.561,447.25,450.00,2430,10251,77,100,34,23624,P2,Active,Not Active,Not Active,Not Active
2026/08/10 02:53:05.064,449.53,450.00,2460,10251,78,100,35,23624,P2,Active,Not Active,Not Active,Not Active
2026/08/10 02:53:05.573,448.19,450.00,2430,10251,77,100,34,23624,P2,Active,Not Active,Not Active,Not Active
2026/08/10 02:53:06.077,449.47,450.00,2445,10251,78,100,34,23624,P2,Active,Not Active,Not Active,Not Active
2026/08/10 02:53:06.580,448.52,450.00,2430,10251,77,100,34,23624,P2,Active,Not Active,Not Active,Not Active
2026/08/10 02:53:07.083,448.95,450.00,2430,10251,78,100,34,23624,P2,Active,Not Active,Not Active,Not Active
2026/08/10 02:53:07.588,448.68,450.00,2430,10251,77,100,34,23624,P2,Active,Not Active,Not Active,Not Active
2026/08/10 02:53:08.092,448.51,450.00,2430,10251,78,100,34,23624,P2,Active,Not Active,Not Active,Not Active
2026/08/10 02:53:08.596,449.29,450.00,2445,10251,77,100,34,23624,P2,Active,Not Active,Not Active,Not Active
2026/08/10 02:53:09.099,448.93,450.00,2445,10251,78,100,34,23624,P2,Active,Not Active,Not Active,Not Active
2026/08/10 02:53:09.602,449.37,450.00,2445,10251,77,100,34,23624,P2,Active,Not Active,Not Active,Not Active
2026/08/10 02:53:10.107,448.63,450.00,2445,10251,78,100,34,23624,P2,Active,Not Active,Not Active,Not Active
2026/08/10 02:53:10.611,449.61,450.00,2460,10251,78,100,34,23624,P2,Active,Not Active,Not Active,Not Active
2026/08/10 02:53:11.114,448.58,450.00,2430,10251,78,100,34,23624,P2,Active,Not Active,Not Active,Not Active
2026/08/10 02:53:11.617,449.85,450.00,2445,10251,77,100,35,23624,P2,Active,Not Active,Not Active,Not Active
2026/08/10 02:53:12.121,448.80,450.00,2445,10251,77,100,36,23624,P2,Active,Not Active,Not Active,Not Active
2026/08/10 02:53:12.626,439.85,450.00,2640,10251,77,100,46,23624,P2,Not Active,Not Active,Not Active,Not Active
2026/08/10 02:53:13.130,402.63,450.00,2655,10251,71,100,100,23624,P2,Not Active,Not Active,Not Active,Not Active
2026/08/10 02:53:13.633,367.48,450.00,2655,10251,71,100,100,23624,P2,Not Active,Not Active,Not Active,Not Active
2026/08/10 02:53:14.136,367.45,450.00,2655,10251,71,100,100,23624,P2,Not Active,Not Active,Not Active,Not Active
2026/08/10 02:53:14.640,367.20,450.00,2655,10251,71,100,100,23624,P2,Not Active,Not Active,Not Active,Not Active
2026/08/10 02:53:15.145,378.11,450.00,2655,10251,70,100,78,23624,P2,Active,Not Active,Not Active,Not Active
2026/08/10 02:53:15.649,393.08,450.00,2655,10251,71,100,100,23624,P2,Not Active,Not Active,Not Active,Not Active
2026/08/10 02:53:16.152,393.22,450.00,2655,10251,70,100,100,23624,P2,Not Active,Not Active,Not Active,Not Active
2026/08/10 02:53:16.655,392.03,450.00,2565,10251,73,100,45,23624,P2,Not Active,Not Active,Not Active,Not Active
2026/08/10 02:53:17.191,392.03,450.00,2655,10251,71,100,100,23624,P2,Not Active,Not Active,Not Active,Not Active
2026/08/10 02:53:17.737,378.47,450.00,2655,10251,70,100,75,23624,P2,Active,Not Active,Not Active,Not Active
2026/08/10 02:53:18.243,395.47,450.00,2655,10251,71,100,100,23624,P2,Active,Not Active,Not Active,Not Active
2026/08/10 02:53:18.798,445.03,450.00,2490,10251,77,100,37,23624,P2,Active,Not Active,Not Active,Not Active
2026/08/10 02:53:19.306,458.71,450.00,2415,10251,76,100,36,23624,P2,Active,Not Active,Not Active,Not Active
2026/08/10 02:53:19.810,450.47,450.00,2490,10251,78,100,36,23624,P2,Active,Not Active,Not Active,Not Active
2026/08/10 02:53:20.315,448.59,450.00,2415,10251,77,100,35,23624,P2,Active,Not Active,Not Active,Not Active
2026/08/10 02:53:20.818,450.88,450.00,2460,10251,78,100,36,23624,P2,Active,Not Active,Not Active,Not Active
2026/08/10 02:53:21.323,448.38,450.00,2430,10251,77,100,35,23624,P2,Active,Not Active,Not Active,Not Active
2026/08/10 02:53:21.828,449.92,450.00,2490,10251,78,100,35,23624,P2,Active,Not Active,Not Active,Not Active
2026/08/10 02:53:22.331,448.79,450.00,2415,10251,77,100,34,23624,P2,Active,Not Active,Not Active,Not Active
2026/08/10 02:53:22.834,450.16,450.00,2475,10251,78,100,34,23624,P2,Active,Not Active,Not Active,Not Active
2026/08/10 02:53:23.338,448.71,450.00,2430,10251,77,100,34,23624,P2,Active,Not Active,Not Active,Not Active
2026/08/10 02:53:23.842,449.24,450.00,2460,10251,78,100,35,23624,P2,Active,Not Active,Not Active,Not Active
2026/08/10 02:53:24.346,448.73,450.00,2430,10251,77,100,34,23624,P2,Active,Not Active,Not Active,Not Active
2026/08/10 02:53:24.850,448.71,450.00,2445,10251,78,100,35,23624,P2,Active,Not Active,Not Active,Not Active
2026/08/10 02:53:25.353,448.43,450.00,2445,10251,77,100,34,23624,P2,Active,Not Active,Not Active,Not Active
2026/08/10 02:53:25.857,449.27,450.00,2460,10251,78,100,34,23624,P2,Active,Not Active,Not Active,Not Active
2026/08/10 02:53:26.367,449.55,450.00,2430,10251,77,100,34,23624,P2,Active,Not Active,Not Active,Not Active
2026/08/10 02:53:26.871,448.49,450.00,2445,10251,78,100,34,23624,P2,Active,Not Active,Not Active,Not Active
2026/08/10 02:53:27.374,449.88,450.00,2430,10251,77,100,34,23624,P2,Active,Not Active,Not Active,Not Active
2026/08/10 02:53:27.878,448.96,450.00,2445,10251,78,100,34,23624,P2,Active,Not Active,Not Active,Not Active
2026/08/10 02:53:28.383,450.16,450.00,2445,10251,77,100,34,23624,P2,Active,Not Active,Not Active,Not Active
2026/08/10 02:53:28.887,448.70,450.00,2460,10251,78,100,35,23624,P2,Active,Not Active,Not Active,Not Active
2026/08/10 02:53:29.391,450.06,450.00,2430,10251,77,100,36,23624,P2,Active,Not Active,Not Active,Not Active
2026/08/10 02:53:29.894,446.67,450.00,2445,10251,78,100,51,23624,P2,Not Active,Not Active,Not Active,Not Active
2026/08/10 02:53:30.417,430.70,450.00,2655,10251,72,100,59,23624,P2,Not Active,Not Active,Not Active,Not Active
2026/08/10 02:53:30.986,389.07,450.00,2640,10251,73,100,100,23624,P2,Not Active,Not Active,Not Active,Not Active
2026/08/10 02:53:31.490,369.73,450.00,2655,10251,71,100,100,23624,P2,Not Active,Not Active,Not Active,Not Active
2026/08/10 02:53:31.993,367.71,450.00,2655,10251,71,100,100,23624,P2,Not Active,Not Active,Not Active,Not Active
2026/08/10 02:53:32.497,367.35,450.00,2655,10251,71,100,100,23624,P2,Not Active,Not Active,Not Active,Not Active
2026/08/10 02:53:33.001,367.26,450.00,2655,10251,71,100,100,23624,P2,Not Active,Not Active,Not Active,Not Active
2026/08/10 02:53:33.505,367.12,450.00,2655,10251,70,100,100,23624,P2,Not Active,Not Active,Not Active,Not Active
2026/08/10 02:53:34.009,393.14,450.00,2610,10251,72,100,48,23624,P2,Not Active,Not Active,Not Active,Not Active
2026/08/10 02:53:34.533,393.36,450.00,2655,10251,70,100,100,23624,P2,Not Active,Not Active,Not Active,Not Active
2026/08/10 02:53:35.038,376.20,450.00,2655,10251,73,100,100,23624,P2,Active,Not Active,Not Active,Not Active
2026/08/10 02:53:35.593,394.24,450.00,2655,10251,71,100,100,23624,P2,Not Active,Not Active,Not Active,Not Active
2026/08/10 02:53:36.097,442.83,450.00,2505,10251,78,100,37,23624,P2,Active,Not Active,Not Active,Not Active
2026/08/10 02:53:36.603,453.81,450.00,2400,10251,76,100,36,23624,P2,Active,Not Active,Not Active,Not Active
2026/08/10 02:53:37.106,452.67,450.00,2475,10251,78,100,36,23624,P2,Active,Not Active,Not Active,Not Active
2026/08/10 02:53:37.609,447.85,450.00,2430,10251,77,100,35,23624,P2,Active,Not Active,Not Active,Not Active
2026/08/10 02:53:38.112,451.86,450.00,2475,10251,78,100,36,23624,P2,Active,Not Active,Not Active,Not Active
2026/08/10 02:53:38.623,447.76,450.00,2400,10251,77,100,35,23624,P2,Active,Not Active,Not Active,Not Active
2026/08/10 02:53:39.126,451.37,450.00,2475,10251,78,100,35,23624,P2,Active,Not Active,Not Active,Not Active
2026/08/10 02:53:39.629,448.08,450.00,2415,10251,77,100,34,23624,P2,Active,Not Active,Not Active,Not Active
2026/08/10 02:53:40.134,451.15,450.00,2475,10251,78,100,35,23624,P2,Active,Not Active,Not Active,Not Active
2026/08/10 02:53:40.641,447.78,450.00,2430,10251,77,100,34,23624,P2,Active,Not Active,Not Active,Not Active
2026/08/10 02:53:41.144,450.31,450.00,2460,10251,78,100,35,23624,P2,Active,Not Active,Not Active,Not Active
2026/08/10 02:53:41.648,448.05,450.00,2430,10251,77,100,34,23624,P2,Active,Not Active,Not Active,Not Active
2026/08/10 02:53:42.151,450.13,450.00,2460,10251,78,100,34,23624,P2,Active,Not Active,Not Active,Not Active
2026/08/10 02:53:42.656,448.59,450.00,2430,10251,77,100,33,23624,P2,Active,Not Active,Not Active,Not Active
2026/08/10 02:53:43.160,449.58,450.00,2475,10251,78,100,34,23624,P2,Active,Not Active,Not Active,Not Active
2026/08/10 02:53:43.664,448.70,450.00,2430,10251,77,100,33,23624,P2,Active,Not Active,Not Active,Not Active
2026/08/10 02:53:44.167,449.37,450.00,2460,10251,78,100,34,23624,P2,Active,Not Active,Not Active,Not Active
2026/08/10 02:53:44.671,448.95,450.00,2430,10251,77,100,34,23624,P2,Active,Not Active,Not Active,Not Active
2026/08/10 02:53:45.175,449.18,450.00,2460,10251,78,100,34,23624,P2,Active,Not Active,Not Active,Not Active
2026/08/10 02:53:45.680,449.14,450.00,2445,10251,78,100,33,23624,P2,Active,Not Active,Not Active,Not Active
2026/08/10 02:53:46.188,449.82,450.00,2445,10251,78,100,34,23624,P2,Active,Not Active,Not Active,Not Active
2026/08/10 02:53:46.693,449.34,450.00,2430,10251,77,100,35,23624,P2,Active,Not Active,Not Active,Not Active
2026/08/10 02:53:47.198,449.17,450.00,2460,10251,78,100,37,23627,P2,Active,Not Active,Not Active,Not Active
2026/08/10 02:53:47.703,444.39,450.00,2505,10251,78,100,54,23627,P2,Not Active,Not Active,Not Active,Not Active
2026/08/10 02:53:48.251,398.53,450.00,2655,10251,71,100,100,23624,P2,Not Active,Not Active,Not Active,Not Active
2026/08/10 02:53:48.757,368.76,450.00,2655,10251,71,100,100,23624,P2,Not Active,Not Active,Not Active,Not Active
2026/08/10 02:53:49.260,368.65,450.00,2655,10251,71,100,100,23624,P2,Not Active,Not Active,Not Active,Not Active
2026/08/10 02:53:49.763,368.31,450.00,2655,10251,71,100,100,23624,P2,Not Active,Not Active,Not Active,Not Active
2026/08/10 02:53:50.267,389.17,450.00,2655,10251,70,100,37,23624,P2,Active,Not Active,Not Active,Not Active
2026/08/10 02:53:50.770,394.11,450.00,2655,10251,71,100,100,23624,P2,Not Active,Not Active,Not Active,Not Active
2026/08/10 02:53:51.275,383.13,450.00,2655,10251,71,100,100,23624,P2,Not Active,Not Active,Not Active,Not Active
2026/08/10 02:53:51.778,393.13,450.00,2505,10251,77,100,78,23624,P2,Not Active,Not Active,Not Active,Not Active
2026/08/10 02:53:52.281,393.10,450.00,2655,10251,71,100,100,23624,P2,Not Active,Not Active,Not Active,Not Active
2026/08/10 02:53:52.785,368.07,450.00,2655,10251,70,100,100,23624,P2,Not Active,Not Active,Not Active,Not Active
2026/08/10 02:53:53.288,395.32,450.00,2505,10251,77,100,90,23624,P2,Active,Not Active,Not Active,Not Active
2026/08/10 02:53:53.793,443.56,450.00,2520,10251,78,100,37,23624,P2,Active,Not Active,Not Active,Not Active
2026/08/10 02:53:54.298,447.29,450.00,2445,10251,77,100,36,23624,P2,Active,Not Active,Not Active,Not Active
2026/08/10 02:53:54.801,447.80,450.00,2475,10251,78,100,36,23624,P2,Active,Not Active,Not Active,Not Active
2026/08/10 02:53:55.305,448.62,450.00,2430,10251,77,100,35,23624,P2,Active,Not Active,Not Active,Not Active
2026/08/10 02:53:55.810,448.31,450.00,2475,10251,78,100,36,23624,P2,Active,Not Active,Not Active,Not Active
2026/08/10 02:53:56.316,448.80,450.00,2445,10251,77,100,35,23624,P2,Active,Not Active,Not Active,Not Active
2026/08/10 02:53:56.820,449.18,450.00,2475,10251,78,100,35,23624,P2,Active,Not Active,Not Active,Not Active
2026/08/10 02:53:57.323,449.19,450.00,2430,10251,77,100,35,23624,P2,Active,Not Active,Not Active,Not Active
2026/08/10 02:53:57.826,448.98,450.00,2460,10251,78,100,35,23624,P2,Active,Not Active,Not Active,Not Active
2026/08/10 02:53:58.332,449.14,450.00,2460,10251,77,100,35,23624,P2,Active,Not Active,Not Active,Not Active
2026/08/10 02:53:58.835,448.48,450.00,2445,10251,78,100,35,23624,P2,Active,Not Active,Not Active,Not Active
2026/08/10 02:53:59.338,449.16,450.00,2460,10251,77,100,34,23624,P2,Active,Not Active,Not Active,Not Active
2026/08/10 02:53:59.842,448.96,450.00,2460,10251,77,100,34,23624,P2,Active,Not Active,Not Active,Not Active
2026/08/10 02:54:00.345,449.36,450.00,2445,10251,77,100,34,23624,P2,Active,Not Active,Not Active,Not Active
2026/08/10 02:54:00.851,448.46,450.00,2460,10251,78,100,34,23624,P2,Active,Not Active,Not Active,Not Active
2026/08/10 02:54:01.356,449.34,450.00,2460,10251,77,100,34,23624,P2,Active,Not Active,Not Active,Not Active
2026/08/10 02:54:01.858,448.90,450.00,2460,10251,78,100,34,23624,P2,Active,Not Active,Not Active,Not Active
2026/08/10 02:54:02.361,449.58,450.00,2445,10251,77,100,33,23624,P2,Active,Not Active,Not Active,Not Active
2026/08/10 02:54:02.865,448.63,450.00,2460,10251,77,100,34,23624,P2,Active,Not Active,Not Active,Not Active
2026/08/10 02:54:03.370,449.60,450.00,2445,10251,78,100,34,23624,P2,Active,Not Active,Not Active,Not Active
2026/08/10 02:54:03.873,448.77,450.00,2445,10251,78,100,34,23624,P2,Active,Not Active,Not Active,Not Active
2026/08/10 02:54:04.377,449.88,450.00,2460,10251,77,100,35,23624,P2,Active,Not Active,Not Active,Not Active
2026/08/10 02:54:04.880,448.32,450.00,2445,10251,77,100,37,23624,P2,Active,Not Active,Not Active,Not Active
2026/08/10 02:54:05.383,417.09,450.00,2640,10251,73,100,100,23624,P2,Not Active,Not Active,Not Active,Not Active
2026/08/10 02:54:05.888,405.32,450.00,2655,10251,78,100,100,23624,P2,Not Active,Not Active,Not Active,Not Active
2026/08/10 02:54:06.392,393.47,450.00,2655,10251,71,100,100,23624,P2,Not Active,Not Active,Not Active,Not Active
2026/08/10 02:54:06.895,368.27,450.00,2655,10251,71,100,100,23624,P2,Not Active,Not Active,Not Active,Not Active
2026/08/10 02:54:07.400,367.50,450.00,2655,10251,71,100,100,23624,P2,Not Active,Not Active,Not Active,Not Active
2026/08/10 02:54:07.903,367.27,450.00,2655,10251,71,100,100,23624,P2,Not Active,Not Active,Not Active,Not Active
2026/08/10 02:54:08.408,367.12,450.00,2655,10251,70,100,100,23624,P2,Not Active,Not Active,Not Active,Not Active
2026/08/10 02:54:08.911,373.37,450.00,2655,10251,70,100,90,23624,P2,Active,Not Active,Not Active,Not Active
2026/08/10 02:54:09.414,392.50,450.00,2505,10251,77,100,100,23624,P2,Not Active,Not Active,Not Active,Not Active
2026/08/10 02:54:09.917,392.67,450.00,2655,10251,71,100,100,23624,P2,Not Active,Not Active,Not Active,Not Active
2026/08/10 02:54:10.421,386.76,450.00,2655,10251,70,100,73,23624,P2,Active,Not Active,Not Active,Not Active
2026/08/10 02:54:10.924,410.49,450.00,2595,10251,71,100,44,23624,P2,Active,Not Active,Not Active,Not Active
2026/08/10 02:54:11.429,451.12,450.00,2505,10251,78,100,37,23624,P2,Active,Not Active,Not Active,Not Active
2026/08/10 02:54:11.933,456.70,450.00,2400,10251,77,100,36,23624,P2,Active,Not Active,Not Active,Not Active
2026/08/10 02:54:12.436,450.45,450.00,2475,10251,77,100,36,23624,P2,Active,Not Active,Not Active,Not Active
2026/08/10 02:54:12.940,450.48,450.00,2400,10251,77,100,35,23624,P2,Active,Not Active,Not Active,Not Active
2026/08/10 02:54:13.444,448.28,450.00,2460,10251,77,100,35,23624,P2,Active,Not Active,Not Active,Not Active
2026/08/10 02:54:13.949,449.52,450.00,2430,10251,77,100,35,23624,P2,Active,Not Active,Not Active,Not Active
2026/08/10 02:54:14.452,448.22,450.00,2475,10251,77,100,34,23624,P2,Active,Not Active,Not Active,Not Active
2026/08/10 02:54:14.955,449.54,450.00,2430,10251,77,100,35,23624,P2,Active,Not Active,Not Active,Not Active
2026/08/10 02:54:15.459,447.62,450.00,2475,10251,78,100,35,23624,P2,Active,Not Active,Not Active,Not Active
2026/08/10 02:54:15.962,449.52,450.00,2445,10251,77,100,35,23624,P2,Active,Not Active,Not Active,Not Active
2026/08/10 02:54:16.467,448.88,450.00,2460,10251,78,100,34,23624,P2,Active,Not Active,Not Active,Not Active
2026/08/10 02:54:16.971,449.48,450.00,2430,10251,77,100,34,23624,P2,Active,Not Active,Not Active,Not Active
2026/08/10 02:54:17.474,448.83,450.00,2460,10251,78,100,34,23624,P2,Active,Not Active,Not Active,Not Active
2026/08/10 02:54:17.977,449.97,450.00,2430,10251,77,100,33,23624,P2,Active,Not Active,Not Active,Not Active
2026/08/10 02:54:18.480,448.64,450.00,2445,10251,78,100,34,23624,P2,Active,Not Active,Not Active,Not Active
2026/08/10 02:54:18.985,449.98,450.00,2430,10251,77,100,34,23624,P2,Active,Not Active,Not Active,Not Active
2026/08/10 02:54:19.489,448.49,450.00,2460,10251,78,100,34,23624,P2,Active,Not Active,Not Active,Not Active
2026/08/10 02:54:19.992,449.35,450.00,2445,10251,77,100,34,23624,P2,Active,Not Active,Not Active,Not Active
2026/08/10 02:54:20.496,448.23,450.00,2460,10251,78,100,34,23624,P2,Active,Not Active,Not Active,Not Active
2026/08/10 02:54:20.999,449.02,450.00,2460,10251,77,100,34,23624,P2,Active,Not Active,Not Active,Not Active
2026/08/10 02:54:21.504,448.45,450.00,2475,10251,78,100,34,23624,P2,Active,Not Active,Not Active,Not Active
2026/08/10 02:54:22.009,449.27,450.00,2460,10251,78,100,35,23624,P2,Active,Not Active,Not Active,Not Active
2026/08/10 02:54:22.512,440.71,450.00,2655,10251,72,100,77,23624,P2,Not Active,Not Active,Not Active,Not Active
2026/08/10 02:54:23.015,427.89,450.00,2655,10251,72,100,56,23624,P2,Not Active,Not Active,Not Active,Not Active
2026/08/10 02:54:23.518,392.77,450.00,2655,10251,71,100,100,23624,P2,Not Active,Not Active,Not Active,Not Active
2026/08/10 02:54:24.023,368.87,450.00,2655,10251,71,100,100,23624,P2,Not Active,Not Active,Not Active,Not Active
2026/08/10 02:54:24.526,368.37,450.00,2655,10251,71,100,100,23624,P2,Not Active,Not Active,Not Active,Not Active
2026/08/10 02:54:25.030,368.08,450.00,2655,10251,70,100,100,23624,P2,Not Active,Not Active,Not Active,Not Active
2026/08/10 02:54:25.533,394.23,450.00,2655,10251,71,100,66,23624,P2,Not Active,Not Active,Not Active,Not Active
2026/08/10 02:54:26.039,394.49,450.00,2655,10251,70,100,100,23624,P2,Not Active,Not Active,Not Active,Not Active
2026/08/10 02:54:26.545,372.23,450.00,2655,10251,70,100,100,23624,P2,Active,Not Active,Not Active,Not Active
2026/08/10 02:54:27.095,394.84,450.00,2655,10251,71,100,100,23624,P2,Not Active,Not Active,Not Active,Not Active
2026/08/10 02:54:27.599,395.22,450.00,2655,10251,70,100,100,23624,P2,Not Active,Not Active,Not Active,Not Active
2026/08/10 02:54:28.104,368.32,450.00,2655,10251,70,100,100,23624,P2,Active,Not Active,Not Active,Not Active
2026/08/10 02:54:28.607,413.79,450.00,2505,10251,78,100,37,23624,P2,Active,Not Active,Not Active,Not Active
2026/08/10 02:54:29.110,453.17,450.00,2400,10251,77,100,36,23624,P2,Active,Not Active,Not Active,Not Active
2026/08/10 02:54:29.613,452.37,450.00,2490,10251,77,100,36,23624,P2,Active,Not Active,Not Active,Not Active
2026/08/10 02:54:30.117,447.89,450.00,2430,10251,77,100,35,23624,P2,Active,Not Active,Not Active,Not Active
2026/08/10 02:54:30.622,451.80,450.00,2475,10251,78,100,35,23624,P2,Active,Not Active,Not Active,Not Active
2026/08/10 02:54:31.125,447.84,450.00,2430,10251,76,100,35,23624,P2,Active,Not Active,Not Active,Not Active
2026/08/10 02:54:31.628,450.74,450.00,2490,10251,78,100,35,23624,P2,Active,Not Active,Not Active,Not Active
2026/08/10 02:54:32.131,447.56,450.00,2430,10251,77,100,35,23624,P2,Active,Not Active,Not Active,Not Active
2026/08/10 02:54:32.634,451.24,450.00,2460,10251,78,100,35,23624,P2,Active,Not Active,Not Active,Not Active
2026/08/10 02:54:33.145,448.40,450.00,2430,10251,77,100,34,23624,P2,Active,Not Active,Not Active,Not Active
2026/08/10 02:54:33.648,450.16,450.00,2475,10251,78,100,34,23624,P2,Active,Not Active,Not Active,Not Active
2026/08/10 02:54:34.151,448.38,450.00,2415,10251,77,100,34,23624,P2,Active,Not Active,Not Active,Not Active
2026/08/10 02:54:34.654,449.80,450.00,2445,10251,78,100,34,23624,P2,Active,Not Active,Not Active,Not Active
2026/08/10 02:54:35.163,448.80,450.00,2430,10251,77,100,34,23624,P2,Active,Not Active,Not Active,Not Active
2026/08/10 02:54:35.667,449.22,450.00,2445,10251,78,100,34,23624,P2,Active,Not Active,Not Active,Not Active
2026/08/10 02:54:36.170,449.12,450.00,2445,10251,77,100,34,23624,P2,Active,Not Active,Not Active,Not Active
2026/08/10 02:54:36.673,449.37,450.00,2460,10251,78,100,34,23624,P2,Active,Not Active,Not Active,Not Active
2026/08/10 02:54:37.178,449.62,450.00,2430,10251,77,100,34,23624,P2,Active,Not Active,Not Active,Not Active
2026/08/10 02:54:37.683,449.20,450.00,2460,10251,78,100,34,23624,P2,Active,Not Active,Not Active,Not Active
2026/08/10 02:54:38.186,448.84,450.00,2445,10251,77,100,34,23624,P2,Active,Not Active,Not Active,Not Active
2026/08/10 02:54:38.689,448.85,450.00,2445,10251,78,100,34,23624,P2,Active,Not Active,Not Active,Not Active
2026/08/10 02:54:39.193,449.39,450.00,2445,10251,77,100,34,23624,P2,Active,Not Active,Not Active,Not Active
2026/08/10 02:54:39.698,448.63,450.00,2445,10251,77,100,36,23624,P2,Active,Not Active,Not Active,Not Active
2026/08/10 02:54:40.202,439.10,450.00,2535,10251,77,100,60,23624,P2,Not Active,Not Active,Not Active,Not Active
2026/08/10 02:54:40.705,401.49,450.00,2655,10251,71,100,100,23624,P2,Not Active,Not Active,Not Active,Not Active
2026/08/10 02:54:41.208,394.44,450.00,2595,10251,76,100,64,23624,P2,Not Active,Not Active,Not Active,Not Active
2026/08/10 02:54:41.711,392.40,450.00,2655,10251,71,100,100,23624,P2,Not Active,Not Active,Not Active,Not Active
2026/08/10 02:54:42.215,368.75,450.00,2655,10251,71,100,100,23624,P2,Not Active,Not Active,Not Active,Not Active
2026/08/10 02:54:42.720,368.02,450.00,2655,10251,70,100,100,23624,P2,Not Active,Not Active,Not Active,Not Active
2026/08/10 02:54:43.223,367.70,450.00,2655,10251,70,100,100,23624,P2,Not Active,Not Active,Not Active,Not Active
2026/08/10 02:54:43.727,367.64,450.00,2655,10251,70,100,100,23624,P2,Not Active,Not Active,Not Active,Not Active
2026/08/10 02:54:44.230,393.16,450.00,2505,10251,77,100,39,23624,P2,Not Active,Not Active,Not Active,Not Active
2026/08/10 02:54:44.746,393.22,450.00,2655,10251,71,100,100,23624,P2,Not Active,Not Active,Not Active,Not Active
2026/08/10 02:54:45.249,367.92,450.00,2655,10251,70,100,100,23624,P2,Not Active,Not Active,Not Active,Not Active
2026/08/10 02:54:45.753,393.75,450.00,2505,10251,76,100,61,23624,P2,Not Active,Not Active,Not Active,Not Active
2026/08/10 02:54:46.258,441.67,450.00,2505,10251,77,100,37,23624,P2,Active,Not Active,Not Active,Not Active
2026/08/10 02:54:46.762,447.81,450.00,2445,10251,77,100,36,23627,P2,Active,Not Active,Not Active,Not Active
2026/08/10 02:54:47.265,414.23,450.00,2640,10251,71,100,100,23627,P2,Not Active,Not Active,Not Active,Not Active
2026/08/10 02:54:47.811,368.97,450.00,2655,10251,69,100,100,23624,P2,Not Active,Not Active,Not Active,Not Active
2026/08/10 02:54:48.318,331.43,450.00,2655,10251,68,96,100,23624,P2,Not Active,Not Active,Not Active,Not Active
2026/08/10 02:54:48.821,315.76,450.00,2655,10251,67,100,100,23624,P2,Not Active,Not Active,Not Active,Not Active
2026/08/10 02:54:49.324,316.20,450.00,2655,10251,67,100,100,23624,P2,Not Active,Not Active,Not Active,Not Active
2026/08/10 02:54:49.827,315.34,450.00,2655,10251,67,100,100,23624,P2,Not Active,Not Active,Not Active,Not Active
2026/08/10 02:54:50.330,310.43,450.00,2655,10251,67,99,100,23624,P2,Not Active,Not Active,Not Active,Not Active
2026/08/10 02:54:50.838,307.35,450.00,2655,10251,67,100,100,23624,P2,Not Active,Not Active,Not Active,Not Active
2026/08/10 02:54:51.341,307.61,450.00,2655,10251,66,100,100,23624,P2,Not Active,Not Active,Not Active,Not Active
2026/08/10 02:54:51.844,213.29,450.00,2655,10251,62,0,0,23624,P2,Not Active,Not Active,Not Active,Not Active
