timestamp,power_w,power_limit_w,clock_sm_mhz,clock_mem_mhz,temp_c,util_gpu_pct,util_mem_pct,mem_used_mib,pstate,throttle_sw_power_cap,throttle_hw_thermal,throttle_sw_thermal,throttle_hw_slowdown
2026/08/11 11:09:53.385,26.34,450.00,210,810,43,3,2,22842,P8,Not Active,Not Active,Not Active,Not Active
2026/08/11 11:09:54.006,22.53,450.00,210,405,43,6,5,22842,P8,Not Active,Not Active,Not Active,Not Active
2026/08/11 11:09:54.644,19.99,450.00,210,405,43,6,5,22842,P8,Not Active,Not Active,Not Active,Not Active
2026/08/11 11:09:55.267,20.60,450.00,210,405,43,23,8,22842,P8,Not Active,Not Active,Not Active,Not Active
2026/08/11 11:09:55.903,20.44,450.00,210,405,43,9,5,22842,P8,Not Active,Not Active,Not Active,Not Active
2026/08/11 11:09:56.523,19.68,450.00,210,405,42,3,4,22842,P8,Not Active,Not Active,Not Active,Not Active
2026/08/11 11:09:57.134,19.67,450.00,210,405,42,3,5,22842,P8,Not Active,Not Active,Not Active,Not Active
2026/08/11 11:09:57.746,19.77,450.00,210,405,42,7,5,22842,P8,Not Active,Not Active,Not Active,Not Active
2026/08/11 11:09:58.364,19.40,450.00,210,405,42,4,4,22842,P8,Not Active,Not Active,Not Active,Not Active
2026/08/11 11:09:58.979,19.30,450.00,210,405,42,2,4,22842,P8,Not Active,Not Active,Not Active,Not Active
2026/08/11 11:09:59.589,19.43,450.00,210,405,42,4,5,22842,P8,Not Active,Not Active,Not Active,Not Active
2026/08/11 11:10:00.224,28.11,450.00,2520,10251,43,17,4,22842,P2,Not Active,Not Active,Not Active,Not Active
2026/08/11 11:10:00.789,52.13,450.00,2520,10251,43,3,0,22842,P2,Not Active,Not Active,Not Active,Not Active
2026/08/11 11:10:01.352,62.86,450.00,2520,10251,43,0,0,22842,P2,Not Active,Not Active,Not Active,Not Active
2026/08/11 11:10:01.925,63.05,450.00,2520,10251,43,0,0,22842,P2,Not Active,Not Active,Not Active,Not Active
2026/08/11 11:10:02.527,233.68,450.00,2670,10251,57,99,64,22842,P2,Not Active,Not Active,Not Active,Not Active
2026/08/11 11:10:03.031,397.02,450.00,2670,10251,62,100,69,22828,P2,Not Active,Not Active,Not Active,Not Active
2026/08/11 11:10:03.534,376.70,450.00,2670,10251,55,100,100,22828,P2,Not Active,Not Active,Not Active,Not Active
2026/08/11 11:10:04.039,327.28,450.00,2670,10251,54,100,100,22828,P2,Not Active,Not Active,Not Active,Not Active
2026/08/11 11:10:04.542,320.92,450.00,2670,10251,55,100,100,22828,P2,Not Active,Not Active,Not Active,Not Active
2026/08/11 11:10:05.046,320.70,450.00,2670,10251,55,100,100,22595,P2,Not Active,Not Active,Not Active,Not Active
2026/08/11 11:10:05.549,317.73,450.00,2670,10251,55,100,100,22595,P2,Not Active,Not Active,Not Active,Not Active
2026/08/11 11:10:06.053,342.75,450.00,2670,10251,56,100,83,22595,P2,Not Active,Not Active,Not Active,Not Active
2026/08/11 11:10:06.571,414.26,450.00,2670,10251,64,100,64,22595,P2,Not Active,Not Active,Not Active,Not Active
2026/08/11 11:10:07.076,395.39,450.00,2670,10251,65,100,100,22595,P2,Not Active,Not Active,Not Active,Not Active
2026/08/11 11:10:07.624,339.04,450.00,2670,10251,56,100,100,22595,P2,Not Active,Not Active,Not Active,Not Active
2026/08/11 11:10:08.127,322.91,450.00,2670,10251,56,100,100,22595,P2,Not Active,Not Active,Not Active,Not Active
2026/08/11 11:10:08.631,358.46,450.00,2655,10251,66,100,64,22595,P2,Not Active,Not Active,Not Active,Not Active
2026/08/11 11:10:09.135,374.96,450.00,2670,10251,57,100,100,22595,P2,Not Active,Not Active,Not Active,Not Active
2026/08/11 11:10:09.640,350.58,450.00,2670,10251,57,97,100,22595,P2,Not Active,Not Active,Not Active,Not Active
2026/08/11 11:10:10.143,342.42,450.00,2655,10251,65,100,61,22598,P2,Not Active,Not Active,Not Active,Not Active
2026/08/11 11:10:10.647,392.00,450.00,2655,10251,59,100,62,22598,P2,Not Active,Not Active,Not Active,Not Active
2026/08/11 11:10:11.151,370.79,450.00,2670,10251,58,100,100,22598,P2,Not Active,Not Active,Not Active,Not Active
2026/08/11 11:10:11.655,345.28,450.00,2655,10251,65,100,64,22598,P2,Not Active,Not Active,Not Active,Not Active
2026/08/11 11:10:12.162,374.91,450.00,2670,10251,59,100,99,22597,P2,Not Active,Not Active,Not Active,Not Active
2026/08/11 11:10:12.665,364.71,450.00,2670,10251,58,100,100,22597,P2,Not Active,Not Active,Not Active,Not Active
2026/08/11 11:10:13.168,324.67,450.00,2670,10251,58,100,100,22597,P2,Not Active,Not Active,Not Active,Not Active
2026/08/11 11:10:13.672,324.55,450.00,2670,10251,58,100,100,22597,P2,Not Active,Not Active,Not Active,Not Active
2026/08/11 11:10:14.177,368.34,450.00,2655,10251,66,100,83,22597,P2,Not Active,Not Active,Not Active,Not Active
2026/08/11 11:10:14.680,400.13,450.00,2670,10251,59,100,100,22597,P2,Not Active,Not Active,Not Active,Not Active
2026/08/11 11:10:15.184,389.87,450.00,2670,10251,59,100,80,22598,P2,Not Active,Not Active,Not Active,Not Active
2026/08/11 11:10:15.687,343.57,450.00,2670,10251,58,100,100,22598,P2,Not Active,Not Active,Not Active,Not Active
2026/08/11 11:10:16.191,320.74,450.00,2670,10251,59,100,100,22598,P2,Not Active,Not Active,Not Active,Not Active
2026/08/11 11:10:16.696,324.42,450.00,2670,10251,59,100,100,22592,P2,Not Active,Not Active,Not Active,Not Active
2026/08/11 11:10:17.200,350.87,450.00,2655,10251,67,100,79,22592,P2,Not Active,Not Active,Not Active,Not Active
2026/08/11 11:10:17.703,352.18,450.00,2670,10251,59,100,100,22592,P2,Not Active,Not Active,Not Active,Not Active
2026/08/11 11:10:18.207,388.61,450.00,2655,10251,68,100,63,22588,P2,Not Active,Not Active,Not Active,Not Active
2026/08/11 11:10:18.713,405.93,450.00,2655,10251,61,100,100,22588,P2,Not Active,Not Active,Not Active,Not Active
2026/08/11 11:10:19.218,361.36,450.00,2670,10251,60,100,100,22588,P2,Not Active,Not Active,Not Active,Not Active
2026/08/11 11:10:19.721,326.08,450.00,2670,10251,60,100,100,22588,P2,Not Active,Not Active,Not Active,Not Active
2026/08/11 11:10:20.225,357.10,450.00,2655,10251,68,100,65,22593,P2,Not Active,Not Active,Not Active,Not Active
2026/08/11 11:10:20.728,373.62,450.00,2670,10251,60,100,100,22593,P2,Not Active,Not Active,Not Active,Not Active
2026/08/11 11:10:21.234,354.36,450.00,2670,10251,60,100,100,22593,P2,Not Active,Not Active,Not Active,Not Active
2026/08/11 11:10:21.737,327.25,450.00,2670,10251,60,100,100,22593,P2,Not Active,Not Active,Not Active,Not Active
2026/08/11 11:10:22.251,397.88,450.00,2655,10251,69,100,63,22593,P2,Not Active,Not Active,Not Active,Not Active
2026/08/11 11:10:22.757,400.61,450.00,2670,10251,61,100,100,22593,P2,Not Active,Not Active,Not Active,Not Active
2026/08/11 11:10:23.260,364.52,450.00,2670,10251,66,100,65,22593,P2,Not Active,Not Active,Not Active,Not Active
2026/08/11 11:10:23.763,379.12,450.00,2655,10251,63,100,98,22593,P2,Not Active,Not Active,Not Active,Not Active
2026/08/11 11:10:24.266,368.77,450.00,2670,10251,61,100,100,22593,P2,Not Active,Not Active,Not Active,Not Active
2026/08/11 11:10:24.772,328.09,450.00,2670,10251,61,100,100,22593,P2,Not Active,Not Active,Not Active,Not Active
2026/08/11 11:10:25.275,325.82,450.00,2670,10251,61,100,100,22578,P2,Not Active,Not Active,Not Active,Not Active
2026/08/11 11:10:25.778,351.02,450.00,2655,10251,63,99,88,22578,P2,Not Active,Not Active,Not Active,Not Active
2026/08/11 11:10:26.282,400.34,450.00,2655,10251,71,100,75,22578,P2,Not Active,Not Active,Not Active,Not Active
2026/08/11 11:10:26.800,401.96,450.00,2655,10251,69,100,77,22578,P2,Not Active,Not Active,Not Active,Not Active
2026/08/11 11:10:27.304,358.93,450.00,2655,10251,63,100,100,22577,P2,Not Active,Not Active,Not Active,Not Active
2026/08/11 11:10:27.808,339.03,450.00,2655,10251,62,100,100,22577,P2,Not Active,Not Active,Not Active,Not Active
2026/08/11 11:10:28.313,328.90,450.00,2655,10251,62,100,100,22577,P2,Not Active,Not Active,Not Active,Not Active
2026/08/11 11:10:28.816,356.20,450.00,2655,10251,71,100,75,22577,P2,Not Active,Not Active,Not Active,Not Active
2026/08/11 11:10:29.319,356.22,450.00,2655,10251,63,100,100,22577,P2,Not Active,Not Active,Not Active,Not Active
2026/08/11 11:10:29.822,361.89,450.00,2655,10251,70,100,66,22577,P2,Not Active,Not Active,Not Active,Not Active
2026/08/11 11:10:30.327,400.64,450.00,2655,10251,72,100,90,22578,P2,Not Active,Not Active,Not Active,Not Active
2026/08/11 11:10:30.831,377.16,450.00,2655,10251,63,100,100,22578,P2,Not Active,Not Active,Not Active,Not Active
2026/08/11 11:10:31.334,325.56,450.00,2655,10251,63,100,100,22578,P2,Not Active,Not Active,Not Active,Not Active
2026/08/11 11:10:31.838,375.01,450.00,2655,10251,72,100,63,22578,P2,Not Active,Not Active,Not Active,Not Active
2026/08/11 11:10:32.341,381.18,450.00,2655,10251,64,100,100,22578,P2,Not Active,Not Active,Not Active,Not Active
2026/08/11 11:10:32.844,334.79,450.00,2655,10251,64,100,100,22578,P2,Not Active,Not Active,Not Active,Not Active
2026/08/11 11:10:33.352,328.15,450.00,2655,10251,63,100,100,22578,P2,Not Active,Not Active,Not Active,Not Active
2026/08/11 11:10:33.855,380.23,450.00,2655,10251,71,100,63,22578,P2,Active,Not Active,Not Active,Not Active
2026/08/11 11:10:34.358,405.34,450.00,2655,10251,67,100,100,22578,P2,Not Active,Not Active,Not Active,Not Active
2026/08/11 11:10:34.861,402.25,450.00,2655,10251,70,100,64,22578,P2,Active,Not Active,Not Active,Not Active
2026/08/11 11:10:35.364,378.77,450.00,2655,10251,65,100,100,22579,P2,Not Active,Not Active,Not Active,Not Active
2026/08/11 11:10:35.869,352.09,450.00,2655,10251,64,100,100,22579,P2,Not Active,Not Active,Not Active,Not Active
2026/08/11 11:10:36.372,327.41,450.00,2655,10251,64,100,100,22579,P2,Not Active,Not Active,Not Active,Not Active
2026/08/11 11:10:36.875,330.45,450.00,2655,10251,64,100,100,22579,P2,Not Active,Not Active,Not Active,Not Active
2026/08/11 11:10:37.379,360.48,450.00,2655,10251,72,100,69,22578,P2,Not Active,Not Active,Not Active,Not Active
2026/08/11 11:10:37.881,391.27,450.00,2655,10251,70,100,64,22578,P2,Active,Not Active,Not Active,Not Active
2026/08/11 11:10:38.386,405.48,450.00,2655,10251,66,100,74,22578,P2,Not Active,Not Active,Not Active,Not Active
2026/08/11 11:10:38.904,383.61,450.00,2655,10251,65,100,100,22578,P2,Not Active,Not Active,Not Active,Not Active
2026/08/11 11:10:39.408,340.02,450.00,2655,10251,65,100,100,22578,P2,Not Active,Not Active,Not Active,Not Active
2026/08/11 11:10:39.912,330.76,450.00,2655,10251,65,100,100,22579,P2,Not Active,Not Active,Not Active,Not Active
2026/08/11 11:10:40.414,357.61,450.00,2655,10251,72,100,67,22583,P2,Not Active,Not Active,Not Active,Not Active
2026/08/11 11:10:40.918,353.64,450.00,2655,10251,65,100,100,22583,P2,Not Active,Not Active,Not Active,Not Active
2026/08/11 11:10:41.422,335.43,450.00,2655,10251,65,100,100,22583,P2,Active,Not Active,Not Active,Not Active
2026/08/11 11:10:41.928,396.66,450.00,2655,10251,74,100,63,22582,P2,Not Active,Not Active,Not Active,Not Active
2026/08/11 11:10:42.431,406.44,450.00,2655,10251,67,100,100,22582,P2,Not Active,Not Active,Not Active,Not Active
2026/08/11 11:10:42.934,353.59,450.00,2655,10251,66,100,100,22582,P2,Not Active,Not Active,Not Active,Not Active
2026/08/11 11:10:43.437,376.15,450.00,2655,10251,73,100,63,22582,P2,Not Active,Not Active,Not Active,Not Active
2026/08/11 11:10:43.957,385.21,450.00,2655,10251,67,100,100,22582,P2,Not Active,Not Active,Not Active,Not Active
2026/08/11 11:10:44.460,341.33,450.00,2655,10251,66,100,100,22582,P2,Not Active,Not Active,Not Active,Not Active
2026/08/11 11:10:44.965,332.44,450.00,2655,10251,66,100,100,22583,P2,Not Active,Not Active,Not Active,Not Active
2026/08/11 11:10:45.469,355.41,450.00,2655,10251,66,100,61,22583,P2,Not Active,Not Active,Not Active,Not Active
2026/08/11 11:10:45.972,411.16,450.00,2655,10251,74,100,62,22583,P2,Not Active,Not Active,Not Active,Not Active
2026/08/11 11:10:46.475,416.71,450.00,2655,10251,67,100,70,22583,P2,Not Active,Not Active,Not Active,Not Active
2026/08/11 11:10:47.020,360.16,450.00,2655,10251,67,100,100,22579,P2,Not Active,Not Active,Not Active,Not Active
2026/08/11 11:10:47.525,340.39,450.00,2655,10251,66,100,100,22579,P2,Not Active,Not Active,Not Active,Not Active
2026/08/11 11:10:48.028,333.55,450.00,2655,10251,66,100,100,22579,P2,Not Active,Not Active,Not Active,Not Active
2026/08/11 11:10:48.531,333.06,450.00,2655,10251,66,100,100,22579,P2,Not Active,Not Active,Not Active,Not Active
2026/08/11 11:10:49.034,359.97,450.00,2655,10251,71,100,74,22579,P2,Not Active,Not Active,Not Active,Not Active
2026/08/11 11:10:49.538,404.77,450.00,2655,10251,67,100,63,22579,P2,Active,Not Active,Not Active,Not Active
2026/08/11 11:10:50.043,407.16,450.00,2655,10251,76,100,100,22583,P2,Not Active,Not Active,Not Active,Not Active
2026/08/11 11:10:50.594,370.98,450.00,2655,10251,67,100,100,22583,P2,Not Active,Not Active,Not Active,Not Active
2026/08/11 11:10:51.098,329.20,450.00,2655,10251,67,100,100,22583,P2,Not Active,Not Active,Not Active,Not Active
2026/08/11 11:10:51.603,332.01,450.00,2655,10251,67,100,100,22583,P2,Not Active,Not Active,Not Active,Not Active
2026/08/11 11:10:52.139,385.93,450.00,2655,10251,69,100,75,22583,P2,Not Active,Not Active,Not Active,Not Active
2026/08/11 11:10:52.647,385.85,450.00,2655,10251,67,100,100,22583,P2,Not Active,Not Active,Not Active,Not Active
2026/08/11 11:10:53.150,336.64,450.00,2655,10251,67,100,100,22583,P2,Not Active,Not Active,Not Active,Not Active
2026/08/11 11:10:53.654,395.17,450.00,2655,10251,76,100,63,22583,P2,Active,Not Active,Not Active,Not Active
2026/08/11 11:10:54.157,408.43,450.00,2655,10251,68,100,100,22583,P2,Not Active,Not Active,Not Active,Not Active
2026/08/11 11:10:54.661,359.26,450.00,2655,10251,67,100,100,22583,P2,Not Active,Not Active,Not Active,Not Active
2026/08/11 11:10:55.165,378.61,450.00,2655,10251,75,100,62,22583,P2,Not Active,Not Active,Not Active,Not Active
2026/08/11 11:10:55.668,382.54,450.00,2655,10251,67,100,100,22583,P2,Not Active,Not Active,Not Active,Not Active
2026/08/11 11:10:56.171,348.73,450.00,2655,10251,67,100,100,22583,P2,Not Active,Not Active,Not Active,Not Active
2026/08/11 11:10:56.674,333.31,450.00,2655,10251,67,100,100,22583,P2,Not Active,Not Active,Not Active,Not Active
2026/08/11 11:10:57.178,351.83,450.00,2655,10251,74,100,96,22583,P2,Not Active,Not Active,Not Active,Not Active
2026/08/11 11:10:57.686,402.86,450.00,2655,10251,76,100,64,22583,P2,Active,Not Active,Not Active,Not Active
2026/08/11 11:10:58.189,419.71,450.00,2655,10251,74,100,100,22583,P2,Not Active,Not Active,Not Active,Not Active
2026/08/11 11:10:58.694,380.48,450.00,2655,10251,68,100,100,22583,P2,Not Active,Not Active,Not Active,Not Active
2026/08/11 11:10:59.197,358.40,450.00,2655,10251,68,100,100,22583,P2,Not Active,Not Active,Not Active,Not Active
2026/08/11 11:10:59.703,335.86,450.00,2655,10251,68,100,100,22583,P2,Not Active,Not Active,Not Active,Not Active
2026/08/11 11:11:00.206,334.49,450.00,2655,10251,67,100,100,22583,P2,Not Active,Not Active,Not Active,Not Active
2026/08/11 11:11:00.709,360.18,450.00,2655,10251,70,100,84,22583,P2,Not Active,Not Active,Not Active,Not Active
2026/08/11 11:11:01.212,373.18,450.00,2655,10251,75,100,98,22579,P2,Active,Not Active,Not Active,Not Active
2026/08/11 11:11:01.715,408.92,450.00,2655,10251,77,100,63,22575,P2,Not Active,Not Active,Not Active,Not Active
2026/08/11 11:11:02.220,407.68,450.00,2655,10251,68,100,100,22575,P2,Not Active,Not Active,Not Active,Not Active
2026/08/11 11:11:02.724,348.72,450.00,2655,10251,68,100,100,22575,P2,Not Active,Not Active,Not Active,Not Active
2026/08/11 11:11:03.227,335.73,450.00,2655,10251,68,100,100,22571,P2,Not Active,Not Active,Not Active,Not Active
2026/08/11 11:11:03.730,382.24,450.00,2655,10251,76,100,63,22571,P2,Not Active,Not Active,Not Active,Not Active
2026/08/11 11:11:04.234,388.89,450.00,2655,10251,68,100,100,22571,P2,Not Active,Not Active,Not Active,Not Active
2026/08/11 11:11:04.742,342.58,450.00,2655,10251,68,100,100,22571,P2,Not Active,Not Active,Not Active,Not Active
2026/08/11 11:11:05.245,369.25,450.00,2655,10251,75,100,61,22573,P2,Not Active,Not Active,Not Active,Not Active
2026/08/11 11:11:05.748,405.39,450.00,2655,10251,74,100,73,22573,P2,Not Active,Not Active,Not Active,Not Active
2026/08/11 11:11:06.252,382.97,450.00,2655,10251,68,100,100,22573,P2,Not Active,Not Active,Not Active,Not Active
2026/08/11 11:11:06.755,369.04,450.00,2655,10251,76,100,66,22573,P2,Active,Not Active,Not Active,Not Active
2026/08/11 11:11:07.260,388.08,450.00,2655,10251,69,100,100,22573,P2,Not Active,Not Active,Not Active,Not Active
2026/08/11 11:11:07.763,367.10,450.00,2655,10251,68,100,100,22573,P2,Not Active,Not Active,Not Active,Not Active
2026/08/11 11:11:08.266,336.75,450.00,2655,10251,68,100,100,22573,P2,Not Active,Not Active,Not Active,Not Active
2026/08/11 11:11:08.770,343.92,450.00,2655,10251,68,100,100,22573,P2,Not Active,Not Active,Not Active,Not Active
2026/08/11 11:11:09.275,383.71,450.00,2655,10251,73,100,67,22573,P2,Active,Not Active,Not Active,Not Active
2026/08/11 11:11:09.779,413.04,450.00,2655,10251,70,100,96,22573,P2,Not Active,Not Active,Not Active,Not Active
2026/08/11 11:11:10.283,399.98,450.00,2655,10251,70,100,100,22564,P2,Not Active,Not Active,Not Active,Not Active
2026/08/11 11:11:10.787,355.87,450.00,2655,10251,68,100,100,22564,P2,Not Active,Not Active,Not Active,Not Active
2026/08/11 11:11:11.291,333.54,450.00,2655,10251,68,100,100,22564,P2,Not Active,Not Active,Not Active,Not Active
2026/08/11 11:11:11.795,336.71,450.00,2655,10251,68,100,100,22564,P2,Not Active,Not Active,Not Active,Not Active
2026/08/11 11:11:12.303,364.33,450.00,2655,10251,77,100,96,22563,P2,Not Active,Not Active,Not Active,Not Active
2026/08/11 11:11:12.806,364.33,450.00,2655,10251,68,100,100,22563,P2,Not Active,Not Active,Not Active,Not Active
2026/08/11 11:11:13.309,390.44,450.00,2655,10251,77,100,63,22563,P2,Active,Not Active,Not Active,Not Active
2026/08/11 11:11:13.812,411.96,450.00,2655,10251,70,100,100,22563,P2,Not Active,Not Active,Not Active,Not Active
2026/08/11 11:11:14.317,370.58,450.00,2655,10251,69,100,100,22563,P2,Not Active,Not Active,Not Active,Not Active
2026/08/11 11:11:14.820,336.83,450.00,2655,10251,69,100,100,22563,P2,Not Active,Not Active,Not Active,Not Active
2026/08/11 11:11:15.323,385.75,450.00,2655,10251,77,100,62,22564,P2,Not Active,Not Active,Not Active,Not Active
2026/08/11 11:11:15.852,384.43,450.00,2655,10251,69,99,100,22564,P2,Not Active,Not Active,Not Active,Not Active
2026/08/11 11:11:16.357,335.37,450.00,2655,10251,69,100,100,22564,P2,Not Active,Not Active,Not Active,Not Active
2026/08/11 11:11:16.860,351.41,450.00,2655,10251,69,100,78,22564,P2,Active,Not Active,Not Active,Not Active
2026/08/11 11:11:17.389,411.60,450.00,2655,10251,78,100,63,22563,P2,Not Active,Not Active,Not Active,Not Active
2026/08/11 11:11:17.894,411.05,450.00,2655,10251,70,100,100,22563,P2,Not Active,Not Active,Not Active,Not Active
2026/08/11 11:11:18.398,391.47,450.00,2655,10251,76,100,63,22563,P2,Active,Not Active,Not Active,Not Active
2026/08/11 11:11:18.901,389.66,450.00,2655,10251,70,100,100,22563,P2,Not Active,Not Active,Not Active,Not Active
2026/08/11 11:11:19.404,361.22,450.00,2655,10251,69,100,100,22563,P2,Not Active,Not Active,Not Active,Not Active
2026/08/11 11:11:19.907,337.92,450.00,2655,10251,69,100,100,22564,P2,Not Active,Not Active,Not Active,Not Active
2026/08/11 11:11:20.410,342.84,450.00,2655,10251,69,100,100,22569,P2,Not Active,Not Active,Not Active,Not Active
2026/08/11 11:11:20.962,375.02,450.00,2655,10251,70,100,100,22569,P2,Active,Not Active,Not Active,Not Active
2026/08/11 11:11:21.465,405.26,450.00,2640,10251,77,100,98,22569,P2,Not Active,Not Active,Not Active,Not Active
2026/08/11 11:11:21.968,412.06,450.00,2655,10251,75,100,78,22569,P2,Not Active,Not Active,Not Active,Not Active
2026/08/11 11:11:22.473,362.33,450.00,2655,10251,70,100,100,22569,P2,Not Active,Not Active,Not Active,Not Active
2026/08/11 11:11:22.977,337.94,450.00,2655,10251,69,100,100,22569,P2,Not Active,Not Active,Not Active,Not Active
2026/08/11 11:11:23.480,358.03,450.00,2655,10251,69,100,68,22569,P2,Active,Not Active,Not Active,Not Active
2026/08/11 11:11:23.985,365.52,450.00,2655,10251,71,100,100,22569,P2,Not Active,Not Active,Not Active,Not Active
2026/08/11 11:11:24.489,357.68,450.00,2655,10251,69,100,100,22563,P2,Not Active,Not Active,Not Active,Not Active
2026/08/11 11:11:24.994,383.48,450.00,2655,10251,75,100,63,22569,P2,Active,Not Active,Not Active,Not Active
2026/08/11 11:11:25.498,409.56,450.00,2655,10251,77,100,100,22569,P2,Not Active,Not Active,Not Active,Not Active
2026/08/11 11:11:26.002,373.32,450.00,2655,10251,69,100,100,22569,P2,Not Active,Not Active,Not Active,Not Active
2026/08/11 11:11:26.505,356.64,450.00,2655,10251,69,100,67,22565,P2,Active,Not Active,Not Active,Not Active
2026/08/11 11:11:27.045,390.13,450.00,2640,10251,78,100,100,22565,P2,Not Active,Not Active,Not Active,Not Active
2026/08/11 11:11:27.549,369.30,450.00,2655,10251,70,100,100,22565,P2,Not Active,Not Active,Not Active,Not Active
2026/08/11 11:11:28.054,338.39,450.00,2655,10251,69,100,100,22565,P2,Not Active,Not Active,Not Active,Not Active
2026/08/11 11:11:28.558,345.57,450.00,2655,10251,69,100,100,22565,P2,Active,Not Active,Not Active,Not Active
2026/08/11 11:11:29.087,405.45,450.00,2655,10251,77,100,63,22565,P2,Not Active,Not Active,Not Active,Not Active
2026/08/11 11:11:29.639,430.10,450.00,2640,10251,77,100,63,22565,P2,Not Active,Not Active,Not Active,Not Active
2026/08/11 11:11:30.143,369.92,450.00,2655,10251,69,100,100,22569,P2,Not Active,Not Active,Not Active,Not Active
2026/08/11 11:11:30.646,345.26,450.00,2655,10251,69,100,100,22569,P2,Not Active,Not Active,Not Active,Not Active
2026/08/11 11:11:31.151,333.18,450.00,2655,10251,69,100,100,22569,P2,Not Active,Not Active,Not Active,Not Active
2026/08/11 11:11:31.655,336.43,450.00,2655,10251,69,100,100,22569,P2,Not Active,Not Active,Not Active,Not Active
2026/08/11 11:11:32.158,367.51,450.00,2655,10251,73,99,62,22569,P2,Not Active,Not Active,Not Active,Not Active
2026/08/11 11:11:32.662,389.93,450.00,2655,10251,77,100,63,22569,P2,Not Active,Not Active,Not Active,Not Active
2026/08/11 11:11:33.166,414.83,450.00,2655,10251,74,100,63,22569,P2,Not Active,Not Active,Not Active,Not Active
2026/08/11 11:11:33.671,398.40,450.00,2655,10251,69,100,100,22569,P2,Not Active,Not Active,Not Active,Not Active
2026/08/11 11:11:34.175,339.50,450.00,2655,10251,69,99,100,22569,P2,Not Active,Not Active,Not Active,Not Active
2026/08/11 11:11:34.678,336.83,450.00,2655,10251,69,100,100,22569,P2,Not Active,Not Active,Not Active,Not Active
2026/08/11 11:11:35.183,376.50,450.00,2655,10251,77,100,62,22566,P2,Active,Not Active,Not Active,Not Active
2026/08/11 11:11:35.687,386.21,450.00,2655,10251,70,100,100,22566,P2,Not Active,Not Active,Not Active,Not Active
2026/08/11 11:11:36.192,358.68,450.00,2655,10251,69,100,100,22566,P2,Not Active,Not Active,Not Active,Not Active
2026/08/11 11:11:36.695,367.31,450.00,2655,10251,78,100,62,22566,P2,Active,Not Active,Not Active,Not Active
2026/08/11 11:11:37.199,411.81,450.00,2655,10251,72,100,70,22562,P2,Not Active,Not Active,Not Active,Not Active
2026/08/11 11:11:37.703,393.24,450.00,2655,10251,70,100,100,22562,P2,Not Active,Not Active,Not Active,Not Active
2026/08/11 11:11:38.208,353.23,450.00,2655,10251,77,99,96,22562,P2,Active,Not Active,Not Active,Not Active
2026/08/11 11:11:38.712,389.32,450.00,2655,10251,71,100,100,22562,P2,Not Active,Not Active,Not Active,Not Active
2026/08/11 11:11:39.215,385.22,450.00,2655,10251,70,100,100,22562,P2,Not Active,Not Active,Not Active,Not Active
2026/08/11 11:11:39.719,337.55,450.00,2655,10251,69,100,100,22562,P2,Not Active,Not Active,Not Active,Not Active
2026/08/11 11:11:40.222,336.32,450.00,2655,10251,69,100,100,22569,P2,Not Active,Not Active,Not Active,Not Active
2026/08/11 11:11:40.727,383.52,450.00,2655,10251,76,100,72,22569,P2,Active,Not Active,Not Active,Not Active
2026/08/11 11:11:41.230,411.10,450.00,2655,10251,71,100,100,22569,P2,Not Active,Not Active,Not Active,Not Active
2026/08/11 11:11:41.736,399.63,450.00,2655,10251,71,100,93,22569,P2,Not Active,Not Active,Not Active,Not Active
2026/08/11 11:11:42.239,362.30,450.00,2655,10251,69,100,100,22568,P2,Not Active,Not Active,Not Active,Not Active
2026/08/11 11:11:42.742,337.94,450.00,2655,10251,70,100,100,22568,P2,Not Active,Not Active,Not Active,Not Active
2026/08/11 11:11:43.247,338.17,450.00,2655,10251,70,100,100,22568,P2,Not Active,Not Active,Not Active,Not Active
2026/08/11 11:11:43.751,362.08,450.00,2655,10251,75,100,82,22568,P2,Active,Not Active,Not Active,Not Active
2026/08/11 11:11:44.254,365.63,450.00,2655,10251,70,100,100,22568,P2,Not Active,Not Active,Not Active,Not Active
2026/08/11 11:11:44.757,410.99,450.00,2655,10251,78,100,63,22568,P2,Active,Not Active,Not Active,Not Active
2026/08/11 11:11:45.261,410.49,450.00,2655,10251,70,100,100,22569,P2,Not Active,Not Active,Not Active,Not Active
2026/08/11 11:11:45.802,362.01,450.00,2655,10251,70,100,100,22569,P2,Not Active,Not Active,Not Active,Not Active
2026/08/11 11:11:46.308,333.60,450.00,2655,10251,69,100,100,22567,P2,Not Active,Not Active,Not Active,Not Active
2026/08/11 11:11:46.812,361.78,450.00,2655,10251,76,100,80,22566,P2,Active,Not Active,Not Active,Not Active
2026/08/11 11:11:47.316,390.01,450.00,2640,10251,71,100,100,22566,P2,Not Active,Not Active,Not Active,Not Active
2026/08/11 11:11:47.820,365.09,450.00,2655,10251,70,100,100,22566,P2,Not Active,Not Active,Not Active,Not Active
2026/08/11 11:11:48.328,354.43,450.00,2655,10251,69,99,93,22566,P2,Not Active,Not Active,Not Active,Not Active
2026/08/11 11:11:48.832,412.33,450.00,2640,10251,78,100,66,22566,P2,Not Active,Not Active,Not Active,Not Active
2026/08/11 11:11:49.335,407.49,450.00,2655,10251,70,100,100,22566,P2,Not Active,Not Active,Not Active,Not Active
2026/08/11 11:11:49.838,364.62,450.00,2655,10251,70,100,77,22566,P2,Not Active,Not Active,Not Active,Not Active
2026/08/11 11:11:50.362,391.73,450.00,2640,10251,78,100,80,22571,P2,Not Active,Not Active,Not Active,Not Active
2026/08/11 11:11:50.869,381.91,450.00,2655,10251,70,100,100,22571,P2,Not Active,Not Active,Not Active,Not Active
2026/08/11 11:11:51.372,335.52,450.00,2655,10251,69,100,100,22571,P2,Not Active,Not Active,Not Active,Not Active
2026/08/11 11:11:51.878,338.41,450.00,2655,10251,70,100,100,22571,P2,Not Active,Not Active,Not Active,Not Active
2026/08/11 11:11:52.383,363.78,450.00,2640,10251,77,98,74,22571,P2,Not Active,Not Active,Not Active,Not Active
2026/08/11 11:11:52.888,412.73,450.00,2640,10251,78,100,76,22571,P2,Not Active,Not Active,Not Active,Not Active
2026/08/11 11:11:53.440,411.79,450.00,2655,10251,70,100,88,22571,P2,Not Active,Not Active,Not Active,Not Active
2026/08/11 11:11:53.948,362.38,450.00,2655,10251,70,100,100,22571,P2,Not Active,Not Active,Not Active,Not Active
2026/08/11 11:11:54.451,338.16,450.00,2655,10251,70,100,100,22571,P2,Not Active,Not Active,Not Active,Not Active
2026/08/11 11:11:54.955,337.61,450.00,2655,10251,70,100,100,22571,P2,Not Active,Not Active,Not Active,Not Active
2026/08/11 11:11:55.458,361.62,450.00,2655,10251,70,100,73,22561,P2,Not Active,Not Active,Not Active,Not Active
2026/08/11 11:11:55.964,360.84,450.00,2655,10251,70,100,100,22561,P2,Not Active,Not Active,Not Active,Not Active
2026/08/11 11:11:56.467,381.61,450.00,2655,10251,70,100,63,22561,P2,Active,Not Active,Not Active,Not Active
2026/08/11 11:11:56.971,411.91,450.00,2640,10251,78,100,87,22561,P2,Not Active,Not Active,Not Active,Not Active
2026/08/11 11:11:57.476,383.18,450.00,2655,10251,70,100,100,22561,P2,Not Active,Not Active,Not Active,Not Active
2026/08/11 11:11:57.981,338.21,450.00,2655,10251,70,100,100,22561,P2,Not Active,Not Active,Not Active,Not Active
2026/08/11 11:11:58.485,375.89,450.00,2655,10251,70,100,63,22561,P2,Not Active,Not Active,Not Active,Not Active
2026/08/11 11:11:58.988,389.76,450.00,2640,10251,73,100,100,22561,P2,Not Active,Not Active,Not Active,Not Active
2026/08/11 11:11:59.492,363.43,450.00,2655,10251,70,100,100,22561,P2,Not Active,Not Active,Not Active,Not Active
2026/08/11 11:11:59.995,338.33,450.00,2655,10251,70,100,100,22561,P2,Not Active,Not Active,Not Active,Not Active
2026/08/11 11:12:00.499,382.94,450.00,2640,10251,75,100,61,22561,P2,Not Active,Not Active,Not Active,Not Active
2026/08/11 11:12:01.005,409.76,450.00,2640,10251,77,100,97,22561,P2,Not Active,Not Active,Not Active,Not Active
2026/08/11 11:12:01.508,387.95,450.00,2655,10251,70,100,82,22561,P2,Active,Not Active,Not Active,Not Active
2026/08/11 11:12:02.011,390.00,450.00,2640,10251,78,100,79,22561,P2,Not Active,Not Active,Not Active,Not Active
2026/08/11 11:12:02.532,377.34,450.00,2655,10251,70,100,100,22561,P2,Not Active,Not Active,Not Active,Not Active
2026/08/11 11:12:03.035,338.70,450.00,2655,10251,70,100,100,22561,P2,Not Active,Not Active,Not Active,Not Active
2026/08/11 11:12:03.541,338.03,450.00,2655,10251,70,100,100,22561,P2,Not Active,Not Active,Not Active,Not Active
2026/08/11 11:12:04.044,365.89,450.00,2655,10251,70,100,100,22561,P2,Not Active,Not Active,Not Active,Not Active
2026/08/11 11:12:04.547,409.70,450.00,2655,10251,70,100,63,22561,P2,Active,Not Active,Not Active,Not Active
2026/08/11 11:12:05.050,413.38,450.00,2640,10251,79,100,67,22562,P2,Not Active,Not Active,Not Active,Not Active
2026/08/11 11:12:05.554,377.99,450.00,2640,10251,78,100,100,22562,P2,Not Active,Not Active,Not Active,Not Active
2026/08/11 11:12:06.058,351.12,450.00,2655,10251,70,100,100,22562,P2,Not Active,Not Active,Not Active,Not Active
2026/08/11 11:12:06.562,337.19,450.00,2655,10251,70,100,100,22562,P2,Not Active,Not Active,Not Active,Not Active
2026/08/11 11:12:07.072,365.55,450.00,2655,10251,70,100,100,22562,P2,Not Active,Not Active,Not Active,Not Active
2026/08/11 11:12:07.576,365.41,450.00,2655,10251,70,100,100,22562,P2,Not Active,Not Active,Not Active,Not Active
2026/08/11 11:12:08.082,354.37,450.00,2655,10251,70,100,76,22562,P2,Active,Not Active,Not Active,Not Active
2026/08/11 11:12:08.586,412.20,450.00,2640,10251,78,100,63,22562,P2,Not Active,Not Active,Not Active,Not Active
2026/08/11 11:12:09.106,408.43,450.00,2640,10251,71,100,100,22562,P2,Not Active,Not Active,Not Active,Not Active
2026/08/11 11:12:09.609,350.21,450.00,2655,10251,70,100,100,22562,P2,Not Active,Not Active,Not Active,Not Active
2026/08/11 11:12:10.157,389.10,450.00,2640,10251,73,100,62,22566,P2,Not Active,Not Active,Not Active,Not Active
2026/08/11 11:12:10.663,386.70,450.00,2655,10251,70,100,100,22566,P2,Not Active,Not Active,Not Active,Not Active
2026/08/11 11:12:11.166,334.94,450.00,2655,10251,70,100,100,22566,P2,Not Active,Not Active,Not Active,Not Active
2026/08/11 11:12:11.671,336.98,450.00,2655,10251,70,100,100,22566,P2,Not Active,Not Active,Not Active,Not Active
2026/08/11 11:12:12.178,371.36,450.00,2640,10251,78,100,64,22565,P2,Active,Not Active,Not Active,Not Active
2026/08/11 11:12:12.682,413.12,450.00,2655,10251,71,100,94,22565,P2,Not Active,Not Active,Not Active,Not Active
2026/08/11 11:12:13.186,415.83,450.00,2640,10251,72,100,64,22565,P2,Not Active,Not Active,Not Active,Not Active
2026/08/11 11:12:13.689,363.13,450.00,2655,10251,70,100,100,22565,P2,Not Active,Not Active,Not Active,Not Active
2026/08/11 11:12:14.192,339.24,450.00,2655,10251,70,100,100,22565,P2,Not Active,Not Active,Not Active,Not Active
2026/08/11 11:12:14.698,338.89,450.00,2655,10251,70,100,100,22565,P2,Not Active,Not Active,Not Active,Not Active
2026/08/11 11:12:15.201,337.50,450.00,2655,10251,70,100,100,22566,P2,Not Active,Not Active,Not Active,Not Active
2026/08/11 11:12:15.704,362.17,450.00,2655,10251,70,100,100,22566,P2,Not Active,Not Active,Not Active,Not Active
2026/08/11 11:12:16.208,400.43,450.00,2640,10251,78,100,63,22566,P2,Not Active,Not Active,Not Active,Not Active
2026/08/11 11:12:16.711,411.43,450.00,2655,10251,71,100,100,22566,P2,Not Active,Not Active,Not Active,Not Active
2026/08/11 11:12:17.216,373.22,450.00,2655,10251,70,100,100,22566,P2,Not Active,Not Active,Not Active,Not Active
2026/08/11 11:12:17.720,337.24,450.00,2655,10251,70,100,100,22566,P2,Not Active,Not Active,Not Active,Not Active
2026/08/11 11:12:18.223,344.60,450.00,2655,10251,70,100,90,22566,P2,Active,Not Active,Not Active,Not Active
2026/08/11 11:12:18.770,389.16,450.00,2655,10251,79,100,69,22566,P2,Not Active,Not Active,Not Active,Not Active
2026/08/11 11:12:19.278,389.77,450.00,2655,10251,70,100,100,22566,P2,Not Active,Not Active,Not Active,Not Active
2026/08/11 11:12:19.782,338.79,450.00,2655,10251,70,100,100,22566,P2,Active,Not Active,Not Active,Not Active
2026/08/11 11:12:20.309,385.46,450.00,2640,10251,78,100,75,22566,P2,Not Active,Not Active,Not Active,Not Active
2026/08/11 11:12:20.819,382.59,450.00,2655,10251,70,100,100,22566,P2,Not Active,Not Active,Not Active,Not Active
2026/08/11 11:12:21.322,334.72,450.00,2655,10251,70,100,100,22566,P2,Not Active,Not Active,Not Active,Not Active
2026/08/11 11:12:21.825,336.34,450.00,2655,10251,69,100,100,22566,P2,Not Active,Not Active,Not Active,Not Active
2026/08/11 11:12:22.328,334.49,450.00,2655,10251,69,100,100,22566,P2,Not Active,Not Active,Not Active,Not Active
2026/08/11 11:12:22.833,334.78,450.00,2655,10251,69,100,100,22566,P2,Not Active,Not Active,Not Active,Not Active
2026/08/11 11:12:23.337,260.93,450.00,2655,10251,64,1,0,22566,P2,Not Active,Not Active,Not Active,Not Active
2026/08/11 11:12:23.840,148.29,450.00,2655,10251,62,1,0,22566,P2,Not Active,Not Active,Not Active,Not Active
2026/08/11 11:12:24.343,86.40,450.00,2655,10251,61,1,0,22566,P2,Not Active,Not Active,Not Active,Not Active
2026/08/11 11:12:24.847,86.11,450.00,2655,10251,61,1,0,22566,P2,Not Active,Not Active,Not Active,Not Active
2026/08/11 11:12:25.427,65.02,450.00,540,5001,59,6,0,22566,P3,Not Active,Not Active,Not Active,Not Active
2026/08/11 11:12:26.007,43.16,450.00,435,5001,59,3,0,22566,P3,Not Active,Not Active,Not Active,Not Active
2026/08/11 11:12:26.587,41.76,450.00,360,5001,58,1,0,22566,P3,Not Active,Not Active,Not Active,Not Active
2026/08/11 11:12:27.167,41.85,450.00,240,5001,57,1,0,22562,P3,Not Active,Not Active,Not Active,Not Active
2026/08/11 11:12:27.747,41.24,450.00,210,5001,57,1,0,22562,P3,Not Active,Not Active,Not Active,Not Active
2026/08/11 11:12:28.326,40.87,450.00,210,5001,57,0,0,22562,P3,Not Active,Not Active,Not Active,Not Active
2026/08/11 11:12:28.906,39.43,450.00,210,5001,57,0,2,22562,P5,Not Active,Not Active,Not Active,Not Active
2026/08/11 11:12:29.493,36.00,450.00,210,810,56,4,3,22562,P5,Not Active,Not Active,Not Active,Not Active
2026/08/11 11:12:30.071,33.14,450.00,210,810,56,13,3,22566,P5,Not Active,Not Active,Not Active,Not Active
2026/08/11 11:12:30.651,31.72,450.00,210,405,56,18,5,22566,P8,Not Active,Not Active,Not Active,Not Active
2026/08/11 11:12:31.262,26.04,450.00,210,405,55,3,5,22566,P8,Not Active,Not Active,Not Active,Not Active
2026/08/11 11:12:31.880,22.41,450.00,210,405,55,2,5,22565,P8,Not Active,Not Active,Not Active,Not Active
2026/08/11 11:12:32.493,22.34,450.00,210,405,55,3,5,22565,P8,Not Active,Not Active,Not Active,Not Active
2026/08/11 11:12:33.112,22.98,450.00,210,405,55,2,5,22565,P8,Not Active,Not Active,Not Active,Not Active
2026/08/11 11:12:33.747,23.66,450.00,210,405,54,3,5,22565,P8,Not Active,Not Active,Not Active,Not Active
2026/08/11 11:12:34.361,22.87,450.00,210,405,54,5,5,22565,P8,Not Active,Not Active,Not Active,Not Active
2026/08/11 11:12:34.975,22.13,450.00,210,405,54,2,5,22565,P8,Not Active,Not Active,Not Active,Not Active
2026/08/11 11:12:35.595,23.19,450.00,210,405,54,21,6,22567,P8,Not Active,Not Active,Not Active,Not Active
2026/08/11 11:12:36.408,224.13,450.00,2655,10251,70,100,64,22567,P2,Active,Not Active,Not Active,Not Active
2026/08/11 11:12:36.917,399.83,450.00,2655,10251,72,100,69,22567,P2,Not Active,Not Active,Not Active,Not Active
2026/08/11 11:12:37.421,382.88,450.00,2655,10251,65,100,100,22567,P2,Not Active,Not Active,Not Active,Not Active
2026/08/11 11:12:37.925,331.51,450.00,2655,10251,65,100,100,22567,P2,Not Active,Not Active,Not Active,Not Active
2026/08/11 11:12:38.432,331.92,450.00,2655,10251,65,100,100,22567,P2,Not Active,Not Active,Not Active,Not Active
2026/08/11 11:12:38.935,332.47,450.00,2655,10251,65,100,100,22567,P2,Not Active,Not Active,Not Active,Not Active
2026/08/11 11:12:39.438,333.12,450.00,2655,10251,65,100,100,22567,P2,Not Active,Not Active,Not Active,Not Active
2026/08/11 11:12:39.941,371.20,450.00,2655,10251,72,100,67,22567,P2,Not Active,Not Active,Not Active,Not Active
2026/08/11 11:12:40.445,425.72,450.00,2655,10251,74,100,61,22560,P2,Active,Not Active,Not Active,Not Active
2026/08/11 11:12:40.950,401.61,450.00,2655,10251,66,100,100,22560,P2,Not Active,Not Active,Not Active,Not Active
2026/08/11 11:12:41.453,348.02,450.00,2655,10251,66,100,100,22560,P2,Not Active,Not Active,Not Active,Not Active
2026/08/11 11:12:41.957,333.33,450.00,2655,10251,66,100,100,22559,P2,Not Active,Not Active,Not Active,Not Active
2026/08/11 11:12:42.461,355.01,450.00,2655,10251,66,100,67,22559,P2,Active,Not Active,Not Active,Not Active
2026/08/11 11:12:42.965,386.51,450.00,2655,10251,75,100,95,22559,P2,Not Active,Not Active,Not Active,Not Active
2026/08/11 11:12:43.471,377.83,450.00,2655,10251,66,100,100,22559,P2,Not Active,Not Active,Not Active,Not Active
2026/08/11 11:12:43.974,354.48,450.00,2655,10251,66,100,88,22559,P2,Active,Not Active,Not Active,Not Active
2026/08/11 11:12:44.477,408.37,450.00,2655,10251,75,100,73,22559,P2,Not Active,Not Active,Not Active,Not Active
2026/08/11 11:12:45.015,387.13,450.00,2655,10251,67,100,100,22560,P2,Not Active,Not Active,Not Active,Not Active
2026/08/11 11:12:45.518,339.94,450.00,2655,10251,66,100,100,22560,P2,Not Active,Not Active,Not Active,Not Active
2026/08/11 11:12:46.062,382.31,450.00,2655,10251,74,100,96,22560,P2,Not Active,Not Active,Not Active,Not Active
2026/08/11 11:12:46.571,385.54,450.00,2655,10251,67,100,100,22560,P2,Not Active,Not Active,Not Active,Not Active
2026/08/11 11:12:47.074,334.52,450.00,2655,10251,66,100,100,22556,P2,Not Active,Not Active,Not Active,Not Active
2026/08/11 11:12:47.578,334.41,450.00,2655,10251,66,100,100,22556,P2,Not Active,Not Active,Not Active,Not Active
2026/08/11 11:12:48.081,375.27,450.00,2655,10251,70,100,64,22556,P2,Active,Not Active,Not Active,Not Active
2026/08/11 11:12:48.586,410.76,450.00,2655,10251,75,100,86,22556,P2,Not Active,Not Active,Not Active,Not Active
2026/08/11 11:12:49.090,406.09,450.00,2655,10251,72,100,97,22556,P2,Not Active,Not Active,Not Active,Not Active
2026/08/11 11:12:49.594,358.42,450.00,2655,10251,67,100,100,22556,P2,Not Active,Not Active,Not Active,Not Active
2026/08/11 11:12:50.097,333.35,450.00,2655,10251,67,100,100,22565,P2,Not Active,Not Active,Not Active,Not Active
2026/08/11 11:12:50.601,330.23,450.00,2655,10251,67,100,100,22565,P2,Not Active,Not Active,Not Active,Not Active
2026/08/11 11:12:51.109,343.91,450.00,2655,10251,67,100,100,22565,P2,Active,Not Active,Not Active,Not Active
2026/08/11 11:12:51.659,362.46,450.00,2655,10251,75,100,100,22565,P2,Not Active,Not Active,Not Active,Not Active
2026/08/11 11:12:52.163,421.30,450.00,2655,10251,73,100,63,22565,P2,Active,Not Active,Not Active,Not Active
2026/08/11 11:12:52.667,410.58,450.00,2655,10251,76,100,100,22565,P2,Not Active,Not Active,Not Active,Not Active
2026/08/11 11:12:53.171,363.55,450.00,2655,10251,68,100,100,22565,P2,Not Active,Not Active,Not Active,Not Active
2026/08/11 11:12:53.674,334.71,450.00,2655,10251,67,100,100,22565,P2,Not Active,Not Active,Not Active,Not Active
2026/08/11 11:12:54.178,353.62,450.00,2655,10251,67,100,92,22565,P2,Active,Not Active,Not Active,Not Active
2026/08/11 11:12:54.682,388.17,450.00,2640,10251,76,99,100,22565,P2,Not Active,Not Active,Not Active,Not Active
2026/08/11 11:12:55.188,379.68,450.00,2655,10251,68,100,100,22565,P2,Not Active,Not Active,Not Active,Not Active
2026/08/11 11:12:55.691,338.45,450.00,2655,10251,67,100,89,22565,P2,Not Active,Not Active,Not Active,Not Active
2026/08/11 11:12:56.194,396.91,450.00,2655,10251,75,100,62,22565,P2,Not Active,Not Active,Not Active,Not Active
2026/08/11 11:12:56.698,403.55,450.00,2655,10251,77,100,100,22565,P2,Not Active,Not Active,Not Active,Not Active
2026/08/11 11:12:57.206,351.04,450.00,2655,10251,68,100,93,22565,P2,Not Active,Not Active,Not Active,Not Active
2026/08/11 11:12:57.739,387.61,450.00,2655,10251,70,100,68,22565,P2,Not Active,Not Active,Not Active,Not Active
2026/08/11 11:12:58.244,387.47,450.00,2655,10251,68,100,100,22565,P2,Not Active,Not Active,Not Active,Not Active
2026/08/11 11:12:58.747,335.57,450.00,2655,10251,68,100,100,22565,P2,Not Active,Not Active,Not Active,Not Active
2026/08/11 11:12:59.251,335.66,450.00,2655,10251,68,100,100,22565,P2,Not Active,Not Active,Not Active,Not Active
2026/08/11 11:12:59.756,365.27,450.00,2655,10251,70,100,64,22565,P2,Active,Not Active,Not Active,Not Active
2026/08/11 11:13:00.260,410.60,450.00,2655,10251,69,100,82,22565,P2,Not Active,Not Active,Not Active,Not Active
2026/08/11 11:13:00.767,406.04,450.00,2655,10251,75,99,67,22565,P2,Not Active,Not Active,Not Active,Not Active
2026/08/11 11:13:01.319,357.59,450.00,2655,10251,68,100,100,22565,P2,Not Active,Not Active,Not Active,Not Active
2026/08/11 11:13:01.824,336.30,450.00,2655,10251,68,100,100,22565,P2,Not Active,Not Active,Not Active,Not Active
2026/08/11 11:13:02.328,336.38,450.00,2655,10251,68,100,100,22565,P2,Not Active,Not Active,Not Active,Not Active
2026/08/11 11:13:02.831,352.47,450.00,2655,10251,68,100,75,22565,P2,Active,Not Active,Not Active,Not Active
2026/08/11 11:13:03.335,363.48,450.00,2655,10251,68,100,100,22565,P2,Not Active,Not Active,Not Active,Not Active
2026/08/11 11:13:03.840,404.56,450.00,2655,10251,77,100,63,22565,P2,Active,Not Active,Not Active,Not Active
2026/08/11 11:13:04.344,411.11,450.00,2655,10251,70,100,96,22565,P2,Not Active,Not Active,Not Active,Not Active
2026/08/11 11:13:04.847,377.82,450.00,2655,10251,69,100,100,22565,P2,Not Active,Not Active,Not Active,Not Active
2026/08/11 11:13:05.351,334.02,450.00,2655,10251,68,100,100,22562,P2,Not Active,Not Active,Not Active,Not Active
2026/08/11 11:13:05.857,350.64,450.00,2655,10251,71,100,69,22562,P2,Active,Not Active,Not Active,Not Active
2026/08/11 11:13:06.362,386.35,450.00,2655,10251,70,100,90,22562,P2,Not Active,Not Active,Not Active,Not Active
2026/08/11 11:13:06.866,382.48,450.00,2655,10251,69,100,100,22562,P2,Not Active,Not Active,Not Active,Not Active
2026/08/11 11:13:07.369,336.42,450.00,2655,10251,69,100,100,22558,P2,Not Active,Not Active,Not Active,Not Active
2026/08/11 11:13:07.872,388.16,450.00,2655,10251,77,100,62,22558,P2,Active,Not Active,Not Active,Not Active
2026/08/11 11:13:08.377,411.68,450.00,2655,10251,70,100,100,22558,P2,Not Active,Not Active,Not Active,Not Active
2026/08/11 11:13:08.882,371.23,450.00,2655,10251,69,100,100,22558,P2,Active,Not Active,Not Active,Not Active
2026/08/11 11:13:09.434,393.07,450.00,2655,10251,77,100,94,22558,P2,Not Active,Not Active,Not Active,Not Active
2026/08/11 11:13:09.944,383.29,450.00,2655,10251,69,100,100,22562,P2,Not Active,Not Active,Not Active,Not Active
2026/08/11 11:13:10.448,333.60,450.00,2655,10251,69,100,100,22565,P2,Not Active,Not Active,Not Active,Not Active
2026/08/11 11:13:10.953,332.00,450.00,2655,10251,68,100,100,22565,P2,Not Active,Not Active,Not Active,Not Active
2026/08/11 11:13:11.457,360.59,450.00,2655,10251,75,100,85,22565,P2,Not Active,Not Active,Not Active,Not Active
2026/08/11 11:13:11.964,408.80,450.00,2655,10251,77,100,63,22565,P2,Not Active,Not Active,Not Active,Not Active
2026/08/11 11:13:12.517,411.18,450.00,2655,10251,70,100,73,22565,P2,Not Active,Not Active,Not Active,Not Active
2026/08/11 11:13:13.067,364.95,450.00,2655,10251,70,100,100,22565,P2,Not Active,Not Active,Not Active,Not Active
2026/08/11 11:13:13.571,344.70,450.00,2655,10251,69,100,100,22565,P2,Not Active,Not Active,Not Active,Not Active
2026/08/11 11:13:14.076,336.45,450.00,2655,10251,69,100,100,22565,P2,Not Active,Not Active,Not Active,Not Active
2026/08/11 11:13:14.580,363.39,450.00,2655,10251,68,100,63,22565,P2,Not Active,Not Active,Not Active,Not Active
2026/08/11 11:13:15.084,362.68,450.00,2655,10251,69,100,100,22565,P2,Not Active,Not Active,Not Active,Not Active
2026/08/11 11:13:15.587,366.69,450.00,2655,10251,69,100,69,22565,P2,Not Active,Not Active,Not Active,Not Active
2026/08/11 11:13:16.092,407.29,450.00,2655,10251,77,100,86,22565,P2,Not Active,Not Active,Not Active,Not Active
2026/08/11 11:13:16.597,380.65,450.00,2655,10251,69,100,100,22565,P2,Not Active,Not Active,Not Active,Not Active
2026/08/11 11:13:17.101,335.52,450.00,2655,10251,69,100,100,22565,P2,Not Active,Not Active,Not Active,Not Active
2026/08/11 11:13:17.604,380.01,450.00,2655,10251,69,100,63,22565,P2,Active,Not Active,Not Active,Not Active
2026/08/11 11:13:18.108,388.17,450.00,2655,10251,78,100,100,22565,P2,Not Active,Not Active,Not Active,Not Active
2026/08/11 11:13:18.611,355.54,450.00,2655,10251,69,99,100,22565,P2,Not Active,Not Active,Not Active,Not Active
2026/08/11 11:13:19.116,335.83,450.00,2655,10251,69,100,100,22565,P2,Not Active,Not Active,Not Active,Not Active
2026/08/11 11:13:19.620,382.52,450.00,2655,10251,69,100,62,22565,P2,Not Active,Not Active,Not Active,Not Active
2026/08/11 11:13:20.123,410.68,450.00,2640,10251,78,100,95,22565,P2,Not Active,Not Active,Not Active,Not Active
2026/08/11 11:13:20.627,390.50,450.00,2655,10251,69,100,71,22570,P2,Active,Not Active,Not Active,Not Active
2026/08/11 11:13:21.130,390.91,450.00,2655,10251,77,100,88,22570,P2,Not Active,Not Active,Not Active,Not Active
2026/08/11 11:13:21.671,383.01,450.00,2655,10251,70,100,100,22570,P2,Not Active,Not Active,Not Active,Not Active
2026/08/11 11:13:22.176,337.74,450.00,2655,10251,69,100,100,22570,P2,Not Active,Not Active,Not Active,Not Active
2026/08/11 11:13:22.679,337.62,450.00,2655,10251,69,99,100,22570,P2,Not Active,Not Active,Not Active,Not Active
2026/08/11 11:13:23.183,364.84,450.00,2655,10251,69,100,63,22570,P2,Not Active,Not Active,Not Active,Not Active
2026/08/11 11:13:23.687,394.11,450.00,2655,10251,70,100,64,22570,P2,Active,Not Active,Not Active,Not Active
2026/08/11 11:13:24.190,411.61,450.00,2640,10251,78,100,63,22570,P2,Not Active,Not Active,Not Active,Not Active
2026/08/11 11:13:24.702,384.11,450.00,2640,10251,77,100,100,22570,P2,Not Active,Not Active,Not Active,Not Active
2026/08/11 11:13:25.206,347.55,450.00,2655,10251,70,100,100,22570,P2,Not Active,Not Active,Not Active,Not Active
2026/08/11 11:13:25.709,333.08,450.00,2655,10251,69,100,100,22560,P2,Not Active,Not Active,Not Active,Not Active
2026/08/11 11:13:26.215,361.94,450.00,2655,10251,69,100,100,22560,P2,Not Active,Not Active,Not Active,Not Active
2026/08/11 11:13:26.719,364.68,450.00,2655,10251,70,100,100,22560,P2,Not Active,Not Active,Not Active,Not Active
2026/08/11 11:13:27.223,351.75,450.00,2655,10251,69,100,79,22556,P2,Active,Not Active,Not Active,Not Active
2026/08/11 11:13:27.726,410.87,450.00,2655,10251,78,100,63,22556,P2,Not Active,Not Active,Not Active,Not Active
2026/08/11 11:13:28.249,411.06,450.00,2655,10251,70,100,100,22556,P2,Not Active,Not Active,Not Active,Not Active
2026/08/11 11:13:28.754,352.22,450.00,2655,10251,69,100,100,22556,P2,Not Active,Not Active,Not Active,Not Active
2026/08/11 11:13:29.257,390.83,450.00,2640,10251,78,100,63,22556,P2,Not Active,Not Active,Not Active,Not Active
2026/08/11 11:13:29.799,391.33,450.00,2655,10251,70,100,100,22556,P2,Not Active,Not Active,Not Active,Not Active
2026/08/11 11:13:30.302,335.85,450.00,2655,10251,69,100,100,22560,P2,Not Active,Not Active,Not Active,Not Active
2026/08/11 11:13:30.805,332.18,450.00,2655,10251,69,100,100,22560,P2,Not Active,Not Active,Not Active,Not Active
2026/08/11 11:13:31.308,367.71,450.00,2640,10251,77,100,66,22560,P2,Active,Not Active,Not Active,Not Active
2026/08/11 11:13:31.825,421.09,450.00,2640,10251,79,100,93,22560,P2,Not Active,Not Active,Not Active,Not Active
2026/08/11 11:13:32.328,413.04,450.00,2655,10251,77,100,63,22560,P2,Not Active,Not Active,Not Active,Not Active
2026/08/11 11:13:32.868,362.91,450.00,2655,10251,70,100,100,22560,P2,Not Active,Not Active,Not Active,Not Active
2026/08/11 11:13:33.373,338.71,450.00,2655,10251,69,100,100,22560,P2,Not Active,Not Active,Not Active,Not Active
2026/08/11 11:13:33.876,337.80,450.00,2655,10251,69,100,100,22560,P2,Not Active,Not Active,Not Active,Not Active
2026/08/11 11:13:34.405,345.04,450.00,2655,10251,69,100,92,22560,P2,Active,Not Active,Not Active,Not Active
2026/08/11 11:13:34.911,365.16,450.00,2655,10251,71,100,100,22560,P2,Not Active,Not Active,Not Active,Not Active
2026/08/11 11:13:35.415,415.08,450.00,2640,10251,77,100,62,22561,P2,Not Active,Not Active,Not Active,Not Active
2026/08/11 11:13:35.919,407.92,450.00,2640,10251,72,100,100,22561,P2,Not Active,Not Active,Not Active,Not Active
2026/08/11 11:13:36.422,369.70,450.00,2655,10251,70,100,100,22561,P2,Not Active,Not Active,Not Active,Not Active
2026/08/11 11:13:36.926,339.44,450.00,2655,10251,69,100,100,22561,P2,Not Active,Not Active,Not Active,Not Active
2026/08/11 11:13:37.431,353.05,450.00,2655,10251,69,100,86,22561,P2,Active,Not Active,Not Active,Not Active
2026/08/11 11:13:37.934,397.44,450.00,2640,10251,78,100,77,22561,P2,Not Active,Not Active,Not Active,Not Active
2026/08/11 11:13:38.438,392.68,450.00,2655,10251,70,100,100,22561,P2,Not Active,Not Active,Not Active,Not Active
2026/08/11 11:13:38.944,346.03,450.00,2655,10251,69,100,100,22561,P2,Active,Not Active,Not Active,Not Active
2026/08/11 11:13:39.448,404.79,450.00,2655,10251,78,100,63,22561,P2,Active,Not Active,Not Active,Not Active
2026/08/11 11:13:39.952,414.38,450.00,2655,10251,71,100,100,22561,P2,Not Active,Not Active,Not Active,Not Active
2026/08/11 11:13:40.456,357.59,450.00,2655,10251,69,100,100,22565,P2,Not Active,Not Active,Not Active,Not Active
2026/08/11 11:13:40.959,382.76,450.00,2640,10251,77,100,63,22565,P2,Not Active,Not Active,Not Active,Not Active
2026/08/11 11:13:41.477,388.38,450.00,2655,10251,70,100,100,22565,P2,Not Active,Not Active,Not Active,Not Active
2026/08/11 11:13:41.981,353.86,450.00,2655,10251,70,100,100,22561,P2,Not Active,Not Active,Not Active,Not Active
2026/08/11 11:13:42.485,339.19,450.00,2655,10251,69,100,100,22561,P2,Not Active,Not Active,Not Active,Not Active
2026/08/11 11:13:42.990,368.69,450.00,2655,10251,69,100,73,22561,P2,Not Active,Not Active,Not Active,Not Active
2026/08/11 11:13:43.494,423.33,450.00,2655,10251,78,100,66,22561,P2,Not Active,Not Active,Not Active,Not Active
2026/08/11 11:13:44.006,416.87,450.00,2655,10251,70,100,77,22561,P2,Not Active,Not Active,Not Active,Not Active
2026/08/11 11:13:44.556,364.36,450.00,2655,10251,70,100,100,22561,P2,Not Active,Not Active,Not Active,Not Active
2026/08/11 11:13:45.059,342.46,450.00,2655,10251,70,100,100,22565,P2,Not Active,Not Active,Not Active,Not Active
2026/08/11 11:13:45.563,335.07,450.00,2655,10251,69,99,100,22565,P2,Not Active,Not Active,Not Active,Not Active
2026/08/11 11:13:46.068,336.13,450.00,2655,10251,69,100,100,22565,P2,Active,Not Active,Not Active,Not Active
2026/08/11 11:13:46.584,365.64,450.00,2655,10251,77,100,100,22565,P2,Not Active,Not Active,Not Active,Not Active
2026/08/11 11:13:47.092,413.86,450.00,2655,10251,70,100,63,22576,P2,Active,Not Active,Not Active,Not Active
2026/08/11 11:13:47.595,414.22,450.00,2655,10251,78,100,100,22565,P2,Not Active,Not Active,Not Active,Not Active
2026/08/11 11:13:48.099,377.18,450.00,2655,10251,70,100,100,22564,P2,Not Active,Not Active,Not Active,Not Active
2026/08/11 11:13:48.603,339.55,450.00,2655,10251,69,100,100,22564,P2,Not Active,Not Active,Not Active,Not Active
2026/08/11 11:13:49.108,361.29,450.00,2655,10251,69,100,87,22561,P2,Active,Not Active,Not Active,Not Active
2026/08/11 11:13:49.612,392.18,450.00,2640,10251,78,99,100,22570,P2,Not Active,Not Active,Not Active,Not Active
2026/08/11 11:13:50.121,380.26,450.00,2655,10251,70,99,100,22564,P2,Not Active,Not Active,Not Active,Not Active
2026/08/11 11:13:50.626,332.36,450.00,2655,10251,69,99,100,22574,P2,Not Active,Not Active,Not Active,Not Active
2026/08/11 11:13:51.130,352.93,450.00,2655,10251,74,99,48,22560,P2,Active,Not Active,Not Active,Not Active
2026/08/11 11:13:51.633,388.73,450.00,2655,10251,78,100,100,22560,P2,Not Active,Not Active,Not Active,Not Active
2026/08/11 11:13:52.140,382.34,450.00,2655,10251,70,100,100,22560,P2,Not Active,Not Active,Not Active,Not Active
2026/08/11 11:13:52.646,388.53,450.00,2655,10251,69,100,63,22560,P2,Active,Not Active,Not Active,Not Active
2026/08/11 11:13:53.149,392.24,450.00,2655,10251,79,100,100,22560,P2,Not Active,Not Active,Not Active,Not Active
2026/08/11 11:13:53.652,360.54,450.00,2655,10251,70,100,100,22560,P2,Not Active,Not Active,Not Active,Not Active
2026/08/11 11:13:54.156,340.55,450.00,2655,10251,69,100,100,22560,P2,Not Active,Not Active,Not Active,Not Active
2026/08/11 11:13:54.659,359.03,450.00,2655,10251,69,100,70,22560,P2,Active,Not Active,Not Active,Not Active
2026/08/11 11:13:55.164,395.61,450.00,2655,10251,78,99,66,22564,P2,Active,Not Active,Not Active,Not Active
2026/08/11 11:13:55.669,405.50,450.00,2655,10251,78,100,100,22564,P2,Not Active,Not Active,Not Active,Not Active
2026/08/11 11:13:56.179,379.75,450.00,2655,10251,76,100,100,22564,P2,Not Active,Not Active,Not Active,Not Active
2026/08/11 11:13:56.689,362.51,450.00,2655,10251,70,100,100,22564,P2,Not Active,Not Active,Not Active,Not Active
2026/08/11 11:13:57.192,339.76,450.00,2655,10251,70,100,100,22564,P2,Not Active,Not Active,Not Active,Not Active
2026/08/11 11:13:57.695,351.88,450.00,2655,10251,69,100,100,22564,P2,Active,Not Active,Not Active,Not Active
2026/08/11 11:13:58.201,367.70,450.00,2655,10251,77,100,100,22564,P2,Not Active,Not Active,Not Active,Not Active
2026/08/11 11:13:58.706,386.57,450.00,2655,10251,70,100,91,22564,P2,Active,Not Active,Not Active,Not Active
2026/08/11 11:13:59.210,414.37,450.00,2640,10251,78,100,71,22564,P2,Not Active,Not Active,Not Active,Not Active
2026/08/11 11:13:59.739,407.34,450.00,2655,10251,70,100,100,22564,P2,Not Active,Not Active,Not Active,Not Active
2026/08/11 11:14:00.245,346.24,450.00,2655,10251,69,100,100,22564,P2,Not Active,Not Active,Not Active,Not Active
2026/08/11 11:14:00.748,348.16,450.00,2640,10251,77,100,97,22564,P2,Active,Not Active,Not Active,Not Active
2026/08/11 11:14:01.276,388.81,450.00,2655,10251,70,100,100,22564,P2,Not Active,Not Active,Not Active,Not Active
2026/08/11 11:14:01.781,377.78,450.00,2655,10251,70,100,100,22564,P2,Not Active,Not Active,Not Active,Not Active
2026/08/11 11:14:02.286,339.24,450.00,2655,10251,69,100,100,22564,P2,Not Active,Not Active,Not Active,Not Active
2026/08/11 11:14:02.789,380.26,450.00,2640,10251,78,100,63,22564,P2,Active,Not Active,Not Active,Not Active
2026/08/11 11:14:03.315,415.58,450.00,2640,10251,71,100,86,22564,P2,Not Active,Not Active,Not Active,Not Active
2026/08/11 11:14:03.820,385.83,450.00,2655,10251,72,100,93,22564,P2,Active,Not Active,Not Active,Not Active
2026/08/11 11:14:04.357,396.84,450.00,2640,10251,72,100,70,22564,P2,Not Active,Not Active,Not Active,Not Active
2026/08/11 11:14:04.862,391.45,450.00,2655,10251,70,100,100,22564,P2,Not Active,Not Active,Not Active,Not Active
2026/08/11 11:14:05.366,337.43,450.00,2655,10251,69,100,100,22566,P2,Not Active,Not Active,Not Active,Not Active
2026/08/11 11:14:05.869,334.82,450.00,2655,10251,69,100,100,22566,P2,Not Active,Not Active,Not Active,Not Active
2026/08/11 11:14:06.373,363.77,450.00,2640,10251,78,100,66,22566,P2,Not Active,Not Active,Not Active,Not Active
2026/08/11 11:14:06.891,404.21,450.00,2655,10251,77,100,64,22562,P2,Active,Not Active,Not Active,Not Active
2026/08/11 11:14:07.433,403.08,450.00,2655,10251,70,100,80,22562,P2,Active,Not Active,Not Active,Not Active
2026/08/11 11:14:07.937,389.59,450.00,2655,10251,70,100,100,22562,P2,Not Active,Not Active,Not Active,Not Active
2026/08/11 11:14:08.444,362.39,450.00,2655,10251,69,100,100,22562,P2,Not Active,Not Active,Not Active,Not Active
2026/08/11 11:14:08.947,339.86,450.00,2655,10251,70,100,100,22562,P2,Not Active,Not Active,Not Active,Not Active
2026/08/11 11:14:09.451,367.13,450.00,2640,10251,73,100,100,22562,P2,Not Active,Not Active,Not Active,Not Active
2026/08/11 11:14:09.955,367.36,450.00,2655,10251,70,100,100,22566,P2,Not Active,Not Active,Not Active,Not Active
2026/08/11 11:14:10.460,349.98,450.00,2655,10251,69,100,77,22559,P2,Not Active,Not Active,Not Active,Not Active
2026/08/11 11:14:10.964,405.80,450.00,2640,10251,78,100,63,22559,P2,Not Active,Not Active,Not Active,Not Active
2026/08/11 11:14:11.496,399.44,450.00,2655,10251,70,100,100,22559,P2,Not Active,Not Active,Not Active,Not Active
2026/08/11 11:14:12.001,346.27,450.00,2655,10251,70,100,100,22558,P2,Active,Not Active,Not Active,Not Active
2026/08/11 11:14:12.556,391.89,450.00,2640,10251,78,100,63,22558,P2,Not Active,Not Active,Not Active,Not Active
2026/08/11 11:14:13.064,391.93,450.00,2655,10251,70,100,100,22558,P2,Not Active,Not Active,Not Active,Not Active
2026/08/11 11:14:13.567,340.51,450.00,2655,10251,70,100,100,22558,P2,Not Active,Not Active,Not Active,Not Active
2026/08/11 11:14:14.070,340.31,450.00,2655,10251,70,100,100,22558,P2,Not Active,Not Active,Not Active,Not Active
2026/08/11 11:14:14.574,389.01,450.00,2655,10251,76,100,63,22558,P2,Active,Not Active,Not Active,Not Active
2026/08/11 11:14:15.082,414.25,450.00,2640,10251,78,100,100,22559,P2,Not Active,Not Active,Not Active,Not Active
2026/08/11 11:14:15.585,398.76,450.00,2655,10251,77,100,100,22559,P2,Not Active,Not Active,Not Active,Not Active
2026/08/11 11:14:16.089,359.74,450.00,2655,10251,69,100,100,22559,P2,Not Active,Not Active,Not Active,Not Active
2026/08/11 11:14:16.593,338.43,450.00,2655,10251,70,100,100,22559,P2,Not Active,Not Active,Not Active,Not Active
2026/08/11 11:14:17.098,339.94,450.00,2655,10251,69,100,100,22559,P2,Not Active,Not Active,Not Active,Not Active
2026/08/11 11:14:17.601,347.25,450.00,2655,10251,69,100,87,22559,P2,Active,Not Active,Not Active,Not Active
2026/08/11 11:14:18.152,365.87,450.00,2640,10251,78,100,100,22559,P2,Not Active,Not Active,Not Active,Not Active
2026/08/11 11:14:18.700,428.05,450.00,2655,10251,77,100,63,22559,P2,Active,Not Active,Not Active,Not Active
2026/08/11 11:14:19.203,414.84,450.00,2655,10251,77,100,100,22559,P2,Not Active,Not Active,Not Active,Not Active
2026/08/11 11:14:19.706,357.26,450.00,2655,10251,70,100,100,22559,P2,Not Active,Not Active,Not Active,Not Active
2026/08/11 11:14:20.211,337.38,450.00,2655,10251,70,100,100,22565,P2,Not Active,Not Active,Not Active,Not Active
2026/08/11 11:14:20.715,359.92,450.00,2655,10251,69,100,77,22565,P2,Active,Not Active,Not Active,Not Active
2026/08/11 11:14:21.222,388.65,450.00,2655,10251,78,100,100,22565,P2,Not Active,Not Active,Not Active,Not Active
2026/08/11 11:14:21.725,377.62,450.00,2655,10251,69,100,100,22565,P2,Not Active,Not Active,Not Active,Not Active
2026/08/11 11:14:22.230,359.44,450.00,2655,10251,78,100,68,22564,P2,Active,Not Active,Not Active,Not Active
2026/08/11 11:14:22.736,414.51,450.00,2655,10251,72,100,63,22564,P2,Not Active,Not Active,Not Active,Not Active
2026/08/11 11:14:23.252,406.68,450.00,2655,10251,70,99,100,22564,P2,Not Active,Not Active,Not Active,Not Active
2026/08/11 11:14:23.758,352.36,450.00,2655,10251,77,100,100,22564,P2,Active,Not Active,Not Active,Not Active
2026/08/11 11:14:24.262,390.73,450.00,2655,10251,71,100,90,22564,P2,Not Active,Not Active,Not Active,Not Active
2026/08/11 11:14:24.766,391.33,450.00,2655,10251,70,100,100,22564,P2,Not Active,Not Active,Not Active,Not Active
2026/08/11 11:14:25.269,337.27,450.00,2655,10251,69,100,100,22564,P2,Not Active,Not Active,Not Active,Not Active
2026/08/11 11:14:25.774,333.91,450.00,2655,10251,69,100,100,22564,P2,Not Active,Not Active,Not Active,Not Active
2026/08/11 11:14:26.278,378.03,450.00,2655,10251,77,100,73,22564,P2,Active,Not Active,Not Active,Not Active
2026/08/11 11:14:26.782,416.11,450.00,2655,10251,70,100,100,22564,P2,Not Active,Not Active,Not Active,Not Active
2026/08/11 11:14:27.286,410.56,450.00,2640,10251,71,100,79,22564,P2,Not Active,Not Active,Not Active,Not Active
2026/08/11 11:14:27.789,364.07,450.00,2655,10251,70,100,100,22564,P2,Not Active,Not Active,Not Active,Not Active
2026/08/11 11:14:28.295,340.03,450.00,2655,10251,69,100,100,22564,P2,Not Active,Not Active,Not Active,Not Active
2026/08/11 11:14:28.799,340.07,450.00,2655,10251,69,100,100,22564,P2,Not Active,Not Active,Not Active,Not Active
2026/08/11 11:14:29.302,357.52,450.00,2655,10251,77,100,94,22564,P2,Active,Not Active,Not Active,Not Active
2026/08/11 11:14:29.805,366.70,450.00,2655,10251,70,100,100,22564,P2,Not Active,Not Active,Not Active,Not Active
2026/08/11 11:14:30.309,409.43,450.00,2655,10251,77,100,61,22564,P2,Active,Not Active,Not Active,Not Active
2026/08/11 11:14:30.814,409.07,450.00,2655,10251,70,100,100,22564,P2,Not Active,Not Active,Not Active,Not Active
2026/08/11 11:14:31.318,371.05,450.00,2655,10251,69,100,100,22564,P2,Not Active,Not Active,Not Active,Not Active
2026/08/11 11:14:31.821,339.39,450.00,2655,10251,69,100,100,22564,P2,Not Active,Not Active,Not Active,Not Active
2026/08/11 11:14:32.327,362.53,450.00,2640,10251,77,100,86,22564,P2,Active,Not Active,Not Active,Not Active
2026/08/11 11:14:32.832,392.40,450.00,2655,10251,70,100,100,22564,P2,Not Active,Not Active,Not Active,Not Active
2026/08/11 11:14:33.337,381.89,450.00,2655,10251,69,99,100,22564,P2,Not Active,Not Active,Not Active,Not Active
2026/08/11 11:14:33.841,343.78,450.00,2655,10251,69,100,97,22564,P2,Active,Not Active,Not Active,Not Active
2026/08/11 11:14:34.387,414.18,450.00,2640,10251,78,100,64,22564,P2,Not Active,Not Active,Not Active,Not Active
2026/08/11 11:14:34.935,410.64,450.00,2655,10251,70,100,100,22564,P2,Not Active,Not Active,Not Active,Not Active
2026/08/11 11:14:35.438,360.91,450.00,2655,10251,69,100,78,22561,P2,Not Active,Not Active,Not Active,Not Active
2026/08/11 11:14:35.941,385.69,450.00,2640,10251,74,100,78,22561,P2,Not Active,Not Active,Not Active,Not Active
2026/08/11 11:14:36.445,387.31,450.00,2655,10251,70,100,100,22561,P2,Not Active,Not Active,Not Active,Not Active
2026/08/11 11:14:36.951,339.79,450.00,2655,10251,69,100,100,22561,P2,Not Active,Not Active,Not Active,Not Active
2026/08/11 11:14:37.454,339.74,450.00,2655,10251,69,100,100,22561,P2,Not Active,Not Active,Not Active,Not Active
2026/08/11 11:14:37.957,367.00,450.00,2640,10251,74,100,78,22561,P2,Active,Not Active,Not Active,Not Active
2026/08/11 11:14:38.508,415.77,450.00,2640,10251,78,100,82,22561,P2,Not Active,Not Active,Not Active,Not Active
2026/08/11 11:14:39.013,407.30,450.00,2655,10251,77,100,94,22561,P2,Not Active,Not Active,Not Active,Not Active
2026/08/11 11:14:39.517,364.33,450.00,2655,10251,70,100,100,22561,P2,Not Active,Not Active,Not Active,Not Active
2026/08/11 11:14:40.022,338.92,450.00,2655,10251,69,100,100,22564,P2,Not Active,Not Active,Not Active,Not Active
2026/08/11 11:14:40.525,335.38,450.00,2655,10251,69,100,100,22564,P2,Not Active,Not Active,Not Active,Not Active
2026/08/11 11:14:41.031,361.30,450.00,2655,10251,76,100,81,22564,P2,Not Active,Not Active,Not Active,Not Active
2026/08/11 11:14:41.535,364.35,450.00,2655,10251,70,100,100,22564,P2,Not Active,Not Active,Not Active,Not Active
2026/08/11 11:14:42.039,386.51,450.00,2640,10251,77,100,63,22560,P2,Active,Not Active,Not Active,Not Active
2026/08/11 11:14:42.542,413.53,450.00,2640,10251,76,100,98,22560,P2,Not Active,Not Active,Not Active,Not Active
2026/08/11 11:14:43.045,379.76,450.00,2655,10251,70,100,100,22560,P2,Not Active,Not Active,Not Active,Not Active
2026/08/11 11:14:43.551,339.49,450.00,2655,10251,69,100,100,22560,P2,Not Active,Not Active,Not Active,Not Active
2026/08/11 11:14:44.054,385.41,450.00,2655,10251,77,100,64,22560,P2,Not Active,Not Active,Not Active,Not Active
2026/08/11 11:14:44.597,392.39,450.00,2655,10251,70,100,100,22560,P2,Not Active,Not Active,Not Active,Not Active
2026/08/11 11:14:45.101,345.53,450.00,2655,10251,69,100,100,22564,P2,Not Active,Not Active,Not Active,Not Active
2026/08/11 11:14:45.605,344.15,450.00,2655,10251,69,100,85,22564,P2,Not Active,Not Active,Not Active,Not Active
2026/08/11 11:14:46.110,402.15,450.00,2640,10251,77,100,63,22564,P2,Active,Not Active,Not Active,Not Active
2026/08/11 11:14:46.613,413.86,450.00,2640,10251,71,100,100,22564,P2,Not Active,Not Active,Not Active,Not Active
2026/08/11 11:14:47.117,394.05,450.00,2655,10251,70,100,65,22564,P2,Active,Not Active,Not Active,Not Active
2026/08/11 11:14:47.621,391.29,450.00,2640,10251,78,100,100,22564,P2,Not Active,Not Active,Not Active,Not Active
2026/08/11 11:14:48.127,369.17,450.00,2655,10251,70,100,100,22567,P2,Not Active,Not Active,Not Active,Not Active
2026/08/11 11:14:48.630,339.42,450.00,2655,10251,69,100,100,22567,P2,Not Active,Not Active,Not Active,Not Active
2026/08/11 11:14:49.134,343.59,450.00,2655,10251,69,100,100,22564,P2,Active,Not Active,Not Active,Not Active
2026/08/11 11:14:49.640,366.43,450.00,2655,10251,77,100,100,22564,P2,Not Active,Not Active,Not Active,Not Active
2026/08/11 11:14:50.144,415.23,450.00,2655,10251,77,100,63,22564,P2,Not Active,Not Active,Not Active,Not Active
2026/08/11 11:14:50.695,407.25,450.00,2655,10251,70,100,66,22570,P2,Not Active,Not Active,Not Active,Not Active
2026/08/11 11:14:51.199,359.79,450.00,2655,10251,70,100,100,22570,P2,Not Active,Not Active,Not Active,Not Active
2026/08/11 11:14:51.702,338.60,450.00,2655,10251,69,100,100,22570,P2,Not Active,Not Active,Not Active,Not Active
2026/08/11 11:14:52.207,353.90,450.00,2655,10251,69,100,78,22569,P2,Active,Not Active,Not Active,Not Active
2026/08/11 11:14:52.710,366.88,450.00,2655,10251,77,100,100,22569,P2,Not Active,Not Active,Not Active,Not Active
2026/08/11 11:14:53.214,364.12,450.00,2655,10251,69,100,100,22569,P2,Not Active,Not Active,Not Active,Not Active
2026/08/11 11:14:53.720,380.09,450.00,2655,10251,69,100,63,22569,P2,Active,Not Active,Not Active,Not Active
2026/08/11 11:14:54.225,413.52,450.00,2640,10251,78,100,100,22569,P2,Not Active,Not Active,Not Active,Not Active
2026/08/11 11:14:54.730,384.18,450.00,2655,10251,69,100,100,22569,P2,Not Active,Not Active,Not Active,Not Active
2026/08/11 11:14:55.234,355.89,450.00,2640,10251,77,100,67,22567,P2,Not Active,Not Active,Not Active,Not Active
2026/08/11 11:14:55.738,386.08,450.00,2655,10251,70,100,86,22559,P2,Not Active,Not Active,Not Active,Not Active
2026/08/11 11:14:56.241,379.54,450.00,2655,10251,69,100,100,22559,P2,Not Active,Not Active,Not Active,Not Active
2026/08/11 11:14:56.746,338.21,450.00,2655,10251,69,100,100,22559,P2,Not Active,Not Active,Not Active,Not Active
2026/08/11 11:14:57.249,338.92,450.00,2655,10251,69,100,100,22559,P2,Not Active,Not Active,Not Active,Not Active
2026/08/11 11:14:57.752,388.73,450.00,2640,10251,78,100,63,22559,P2,Active,Not Active,Not Active,Not Active
2026/08/11 11:14:58.256,421.69,450.00,2655,10251,74,100,100,22559,P2,Not Active,Not Active,Not Active,Not Active
2026/08/11 11:14:58.799,389.32,450.00,2655,10251,70,100,100,22559,P2,Not Active,Not Active,Not Active,Not Active
2026/08/11 11:14:59.306,364.00,450.00,2655,10251,69,100,100,22559,P2,Not Active,Not Active,Not Active,Not Active
2026/08/11 11:14:59.810,339.44,450.00,2655,10251,69,100,100,22559,P2,Not Active,Not Active,Not Active,Not Active
2026/08/11 11:15:00.315,336.32,450.00,2655,10251,69,100,100,22560,P2,Not Active,Not Active,Not Active,Not Active
2026/08/11 11:15:00.818,355.11,450.00,2655,10251,77,100,62,22561,P2,Not Active,Not Active,Not Active,Not Active
2026/08/11 11:15:01.323,373.99,450.00,2655,10251,75,100,100,22561,P2,Active,Not Active,Not Active,Not Active
2026/08/11 11:15:01.829,425.44,450.00,2640,10251,78,100,63,22561,P2,Not Active,Not Active,Not Active,Not Active
2026/08/11 11:15:02.380,401.23,450.00,2655,10251,70,100,100,22561,P2,Not Active,Not Active,Not Active,Not Active
2026/08/11 11:15:02.886,343.14,450.00,2655,10251,69,100,100,22561,P2,Not Active,Not Active,Not Active,Not Active
2026/08/11 11:15:03.389,339.07,450.00,2655,10251,69,100,100,22561,P2,Not Active,Not Active,Not Active,Not Active
2026/08/11 11:15:03.893,382.49,450.00,2640,10251,77,100,63,22561,P2,Active,Not Active,Not Active,Not Active
2026/08/11 11:15:04.396,392.24,450.00,2655,10251,70,100,100,22561,P2,Not Active,Not Active,Not Active,Not Active
2026/08/11 11:15:04.901,361.53,450.00,2655,10251,69,100,100,22568,P2,Not Active,Not Active,Not Active,Not Active
2026/08/11 11:15:05.405,370.88,450.00,2655,10251,77,100,62,22561,P2,Not Active,Not Active,Not Active,Not Active
2026/08/11 11:15:05.908,408.70,450.00,2640,10251,78,100,74,22561,P2,Not Active,Not Active,Not Active,Not Active
2026/08/11 11:15:06.412,388.19,450.00,2655,10251,69,100,100,22561,P2,Not Active,Not Active,Not Active,Not Active
2026/08/11 11:15:06.916,360.08,450.00,2655,10251,73,100,90,22561,P2,Active,Not Active,Not Active,Not Active
2026/08/11 11:15:07.421,391.73,450.00,2640,10251,71,100,100,22561,P2,Not Active,Not Active,Not Active,Not Active
2026/08/11 11:15:07.926,383.62,450.00,2655,10251,69,100,100,22561,P2,Not Active,Not Active,Not Active,Not Active
2026/08/11 11:15:08.429,340.11,450.00,2655,10251,69,100,100,22561,P2,Not Active,Not Active,Not Active,Not Active
2026/08/11 11:15:08.933,339.88,450.00,2655,10251,69,100,100,22561,P2,Not Active,Not Active,Not Active,Not Active
2026/08/11 11:15:09.437,387.94,450.00,2655,10251,76,100,65,22561,P2,Active,Not Active,Not Active,Not Active
2026/08/11 11:15:09.942,416.01,450.00,2655,10251,71,100,99,22561,P2,Not Active,Not Active,Not Active,Not Active
2026/08/11 11:15:10.445,400.46,450.00,2655,10251,71,100,100,22566,P2,Not Active,Not Active,Not Active,Not Active
2026/08/11 11:15:10.949,358.05,450.00,2655,10251,69,100,100,22566,P2,Not Active,Not Active,Not Active,Not Active
2026/08/11 11:15:11.452,335.80,450.00,2655,10251,69,99,100,22566,P2,Not Active,Not Active,Not Active,Not Active
2026/08/11 11:15:11.956,339.24,450.00,2655,10251,69,100,100,22562,P2,Not Active,Not Active,Not Active,Not Active
2026/08/11 11:15:12.463,366.81,450.00,2655,10251,73,100,68,22562,P2,Not Active,Not Active,Not Active,Not Active
2026/08/11 11:15:13.016,375.23,450.00,2655,10251,70,100,89,22562,P2,Active,Not Active,Not Active,Not Active
2026/08/11 11:15:13.523,414.17,450.00,2655,10251,78,100,63,22562,P2,Not Active,Not Active,Not Active,Not Active
2026/08/11 11:15:14.026,414.42,450.00,2655,10251,70,100,100,22562,P2,Not Active,Not Active,Not Active,Not Active
2026/08/11 11:15:14.530,358.83,450.00,2655,10251,69,100,100,22562,P2,Not Active,Not Active,Not Active,Not Active
2026/08/11 11:15:15.034,338.87,450.00,2655,10251,69,100,100,22566,P2,Not Active,Not Active,Not Active,Not Active
2026/08/11 11:15:15.539,373.66,450.00,2655,10251,76,100,62,22566,P2,Active,Not Active,Not Active,Not Active
2026/08/11 11:15:16.043,386.61,450.00,2655,10251,70,100,100,22566,P2,Not Active,Not Active,Not Active,Not Active
2026/08/11 11:15:16.546,363.57,450.00,2655,10251,69,100,100,22566,P2,Not Active,Not Active,Not Active,Not Active
2026/08/11 11:15:17.050,357.82,450.00,2655,10251,69,100,71,22566,P2,Active,Not Active,Not Active,Not Active
2026/08/11 11:15:17.554,415.00,450.00,2655,10251,78,100,90,22566,P2,Not Active,Not Active,Not Active,Not Active
2026/08/11 11:15:18.063,397.21,450.00,2655,10251,70,100,100,22566,P2,Not Active,Not Active,Not Active,Not Active
2026/08/11 11:15:18.567,369.48,450.00,2655,10251,69,100,63,22566,P2,Active,Not Active,Not Active,Not Active
2026/08/11 11:15:19.071,390.94,450.00,2640,10251,78,100,100,22566,P2,Not Active,Not Active,Not Active,Not Active
2026/08/11 11:15:19.575,373.24,450.00,2655,10251,70,100,100,22566,P2,Not Active,Not Active,Not Active,Not Active
2026/08/11 11:15:20.080,338.16,450.00,2655,10251,69,100,100,22566,P2,Not Active,Not Active,Not Active,Not Active
2026/08/11 11:15:20.584,336.14,450.00,2655,10251,69,100,98,22566,P2,Not Active,Not Active,Not Active,Not Active
2026/08/11 11:15:21.130,374.86,450.00,2655,10251,77,100,97,22566,P2,Active,Not Active,Not Active,Not Active
2026/08/11 11:15:21.634,413.95,450.00,2640,10251,78,100,100,22566,P2,Not Active,Not Active,Not Active,Not Active
2026/08/11 11:15:22.139,410.54,450.00,2655,10251,75,100,77,22566,P2,Not Active,Not Active,Not Active,Not Active
2026/08/11 11:15:22.642,363.51,450.00,2655,10251,70,100,100,22566,P2,Not Active,Not Active,Not Active,Not Active
2026/08/11 11:15:23.145,339.10,450.00,2655,10251,69,100,100,22566,P2,Not Active,Not Active,Not Active,Not Active
2026/08/11 11:15:23.648,339.02,450.00,2655,10251,69,100,100,22566,P2,Not Active,Not Active,Not Active,Not Active
2026/08/11 11:15:24.151,366.11,450.00,2655,10251,72,100,100,22566,P2,Not Active,Not Active,Not Active,Not Active
2026/08/11 11:15:24.665,370.90,450.00,2655,10251,70,100,100,22566,P2,Not Active,Not Active,Not Active,Not Active
2026/08/11 11:15:25.182,399.58,450.00,2655,10251,76,100,61,22566,P2,Not Active,Not Active,Not Active,Not Active
2026/08/11 11:15:25.685,408.14,450.00,2655,10251,78,99,100,22566,P2,Not Active,Not Active,Not Active,Not Active
2026/08/11 11:15:26.188,357.93,450.00,2655,10251,69,100,100,22566,P2,Not Active,Not Active,Not Active,Not Active
2026/08/11 11:15:26.692,338.13,450.00,2655,10251,69,100,100,22566,P2,Not Active,Not Active,Not Active,Not Active
2026/08/11 11:15:27.196,391.51,450.00,2655,10251,75,100,78,22562,P2,Not Active,Not Active,Not Active,Not Active
2026/08/11 11:15:27.713,391.57,450.00,2655,10251,71,100,100,22562,P2,Not Active,Not Active,Not Active,Not Active
2026/08/11 11:15:28.218,343.60,450.00,2655,10251,69,100,100,22562,P2,Not Active,Not Active,Not Active,Not Active
2026/08/11 11:15:28.722,355.82,450.00,2655,10251,69,100,100,22562,P2,Active,Not Active,Not Active,Not Active
2026/08/11 11:15:29.224,413.98,450.00,2655,10251,77,100,63,22562,P2,Not Active,Not Active,Not Active,Not Active
2026/08/11 11:15:29.728,413.44,450.00,2655,10251,73,100,100,22562,P2,Not Active,Not Active,Not Active,Not Active
2026/08/11 11:15:30.232,390.76,450.00,2655,10251,78,100,62,22566,P2,Active,Not Active,Not Active,Not Active
2026/08/11 11:15:30.737,385.64,450.00,2655,10251,69,100,100,22566,P2,Not Active,Not Active,Not Active,Not Active
2026/08/11 11:15:31.240,358.95,450.00,2655,10251,69,100,100,22566,P2,Not Active,Not Active,Not Active,Not Active
2026/08/11 11:15:31.743,338.16,450.00,2655,10251,69,100,100,22566,P2,Not Active,Not Active,Not Active,Not Active
2026/08/11 11:15:32.246,347.78,450.00,2655,10251,76,100,93,22566,P2,Not Active,Not Active,Not Active,Not Active
2026/08/11 11:15:32.750,376.77,450.00,2655,10251,75,100,86,22566,P2,Active,Not Active,Not Active,Not Active
2026/08/11 11:15:33.309,409.27,450.00,2640,10251,70,100,79,22566,P2,Not Active,Not Active,Not Active,Not Active
2026/08/11 11:15:33.818,413.87,450.00,2655,10251,70,100,100,22566,P2,Not Active,Not Active,Not Active,Not Active
2026/08/11 11:15:34.321,363.72,450.00,2655,10251,69,100,100,22566,P2,Not Active,Not Active,Not Active,Not Active
2026/08/11 11:15:34.824,339.53,450.00,2655,10251,69,100,100,22566,P2,Not Active,Not Active,Not Active,Not Active
2026/08/11 11:15:35.327,356.52,450.00,2655,10251,77,100,87,22568,P2,Not Active,Not Active,Not Active,Not Active
2026/08/11 11:15:35.832,360.84,450.00,2655,10251,69,100,100,22568,P2,Not Active,Not Active,Not Active,Not Active
2026/08/11 11:15:36.335,354.47,450.00,2655,10251,69,100,100,22568,P2,Not Active,Not Active,Not Active,Not Active
2026/08/11 11:15:36.838,382.41,450.00,2655,10251,78,100,63,22568,P2,Active,Not Active,Not Active,Not Active
2026/08/11 11:15:37.342,413.80,450.00,2655,10251,70,100,94,22564,P2,Not Active,Not Active,Not Active,Not Active
2026/08/11 11:15:37.846,369.95,450.00,2655,10251,69,100,100,22564,P2,Not Active,Not Active,Not Active,Not Active
2026/08/11 11:15:38.350,374.36,450.00,2640,10251,77,100,63,22564,P2,Active,Not Active,Not Active,Not Active
2026/08/11 11:15:38.855,391.60,450.00,2655,10251,70,100,100,22564,P2,Not Active,Not Active,Not Active,Not Active
2026/08/11 11:15:39.358,368.47,450.00,2655,10251,69,100,100,22564,P2,Not Active,Not Active,Not Active,Not Active
2026/08/11 11:15:39.862,338.89,450.00,2655,10251,69,100,100,22564,P2,Not Active,Not Active,Not Active,Not Active
2026/08/11 11:15:40.365,342.91,450.00,2655,10251,69,100,87,22561,P2,Not Active,Not Active,Not Active,Not Active
2026/08/11 11:15:40.869,399.09,450.00,2640,10251,78,100,62,22561,P2,Active,Not Active,Not Active,Not Active
2026/08/11 11:15:41.374,422.87,450.00,2655,10251,70,100,83,22561,P2,Not Active,Not Active,Not Active,Not Active
2026/08/11 11:15:41.905,384.75,450.00,2655,10251,69,100,100,22560,P2,Not Active,Not Active,Not Active,Not Active
2026/08/11 11:15:42.411,362.27,450.00,2655,10251,69,100,100,22560,P2,Not Active,Not Active,Not Active,Not Active
2026/08/11 11:15:42.914,338.52,450.00,2655,10251,69,100,100,22560,P2,Not Active,Not Active,Not Active,Not Active
2026/08/11 11:15:43.418,338.85,450.00,2655,10251,69,100,100,22560,P2,Not Active,Not Active,Not Active,Not Active
2026/08/11 11:15:43.921,365.90,450.00,2655,10251,77,100,73,22560,P2,Not Active,Not Active,Not Active,Not Active
2026/08/11 11:15:44.427,384.73,450.00,2655,10251,72,100,70,22560,P2,Active,Not Active,Not Active,Not Active
2026/08/11 11:15:44.932,422.55,450.00,2640,10251,78,100,63,22561,P2,Not Active,Not Active,Not Active,Not Active
2026/08/11 11:15:45.482,390.85,450.00,2655,10251,69,100,100,22561,P2,Not Active,Not Active,Not Active,Not Active
2026/08/11 11:15:45.985,333.96,450.00,2655,10251,69,100,100,22561,P2,Not Active,Not Active,Not Active,Not Active
2026/08/11 11:15:46.490,336.76,450.00,2655,10251,69,100,100,22561,P2,Not Active,Not Active,Not Active,Not Active
2026/08/11 11:15:46.993,386.21,450.00,2655,10251,77,100,64,22560,P2,Active,Not Active,Not Active,Not Active
2026/08/11 11:15:47.511,391.60,450.00,2655,10251,70,100,100,22560,P2,Not Active,Not Active,Not Active,Not Active
2026/08/11 11:15:48.015,356.53,450.00,2655,10251,69,100,100,22563,P2,Not Active,Not Active,Not Active,Not Active
2026/08/11 11:15:48.518,379.65,450.00,2655,10251,76,100,63,22563,P2,Active,Not Active,Not Active,Not Active
2026/08/11 11:15:49.022,413.75,450.00,2655,10251,78,100,100,22560,P2,Not Active,Not Active,Not Active,Not Active
2026/08/11 11:15:49.538,384.72,450.00,2655,10251,70,100,100,22560,P2,Not Active,Not Active,Not Active,Not Active
2026/08/11 11:15:50.041,376.26,450.00,2655,10251,69,100,63,22566,P2,Active,Not Active,Not Active,Not Active
2026/08/11 11:15:50.545,385.97,450.00,2655,10251,72,100,100,22566,P2,Not Active,Not Active,Not Active,Not Active
2026/08/11 11:15:51.052,358.06,450.00,2655,10251,69,100,100,22566,P2,Not Active,Not Active,Not Active,Not Active
2026/08/11 11:15:51.556,336.84,450.00,2655,10251,69,100,100,22566,P2,Not Active,Not Active,Not Active,Not Active
2026/08/11 11:15:52.059,349.73,450.00,2655,10251,69,100,100,22566,P2,Active,Not Active,Not Active,Not Active
2026/08/11 11:15:52.564,402.93,450.00,2655,10251,73,100,64,22566,P2,Active,Not Active,Not Active,Not Active
2026/08/11 11:15:53.069,424.29,450.00,2655,10251,72,100,100,22566,P2,Not Active,Not Active,Not Active,Not Active
2026/08/11 11:15:53.604,388.10,450.00,2640,10251,77,100,100,22566,P2,Not Active,Not Active,Not Active,Not Active
2026/08/11 11:15:54.110,363.50,450.00,2655,10251,69,100,100,22566,P2,Not Active,Not Active,Not Active,Not Active
2026/08/11 11:15:54.613,339.29,450.00,2655,10251,69,100,100,22566,P2,Not Active,Not Active,Not Active,Not Active
2026/08/11 11:15:55.117,338.36,450.00,2655,10251,69,100,100,22566,P2,Not Active,Not Active,Not Active,Not Active
2026/08/11 11:15:55.620,364.43,450.00,2655,10251,69,100,80,22566,P2,Not Active,Not Active,Not Active,Not Active
2026/08/11 11:15:56.124,374.00,450.00,2655,10251,69,100,100,22566,P2,Active,Not Active,Not Active,Not Active
2026/08/11 11:15:56.629,410.20,450.00,2640,10251,78,100,63,22566,P2,Not Active,Not Active,Not Active,Not Active
2026/08/11 11:15:57.162,400.52,450.00,2655,10251,71,100,100,22566,P2,Not Active,Not Active,Not Active,Not Active
2026/08/11 11:15:57.668,341.72,450.00,2655,10251,69,100,100,22566,P2,Not Active,Not Active,Not Active,Not Active
2026/08/11 11:15:58.171,338.70,450.00,2655,10251,69,100,100,22566,P2,Not Active,Not Active,Not Active,Not Active
2026/08/11 11:15:58.674,391.21,450.00,2655,10251,73,100,63,22566,P2,Not Active,Not Active,Not Active,Not Active
2026/08/11 11:15:59.193,391.64,450.00,2655,10251,71,100,100,22566,P2,Not Active,Not Active,Not Active,Not Active
2026/08/11 11:15:59.699,346.49,450.00,2655,10251,69,100,100,22566,P2,Not Active,Not Active,Not Active,Not Active
2026/08/11 11:16:00.203,373.80,450.00,2655,10251,69,100,61,22566,P2,Not Active,Not Active,Not Active,Not Active
2026/08/11 11:16:00.708,409.09,450.00,2640,10251,77,100,76,22566,P2,Not Active,Not Active,Not Active,Not Active
2026/08/11 11:16:01.211,384.90,450.00,2655,10251,70,100,100,22566,P2,Not Active,Not Active,Not Active,Not Active
2026/08/11 11:16:01.714,371.95,450.00,2655,10251,69,100,65,22566,P2,Active,Not Active,Not Active,Not Active
2026/08/11 11:16:02.218,390.69,450.00,2640,10251,78,100,100,22566,P2,Not Active,Not Active,Not Active,Not Active
2026/08/11 11:16:02.724,368.78,450.00,2655,10251,69,100,100,22566,P2,Not Active,Not Active,Not Active,Not Active
2026/08/11 11:16:03.227,339.07,450.00,2655,10251,69,100,100,22566,P2,Not Active,Not Active,Not Active,Not Active
2026/08/11 11:16:03.730,350.44,450.00,2655,10251,69,100,100,22566,P2,Not Active,Not Active,Not Active,Not Active
2026/08/11 11:16:04.239,399.53,450.00,2640,10251,78,100,64,22566,P2,Active,Not Active,Not Active,Not Active
2026/08/11 11:16:04.746,411.06,450.00,2655,10251,70,100,94,22566,P2,Not Active,Not Active,Not Active,Not Active
2026/08/11 11:16:05.279,388.44,450.00,2655,10251,70,100,100,22563,P2,Not Active,Not Active,Not Active,Not Active
2026/08/11 11:16:05.785,358.19,450.00,2655,10251,69,100,100,22563,P2,Not Active,Not Active,Not Active,Not Active
2026/08/11 11:16:06.288,335.40,450.00,2655,10251,69,100,100,22563,P2,Not Active,Not Active,Not Active,Not Active
2026/08/11 11:16:06.791,338.82,450.00,2655,10251,69,100,100,22563,P2,Active,Not Active,Not Active,Not Active
2026/08/11 11:16:07.317,366.37,450.00,2655,10251,70,100,100,22562,P2,Not Active,Not Active,Not Active,Not Active
2026/08/11 11:16:07.827,375.89,450.00,2655,10251,74,100,87,22562,P2,Active,Not Active,Not Active,Not Active
2026/08/11 11:16:08.330,407.89,450.00,2655,10251,78,100,63,22562,P2,Not Active,Not Active,Not Active,Not Active
2026/08/11 11:16:08.834,414.43,450.00,2655,10251,70,100,100,22562,P2,Not Active,Not Active,Not Active,Not Active
2026/08/11 11:16:09.337,345.84,450.00,2655,10251,69,100,100,22562,P2,Not Active,Not Active,Not Active,Not Active
2026/08/11 11:16:09.845,359.59,450.00,2655,10251,73,100,90,22562,P2,Active,Not Active,Not Active,Not Active
2026/08/11 11:16:10.394,388.98,450.00,2640,10251,71,100,100,22566,P2,Not Active,Not Active,Not Active,Not Active
2026/08/11 11:16:10.897,378.69,450.00,2655,10251,69,100,100,22566,P2,Not Active,Not Active,Not Active,Not Active
2026/08/11 11:16:11.402,336.67,450.00,2655,10251,69,100,100,22566,P2,Not Active,Not Active,Not Active,Not Active
2026/08/11 11:16:11.905,370.59,450.00,2640,10251,77,100,69,22566,P2,Active,Not Active,Not Active,Not Active
2026/08/11 11:16:12.409,422.94,450.00,2640,10251,79,100,92,22565,P2,Not Active,Not Active,Not Active,Not Active
2026/08/11 11:16:12.912,396.38,450.00,2655,10251,69,100,100,22565,P2,Not Active,Not Active,Not Active,Not Active
2026/08/11 11:16:13.416,390.98,450.00,2640,10251,78,100,75,22565,P2,Not Active,Not Active,Not Active,Not Active
2026/08/11 11:16:13.921,390.20,450.00,2655,10251,70,100,100,22565,P2,Not Active,Not Active,Not Active,Not Active
2026/08/11 11:16:14.424,341.30,450.00,2655,10251,69,100,100,22568,P2,Not Active,Not Active,Not Active,Not Active
2026/08/11 11:16:14.928,332.08,450.00,2655,10251,69,100,100,22581,P2,Not Active,Not Active,Not Active,Not Active
2026/08/11 11:16:15.431,356.02,450.00,2655,10251,73,100,66,22581,P2,Not Active,Not Active,Not Active,Not Active
2026/08/11 11:16:15.935,386.89,450.00,2655,10251,69,100,64,22581,P2,Active,Not Active,Not Active,Not Active
2026/08/11 11:16:16.447,396.19,450.00,2640,10251,73,100,100,22577,P2,Not Active,Not Active,Not Active,Not Active
2026/08/11 11:16:16.950,402.07,450.00,2640,10251,72,100,100,22577,P2,Not Active,Not Active,Not Active,Not Active
2026/08/11 11:16:17.453,363.72,450.00,2655,10251,69,100,100,22577,P2,Not Active,Not Active,Not Active,Not Active
2026/08/11 11:16:17.958,338.99,450.00,2655,10251,69,98,100,22577,P2,Not Active,Not Active,Not Active,Not Active
2026/08/11 11:16:18.462,366.42,450.00,2655,10251,74,100,65,22577,P2,Not Active,Not Active,Not Active,Not Active
2026/08/11 11:16:18.995,367.08,450.00,2655,10251,69,100,100,22577,P2,Not Active,Not Active,Not Active,Not Active
2026/08/11 11:16:19.500,345.45,450.00,2655,10251,69,100,100,22577,P2,Active,Not Active,Not Active,Not Active
2026/08/11 11:16:20.057,411.38,450.00,2655,10251,78,100,63,22567,P2,Active,Not Active,Not Active,Not Active
2026/08/11 11:16:20.564,410.82,450.00,2655,10251,71,100,100,22572,P2,Not Active,Not Active,Not Active,Not Active
2026/08/11 11:16:21.067,352.05,450.00,2655,10251,69,100,100,22572,P2,Not Active,Not Active,Not Active,Not Active
2026/08/11 11:16:21.570,389.59,450.00,2655,10251,76,100,63,22572,P2,Not Active,Not Active,Not Active,Not Active
2026/08/11 11:16:22.073,391.67,450.00,2655,10251,71,99,100,22571,P2,Not Active,Not Active,Not Active,Not Active
2026/08/11 11:16:22.579,352.93,450.00,2655,10251,69,100,100,22571,P2,Not Active,Not Active,Not Active,Not Active
2026/08/11 11:16:23.082,339.28,450.00,2655,10251,69,100,100,22567,P2,Not Active,Not Active,Not Active,Not Active
2026/08/11 11:16:23.585,363.78,450.00,2655,10251,69,100,63,22567,P2,Active,Not Active,Not Active,Not Active
2026/08/11 11:16:24.090,415.39,450.00,2655,10251,78,100,63,22567,P2,Not Active,Not Active,Not Active,Not Active
2026/08/11 11:16:24.601,427.04,450.00,2655,10251,70,100,72,22567,P2,Not Active,Not Active,Not Active,Not Active
2026/08/11 11:16:25.104,365.62,450.00,2655,10251,70,100,100,22533,P2,Not Active,Not Active,Not Active,Not Active
2026/08/11 11:16:25.607,341.81,450.00,2655,10251,69,100,100,22523,P2,Not Active,Not Active,Not Active,Not Active
2026/08/11 11:16:26.111,333.69,450.00,2655,10251,69,100,100,22523,P2,Not Active,Not Active,Not Active,Not Active
2026/08/11 11:16:26.615,337.22,450.00,2655,10251,69,100,100,22523,P2,Not Active,Not Active,Not Active,Not Active
2026/08/11 11:16:27.119,366.54,450.00,2655,10251,74,100,73,22522,P2,Not Active,Not Active,Not Active,Not Active
2026/08/11 11:16:27.623,399.93,450.00,2655,10251,69,100,63,22522,P2,Active,Not Active,Not Active,Not Active
2026/08/11 11:16:28.127,413.99,450.00,2640,10251,78,100,75,22522,P2,Not Active,Not Active,Not Active,Not Active
2026/08/11 11:16:28.630,380.32,450.00,2655,10251,70,100,100,22522,P2,Not Active,Not Active,Not Active,Not Active
2026/08/11 11:16:29.135,339.12,450.00,2655,10251,69,100,100,22522,P2,Not Active,Not Active,Not Active,Not Active
2026/08/11 11:16:29.638,344.07,450.00,2655,10251,69,100,100,22522,P2,Not Active,Not Active,Not Active,Not Active
2026/08/11 11:16:30.142,389.93,450.00,2655,10251,76,100,85,22523,P2,Not Active,Not Active,Not Active,Not Active
2026/08/11 11:16:30.683,386.92,450.00,2655,10251,70,100,100,22523,P2,Not Active,Not Active,Not Active,Not Active
2026/08/11 11:16:31.188,335.16,450.00,2655,10251,69,100,100,22523,P2,Not Active,Not Active,Not Active,Not Active
2026/08/11 11:16:31.733,405.53,450.00,2640,10251,78,100,63,22523,P2,Active,Not Active,Not Active,Not Active
2026/08/11 11:16:32.237,413.33,450.00,2655,10251,70,100,100,22523,P2,Not Active,Not Active,Not Active,Not Active
2026/08/11 11:16:32.740,358.22,450.00,2655,10251,69,100,100,22523,P2,Not Active,Not Active,Not Active,Not Active
2026/08/11 11:16:33.244,390.62,450.00,2640,10251,78,100,63,22523,P2,Not Active,Not Active,Not Active,Not Active
2026/08/11 11:16:33.748,390.73,450.00,2655,10251,69,100,100,22523,P2,Not Active,Not Active,Not Active,Not Active
2026/08/11 11:16:34.252,348.13,450.00,2655,10251,69,100,100,22523,P2,Not Active,Not Active,Not Active,Not Active
2026/08/11 11:16:34.756,339.24,450.00,2655,10251,69,100,100,22523,P2,Not Active,Not Active,Not Active,Not Active
2026/08/11 11:16:35.259,362.80,450.00,2655,10251,76,100,70,22524,P2,Not Active,Not Active,Not Active,Not Active
2026/08/11 11:16:35.789,410.61,450.00,2655,10251,78,100,69,22524,P2,Not Active,Not Active,Not Active,Not Active
2026/08/11 11:16:36.294,418.98,450.00,2655,10251,77,100,82,22524,P2,Not Active,Not Active,Not Active,Not Active
2026/08/11 11:16:36.842,363.89,450.00,2655,10251,70,100,100,22524,P2,Not Active,Not Active,Not Active,Not Active
2026/08/11 11:16:37.345,340.89,450.00,2655,10251,69,100,100,22520,P2,Not Active,Not Active,Not Active,Not Active
2026/08/11 11:16:37.848,338.88,450.00,2655,10251,69,100,100,22520,P2,Not Active,Not Active,Not Active,Not Active
2026/08/11 11:16:38.353,346.24,450.00,2655,10251,69,100,91,22520,P2,Active,Not Active,Not Active,Not Active
2026/08/11 11:16:38.875,366.00,450.00,2655,10251,70,100,100,22520,P2,Not Active,Not Active,Not Active,Not Active
2026/08/11 11:16:39.378,409.08,450.00,2655,10251,78,100,64,22520,P2,Active,Not Active,Not Active,Not Active
2026/08/11 11:16:39.882,413.65,450.00,2655,10251,71,100,92,22524,P2,Not Active,Not Active,Not Active,Not Active
2026/08/11 11:16:40.386,379.46,450.00,2655,10251,69,100,100,22528,P2,Not Active,Not Active,Not Active,Not Active
2026/08/11 11:16:40.891,333.50,450.00,2655,10251,69,100,100,22528,P2,Not Active,Not Active,Not Active,Not Active
2026/08/11 11:16:41.394,348.31,450.00,2655,10251,69,100,82,22528,P2,Active,Not Active,Not Active,Not Active
2026/08/11 11:16:41.898,396.60,450.00,2640,10251,74,100,80,22524,P2,Not Active,Not Active,Not Active,Not Active
2026/08/11 11:16:42.401,390.93,450.00,2655,10251,69,100,100,22524,P2,Not Active,Not Active,Not Active,Not Active
2026/08/11 11:16:42.904,339.47,450.00,2655,10251,69,100,100,22524,P2,Not Active,Not Active,Not Active,Not Active
2026/08/11 11:16:43.408,392.51,450.00,2640,10251,78,100,63,22524,P2,Active,Not Active,Not Active,Not Active
2026/08/11 11:16:43.913,414.43,450.00,2655,10251,70,100,100,22524,P2,Not Active,Not Active,Not Active,Not Active
2026/08/11 11:16:44.416,373.10,450.00,2655,10251,69,100,100,22524,P2,Active,Not Active,Not Active,Not Active
2026/08/11 11:16:44.965,394.19,450.00,2640,10251,78,100,88,22528,P2,Not Active,Not Active,Not Active,Not Active
2026/08/11 11:16:45.473,386.35,450.00,2655,10251,70,100,100,22528,P2,Not Active,Not Active,Not Active,Not Active
2026/08/11 11:16:45.977,333.57,450.00,2655,10251,69,100,100,22528,P2,Not Active,Not Active,Not Active,Not Active
2026/08/11 11:16:46.482,336.71,450.00,2655,10251,69,100,100,22528,P2,Not Active,Not Active,Not Active,Not Active
2026/08/11 11:16:46.985,365.29,450.00,2655,10251,75,100,82,22528,P2,Not Active,Not Active,Not Active,Not Active
2026/08/11 11:16:47.496,415.58,450.00,2655,10251,77,100,64,22528,P2,Not Active,Not Active,Not Active,Not Active
2026/08/11 11:16:48.047,414.18,450.00,2655,10251,70,100,66,22528,P2,Not Active,Not Active,Not Active,Not Active
2026/08/11 11:16:48.597,364.02,450.00,2655,10251,70,100,100,22528,P2,Not Active,Not Active,Not Active,Not Active
2026/08/11 11:16:49.100,343.88,450.00,2655,10251,69,100,100,22528,P2,Not Active,Not Active,Not Active,Not Active
2026/08/11 11:16:49.603,339.44,450.00,2655,10251,69,100,100,22528,P2,Not Active,Not Active,Not Active,Not Active
2026/08/11 11:16:50.109,365.67,450.00,2655,10251,69,100,70,22528,P2,Not Active,Not Active,Not Active,Not Active
2026/08/11 11:16:50.640,361.95,450.00,2655,10251,70,100,100,22528,P2,Not Active,Not Active,Not Active,Not Active
2026/08/11 11:16:51.143,383.76,450.00,2655,10251,69,100,63,22528,P2,Active,Not Active,Not Active,Not Active
2026/08/11 11:16:51.647,412.82,450.00,2655,10251,78,100,100,22528,P2,Not Active,Not Active,Not Active,Not Active
2026/08/11 11:16:52.152,377.16,450.00,2655,10251,70,100,100,22524,P2,Not Active,Not Active,Not Active,Not Active
2026/08/11 11:16:52.655,339.18,450.00,2655,10251,69,100,100,22524,P2,Not Active,Not Active,Not Active,Not Active
2026/08/11 11:16:53.158,387.67,450.00,2655,10251,69,100,63,22524,P2,Active,Not Active,Not Active,Not Active
2026/08/11 11:16:53.661,391.58,450.00,2640,10251,74,100,100,22524,P2,Not Active,Not Active,Not Active,Not Active
2026/08/11 11:16:54.165,355.69,450.00,2655,10251,69,100,100,22524,P2,Not Active,Not Active,Not Active,Not Active
2026/08/11 11:16:54.670,342.43,450.00,2655,10251,69,100,100,22524,P2,Active,Not Active,Not Active,Not Active
2026/08/11 11:16:55.181,398.79,450.00,2655,10251,76,100,62,22528,P2,Not Active,Not Active,Not Active,Not Active
2026/08/11 11:16:55.684,410.03,450.00,2640,10251,78,100,100,22529,P2,Not Active,Not Active,Not Active,Not Active
2026/08/11 11:16:56.189,385.77,450.00,2655,10251,69,100,64,22529,P2,Active,Not Active,Not Active,Not Active
2026/08/11 11:16:56.693,394.93,450.00,2640,10251,78,100,100,22529,P2,Not Active,Not Active,Not Active,Not Active
2026/08/11 11:16:57.196,376.91,450.00,2655,10251,70,100,100,22525,P2,Not Active,Not Active,Not Active,Not Active
2026/08/11 11:16:57.700,338.98,450.00,2655,10251,69,100,100,22525,P2,Not Active,Not Active,Not Active,Not Active
2026/08/11 11:16:58.204,339.00,450.00,2655,10251,69,100,100,22525,P2,Not Active,Not Active,Not Active,Not Active
2026/08/11 11:16:58.740,366.55,450.00,2655,10251,70,100,100,22525,P2,Not Active,Not Active,Not Active,Not Active
2026/08/11 11:16:59.244,416.40,450.00,2640,10251,74,100,64,22525,P2,Not Active,Not Active,Not Active,Not Active
2026/08/11 11:16:59.802,413.83,450.00,2640,10251,73,100,80,22525,P2,Not Active,Not Active,Not Active,Not Active
2026/08/11 11:17:00.311,364.56,450.00,2655,10251,69,99,100,22528,P2,Not Active,Not Active,Not Active,Not Active
2026/08/11 11:17:00.814,335.91,450.00,2655,10251,69,100,100,22528,P2,Not Active,Not Active,Not Active,Not Active
2026/08/11 11:17:01.317,341.36,450.00,2655,10251,70,100,100,22528,P2,Active,Not Active,Not Active,Not Active
2026/08/11 11:17:01.835,365.94,450.00,2655,10251,70,100,100,22528,P2,Not Active,Not Active,Not Active,Not Active
2026/08/11 11:17:02.338,359.59,450.00,2655,10251,69,100,100,22528,P2,Not Active,Not Active,Not Active,Not Active
2026/08/11 11:17:02.841,383.27,450.00,2640,10251,78,100,63,22528,P2,Active,Not Active,Not Active,Not Active
2026/08/11 11:17:03.346,413.22,450.00,2640,10251,71,100,100,22528,P2,Not Active,Not Active,Not Active,Not Active
2026/08/11 11:17:03.849,380.55,450.00,2655,10251,69,100,100,22528,P2,Not Active,Not Active,Not Active,Not Active
2026/08/11 11:17:04.352,365.24,450.00,2655,10251,76,100,64,22528,P2,Active,Not Active,Not Active,Not Active
2026/08/11 11:17:04.856,391.30,450.00,2655,10251,70,100,100,22528,P2,Not Active,Not Active,Not Active,Not Active
2026/08/11 11:17:05.359,376.81,450.00,2655,10251,69,100,100,22530,P2,Not Active,Not Active,Not Active,Not Active
2026/08/11 11:17:05.864,334.25,450.00,2655,10251,69,100,100,22530,P2,Not Active,Not Active,Not Active,Not Active
2026/08/11 11:17:06.367,336.39,450.00,2655,10251,69,100,100,22530,P2,Not Active,Not Active,Not Active,Not Active
2026/08/11 11:17:06.870,394.32,450.00,2640,10251,78,100,63,22530,P2,Active,Not Active,Not Active,Not Active
2026/08/11 11:17:07.375,416.49,450.00,2655,10251,70,100,100,22530,P2,Not Active,Not Active,Not Active,Not Active
2026/08/11 11:17:07.917,384.38,450.00,2655,10251,70,100,100,22530,P2,Not Active,Not Active,Not Active,Not Active
2026/08/11 11:17:08.421,362.12,450.00,2655,10251,69,100,100,22530,P2,Not Active,Not Active,Not Active,Not Active
2026/08/11 11:17:08.926,339.05,450.00,2655,10251,69,100,100,22530,P2,Not Active,Not Active,Not Active,Not Active
2026/08/11 11:17:09.429,339.09,450.00,2655,10251,69,100,100,22530,P2,Not Active,Not Active,Not Active,Not Active
2026/08/11 11:17:09.932,365.98,450.00,2655,10251,72,100,70,22530,P2,Not Active,Not Active,Not Active,Not Active
2026/08/11 11:17:10.435,380.43,450.00,2655,10251,69,100,90,22523,P2,Not Active,Not Active,Not Active,Not Active
2026/08/11 11:17:10.938,416.55,450.00,2655,10251,77,100,67,22523,P2,Not Active,Not Active,Not Active,Not Active
2026/08/11 11:17:11.478,405.38,450.00,2655,10251,70,100,100,22523,P2,Not Active,Not Active,Not Active,Not Active
2026/08/11 11:17:11.984,349.84,450.00,2655,10251,69,100,100,22522,P2,Not Active,Not Active,Not Active,Not Active
2026/08/11 11:17:12.488,338.90,450.00,2655,10251,69,100,100,22522,P2,Not Active,Not Active,Not Active,Not Active
2026/08/11 11:17:12.991,375.25,450.00,2655,10251,75,100,64,22522,P2,Active,Not Active,Not Active,Not Active
2026/08/11 11:17:13.494,391.22,450.00,2655,10251,71,100,100,22522,P2,Not Active,Not Active,Not Active,Not Active
2026/08/11 11:17:13.997,367.30,450.00,2655,10251,69,100,100,22522,P2,Not Active,Not Active,Not Active,Not Active
2026/08/11 11:17:14.502,370.09,450.00,2655,10251,72,100,70,22522,P2,Active,Not Active,Not Active,Not Active
2026/08/11 11:17:15.007,413.49,450.00,2655,10251,78,100,91,22523,P2,Not Active,Not Active,Not Active,Not Active
2026/08/11 11:17:15.511,391.09,450.00,2655,10251,70,100,100,22523,P2,Not Active,Not Active,Not Active,Not Active
2026/08/11 11:17:16.014,359.77,450.00,2655,10251,69,100,80,22523,P2,Active,Not Active,Not Active,Not Active
2026/08/11 11:17:16.518,389.12,450.00,2640,10251,78,100,100,22523,P2,Not Active,Not Active,Not Active,Not Active
2026/08/11 11:17:17.029,376.71,450.00,2655,10251,70,100,100,22523,P2,Not Active,Not Active,Not Active,Not Active
2026/08/11 11:17:17.532,338.85,450.00,2655,10251,69,100,100,22523,P2,Not Active,Not Active,Not Active,Not Active
2026/08/11 11:17:18.035,340.56,450.00,2655,10251,69,100,100,22523,P2,Not Active,Not Active,Not Active,Not Active
2026/08/11 11:17:18.540,392.60,450.00,2640,10251,77,100,64,22523,P2,Active,Not Active,Not Active,Not Active
2026/08/11 11:17:19.045,415.17,450.00,2640,10251,78,100,100,22523,P2,Not Active,Not Active,Not Active,Not Active
2026/08/11 11:17:19.548,397.55,450.00,2640,10251,77,100,100,22523,P2,Not Active,Not Active,Not Active,Not Active
2026/08/11 11:17:20.051,362.61,450.00,2655,10251,70,100,100,22528,P2,Not Active,Not Active,Not Active,Not Active
2026/08/11 11:17:20.554,335.10,450.00,2655,10251,69,100,100,22528,P2,Not Active,Not Active,Not Active,Not Active
2026/08/11 11:17:21.059,334.40,450.00,2655,10251,69,100,100,22528,P2,Not Active,Not Active,Not Active,Not Active
2026/08/11 11:17:21.563,364.32,450.00,2655,10251,69,100,63,22528,P2,Not Active,Not Active,Not Active,Not Active
2026/08/11 11:17:22.066,369.83,450.00,2655,10251,70,100,100,22528,P2,Active,Not Active,Not Active,Not Active
2026/08/11 11:17:22.614,413.90,450.00,2655,10251,77,100,63,22528,P2,Active,Not Active,Not Active,Not Active
2026/08/11 11:17:23.121,410.95,450.00,2655,10251,73,100,100,22528,P2,Not Active,Not Active,Not Active,Not Active
2026/08/11 11:17:23.624,352.09,450.00,2655,10251,69,100,100,22528,P2,Not Active,Not Active,Not Active,Not Active
2026/08/11 11:17:24.128,339.36,450.00,2655,10251,69,100,100,22528,P2,Not Active,Not Active,Not Active,Not Active
2026/08/11 11:17:24.631,387.54,450.00,2655,10251,69,100,64,22528,P2,Active,Not Active,Not Active,Not Active
2026/08/11 11:17:25.135,390.64,450.00,2655,10251,75,100,100,22528,P2,Not Active,Not Active,Not Active,Not Active
2026/08/11 11:17:25.641,351.77,450.00,2655,10251,69,100,100,22528,P2,Not Active,Not Active,Not Active,Not Active
2026/08/11 11:17:26.144,360.29,450.00,2655,10251,69,100,63,22528,P2,Active,Not Active,Not Active,Not Active
2026/08/11 11:17:26.647,413.79,450.00,2655,10251,78,100,63,22528,P2,Not Active,Not Active,Not Active,Not Active
2026/08/11 11:17:27.153,401.64,450.00,2655,10251,71,100,100,22528,P2,Not Active,Not Active,Not Active,Not Active
2026/08/11 11:17:27.659,366.98,450.00,2655,10251,69,100,82,22528,P2,Active,Not Active,Not Active,Not Active
2026/08/11 11:17:28.162,396.23,450.00,2640,10251,78,100,100,22528,P2,Not Active,Not Active,Not Active,Not Active
2026/08/11 11:17:28.665,378.10,450.00,2655,10251,70,100,100,22528,P2,Not Active,Not Active,Not Active,Not Active
2026/08/11 11:17:29.169,339.39,450.00,2655,10251,69,100,100,22528,P2,Not Active,Not Active,Not Active,Not Active
2026/08/11 11:17:29.673,340.25,450.00,2655,10251,69,100,100,22528,P2,Active,Not Active,Not Active,Not Active
2026/08/11 11:17:30.177,377.05,450.00,2655,10251,75,100,79,22528,P2,Not Active,Not Active,Not Active,Not Active
2026/08/11 11:17:30.680,410.96,450.00,2640,10251,77,100,78,22528,P2,Not Active,Not Active,Not Active,Not Active
2026/08/11 11:17:31.184,402.09,450.00,2655,10251,70,100,91,22528,P2,Not Active,Not Active,Not Active,Not Active
2026/08/11 11:17:31.687,362.25,450.00,2655,10251,70,100,100,22528,P2,Not Active,Not Active,Not Active,Not Active
2026/08/11 11:17:32.190,339.17,450.00,2655,10251,69,100,100,22528,P2,Not Active,Not Active,Not Active,Not Active
2026/08/11 11:17:32.695,339.27,450.00,2655,10251,69,100,100,22528,P2,Not Active,Not Active,Not Active,Not Active
2026/08/11 11:17:33.198,366.52,450.00,2655,10251,69,100,85,22528,P2,Not Active,Not Active,Not Active,Not Active
2026/08/11 11:17:33.701,366.44,450.00,2655,10251,70,100,100,22528,P2,Not Active,Not Active,Not Active,Not Active
2026/08/11 11:17:34.204,387.29,450.00,2655,10251,69,100,63,22528,P2,Active,Not Active,Not Active,Not Active
2026/08/11 11:17:34.707,420.33,450.00,2640,10251,78,100,100,22528,P2,Not Active,Not Active,Not Active,Not Active
2026/08/11 11:17:35.211,363.71,450.00,2655,10251,70,100,100,22525,P2,Not Active,Not Active,Not Active,Not Active
2026/08/11 11:17:35.717,333.64,450.00,2655,10251,69,100,100,22525,P2,Not Active,Not Active,Not Active,Not Active
2026/08/11 11:17:36.220,387.51,450.00,2640,10251,78,100,63,22525,P2,Not Active,Not Active,Not Active,Not Active
2026/08/11 11:17:36.760,390.80,450.00,2655,10251,69,100,100,22525,P2,Not Active,Not Active,Not Active,Not Active
2026/08/11 11:17:37.263,347.23,450.00,2655,10251,69,100,100,22525,P2,Not Active,Not Active,Not Active,Not Active
2026/08/11 11:17:37.768,349.86,450.00,2655,10251,74,100,85,22525,P2,Active,Not Active,Not Active,Not Active
2026/08/11 11:17:38.288,409.94,450.00,2640,10251,78,100,63,22525,P2,Not Active,Not Active,Not Active,Not Active
2026/08/11 11:17:38.838,404.74,450.00,2655,10251,69,100,100,22525,P2,Not Active,Not Active,Not Active,Not Active
2026/08/11 11:17:39.341,393.57,450.00,2640,10251,78,100,64,22525,P2,Not Active,Not Active,Not Active,Not Active
2026/08/11 11:17:39.844,390.85,450.00,2655,10251,70,100,100,22525,P2,Not Active,Not Active,Not Active,Not Active
2026/08/11 11:17:40.347,351.19,450.00,2655,10251,69,100,100,22528,P2,Not Active,Not Active,Not Active,Not Active
2026/08/11 11:17:40.852,333.83,450.00,2655,10251,69,100,100,22528,P2,Not Active,Not Active,Not Active,Not Active
2026/08/11 11:17:41.356,351.58,450.00,2655,10251,69,100,77,22528,P2,Active,Not Active,Not Active,Not Active
2026/08/11 11:17:41.859,374.00,450.00,2655,10251,69,100,100,22528,P2,Active,Not Active,Not Active,Not Active
2026/08/11 11:17:42.365,406.74,450.00,2655,10251,78,100,94,22528,P2,Not Active,Not Active,Not Active,Not Active
2026/08/11 11:17:42.869,413.01,450.00,2655,10251,77,100,74,22528,P2,Not Active,Not Active,Not Active,Not Active
2026/08/11 11:17:43.374,363.87,450.00,2655,10251,69,100,100,22528,P2,Not Active,Not Active,Not Active,Not Active
2026/08/11 11:17:43.877,339.38,450.00,2655,10251,69,100,100,22528,P2,Not Active,Not Active,Not Active,Not Active
2026/08/11 11:17:44.381,357.95,450.00,2655,10251,71,100,71,22528,P2,Active,Not Active,Not Active,Not Active
2026/08/11 11:17:44.884,366.58,450.00,2655,10251,69,100,100,22528,P2,Not Active,Not Active,Not Active,Not Active
2026/08/11 11:17:45.388,356.45,450.00,2655,10251,69,100,100,22528,P2,Not Active,Not Active,Not Active,Not Active
2026/08/11 11:17:45.893,379.23,450.00,2655,10251,76,100,62,22528,P2,Active,Not Active,Not Active,Not Active
2026/08/11 11:17:46.397,410.14,450.00,2655,10251,71,100,100,22528,P2,Not Active,Not Active,Not Active,Not Active
2026/08/11 11:17:46.900,383.52,450.00,2655,10251,69,100,100,22524,P2,Not Active,Not Active,Not Active,Not Active
2026/08/11 11:17:47.403,359.51,450.00,2655,10251,73,100,68,22524,P2,Active,Not Active,Not Active,Not Active
2026/08/11 11:17:47.907,391.30,450.00,2640,10251,71,100,100,22524,P2,Not Active,Not Active,Not Active,Not Active
2026/08/11 11:17:48.415,369.89,450.00,2655,10251,69,100,100,22524,P2,Not Active,Not Active,Not Active,Not Active
2026/08/11 11:17:48.919,337.96,450.00,2655,10251,69,100,100,22524,P2,Not Active,Not Active,Not Active,Not Active
2026/08/11 11:17:49.421,345.04,450.00,2655,10251,69,100,100,22524,P2,Active,Not Active,Not Active,Not Active
2026/08/11 11:17:49.964,405.43,450.00,2655,10251,78,100,63,22528,P2,Active,Not Active,Not Active,Not Active
2026/08/11 11:17:50.470,421.15,450.00,2655,10251,70,100,100,22533,P2,Not Active,Not Active,Not Active,Not Active
2026/08/11 11:17:50.972,378.76,450.00,2655,10251,70,100,100,22533,P2,Not Active,Not Active,Not Active,Not Active
2026/08/11 11:17:51.476,360.88,450.00,2655,10251,69,100,100,22533,P2,Not Active,Not Active,Not Active,Not Active
2026/08/11 11:17:51.979,339.03,450.00,2655,10251,69,100,100,22533,P2,Not Active,Not Active,Not Active,Not Active
2026/08/11 11:17:52.482,339.08,450.00,2655,10251,69,100,100,22533,P2,Not Active,Not Active,Not Active,Not Active
2026/08/11 11:17:52.986,366.23,450.00,2655,10251,69,100,64,22533,P2,Not Active,Not Active,Not Active,Not Active
2026/08/11 11:17:53.536,394.90,450.00,2655,10251,69,100,63,22533,P2,Active,Not Active,Not Active,Not Active
2026/08/11 11:17:54.040,421.70,450.00,2655,10251,78,100,66,22533,P2,Not Active,Not Active,Not Active,Not Active
2026/08/11 11:17:54.585,397.83,450.00,2655,10251,70,100,100,22533,P2,Not Active,Not Active,Not Active,Not Active
2026/08/11 11:17:55.089,338.84,450.00,2655,10251,69,100,100,22533,P2,Not Active,Not Active,Not Active,Not Active
2026/08/11 11:17:55.592,335.20,450.00,2655,10251,68,100,100,22523,P2,Not Active,Not Active,Not Active,Not Active
2026/08/11 11:17:56.095,377.79,450.00,2655,10251,72,100,63,22523,P2,Not Active,Not Active,Not Active,Not Active
2026/08/11 11:17:56.599,389.54,450.00,2655,10251,71,100,100,22523,P2,Not Active,Not Active,Not Active,Not Active
2026/08/11 11:17:57.102,347.89,450.00,2655,10251,69,100,100,22522,P2,Not Active,Not Active,Not Active,Not Active
2026/08/11 11:17:57.610,388.99,450.00,2655,10251,69,100,63,22522,P2,Active,Not Active,Not Active,Not Active
2026/08/11 11:17:58.114,414.85,450.00,2655,10251,78,100,100,22522,P2,Not Active,Not Active,Not Active,Not Active
2026/08/11 11:17:58.617,375.68,450.00,2655,10251,69,99,100,22522,P2,Not Active,Not Active,Not Active,Not Active
2026/08/11 11:17:59.120,376.08,450.00,2655,10251,69,100,64,22522,P2,Active,Not Active,Not Active,Not Active
2026/08/11 11:17:59.624,391.33,450.00,2640,10251,78,100,100,22522,P2,Not Active,Not Active,Not Active,Not Active
2026/08/11 11:18:00.128,364.44,450.00,2655,10251,69,100,100,22523,P2,Not Active,Not Active,Not Active,Not Active
2026/08/11 11:18:00.631,333.68,450.00,2655,10251,69,100,100,22523,P2,Not Active,Not Active,Not Active,Not Active
2026/08/11 11:18:01.135,342.00,450.00,2655,10251,69,100,90,22523,P2,Active,Not Active,Not Active,Not Active
2026/08/11 11:18:01.661,398.40,450.00,2655,10251,76,100,64,22523,P2,Active,Not Active,Not Active,Not Active
2026/08/11 11:18:02.165,421.27,450.00,2655,10251,78,100,93,22523,P2,Not Active,Not Active,Not Active,Not Active
2026/08/11 11:18:02.702,378.45,450.00,2640,10251,77,100,100,22523,P2,Not Active,Not Active,Not Active,Not Active
2026/08/11 11:18:03.209,356.83,450.00,2655,10251,69,100,100,22523,P2,Not Active,Not Active,Not Active,Not Active
2026/08/11 11:18:03.713,338.98,450.00,2655,10251,69,100,100,22523,P2,Not Active,Not Active,Not Active,Not Active
2026/08/11 11:18:04.216,339.38,450.00,2655,10251,69,100,100,22523,P2,Not Active,Not Active,Not Active,Not Active
2026/08/11 11:18:04.719,366.65,450.00,2655,10251,69,100,100,22523,P2,Not Active,Not Active,Not Active,Not Active
2026/08/11 11:18:05.223,387.21,450.00,2655,10251,70,100,79,22524,P2,Not Active,Not Active,Not Active,Not Active
2026/08/11 11:18:05.727,408.23,450.00,2655,10251,76,100,72,22524,P2,Not Active,Not Active,Not Active,Not Active
2026/08/11 11:18:06.281,398.38,450.00,2655,10251,69,100,100,22524,P2,Not Active,Not Active,Not Active,Not Active
2026/08/11 11:18:06.788,345.00,450.00,2655,10251,69,100,100,22524,P2,Not Active,Not Active,Not Active,Not Active
2026/08/11 11:18:07.291,339.24,450.00,2655,10251,69,100,100,22524,P2,Not Active,Not Active,Not Active,Not Active
2026/08/11 11:18:07.794,391.24,450.00,2655,10251,78,100,67,22524,P2,Not Active,Not Active,Not Active,Not Active
2026/08/11 11:18:08.303,391.68,450.00,2655,10251,69,100,100,22524,P2,Not Active,Not Active,Not Active,Not Active
2026/08/11 11:18:08.807,338.71,450.00,2655,10251,69,100,100,22524,P2,Not Active,Not Active,Not Active,Not Active
2026/08/11 11:18:09.310,384.46,450.00,2655,10251,77,100,63,22524,P2,Active,Not Active,Not Active,Not Active
2026/08/11 11:18:09.813,414.58,450.00,2655,10251,71,100,98,22524,P2,Not Active,Not Active,Not Active,Not Active
2026/08/11 11:18:10.316,377.23,450.00,2655,10251,69,100,100,22528,P2,Not Active,Not Active,Not Active,Not Active
2026/08/11 11:18:10.819,375.64,450.00,2655,10251,77,100,63,22528,P2,Active,Not Active,Not Active,Not Active
2026/08/11 11:18:11.324,387.44,450.00,2655,10251,70,100,100,22528,P2,Not Active,Not Active,Not Active,Not Active
2026/08/11 11:18:11.827,360.66,450.00,2655,10251,69,100,100,22528,P2,Not Active,Not Active,Not Active,Not Active
2026/08/11 11:18:12.330,339.04,450.00,2655,10251,69,100,100,22527,P2,Not Active,Not Active,Not Active,Not Active
2026/08/11 11:18:12.833,355.93,450.00,2655,10251,69,100,95,22527,P2,Not Active,Not Active,Not Active,Not Active
2026/08/11 11:18:13.339,395.74,450.00,2640,10251,77,100,64,22527,P2,Active,Not Active,Not Active,Not Active
2026/08/11 11:18:13.843,412.14,450.00,2655,10251,70,100,100,22527,P2,Not Active,Not Active,Not Active,Not Active
2026/08/11 11:18:14.396,383.21,450.00,2655,10251,70,100,100,22527,P2,Not Active,Not Active,Not Active,Not Active
2026/08/11 11:18:14.900,361.09,450.00,2655,10251,69,100,100,22528,P2,Not Active,Not Active,Not Active,Not Active
2026/08/11 11:18:15.436,335.18,450.00,2655,10251,69,100,100,22528,P2,Not Active,Not Active,Not Active,Not Active
2026/08/11 11:18:15.941,342.58,450.00,2655,10251,69,100,90,22528,P2,Active,Not Active,Not Active,Not Active
2026/08/11 11:18:16.495,364.39,450.00,2655,10251,70,100,100,22528,P2,Not Active,Not Active,Not Active,Not Active
2026/08/11 11:18:16.999,387.01,450.00,2655,10251,69,100,73,22528,P2,Active,Not Active,Not Active,Not Active
2026/08/11 11:18:17.503,414.03,450.00,2640,10251,78,100,89,22528,P2,Not Active,Not Active,Not Active,Not Active
2026/08/11 11:18:18.032,396.74,450.00,2655,10251,70,100,100,22528,P2,Not Active,Not Active,Not Active,Not Active
2026/08/11 11:18:18.539,339.26,450.00,2655,10251,69,100,100,22528,P2,Not Active,Not Active,Not Active,Not Active
2026/08/11 11:18:19.044,367.35,450.00,2655,10251,69,100,76,22528,P2,Active,Not Active,Not Active,Not Active
2026/08/11 11:18:19.547,391.59,450.00,2640,10251,78,100,100,22528,P2,Not Active,Not Active,Not Active,Not Active
2026/08/11 11:18:20.051,374.37,450.00,2655,10251,69,100,100,22528,P2,Not Active,Not Active,Not Active,Not Active
2026/08/11 11:18:20.554,334.45,450.00,2655,10251,69,100,100,22528,P2,Not Active,Not Active,Not Active,Not Active
2026/08/11 11:18:21.059,371.62,450.00,2655,10251,68,100,63,22528,P2,Active,Not Active,Not Active,Not Active
2026/08/11 11:18:21.564,413.17,450.00,2655,10251,78,100,100,22528,P2,Not Active,Not Active,Not Active,Not Active
2026/08/11 11:18:22.067,393.53,450.00,2655,10251,69,100,100,22528,P2,Active,Not Active,Not Active,Not Active
2026/08/11 11:18:22.574,390.65,450.00,2655,10251,77,100,88,22528,P2,Not Active,Not Active,Not Active,Not Active
2026/08/11 11:18:23.079,389.62,450.00,2655,10251,70,100,100,22528,P2,Not Active,Not Active,Not Active,Not Active
2026/08/11 11:18:23.582,338.00,450.00,2655,10251,69,100,100,22528,P2,Not Active,Not Active,Not Active,Not Active
2026/08/11 11:18:24.086,338.68,450.00,2655,10251,69,100,100,22528,P2,Not Active,Not Active,Not Active,Not Active
2026/08/11 11:18:24.589,366.24,450.00,2655,10251,69,100,77,22528,P2,Not Active,Not Active,Not Active,Not Active
2026/08/11 11:18:25.092,401.97,450.00,2655,10251,69,100,78,22528,P2,Not Active,Not Active,Not Active,Not Active
2026/08/11 11:18:25.603,395.06,450.00,2640,10251,77,100,100,22528,P2,Not Active,Not Active,Not Active,Not Active
2026/08/11 11:18:26.105,383.06,450.00,2655,10251,76,100,100,22528,P2,Not Active,Not Active,Not Active,Not Active
2026/08/11 11:18:26.609,361.50,450.00,2655,10251,69,100,100,22528,P2,Not Active,Not Active,Not Active,Not Active
2026/08/11 11:18:27.112,338.95,450.00,2655,10251,69,100,100,22524,P2,Not Active,Not Active,Not Active,Not Active
2026/08/11 11:18:27.615,366.15,450.00,2655,10251,69,100,75,22524,P2,Not Active,Not Active,Not Active,Not Active
2026/08/11 11:18:28.120,366.15,450.00,2655,10251,70,100,100,22524,P2,Not Active,Not Active,Not Active,Not Active
2026/08/11 11:18:28.623,351.71,450.00,2655,10251,69,100,100,22524,P2,Active,Not Active,Not Active,Not Active
2026/08/11 11:18:29.152,410.96,450.00,2655,10251,77,100,63,22524,P2,Not Active,Not Active,Not Active,Not Active
2026/08/11 11:18:29.657,412.14,450.00,2655,10251,73,100,100,22524,P2,Not Active,Not Active,Not Active,Not Active
2026/08/11 11:18:30.160,351.81,450.00,2655,10251,69,100,100,22528,P2,Not Active,Not Active,Not Active,Not Active
2026/08/11 11:18:30.664,387.61,450.00,2655,10251,69,100,62,22528,P2,Not Active,Not Active,Not Active,Not Active
2026/08/11 11:18:31.184,386.89,450.00,2655,10251,74,100,100,22528,P2,Not Active,Not Active,Not Active,Not Active
2026/08/11 11:18:31.688,353.34,450.00,2655,10251,69,100,100,22528,P2,Not Active,Not Active,Not Active,Not Active
2026/08/11 11:18:32.191,338.52,450.00,2655,10251,69,100,100,22528,P2,Not Active,Not Active,Not Active,Not Active
2026/08/11 11:18:32.696,372.49,450.00,2655,10251,69,100,63,22528,P2,Active,Not Active,Not Active,Not Active
2026/08/11 11:18:33.204,422.48,450.00,2640,10251,78,100,75,22528,P2,Not Active,Not Active,Not Active,Not Active
2026/08/11 11:18:33.714,417.72,450.00,2655,10251,70,100,88,22528,P2,Not Active,Not Active,Not Active,Not Active
2026/08/11 11:18:34.220,363.50,450.00,2655,10251,70,100,100,22528,P2,Not Active,Not Active,Not Active,Not Active
2026/08/11 11:18:34.723,338.64,450.00,2655,10251,69,99,100,22528,P2,Not Active,Not Active,Not Active,Not Active
2026/08/11 11:18:35.227,335.82,450.00,2655,10251,69,100,100,22530,P2,Not Active,Not Active,Not Active,Not Active
2026/08/11 11:18:35.730,332.50,450.00,2655,10251,68,100,100,22530,P2,Not Active,Not Active,Not Active,Not Active
2026/08/11 11:18:36.235,361.77,450.00,2655,10251,68,100,90,22530,P2,Not Active,Not Active,Not Active,Not Active
2026/08/11 11:18:36.740,407.55,450.00,2640,10251,78,100,63,22530,P2,Active,Not Active,Not Active,Not Active
2026/08/11 11:18:37.243,413.03,450.00,2655,10251,70,100,92,22530,P2,Not Active,Not Active,Not Active,Not Active
2026/08/11 11:18:37.749,382.66,450.00,2655,10251,69,100,100,22530,P2,Not Active,Not Active,Not Active,Not Active
2026/08/11 11:18:38.253,339.10,450.00,2655,10251,69,100,100,22530,P2,Not Active,Not Active,Not Active,Not Active
2026/08/11 11:18:38.757,341.43,450.00,2655,10251,76,100,100,22530,P2,Active,Not Active,Not Active,Not Active
2026/08/11 11:18:39.309,391.68,450.00,2655,10251,70,100,100,22530,P2,Not Active,Not Active,Not Active,Not Active
2026/08/11 11:18:39.817,389.30,450.00,2655,10251,69,100,100,22530,P2,Not Active,Not Active,Not Active,Not Active
2026/08/11 11:18:40.320,342.39,450.00,2655,10251,72,100,89,22523,P2,Not Active,Not Active,Not Active,Not Active
2026/08/11 11:18:40.848,397.01,450.00,2655,10251,78,100,62,22523,P2,Active,Not Active,Not Active,Not Active
2026/08/11 11:18:41.356,410.23,450.00,2655,10251,69,100,100,22523,P2,Not Active,Not Active,Not Active,Not Active
2026/08/11 11:18:41.859,361.45,450.00,2655,10251,69,100,100,22523,P2,Not Active,Not Active,Not Active,Not Active
2026/08/11 11:18:42.362,389.99,450.00,2640,10251,78,100,64,22522,P2,Not Active,Not Active,Not Active,Not Active
2026/08/11 11:18:42.868,390.42,450.00,2655,10251,69,100,100,22522,P2,Not Active,Not Active,Not Active,Not Active
2026/08/11 11:18:43.373,351.27,450.00,2655,10251,69,100,100,22522,P2,Not Active,Not Active,Not Active,Not Active
2026/08/11 11:18:43.877,338.95,450.00,2655,10251,69,100,100,22522,P2,Not Active,Not Active,Not Active,Not Active
2026/08/11 11:18:44.380,364.92,450.00,2655,10251,77,100,64,22522,P2,Not Active,Not Active,Not Active,Not Active
2026/08/11 11:18:44.883,415.56,450.00,2655,10251,78,100,64,22522,P2,Not Active,Not Active,Not Active,Not Active
2026/08/11 11:18:45.390,410.98,450.00,2655,10251,76,100,62,22523,P2,Not Active,Not Active,Not Active,Not Active
2026/08/11 11:18:45.896,358.08,450.00,2655,10251,69,100,100,22523,P2,Not Active,Not Active,Not Active,Not Active
2026/08/11 11:18:46.399,339.21,450.00,2655,10251,69,100,100,22523,P2,Not Active,Not Active,Not Active,Not Active
2026/08/11 11:18:46.903,338.36,450.00,2655,10251,68,100,100,22523,P2,Not Active,Not Active,Not Active,Not Active
2026/08/11 11:18:47.406,341.96,450.00,2655,10251,69,100,100,22523,P2,Not Active,Not Active,Not Active,Not Active
2026/08/11 11:18:47.910,365.79,450.00,2655,10251,70,100,100,22523,P2,Not Active,Not Active,Not Active,Not Active
2026/08/11 11:18:48.415,405.18,450.00,2655,10251,77,100,64,22523,P2,Active,Not Active,Not Active,Not Active
2026/08/11 11:18:48.918,413.84,450.00,2655,10251,72,100,100,22523,P2,Not Active,Not Active,Not Active,Not Active
2026/08/11 11:18:49.421,386.75,450.00,2655,10251,69,100,100,22523,P2,Not Active,Not Active,Not Active,Not Active
2026/08/11 11:18:49.924,339.11,450.00,2655,10251,69,100,100,22523,P2,Not Active,Not Active,Not Active,Not Active
2026/08/11 11:18:50.429,345.06,450.00,2655,10251,68,100,100,22528,P2,Active,Not Active,Not Active,Not Active
2026/08/11 11:18:50.934,390.41,450.00,2655,10251,78,100,94,22528,P2,Not Active,Not Active,Not Active,Not Active
2026/08/11 11:18:51.437,389.28,450.00,2655,10251,69,100,100,22528,P2,Not Active,Not Active,Not Active,Not Active
2026/08/11 11:18:51.941,339.02,450.00,2655,10251,69,100,100,22528,P2,Not Active,Not Active,Not Active,Not Active
2026/08/11 11:18:52.445,387.88,450.00,2655,10251,77,100,63,22528,P2,Active,Not Active,Not Active,Not Active
2026/08/11 11:18:52.950,414.50,450.00,2655,10251,70,99,100,22528,P2,Not Active,Not Active,Not Active,Not Active
2026/08/11 11:18:53.454,377.50,450.00,2655,10251,69,100,100,22528,P2,Not Active,Not Active,Not Active,Not Active
2026/08/11 11:18:53.957,388.41,450.00,2640,10251,78,100,64,22528,P2,Not Active,Not Active,Not Active,Not Active
2026/08/11 11:18:54.497,390.59,450.00,2655,10251,69,100,100,22528,P2,Not Active,Not Active,Not Active,Not Active
2026/08/11 11:18:55.000,340.35,450.00,2655,10251,69,100,100,22528,P2,Not Active,Not Active,Not Active,Not Active
2026/08/11 11:18:55.503,334.38,450.00,2655,10251,69,100,100,22528,P2,Not Active,Not Active,Not Active,Not Active
2026/08/11 11:18:56.007,359.21,450.00,2655,10251,73,100,68,22528,P2,Not Active,Not Active,Not Active,Not Active
2026/08/11 11:18:56.517,408.81,450.00,2655,10251,77,100,64,22528,P2,Active,Not Active,Not Active,Not Active
2026/08/11 11:18:57.019,410.11,450.00,2655,10251,70,98,94,22528,P2,Not Active,Not Active,Not Active,Not Active
2026/08/11 11:18:57.522,379.24,450.00,2655,10251,70,100,100,22528,P2,Not Active,Not Active,Not Active,Not Active
2026/08/11 11:18:58.027,359.00,450.00,2655,10251,69,100,100,22528,P2,Not Active,Not Active,Not Active,Not Active
2026/08/11 11:18:58.530,338.96,450.00,2655,10251,69,100,100,22528,P2,Not Active,Not Active,Not Active,Not Active
2026/08/11 11:18:59.033,353.18,450.00,2655,10251,69,100,100,22528,P2,Active,Not Active,Not Active,Not Active
2026/08/11 11:18:59.536,366.37,450.00,2655,10251,70,100,100,22528,P2,Not Active,Not Active,Not Active,Not Active
2026/08/11 11:19:00.041,385.94,450.00,2655,10251,69,100,83,22528,P2,Active,Not Active,Not Active,Not Active
2026/08/11 11:19:00.582,408.24,450.00,2655,10251,77,100,71,22528,P2,Not Active,Not Active,Not Active,Not Active
2026/08/11 11:19:01.090,385.42,450.00,2655,10251,69,100,100,22528,P2,Not Active,Not Active,Not Active,Not Active
2026/08/11 11:19:01.593,337.11,450.00,2655,10251,69,100,100,22528,P2,Not Active,Not Active,Not Active,Not Active
2026/08/11 11:19:02.096,369.47,450.00,2655,10251,69,100,63,22528,P2,Active,Not Active,Not Active,Not Active
2026/08/11 11:19:02.599,391.44,450.00,2640,10251,78,100,100,22528,P2,Not Active,Not Active,Not Active,Not Active
2026/08/11 11:19:03.102,371.61,450.00,2655,10251,69,100,100,22528,P2,Not Active,Not Active,Not Active,Not Active
2026/08/11 11:19:03.609,337.68,450.00,2655,10251,69,100,100,22528,P2,Not Active,Not Active,Not Active,Not Active
2026/08/11 11:19:04.112,383.17,450.00,2655,10251,73,100,63,22528,P2,Active,Not Active,Not Active,Not Active
2026/08/11 11:19:04.616,414.95,450.00,2655,10251,78,100,94,22528,P2,Not Active,Not Active,Not Active,Not Active
2026/08/11 11:19:05.119,390.10,450.00,2655,10251,69,100,83,22525,P2,Not Active,Not Active,Not Active,Not Active
2026/08/11 11:19:05.623,385.11,450.00,2655,10251,77,100,70,22525,P2,Not Active,Not Active,Not Active,Not Active
2026/08/11 11:19:06.130,385.24,450.00,2655,10251,69,100,100,22525,P2,Not Active,Not Active,Not Active,Not Active
2026/08/11 11:19:06.633,337.28,450.00,2655,10251,69,100,100,22525,P2,Not Active,Not Active,Not Active,Not Active
2026/08/11 11:19:07.139,338.56,450.00,2655,10251,69,100,100,22525,P2,Not Active,Not Active,Not Active,Not Active
2026/08/11 11:19:07.643,365.96,450.00,2655,10251,69,100,63,22525,P2,Not Active,Not Active,Not Active,Not Active
2026/08/11 11:19:08.152,394.64,450.00,2655,10251,69,100,64,22525,P2,Active,Not Active,Not Active,Not Active
2026/08/11 11:19:08.655,395.92,450.00,2640,10251,77,100,100,22525,P2,Not Active,Not Active,Not Active,Not Active
2026/08/11 11:19:09.182,384.37,450.00,2655,10251,77,100,100,22525,P2,Not Active,Not Active,Not Active,Not Active
2026/08/11 11:19:09.687,357.83,450.00,2655,10251,69,100,100,22525,P2,Not Active,Not Active,Not Active,Not Active
2026/08/11 11:19:10.190,336.21,450.00,2655,10251,69,100,100,22528,P2,Not Active,Not Active,Not Active,Not Active
2026/08/11 11:19:10.694,360.18,450.00,2655,10251,68,100,100,22528,P2,Not Active,Not Active,Not Active,Not Active
2026/08/11 11:19:11.197,361.92,450.00,2655,10251,69,100,100,22528,P2,Not Active,Not Active,Not Active,Not Active
2026/08/11 11:19:11.701,355.32,450.00,2655,10251,69,100,76,22528,P2,Active,Not Active,Not Active,Not Active
2026/08/11 11:19:12.206,413.07,450.00,2655,10251,77,100,63,22527,P2,Not Active,Not Active,Not Active,Not Active
2026/08/11 11:19:12.760,409.84,450.00,2655,10251,69,100,100,22527,P2,Not Active,Not Active,Not Active,Not Active
2026/08/11 11:19:13.266,351.17,450.00,2655,10251,69,100,100,22527,P2,Not Active,Not Active,Not Active,Not Active
2026/08/11 11:19:13.799,396.76,450.00,2655,10251,71,100,68,22527,P2,Not Active,Not Active,Not Active,Not Active
2026/08/11 11:19:14.309,391.71,450.00,2655,10251,69,100,100,22527,P2,Not Active,Not Active,Not Active,Not Active
2026/08/11 11:19:14.812,339.17,450.00,2655,10251,69,100,100,22527,P2,Not Active,Not Active,Not Active,Not Active
2026/08/11 11:19:15.316,335.81,450.00,2655,10251,68,100,100,22528,P2,Not Active,Not Active,Not Active,Not Active
2026/08/11 11:19:15.821,369.74,450.00,2655,10251,77,100,61,22528,P2,Active,Not Active,Not Active,Not Active
2026/08/11 11:19:16.325,411.41,450.00,2655,10251,70,100,100,22528,P2,Not Active,Not Active,Not Active,Not Active
2026/08/11 11:19:16.828,414.33,450.00,2655,10251,70,100,72,22528,P2,Not Active,Not Active,Not Active,Not Active
2026/08/11 11:19:17.332,362.60,450.00,2655,10251,69,100,100,22524,P2,Not Active,Not Active,Not Active,Not Active
2026/08/11 11:19:17.836,338.13,450.00,2655,10251,69,100,100,22524,P2,Not Active,Not Active,Not Active,Not Active
2026/08/11 11:19:18.340,338.61,450.00,2655,10251,69,100,100,22524,P2,Not Active,Not Active,Not Active,Not Active
2026/08/11 11:19:18.845,339.22,450.00,2655,10251,69,100,100,22524,P2,Active,Not Active,Not Active,Not Active
2026/08/11 11:19:19.348,365.93,450.00,2655,10251,69,100,100,22524,P2,Not Active,Not Active,Not Active,Not Active
2026/08/11 11:19:19.852,414.46,450.00,2640,10251,78,100,63,22524,P2,Active,Not Active,Not Active,Not Active
2026/08/11 11:19:20.356,410.41,450.00,2655,10251,69,100,100,22533,P2,Not Active,Not Active,Not Active,Not Active
2026/08/11 11:19:20.861,370.61,450.00,2655,10251,69,100,100,22533,P2,Not Active,Not Active,Not Active,Not Active
2026/08/11 11:19:21.365,334.76,450.00,2655,10251,69,100,100,22533,P2,Not Active,Not Active,Not Active,Not Active
2026/08/11 11:19:21.868,342.99,450.00,2655,10251,69,100,100,22533,P2,Active,Not Active,Not Active,Not Active
2026/08/11 11:19:22.416,390.86,450.00,2640,10251,71,100,88,22533,P2,Not Active,Not Active,Not Active,Not Active
2026/08/11 11:19:22.925,386.05,450.00,2655,10251,69,100,100,22533,P2,Not Active,Not Active,Not Active,Not Active
2026/08/11 11:19:23.428,350.02,450.00,2655,10251,69,100,100,22533,P2,Active,Not Active,Not Active,Not Active
2026/08/11 11:19:23.947,409.06,450.00,2655,10251,77,100,63,22533,P2,Not Active,Not Active,Not Active,Not Active
2026/08/11 11:19:24.451,412.46,450.00,2655,10251,69,100,100,22533,P2,Not Active,Not Active,Not Active,Not Active
2026/08/11 11:19:24.954,354.17,450.00,2655,10251,69,100,100,22533,P2,Active,Not Active,Not Active,Not Active
2026/08/11 11:19:25.494,391.00,450.00,2655,10251,77,100,91,22523,P2,Not Active,Not Active,Not Active,Not Active
2026/08/11 11:19:26.002,384.43,450.00,2655,10251,69,100,100,22523,P2,Not Active,Not Active,Not Active,Not Active
2026/08/11 11:19:26.505,335.88,450.00,2655,10251,69,100,100,22523,P2,Not Active,Not Active,Not Active,Not Active
2026/08/11 11:19:27.009,338.23,450.00,2655,10251,69,100,100,22522,P2,Not Active,Not Active,Not Active,Not Active
2026/08/11 11:19:27.512,372.55,450.00,2655,10251,76,100,73,22522,P2,Active,Not Active,Not Active,Not Active
2026/08/11 11:19:28.016,421.52,450.00,2655,10251,78,100,75,22522,P2,Not Active,Not Active,Not Active,Not Active
2026/08/11 11:19:28.523,411.63,450.00,2655,10251,76,100,87,22522,P2,Not Active,Not Active,Not Active,Not Active
2026/08/11 11:19:29.026,362.89,450.00,2655,10251,69,100,100,22522,P2,Not Active,Not Active,Not Active,Not Active
2026/08/11 11:19:29.531,338.43,450.00,2655,10251,69,100,100,22522,P2,Not Active,Not Active,Not Active,Not Active
2026/08/11 11:19:30.035,337.42,450.00,2655,10251,69,100,100,22523,P2,Not Active,Not Active,Not Active,Not Active
2026/08/11 11:19:30.539,341.28,450.00,2655,10251,68,100,88,22523,P2,Active,Not Active,Not Active,Not Active
2026/08/11 11:19:31.093,360.57,450.00,2655,10251,70,100,100,22523,P2,Not Active,Not Active,Not Active,Not Active
2026/08/11 11:19:31.600,410.51,450.00,2655,10251,76,100,64,22523,P2,Active,Not Active,Not Active,Not Active
2026/08/11 11:19:32.104,413.19,450.00,2640,10251,78,100,100,22523,P2,Not Active,Not Active,Not Active,Not Active
2026/08/11 11:19:32.608,370.52,450.00,2655,10251,69,100,100,22523,P2,Not Active,Not Active,Not Active,Not Active
2026/08/11 11:19:33.111,338.55,450.00,2655,10251,69,100,100,22523,P2,Not Active,Not Active,Not Active,Not Active
2026/08/11 11:19:33.616,365.67,450.00,2655,10251,69,100,78,22523,P2,Active,Not Active,Not Active,Not Active
2026/08/11 11:19:34.120,391.16,450.00,2640,10251,78,100,100,22523,P2,Not Active,Not Active,Not Active,Not Active
2026/08/11 11:19:34.624,376.32,450.00,2655,10251,69,100,100,22523,P2,Not Active,Not Active,Not Active,Not Active
2026/08/11 11:19:35.128,343.67,450.00,2655,10251,69,100,87,22524,P2,Not Active,Not Active,Not Active,Not Active
2026/08/11 11:19:35.632,397.55,450.00,2655,10251,76,100,62,22524,P2,Active,Not Active,Not Active,Not Active
2026/08/11 11:19:36.141,409.01,450.00,2655,10251,71,100,100,22524,P2,Not Active,Not Active,Not Active,Not Active
2026/08/11 11:19:36.644,363.49,450.00,2655,10251,69,100,100,22524,P2,Active,Not Active,Not Active,Not Active
2026/08/11 11:19:37.172,390.14,450.00,2655,10251,77,100,87,22520,P2,Not Active,Not Active,Not Active,Not Active
2026/08/11 11:19:37.677,386.09,450.00,2655,10251,69,100,100,22520,P2,Not Active,Not Active,Not Active,Not Active
2026/08/11 11:19:38.180,338.09,450.00,2655,10251,69,100,100,22520,P2,Not Active,Not Active,Not Active,Not Active
2026/08/11 11:19:38.683,338.09,450.00,2655,10251,69,100,100,22520,P2,Not Active,Not Active,Not Active,Not Active
2026/08/11 11:19:39.187,369.07,450.00,2655,10251,68,100,86,22520,P2,Not Active,Not Active,Not Active,Not Active
2026/08/11 11:19:39.691,422.14,450.00,2655,10251,77,100,90,22520,P2,Not Active,Not Active,Not Active,Not Active
2026/08/11 11:19:40.203,410.90,450.00,2655,10251,70,100,62,22528,P2,Not Active,Not Active,Not Active,Not Active
2026/08/11 11:19:40.744,357.08,450.00,2655,10251,69,100,100,22528,P2,Not Active,Not Active,Not Active,Not Active
2026/08/11 11:19:41.247,336.81,450.00,2655,10251,68,99,100,22528,P2,Not Active,Not Active,Not Active,Not Active
2026/08/11 11:19:41.751,337.13,450.00,2655,10251,69,100,100,22528,P2,Not Active,Not Active,Not Active,Not Active
2026/08/11 11:19:42.256,365.52,450.00,2655,10251,71,100,74,22524,P2,Not Active,Not Active,Not Active,Not Active
2026/08/11 11:19:42.786,365.80,450.00,2655,10251,69,100,100,22524,P2,Not Active,Not Active,Not Active,Not Active
2026/08/11 11:19:43.289,388.54,450.00,2655,10251,78,100,64,22524,P2,Active,Not Active,Not Active,Not Active
2026/08/11 11:19:43.795,413.13,450.00,2655,10251,70,100,100,22524,P2,Not Active,Not Active,Not Active,Not Active
2026/08/11 11:19:44.298,374.99,450.00,2655,10251,69,100,100,22524,P2,Not Active,Not Active,Not Active,Not Active
2026/08/11 11:19:44.801,338.04,450.00,2655,10251,69,100,100,22524,P2,Not Active,Not Active,Not Active,Not Active
2026/08/11 11:19:45.304,383.64,450.00,2655,10251,77,100,62,22528,P2,Active,Not Active,Not Active,Not Active
2026/08/11 11:19:45.807,385.21,450.00,2655,10251,69,100,100,22528,P2,Not Active,Not Active,Not Active,Not Active
2026/08/11 11:19:46.312,351.03,450.00,2655,10251,69,100,100,22528,P2,Not Active,Not Active,Not Active,Not Active
2026/08/11 11:19:46.815,339.79,450.00,2655,10251,68,100,100,22528,P2,Not Active,Not Active,Not Active,Not Active
2026/08/11 11:19:47.318,399.05,450.00,2655,10251,78,100,63,22524,P2,Active,Not Active,Not Active,Not Active
2026/08/11 11:19:47.821,414.70,450.00,2655,10251,69,100,100,22524,P2,Not Active,Not Active,Not Active,Not Active
2026/08/11 11:19:48.326,393.00,450.00,2655,10251,77,100,64,22527,P2,Active,Not Active,Not Active,Not Active
2026/08/11 11:19:48.831,390.44,450.00,2655,10251,70,100,100,22527,P2,Not Active,Not Active,Not Active,Not Active
2026/08/11 11:19:49.336,375.65,450.00,2655,10251,69,100,100,22524,P2,Not Active,Not Active,Not Active,Not Active
2026/08/11 11:19:49.839,338.60,450.00,2655,10251,69,100,100,22524,P2,Not Active,Not Active,Not Active,Not Active
2026/08/11 11:19:50.342,335.86,450.00,2655,10251,68,100,100,22528,P2,Not Active,Not Active,Not Active,Not Active
2026/08/11 11:19:50.886,360.18,450.00,2655,10251,69,100,100,22528,P2,Not Active,Not Active,Not Active,Not Active
2026/08/11 11:19:51.390,413.23,450.00,2655,10251,77,100,64,22528,P2,Not Active,Not Active,Not Active,Not Active
2026/08/11 11:19:51.947,413.49,450.00,2655,10251,77,100,77,22528,P2,Not Active,Not Active,Not Active,Not Active
2026/08/11 11:19:52.455,368.99,450.00,2655,10251,69,100,100,22528,P2,Not Active,Not Active,Not Active,Not Active
2026/08/11 11:19:52.958,343.21,450.00,2655,10251,69,100,100,22528,P2,Not Active,Not Active,Not Active,Not Active
2026/08/11 11:19:53.461,346.54,450.00,2655,10251,69,100,100,22528,P2,Active,Not Active,Not Active,Not Active
2026/08/11 11:19:53.973,366.13,450.00,2655,10251,69,100,100,22528,P2,Not Active,Not Active,Not Active,Not Active
2026/08/11 11:19:54.476,357.99,450.00,2655,10251,69,100,100,22528,P2,Not Active,Not Active,Not Active,Not Active
2026/08/11 11:19:54.979,383.53,450.00,2640,10251,77,100,63,22528,P2,Not Active,Not Active,Not Active,Not Active
2026/08/11 11:19:55.483,408.86,450.00,2655,10251,77,100,100,22528,P2,Not Active,Not Active,Not Active,Not Active
2026/08/11 11:19:55.986,373.01,450.00,2655,10251,69,100,100,22528,P2,Not Active,Not Active,Not Active,Not Active
2026/08/11 11:19:56.492,358.66,450.00,2655,10251,69,100,65,22528,P2,Active,Not Active,Not Active,Not Active
2026/08/11 11:19:56.995,391.51,450.00,2640,10251,78,100,97,22528,P2,Not Active,Not Active,Not Active,Not Active
2026/08/11 11:19:57.498,381.66,450.00,2655,10251,69,100,100,22528,P2,Not Active,Not Active,Not Active,Not Active
2026/08/11 11:19:58.002,338.89,450.00,2655,10251,69,100,100,22528,P2,Not Active,Not Active,Not Active,Not Active
2026/08/11 11:19:58.506,338.81,450.00,2655,10251,69,100,100,22528,P2,Not Active,Not Active,Not Active,Not Active
2026/08/11 11:19:59.010,395.42,450.00,2640,10251,77,100,63,22528,P2,Active,Not Active,Not Active,Not Active
2026/08/11 11:19:59.514,417.74,450.00,2655,10251,71,100,100,22528,P2,Not Active,Not Active,Not Active,Not Active
2026/08/11 11:20:00.062,381.75,450.00,2655,10251,71,100,100,22528,P2,Not Active,Not Active,Not Active,Not Active
2026/08/11 11:20:00.572,355.39,450.00,2655,10251,69,100,100,22528,P2,Not Active,Not Active,Not Active,Not Active
2026/08/11 11:20:01.075,333.08,450.00,2655,10251,69,100,100,22528,P2,Not Active,Not Active,Not Active,Not Active
2026/08/11 11:20:01.578,337.03,450.00,2655,10251,69,100,100,22527,P2,Not Active,Not Active,Not Active,Not Active
2026/08/11 11:20:02.082,365.52,450.00,2655,10251,69,100,65,22527,P2,Not Active,Not Active,Not Active,Not Active
2026/08/11 11:20:02.586,382.76,450.00,2655,10251,69,100,95,22527,P2,Active,Not Active,Not Active,Not Active
2026/08/11 11:20:03.090,424.26,450.00,2655,10251,77,100,67,22527,P2,Not Active,Not Active,Not Active,Not Active
2026/08/11 11:20:03.622,408.20,450.00,2655,10251,70,100,100,22527,P2,Not Active,Not Active,Not Active,Not Active
2026/08/11 11:20:04.128,349.13,450.00,2655,10251,69,100,100,22527,P2,Not Active,Not Active,Not Active,Not Active
2026/08/11 11:20:04.631,339.07,450.00,2655,10251,69,100,100,22527,P2,Not Active,Not Active,Not Active,Not Active
2026/08/11 11:20:05.135,374.18,450.00,2655,10251,68,100,62,22523,P2,Active,Not Active,Not Active,Not Active
2026/08/11 11:20:05.639,387.83,450.00,2655,10251,74,100,100,22529,P2,Not Active,Not Active,Not Active,Not Active
2026/08/11 11:20:06.142,363.13,450.00,2655,10251,69,100,100,22529,P2,Not Active,Not Active,Not Active,Not Active
2026/08/11 11:20:06.647,365.01,450.00,2655,10251,69,100,76,22529,P2,Active,Not Active,Not Active,Not Active
2026/08/11 11:20:07.151,413.46,450.00,2655,10251,77,100,86,22529,P2,Not Active,Not Active,Not Active,Not Active
2026/08/11 11:20:07.654,397.17,450.00,2655,10251,69,100,100,22529,P2,Not Active,Not Active,Not Active,Not Active
2026/08/11 11:20:08.157,353.29,450.00,2655,10251,69,100,79,22529,P2,Active,Not Active,Not Active,Not Active
2026/08/11 11:20:08.664,390.50,450.00,2640,10251,77,100,100,22529,P2,Not Active,Not Active,Not Active,Not Active
2026/08/11 11:20:09.175,376.43,450.00,2655,10251,69,100,100,22529,P2,Not Active,Not Active,Not Active,Not Active
2026/08/11 11:20:09.679,338.87,450.00,2655,10251,69,100,100,22529,P2,Not Active,Not Active,Not Active,Not Active
2026/08/11 11:20:10.184,337.67,450.00,2655,10251,69,100,100,22533,P2,Not Active,Not Active,Not Active,Not Active
2026/08/11 11:20:10.689,384.89,450.00,2655,10251,74,100,62,22522,P2,Not Active,Not Active,Not Active,Not Active
2026/08/11 11:20:11.192,411.20,450.00,2655,10251,77,100,100,22522,P2,Not Active,Not Active,Not Active,Not Active
2026/08/11 11:20:11.696,398.95,450.00,2655,10251,73,100,100,22522,P2,Not Active,Not Active,Not Active,Not Active
2026/08/11 11:20:12.200,362.89,450.00,2655,10251,69,100,100,22521,P2,Not Active,Not Active,Not Active,Not Active
2026/08/11 11:20:12.705,338.49,450.00,2655,10251,69,100,100,22521,P2,Not Active,Not Active,Not Active,Not Active
2026/08/11 11:20:13.208,338.88,450.00,2655,10251,69,100,100,22521,P2,Not Active,Not Active,Not Active,Not Active
2026/08/11 11:20:13.711,365.67,450.00,2655,10251,69,100,64,22521,P2,Not Active,Not Active,Not Active,Not Active
2026/08/11 11:20:14.267,381.27,450.00,2655,10251,76,100,76,22521,P2,Active,Not Active,Not Active,Not Active
2026/08/11 11:20:14.771,413.69,450.00,2655,10251,78,100,64,22521,P2,Not Active,Not Active,Not Active,Not Active
2026/08/11 11:20:15.275,407.34,450.00,2655,10251,69,100,100,22522,P2,Not Active,Not Active,Not Active,Not Active
2026/08/11 11:20:15.778,345.59,450.00,2655,10251,69,100,100,22522,P2,Not Active,Not Active,Not Active,Not Active
2026/08/11 11:20:16.283,335.24,450.00,2655,10251,68,100,100,22522,P2,Not Active,Not Active,Not Active,Not Active
2026/08/11 11:20:16.786,383.27,450.00,2640,10251,77,100,63,22522,P2,Active,Not Active,Not Active,Not Active
2026/08/11 11:20:17.291,391.13,450.00,2655,10251,69,100,100,22518,P2,Not Active,Not Active,Not Active,Not Active
2026/08/11 11:20:17.836,358.58,450.00,2655,10251,68,100,100,22518,P2,Not Active,Not Active,Not Active,Not Active
2026/08/11 11:20:18.340,364.52,450.00,2655,10251,77,100,63,22518,P2,Active,Not Active,Not Active,Not Active
2026/08/11 11:20:18.845,414.30,450.00,2655,10251,72,100,63,22518,P2,Not Active,Not Active,Not Active,Not Active
2026/08/11 11:20:19.373,387.49,450.00,2655,10251,69,100,100,22518,P2,Not Active,Not Active,Not Active,Not Active
2026/08/11 11:20:19.876,374.90,450.00,2640,10251,77,100,63,22522,P2,Not Active,Not Active,Not Active,Not Active
2026/08/11 11:20:20.416,385.80,450.00,2655,10251,69,100,100,22527,P2,Not Active,Not Active,Not Active,Not Active
2026/08/11 11:20:20.920,359.41,450.00,2655,10251,69,100,100,22527,P2,Not Active,Not Active,Not Active,Not Active
2026/08/11 11:20:21.425,335.58,450.00,2655,10251,69,100,100,22527,P2,Not Active,Not Active,Not Active,Not Active
2026/08/11 11:20:21.929,349.13,450.00,2655,10251,69,100,89,22527,P2,Active,Not Active,Not Active,Not Active
2026/08/11 11:20:22.457,398.64,450.00,2655,10251,75,100,64,22527,P2,Active,Not Active,Not Active,Not Active
2026/08/11 11:20:22.965,411.10,450.00,2655,10251,70,100,100,22527,P2,Not Active,Not Active,Not Active,Not Active
2026/08/11 11:20:23.495,391.58,450.00,2655,10251,71,100,100,22527,P2,Not Active,Not Active,Not Active,Not Active
2026/08/11 11:20:24.000,363.01,450.00,2655,10251,69,100,100,22527,P2,Not Active,Not Active,Not Active,Not Active
2026/08/11 11:20:24.504,338.42,450.00,2655,10251,68,100,100,22527,P2,Not Active,Not Active,Not Active,Not Active
2026/08/11 11:20:25.008,340.15,450.00,2655,10251,69,100,100,22527,P2,Not Active,Not Active,Not Active,Not Active
2026/08/11 11:20:25.535,361.83,450.00,2655,10251,72,99,100,22527,P2,Not Active,Not Active,Not Active,Not Active
2026/08/11 11:20:26.043,368.57,450.00,2655,10251,68,100,100,22527,P2,Active,Not Active,Not Active,Not Active
2026/08/11 11:20:26.547,404.15,450.00,2655,10251,78,100,63,22527,P2,Not Active,Not Active,Not Active,Not Active
2026/08/11 11:20:27.050,413.56,450.00,2655,10251,70,100,100,22527,P2,Not Active,Not Active,Not Active,Not Active
2026/08/11 11:20:27.554,345.79,450.00,2655,10251,69,100,100,22527,P2,Not Active,Not Active,Not Active,Not Active
2026/08/11 11:20:28.058,358.27,450.00,2655,10251,69,100,70,22527,P2,Active,Not Active,Not Active,Not Active
2026/08/11 11:20:28.567,391.23,450.00,2640,10251,77,100,92,22527,P2,Not Active,Not Active,Not Active,Not Active
2026/08/11 11:20:29.071,383.77,450.00,2655,10251,69,100,100,22527,P2,Not Active,Not Active,Not Active,Not Active
2026/08/11 11:20:29.574,338.54,450.00,2655,10251,69,100,100,22527,P2,Not Active,Not Active,Not Active,Not Active
2026/08/11 11:20:30.079,374.02,450.00,2655,10251,69,100,61,22527,P2,Active,Not Active,Not Active,Not Active
2026/08/11 11:20:30.583,418.27,450.00,2655,10251,77,100,69,22527,P2,Not Active,Not Active,Not Active,Not Active
2026/08/11 11:20:31.086,389.20,450.00,2655,10251,69,100,100,22527,P2,Not Active,Not Active,Not Active,Not Active
2026/08/11 11:20:31.589,389.32,450.00,2655,10251,77,100,64,22527,P2,Not Active,Not Active,Not Active,Not Active
2026/08/11 11:20:32.105,390.74,450.00,2655,10251,70,100,100,22527,P2,Not Active,Not Active,Not Active,Not Active
2026/08/11 11:20:32.611,345.67,450.00,2655,10251,69,100,100,22527,P2,Not Active,Not Active,Not Active,Not Active
2026/08/11 11:20:33.114,338.76,450.00,2655,10251,69,100,100,22527,P2,Not Active,Not Active,Not Active,Not Active
2026/08/11 11:20:33.619,365.17,450.00,2655,10251,69,100,78,22527,P2,Not Active,Not Active,Not Active,Not Active
2026/08/11 11:20:34.134,384.45,450.00,2655,10251,70,100,71,22527,P2,Active,Not Active,Not Active,Not Active
2026/08/11 11:20:34.639,400.60,450.00,2640,10251,77,100,93,22527,P2,Not Active,Not Active,Not Active,Not Active
2026/08/11 11:20:35.193,391.98,450.00,2655,10251,76,100,100,22524,P2,Not Active,Not Active,Not Active,Not Active
2026/08/11 11:20:35.702,357.80,450.00,2655,10251,69,100,100,22524,P2,Not Active,Not Active,Not Active,Not Active
2026/08/11 11:20:36.205,334.31,450.00,2655,10251,69,100,100,22524,P2,Not Active,Not Active,Not Active,Not Active
2026/08/11 11:20:36.710,364.91,450.00,2655,10251,68,100,84,22527,P2,Not Active,Not Active,Not Active,Not Active
2026/08/11 11:20:37.215,365.98,450.00,2655,10251,70,100,100,22527,P2,Not Active,Not Active,Not Active,Not Active
2026/08/11 11:20:37.719,345.51,450.00,2655,10251,69,100,94,22524,P2,Active,Not Active,Not Active,Not Active
2026/08/11 11:20:38.271,413.21,450.00,2655,10251,78,100,68,22524,P2,Not Active,Not Active,Not Active,Not Active
2026/08/11 11:20:38.823,407.80,450.00,2655,10251,69,100,100,22524,P2,Not Active,Not Active,Not Active,Not Active
2026/08/11 11:20:39.326,348.80,450.00,2655,10251,69,100,100,22524,P2,Active,Not Active,Not Active,Not Active
2026/08/11 11:20:39.870,396.66,450.00,2640,10251,78,100,93,22524,P2,Not Active,Not Active,Not Active,Not Active
2026/08/11 11:20:40.384,388.41,450.00,2655,10251,69,100,100,22527,P2,Not Active,Not Active,Not Active,Not Active
2026/08/11 11:20:40.888,333.87,450.00,2655,10251,68,100,100,22527,P2,Not Active,Not Active,Not Active,Not Active
2026/08/11 11:20:41.392,336.69,450.00,2655,10251,69,100,100,22527,P2,Not Active,Not Active,Not Active,Not Active
2026/08/11 11:20:41.896,378.58,450.00,2640,10251,77,100,63,22526,P2,Active,Not Active,Not Active,Not Active
2026/08/11 11:20:42.400,414.71,450.00,2640,10251,72,100,85,22526,P2,Not Active,Not Active,Not Active,Not Active
2026/08/11 11:20:42.903,404.79,450.00,2655,10251,75,100,98,22526,P2,Not Active,Not Active,Not Active,Not Active
2026/08/11 11:20:43.408,363.05,450.00,2655,10251,69,100,100,22526,P2,Not Active,Not Active,Not Active,Not Active
2026/08/11 11:20:43.911,338.71,450.00,2655,10251,69,100,100,22526,P2,Not Active,Not Active,Not Active,Not Active
2026/08/11 11:20:44.416,338.71,450.00,2655,10251,69,100,100,22526,P2,Not Active,Not Active,Not Active,Not Active
2026/08/11 11:20:44.919,341.71,450.00,2655,10251,69,100,99,22527,P2,Not Active,Not Active,Not Active,Not Active
2026/08/11 11:20:45.423,363.09,450.00,2655,10251,69,100,100,22527,P2,Not Active,Not Active,Not Active,Not Active
2026/08/11 11:20:45.926,409.24,450.00,2655,10251,77,100,63,22527,P2,Active,Not Active,Not Active,Not Active
2026/08/11 11:20:46.429,418.24,450.00,2655,10251,70,100,100,22527,P2,Not Active,Not Active,Not Active,Not Active
2026/08/11 11:20:46.933,377.20,450.00,2655,10251,69,100,100,22527,P2,Not Active,Not Active,Not Active,Not Active
2026/08/11 11:20:47.436,338.35,450.00,2655,10251,69,100,100,22527,P2,Not Active,Not Active,Not Active,Not Active
2026/08/11 11:20:47.940,346.45,450.00,2655,10251,69,100,91,22527,P2,Active,Not Active,Not Active,Not Active
2026/08/11 11:20:48.443,390.92,450.00,2640,10251,78,100,71,22527,P2,Not Active,Not Active,Not Active,Not Active
2026/08/11 11:20:48.946,383.31,450.00,2655,10251,69,100,100,22527,P2,Not Active,Not Active,Not Active,Not Active
2026/08/11 11:20:49.450,353.08,450.00,2655,10251,69,100,78,22527,P2,Active,Not Active,Not Active,Not Active
2026/08/11 11:20:49.962,411.14,450.00,2655,10251,78,100,63,22527,P2,Active,Not Active,Not Active,Not Active
2026/08/11 11:20:50.465,406.49,450.00,2655,10251,69,100,100,22533,P2,Not Active,Not Active,Not Active,Not Active
2026/08/11 11:20:50.970,346.26,450.00,2655,10251,69,100,100,22533,P2,Not Active,Not Active,Not Active,Not Active
2026/08/11 11:20:51.476,388.22,450.00,2640,10251,77,100,75,22533,P2,Not Active,Not Active,Not Active,Not Active
2026/08/11 11:20:51.981,390.45,450.00,2655,10251,69,100,100,22529,P2,Not Active,Not Active,Not Active,Not Active
2026/08/11 11:20:52.484,344.92,450.00,2655,10251,69,100,100,22529,P2,Not Active,Not Active,Not Active,Not Active
2026/08/11 11:20:52.987,338.86,450.00,2655,10251,69,100,100,22529,P2,Not Active,Not Active,Not Active,Not Active
2026/08/11 11:20:53.492,365.31,450.00,2655,10251,73,100,73,22529,P2,Not Active,Not Active,Not Active,Not Active
2026/08/11 11:20:53.995,415.18,450.00,2655,10251,77,100,64,22529,P2,Not Active,Not Active,Not Active,Not Active
2026/08/11 11:20:54.508,419.67,450.00,2655,10251,71,100,72,22529,P2,Not Active,Not Active,Not Active,Not Active
2026/08/11 11:20:55.059,362.39,450.00,2655,10251,69,100,100,22533,P2,Not Active,Not Active,Not Active,Not Active
2026/08/11 11:20:55.563,334.57,450.00,2655,10251,69,100,100,22522,P2,Not Active,Not Active,Not Active,Not Active
2026/08/11 11:20:56.066,333.62,450.00,2655,10251,68,100,100,22522,P2,Not Active,Not Active,Not Active,Not Active
2026/08/11 11:20:56.571,346.95,450.00,2655,10251,69,100,100,22522,P2,Active,Not Active,Not Active,Not Active
2026/08/11 11:20:57.086,366.15,450.00,2655,10251,75,100,100,22521,P2,Not Active,Not Active,Not Active,Not Active
2026/08/11 11:20:57.592,411.34,450.00,2655,10251,74,100,63,22521,P2,Active,Not Active,Not Active,Not Active
2026/08/11 11:20:58.095,413.63,450.00,2655,10251,78,100,100,22521,P2,Not Active,Not Active,Not Active,Not Active
2026/08/11 11:20:58.598,380.34,450.00,2655,10251,69,100,100,22521,P2,Not Active,Not Active,Not Active,Not Active
2026/08/11 11:20:59.102,338.82,450.00,2655,10251,69,100,100,22521,P2,Not Active,Not Active,Not Active,Not Active
2026/08/11 11:20:59.606,357.27,450.00,2655,10251,69,100,94,22521,P2,Active,Not Active,Not Active,Not Active
2026/08/11 11:21:00.111,389.96,450.00,2640,10251,77,100,100,22522,P2,Not Active,Not Active,Not Active,Not Active
2026/08/11 11:21:00.614,380.40,450.00,2655,10251,69,100,100,22522,P2,Not Active,Not Active,Not Active,Not Active
2026/08/11 11:21:01.118,334.10,450.00,2655,10251,69,100,100,22522,P2,Not Active,Not Active,Not Active,Not Active
2026/08/11 11:21:01.620,392.20,450.00,2640,10251,76,100,63,22522,P2,Active,Not Active,Not Active,Not Active
2026/08/11 11:21:02.124,414.25,450.00,2655,10251,78,100,100,22522,P2,Not Active,Not Active,Not Active,Not Active
2026/08/11 11:21:02.630,371.57,450.00,2655,10251,69,100,100,22522,P2,Active,Not Active,Not Active,Not Active
2026/08/11 11:21:03.183,395.45,450.00,2655,10251,77,100,71,22522,P2,Not Active,Not Active,Not Active,Not Active
2026/08/11 11:21:03.693,390.75,450.00,2655,10251,70,99,100,22522,P2,Not Active,Not Active,Not Active,Not Active
2026/08/11 11:21:04.196,339.14,450.00,2655,10251,69,100,100,22522,P2,Not Active,Not Active,Not Active,Not Active
2026/08/11 11:21:04.701,339.00,450.00,2655,10251,68,100,100,22522,P2,Not Active,Not Active,Not Active,Not Active
2026/08/11 11:21:05.205,363.34,450.00,2655,10251,69,100,68,22523,P2,Not Active,Not Active,Not Active,Not Active
2026/08/11 11:21:05.709,410.52,450.00,2655,10251,72,100,67,22523,P2,Not Active,Not Active,Not Active,Not Active
2026/08/11 11:21:06.265,410.76,450.00,2655,10251,73,100,81,22523,P2,Not Active,Not Active,Not Active,Not Active
2026/08/11 11:21:06.824,363.86,450.00,2655,10251,69,100,100,22523,P2,Not Active,Not Active,Not Active,Not Active
2026/08/11 11:21:07.330,342.08,450.00,2655,10251,69,100,100,22519,P2,Not Active,Not Active,Not Active,Not Active
2026/08/11 11:21:07.833,339.21,450.00,2655,10251,69,100,100,22519,P2,Not Active,Not Active,Not Active,Not Active
2026/08/11 11:21:08.336,366.43,450.00,2655,10251,77,100,75,22519,P2,Not Active,Not Active,Not Active,Not Active
2026/08/11 11:21:08.857,366.69,450.00,2655,10251,69,100,100,22519,P2,Not Active,Not Active,Not Active,Not Active
2026/08/11 11:21:09.360,393.51,450.00,2655,10251,77,100,63,22519,P2,Active,Not Active,Not Active,Not Active
2026/08/11 11:21:09.865,413.86,450.00,2655,10251,70,100,100,22519,P2,Not Active,Not Active,Not Active,Not Active
2026/08/11 11:21:10.370,368.26,450.00,2655,10251,69,100,100,22527,P2,Not Active,Not Active,Not Active,Not Active
2026/08/11 11:21:10.873,333.48,450.00,2655,10251,69,100,100,22527,P2,Not Active,Not Active,Not Active,Not Active
2026/08/11 11:21:11.376,386.22,450.00,2640,10251,77,100,63,22527,P2,Not Active,Not Active,Not Active,Not Active
2026/08/11 11:21:11.921,390.95,450.00,2655,10251,69,100,100,22527,P2,Not Active,Not Active,Not Active,Not Active
2026/08/11 11:21:12.426,353.15,450.00,2655,10251,69,100,100,22527,P2,Not Active,Not Active,Not Active,Not Active
2026/08/11 11:21:12.930,344.13,450.00,2655,10251,69,100,95,22527,P2,Active,Not Active,Not Active,Not Active
2026/08/11 11:21:13.460,415.30,450.00,2640,10251,78,100,66,22527,P2,Not Active,Not Active,Not Active,Not Active
2026/08/11 11:21:13.965,410.57,450.00,2655,10251,70,100,100,22527,P2,Not Active,Not Active,Not Active,Not Active
2026/08/11 11:21:14.468,393.39,450.00,2640,10251,77,100,63,22527,P2,Active,Not Active,Not Active,Not Active
2026/08/11 11:21:14.971,390.01,450.00,2655,10251,70,100,100,22527,P2,Not Active,Not Active,Not Active,Not Active
2026/08/11 11:21:15.474,355.94,450.00,2655,10251,69,100,100,22527,P2,Not Active,Not Active,Not Active,Not Active
2026/08/11 11:21:15.977,333.46,450.00,2655,10251,69,100,100,22527,P2,Not Active,Not Active,Not Active,Not Active
2026/08/11 11:21:16.481,349.11,450.00,2655,10251,69,100,87,22527,P2,Active,Not Active,Not Active,Not Active
2026/08/11 11:21:17.039,380.29,450.00,2640,10251,70,100,81,22527,P2,Active,Not Active,Not Active,Not Active
2026/08/11 11:21:17.547,407.26,450.00,2655,10251,78,100,84,22527,P2,Not Active,Not Active,Not Active,Not Active
2026/08/11 11:21:18.050,411.65,450.00,2655,10251,75,100,100,22527,P2,Not Active,Not Active,Not Active,Not Active
2026/08/11 11:21:18.553,363.08,450.00,2655,10251,69,100,100,22527,P2,Not Active,Not Active,Not Active,Not Active
2026/08/11 11:21:19.056,339.24,450.00,2655,10251,69,100,100,22527,P2,Not Active,Not Active,Not Active,Not Active
2026/08/11 11:21:19.559,363.25,450.00,2655,10251,69,100,83,22527,P2,Active,Not Active,Not Active,Not Active
2026/08/11 11:21:20.066,365.37,450.00,2655,10251,70,100,100,22527,P2,Not Active,Not Active,Not Active,Not Active
2026/08/11 11:21:20.569,350.14,450.00,2655,10251,69,100,100,22527,P2,Not Active,Not Active,Not Active,Not Active
2026/08/11 11:21:21.072,381.52,450.00,2655,10251,74,100,63,22527,P2,Active,Not Active,Not Active,Not Active
2026/08/11 11:21:21.575,412.56,450.00,2655,10251,78,100,100,22527,P2,Not Active,Not Active,Not Active,Not Active
2026/08/11 11:21:22.079,378.78,450.00,2655,10251,69,100,100,22527,P2,Not Active,Not Active,Not Active,Not Active
2026/08/11 11:21:22.585,365.79,450.00,2655,10251,69,100,79,22527,P2,Active,Not Active,Not Active,Not Active
2026/08/11 11:21:23.115,397.57,450.00,2640,10251,78,100,100,22527,P2,Not Active,Not Active,Not Active,Not Active
2026/08/11 11:21:23.618,378.01,450.00,2655,10251,69,100,100,22527,P2,Not Active,Not Active,Not Active,Not Active
2026/08/11 11:21:24.124,338.79,450.00,2655,10251,69,100,100,22527,P2,Not Active,Not Active,Not Active,Not Active
2026/08/11 11:21:24.627,340.40,450.00,2655,10251,69,100,100,22527,P2,Active,Not Active,Not Active,Not Active
2026/08/11 11:21:25.159,409.70,450.00,2655,10251,77,100,61,22527,P2,Active,Not Active,Not Active,Not Active
2026/08/11 11:21:25.666,423.68,450.00,2655,10251,74,100,74,22527,P2,Not Active,Not Active,Not Active,Not Active
2026/08/11 11:21:26.170,376.04,450.00,2655,10251,76,100,100,22527,P2,Not Active,Not Active,Not Active,Not Active
2026/08/11 11:21:26.674,359.13,450.00,2655,10251,69,100,100,22527,P2,Not Active,Not Active,Not Active,Not Active
2026/08/11 11:21:27.176,339.45,450.00,2655,10251,69,100,100,22527,P2,Not Active,Not Active,Not Active,Not Active
2026/08/11 11:21:27.682,339.26,450.00,2655,10251,69,100,100,22527,P2,Not Active,Not Active,Not Active,Not Active
2026/08/11 11:21:28.185,369.04,450.00,2655,10251,68,100,66,22527,P2,Not Active,Not Active,Not Active,Not Active
2026/08/11 11:21:28.716,388.79,450.00,2655,10251,70,100,63,22527,P2,Active,Not Active,Not Active,Not Active
2026/08/11 11:21:29.221,420.25,450.00,2655,10251,77,100,63,22527,P2,Not Active,Not Active,Not Active,Not Active
2026/08/11 11:21:29.771,391.86,450.00,2655,10251,69,100,100,22527,P2,Not Active,Not Active,Not Active,Not Active
2026/08/11 11:21:30.274,336.38,450.00,2655,10251,68,100,100,22527,P2,Not Active,Not Active,Not Active,Not Active
2026/08/11 11:21:30.779,333.80,450.00,2655,10251,68,100,100,22527,P2,Not Active,Not Active,Not Active,Not Active
2026/08/11 11:21:31.282,386.47,450.00,2640,10251,78,100,63,22527,P2,Not Active,Not Active,Not Active,Not Active
2026/08/11 11:21:31.785,391.73,450.00,2655,10251,69,100,100,22527,P2,Not Active,Not Active,Not Active,Not Active
2026/08/11 11:21:32.289,353.45,450.00,2655,10251,69,100,100,22527,P2,Not Active,Not Active,Not Active,Not Active
2026/08/11 11:21:32.793,382.79,450.00,2640,10251,78,100,63,22527,P2,Active,Not Active,Not Active,Not Active
2026/08/11 11:21:33.298,413.86,450.00,2655,10251,70,100,100,22527,P2,Not Active,Not Active,Not Active,Not Active
2026/08/11 11:21:33.802,382.02,450.00,2655,10251,69,100,100,22527,P2,Not Active,Not Active,Not Active,Not Active
2026/08/11 11:21:34.305,369.74,450.00,2640,10251,77,100,63,22527,P2,Active,Not Active,Not Active,Not Active
2026/08/11 11:21:34.809,390.65,450.00,2655,10251,69,100,100,22527,P2,Not Active,Not Active,Not Active,Not Active
2026/08/11 11:21:35.312,369.45,450.00,2655,10251,69,100,100,22529,P2,Not Active,Not Active,Not Active,Not Active
2026/08/11 11:21:35.816,333.82,450.00,2655,10251,69,100,100,22529,P2,Not Active,Not Active,Not Active,Not Active
2026/08/11 11:21:36.320,338.30,450.00,2655,10251,69,100,99,22529,P2,Active,Not Active,Not Active,Not Active
2026/08/11 11:21:36.835,406.20,450.00,2655,10251,77,100,64,22529,P2,Active,Not Active,Not Active,Not Active
2026/08/11 11:21:37.340,424.33,450.00,2655,10251,69,100,100,22525,P2,Active,Not Active,Not Active,Not Active
2026/08/11 11:21:37.892,384.87,450.00,2655,10251,69,100,100,22525,P2,Not Active,Not Active,Not Active,Not Active
2026/08/11 11:21:38.400,362.91,450.00,2655,10251,69,100,100,22525,P2,Not Active,Not Active,Not Active,Not Active
2026/08/11 11:21:38.904,339.54,450.00,2655,10251,69,100,100,22525,P2,Not Active,Not Active,Not Active,Not Active
2026/08/11 11:21:39.407,339.45,450.00,2655,10251,69,100,100,22525,P2,Not Active,Not Active,Not Active,Not Active
2026/08/11 11:21:39.910,369.30,450.00,2655,10251,77,100,94,22529,P2,Not Active,Not Active,Not Active,Not Active
2026/08/11 11:21:40.414,380.92,450.00,2655,10251,71,100,90,22522,P2,Not Active,Not Active,Not Active,Not Active
2026/08/11 11:21:40.919,408.46,450.00,2655,10251,77,100,65,22522,P2,Not Active,Not Active,Not Active,Not Active
2026/08/11 11:21:41.454,394.17,450.00,2655,10251,69,100,100,22522,P2,Not Active,Not Active,Not Active,Not Active
2026/08/11 11:21:41.958,338.80,450.00,2655,10251,69,99,100,22521,P2,Not Active,Not Active,Not Active,Not Active
2026/08/11 11:21:42.461,339.59,450.00,2655,10251,69,100,100,22521,P2,Not Active,Not Active,Not Active,Not Active
2026/08/11 11:21:42.965,391.35,450.00,2640,10251,77,100,64,22521,P2,Not Active,Not Active,Not Active,Not Active
2026/08/11 11:21:43.500,392.02,450.00,2655,10251,69,100,100,22521,P2,Not Active,Not Active,Not Active,Not Active
2026/08/11 11:21:44.003,343.25,450.00,2655,10251,69,100,100,22521,P2,Not Active,Not Active,Not Active,Not Active
2026/08/11 11:21:44.507,381.07,450.00,2655,10251,76,100,63,22521,P2,Active,Not Active,Not Active,Not Active
2026/08/11 11:21:45.011,414.26,450.00,2655,10251,78,100,90,22522,P2,Not Active,Not Active,Not Active,Not Active
2026/08/11 11:21:45.516,381.58,450.00,2655,10251,69,100,100,22522,P2,Not Active,Not Active,Not Active,Not Active
2026/08/11 11:21:46.019,372.86,450.00,2655,10251,75,100,64,22522,P2,Active,Not Active,Not Active,Not Active
2026/08/11 11:21:46.562,390.07,450.00,2655,10251,70,100,100,22522,P2,Not Active,Not Active,Not Active,Not Active
2026/08/11 11:21:47.065,352.85,450.00,2655,10251,69,100,100,22522,P2,Not Active,Not Active,Not Active,Not Active
2026/08/11 11:21:47.568,338.92,450.00,2655,10251,69,100,100,22522,P2,Not Active,Not Active,Not Active,Not Active
2026/08/11 11:21:48.073,363.47,450.00,2655,10251,69,100,63,22525,P2,Not Active,Not Active,Not Active,Not Active
2026/08/11 11:21:48.578,403.79,450.00,2655,10251,69,100,64,22525,P2,Active,Not Active,Not Active,Not Active
2026/08/11 11:21:49.082,412.05,450.00,2655,10251,72,100,86,22522,P2,Not Active,Not Active,Not Active,Not Active
2026/08/11 11:21:49.587,387.12,450.00,2655,10251,74,100,100,22522,P2,Not Active,Not Active,Not Active,Not Active
2026/08/11 11:21:50.091,362.64,450.00,2655,10251,69,100,100,22527,P2,Not Active,Not Active,Not Active,Not Active
2026/08/11 11:21:50.596,335.18,450.00,2655,10251,68,100,100,22527,P2,Not Active,Not Active,Not Active,Not Active
2026/08/11 11:21:51.099,339.29,450.00,2655,10251,69,100,97,22527,P2,Active,Not Active,Not Active,Not Active
2026/08/11 11:21:51.610,365.27,450.00,2640,10251,77,100,100,22527,P2,Not Active,Not Active,Not Active,Not Active
2026/08/11 11:21:52.161,387.81,450.00,2655,10251,69,100,79,22527,P2,Active,Not Active,Not Active,Not Active
2026/08/11 11:21:52.664,421.40,450.00,2655,10251,77,100,83,22527,P2,Not Active,Not Active,Not Active,Not Active
2026/08/11 11:21:53.209,400.11,450.00,2655,10251,70,100,100,22527,P2,Not Active,Not Active,Not Active,Not Active
2026/08/11 11:21:53.714,340.54,450.00,2655,10251,69,100,100,22527,P2,Not Active,Not Active,Not Active,Not Active
2026/08/11 11:21:54.217,363.71,450.00,2655,10251,69,100,82,22527,P2,Active,Not Active,Not Active,Not Active
2026/08/11 11:21:54.720,391.81,450.00,2640,10251,78,100,100,22527,P2,Not Active,Not Active,Not Active,Not Active
2026/08/11 11:21:55.223,377.45,450.00,2655,10251,69,100,100,22527,P2,Not Active,Not Active,Not Active,Not Active
2026/08/11 11:21:55.729,333.79,450.00,2655,10251,69,100,100,22528,P2,Not Active,Not Active,Not Active,Not Active
2026/08/11 11:21:56.234,382.30,450.00,2655,10251,69,100,63,22528,P2,Active,Not Active,Not Active,Not Active
2026/08/11 11:21:56.737,413.97,450.00,2640,10251,77,100,100,22528,P2,Not Active,Not Active,Not Active,Not Active
2026/08/11 11:21:57.240,392.84,450.00,2655,10251,70,100,80,22524,P2,Active,Not Active,Not Active,Not Active
2026/08/11 11:21:57.744,394.81,450.00,2640,10251,76,100,84,22524,P2,Not Active,Not Active,Not Active,Not Active
2026/08/11 11:21:58.255,387.92,450.00,2655,10251,69,100,100,22524,P2,Not Active,Not Active,Not Active,Not Active
2026/08/11 11:21:58.759,338.86,450.00,2655,10251,69,100,100,22524,P2,Not Active,Not Active,Not Active,Not Active
2026/08/11 11:21:59.262,338.58,450.00,2655,10251,69,100,100,22524,P2,Not Active,Not Active,Not Active,Not Active
2026/08/11 11:21:59.766,365.98,450.00,2655,10251,70,100,73,22524,P2,Not Active,Not Active,Not Active,Not Active
2026/08/11 11:22:00.271,398.42,450.00,2655,10251,76,100,63,22528,P2,Not Active,Not Active,Not Active,Not Active
2026/08/11 11:22:00.774,392.62,450.00,2655,10251,73,100,100,22528,P2,Not Active,Not Active,Not Active,Not Active
2026/08/11 11:22:01.277,387.18,450.00,2655,10251,69,100,100,22527,P2,Not Active,Not Active,Not Active,Not Active
2026/08/11 11:22:01.782,362.98,450.00,2655,10251,69,100,100,22527,P2,Not Active,Not Active,Not Active,Not Active
2026/08/11 11:22:02.286,338.86,450.00,2655,10251,69,100,100,22527,P2,Not Active,Not Active,Not Active,Not Active
2026/08/11 11:22:02.791,366.41,450.00,2655,10251,70,100,72,22527,P2,Not Active,Not Active,Not Active,Not Active
2026/08/11 11:22:03.294,366.44,450.00,2655,10251,69,100,100,22527,P2,Not Active,Not Active,Not Active,Not Active
2026/08/11 11:22:03.797,349.87,450.00,2655,10251,74,100,100,22527,P2,Active,Not Active,Not Active,Not Active
2026/08/11 11:22:04.301,409.01,450.00,2655,10251,78,100,64,22527,P2,Not Active,Not Active,Not Active,Not Active
2026/08/11 11:22:04.804,413.79,450.00,2655,10251,69,100,100,22527,P2,Not Active,Not Active,Not Active,Not Active
2026/08/11 11:22:05.309,353.15,450.00,2655,10251,69,100,100,22524,P2,Not Active,Not Active,Not Active,Not Active
2026/08/11 11:22:05.812,380.32,450.00,2640,10251,77,100,61,22524,P2,Not Active,Not Active,Not Active,Not Active
2026/08/11 11:22:06.317,388.12,450.00,2655,10251,69,100,100,22524,P2,Not Active,Not Active,Not Active,Not Active
2026/08/11 11:22:06.820,356.82,450.00,2655,10251,69,100,100,22524,P2,Not Active,Not Active,Not Active,Not Active
2026/08/11 11:22:07.323,339.31,450.00,2655,10251,69,100,100,22520,P2,Not Active,Not Active,Not Active,Not Active
2026/08/11 11:22:07.828,371.29,450.00,2640,10251,76,100,63,22520,P2,Active,Not Active,Not Active,Not Active
2026/08/11 11:22:08.334,414.72,450.00,2640,10251,78,100,72,22520,P2,Not Active,Not Active,Not Active,Not Active
2026/08/11 11:22:08.838,418.63,450.00,2655,10251,77,100,86,22520,P2,Not Active,Not Active,Not Active,Not Active
2026/08/11 11:22:09.375,363.67,450.00,2655,10251,69,100,100,22520,P2,Not Active,Not Active,Not Active,Not Active
2026/08/11 11:22:09.879,339.16,450.00,2655,10251,69,100,100,22524,P2,Not Active,Not Active,Not Active,Not Active
2026/08/11 11:22:10.382,335.70,450.00,2655,10251,69,100,100,22527,P2,Not Active,Not Active,Not Active,Not Active
2026/08/11 11:22:10.887,333.65,450.00,2655,10251,69,100,100,22527,P2,Not Active,Not Active,Not Active,Not Active
2026/08/11 11:22:11.391,363.60,450.00,2655,10251,71,100,89,22527,P2,Not Active,Not Active,Not Active,Not Active
2026/08/11 11:22:11.894,408.33,450.00,2655,10251,77,100,63,22523,P2,Active,Not Active,Not Active,Not Active
2026/08/11 11:22:12.398,413.95,450.00,2655,10251,71,100,91,22523,P2,Not Active,Not Active,Not Active,Not Active
2026/08/11 11:22:12.901,384.03,450.00,2655,10251,69,100,100,22523,P2,Not Active,Not Active,Not Active,Not Active
2026/08/11 11:22:13.405,339.44,450.00,2655,10251,69,100,100,22523,P2,Not Active,Not Active,Not Active,Not Active
2026/08/11 11:22:13.908,341.30,450.00,2655,10251,68,100,100,22523,P2,Active,Not Active,Not Active,Not Active
2026/08/11 11:22:14.420,391.65,450.00,2640,10251,78,100,100,22523,P2,Not Active,Not Active,Not Active,Not Active
2026/08/11 11:22:14.934,389.35,450.00,2655,10251,69,100,100,22527,P2,Not Active,Not Active,Not Active,Not Active
2026/08/11 11:22:15.459,341.90,450.00,2655,10251,69,100,90,22527,P2,Not Active,Not Active,Not Active,Not Active
2026/08/11 11:22:15.962,397.99,450.00,2640,10251,77,100,63,22527,P2,Active,Not Active,Not Active,Not Active
2026/08/11 11:22:16.469,411.42,450.00,2655,10251,70,100,100,22527,P2,Not Active,Not Active,Not Active,Not Active
2026/08/11 11:22:16.973,361.24,450.00,2655,10251,69,100,100,22527,P2,Not Active,Not Active,Not Active,Not Active
2026/08/11 11:22:17.478,390.58,450.00,2655,10251,77,100,65,22527,P2,Not Active,Not Active,Not Active,Not Active
2026/08/11 11:22:17.984,391.00,450.00,2655,10251,70,100,100,22527,P2,Not Active,Not Active,Not Active,Not Active
2026/08/11 11:22:18.487,351.45,450.00,2655,10251,69,100,100,22527,P2,Not Active,Not Active,Not Active,Not Active
2026/08/11 11:22:18.991,339.57,450.00,2655,10251,69,100,100,22527,P2,Not Active,Not Active,Not Active,Not Active
2026/08/11 11:22:19.494,365.11,450.00,2655,10251,69,100,64,22527,P2,Not Active,Not Active,Not Active,Not Active
2026/08/11 11:22:20.020,413.94,450.00,2640,10251,77,100,88,22527,P2,Not Active,Not Active,Not Active,Not Active
2026/08/11 11:22:20.533,409.21,450.00,2655,10251,69,100,62,22532,P2,Not Active,Not Active,Not Active,Not Active
2026/08/11 11:22:21.060,358.17,450.00,2655,10251,69,100,100,22532,P2,Not Active,Not Active,Not Active,Not Active
2026/08/11 11:22:21.565,340.59,450.00,2655,10251,69,100,100,22532,P2,Not Active,Not Active,Not Active,Not Active
2026/08/11 11:22:22.068,338.08,450.00,2655,10251,68,100,100,22532,P2,Not Active,Not Active,Not Active,Not Active
2026/08/11 11:22:22.571,342.07,450.00,2655,10251,69,100,100,22532,P2,Not Active,Not Active,Not Active,Not Active
2026/08/11 11:22:23.097,365.09,450.00,2640,10251,77,100,100,22532,P2,Not Active,Not Active,Not Active,Not Active
2026/08/11 11:22:23.605,404.87,450.00,2655,10251,69,100,63,22532,P2,Active,Not Active,Not Active,Not Active
2026/08/11 11:22:24.109,412.64,450.00,2640,10251,78,100,100,22532,P2,Not Active,Not Active,Not Active,Not Active
2026/08/11 11:22:24.612,384.62,450.00,2655,10251,69,100,100,22532,P2,Not Active,Not Active,Not Active,Not Active
2026/08/11 11:22:25.116,336.57,450.00,2655,10251,69,100,100,22532,P2,Not Active,Not Active,Not Active,Not Active
2026/08/11 11:22:25.621,355.18,450.00,2655,10251,69,100,64,22522,P2,Active,Not Active,Not Active,Not Active
2026/08/11 11:22:26.176,386.84,450.00,2640,10251,77,100,95,22522,P2,Not Active,Not Active,Not Active,Not Active
2026/08/11 11:22:26.685,380.53,450.00,2655,10251,69,100,100,22522,P2,Not Active,Not Active,Not Active,Not Active
2026/08/11 11:22:27.188,341.18,450.00,2655,10251,69,100,100,22521,P2,Active,Not Active,Not Active,Not Active
2026/08/11 11:22:27.717,412.30,450.00,2655,10251,76,100,63,22521,P2,Not Active,Not Active,Not Active,Not Active
2026/08/11 11:22:28.268,411.37,450.00,2655,10251,69,100,100,22521,P2,Not Active,Not Active,Not Active,Not Active
2026/08/11 11:22:28.772,366.39,450.00,2655,10251,76,100,100,22521,P2,Active,Not Active,Not Active,Not Active
2026/08/11 11:22:29.275,390.61,450.00,2655,10251,70,100,100,22521,P2,Not Active,Not Active,Not Active,Not Active
2026/08/11 11:22:29.780,388.14,450.00,2655,10251,69,100,100,22521,P2,Not Active,Not Active,Not Active,Not Active
2026/08/11 11:22:30.284,336.07,450.00,2655,10251,69,100,100,22522,P2,Not Active,Not Active,Not Active,Not Active
2026/08/11 11:22:30.787,332.88,450.00,2655,10251,69,100,100,22522,P2,Not Active,Not Active,Not Active,Not Active
2026/08/11 11:22:31.290,360.81,450.00,2655,10251,70,100,97,22522,P2,Active,Not Active,Not Active,Not Active
2026/08/11 11:22:31.835,422.78,450.00,2655,10251,74,100,100,22522,P2,Not Active,Not Active,Not Active,Not Active
2026/08/11 11:22:32.349,413.42,450.00,2655,10251,77,100,71,22522,P2,Not Active,Not Active,Not Active,Not Active
2026/08/11 11:22:32.853,363.06,450.00,2655,10251,69,100,100,22522,P2,Not Active,Not Active,Not Active,Not Active
2026/08/11 11:22:33.357,338.47,450.00,2655,10251,69,100,100,22522,P2,Not Active,Not Active,Not Active,Not Active
2026/08/11 11:22:33.862,338.32,450.00,2655,10251,69,100,100,22522,P2,Not Active,Not Active,Not Active,Not Active
2026/08/11 11:22:34.365,365.91,450.00,2655,10251,77,100,65,22522,P2,Not Active,Not Active,Not Active,Not Active
2026/08/11 11:22:34.868,366.14,450.00,2655,10251,69,100,100,22522,P2,Not Active,Not Active,Not Active,Not Active
2026/08/11 11:22:35.373,382.71,450.00,2655,10251,77,100,61,22523,P2,Active,Not Active,Not Active,Not Active
2026/08/11 11:22:35.876,408.15,450.00,2655,10251,70,100,100,22523,P2,Not Active,Not Active,Not Active,Not Active
2026/08/11 11:22:36.381,375.33,450.00,2655,10251,69,100,100,22523,P2,Not Active,Not Active,Not Active,Not Active
2026/08/11 11:22:36.884,338.65,450.00,2655,10251,69,100,100,22523,P2,Not Active,Not Active,Not Active,Not Active
2026/08/11 11:22:37.387,383.70,450.00,2640,10251,77,100,63,22519,P2,Active,Not Active,Not Active,Not Active
2026/08/11 11:22:37.891,391.16,450.00,2655,10251,70,100,100,22519,P2,Not Active,Not Active,Not Active,Not Active
2026/08/11 11:22:38.395,358.50,450.00,2655,10251,69,99,100,22519,P2,Not Active,Not Active,Not Active,Not Active
2026/08/11 11:22:38.899,339.14,450.00,2655,10251,69,100,100,22519,P2,Active,Not Active,Not Active,Not Active
2026/08/11 11:22:39.403,398.25,450.00,2655,10251,77,100,63,22519,P2,Active,Not Active,Not Active,Not Active
2026/08/11 11:22:39.906,415.27,450.00,2655,10251,70,100,100,22523,P2,Not Active,Not Active,Not Active,Not Active
2026/08/11 11:22:40.409,388.37,450.00,2655,10251,75,100,81,22527,P2,Not Active,Not Active,Not Active,Not Active
2026/08/11 11:22:40.912,385.29,450.00,2655,10251,70,100,100,22527,P2,Not Active,Not Active,Not Active,Not Active
2026/08/11 11:22:41.417,364.94,450.00,2655,10251,69,100,100,22527,P2,Not Active,Not Active,Not Active,Not Active
2026/08/11 11:22:41.921,338.67,450.00,2655,10251,69,100,100,22526,P2,Not Active,Not Active,Not Active,Not Active
2026/08/11 11:22:42.424,342.47,450.00,2655,10251,69,100,98,22526,P2,Active,Not Active,Not Active,Not Active
2026/08/11 11:22:42.971,366.17,450.00,2655,10251,71,100,100,22526,P2,Not Active,Not Active,Not Active,Not Active
2026/08/11 11:22:43.475,416.13,450.00,2640,10251,77,100,74,22526,P2,Not Active,Not Active,Not Active,Not Active
2026/08/11 11:22:44.022,413.19,450.00,2655,10251,73,100,96,22526,P2,Not Active,Not Active,Not Active,Not Active
2026/08/11 11:22:44.525,363.17,450.00,2655,10251,69,100,100,22526,P2,Not Active,Not Active,Not Active,Not Active
2026/08/11 11:22:45.028,337.76,450.00,2655,10251,69,100,100,22527,P2,Not Active,Not Active,Not Active,Not Active
2026/08/11 11:22:45.531,350.64,450.00,2655,10251,69,100,94,22527,P2,Active,Not Active,Not Active,Not Active
2026/08/11 11:22:46.051,361.17,450.00,2655,10251,71,100,100,22527,P2,Not Active,Not Active,Not Active,Not Active
2026/08/11 11:22:46.558,359.83,450.00,2655,10251,69,100,100,22527,P2,Not Active,Not Active,Not Active,Not Active
2026/08/11 11:22:47.062,380.38,450.00,2655,10251,72,100,63,22523,P2,Active,Not Active,Not Active,Not Active
2026/08/11 11:22:47.566,413.77,450.00,2655,10251,78,100,91,22523,P2,Not Active,Not Active,Not Active,Not Active
2026/08/11 11:22:48.070,383.81,450.00,2655,10251,70,100,100,22526,P2,Not Active,Not Active,Not Active,Not Active
2026/08/11 11:22:48.574,360.61,450.00,2655,10251,69,100,89,22526,P2,Active,Not Active,Not Active,Not Active
2026/08/11 11:22:49.078,391.86,450.00,2640,10251,78,100,100,22523,P2,Not Active,Not Active,Not Active,Not Active
2026/08/11 11:22:49.581,382.55,450.00,2655,10251,69,100,100,22523,P2,Not Active,Not Active,Not Active,Not Active
2026/08/11 11:22:50.084,337.63,450.00,2655,10251,69,100,100,22527,P2,Not Active,Not Active,Not Active,Not Active
2026/08/11 11:22:50.587,334.11,450.00,2655,10251,69,100,100,22527,P2,Not Active,Not Active,Not Active,Not Active
2026/08/11 11:22:51.090,385.86,450.00,2655,10251,76,100,63,22527,P2,Active,Not Active,Not Active,Not Active
2026/08/11 11:22:51.596,413.31,450.00,2655,10251,78,100,100,22527,P2,Not Active,Not Active,Not Active,Not Active
2026/08/11 11:22:52.132,386.93,450.00,2655,10251,77,100,100,22527,P2,Not Active,Not Active,Not Active,Not Active
2026/08/11 11:22:52.638,362.93,450.00,2655,10251,69,100,100,22527,P2,Not Active,Not Active,Not Active,Not Active
2026/08/11 11:22:53.187,338.34,450.00,2655,10251,69,100,100,22527,P2,Not Active,Not Active,Not Active,Not Active
2026/08/11 11:22:53.691,338.57,450.00,2655,10251,69,100,100,22527,P2,Not Active,Not Active,Not Active,Not Active
2026/08/11 11:22:54.196,365.60,450.00,2655,10251,69,100,76,22527,P2,Not Active,Not Active,Not Active,Not Active
2026/08/11 11:22:54.723,394.34,450.00,2655,10251,71,100,74,22527,P2,Active,Not Active,Not Active,Not Active
2026/08/11 11:22:55.227,411.37,450.00,2655,10251,77,100,84,22527,P2,Not Active,Not Active,Not Active,Not Active
2026/08/11 11:22:55.768,391.07,450.00,2655,10251,69,100,100,22527,P2,Not Active,Not Active,Not Active,Not Active
2026/08/11 11:22:56.275,334.68,450.00,2655,10251,69,100,100,22527,P2,Not Active,Not Active,Not Active,Not Active
2026/08/11 11:22:56.778,337.18,450.00,2655,10251,69,100,100,22527,P2,Not Active,Not Active,Not Active,Not Active
2026/08/11 11:22:57.281,382.91,450.00,2640,10251,78,100,64,22527,P2,Active,Not Active,Not Active,Not Active
2026/08/11 11:22:57.784,391.26,450.00,2655,10251,69,100,100,22527,P2,Not Active,Not Active,Not Active,Not Active
2026/08/11 11:22:58.288,358.48,450.00,2655,10251,69,100,100,22527,P2,Not Active,Not Active,Not Active,Not Active
2026/08/11 11:22:58.792,375.98,450.00,2655,10251,78,100,63,22527,P2,Active,Not Active,Not Active,Not Active
2026/08/11 11:22:59.296,412.72,450.00,2655,10251,70,100,100,22527,P2,Not Active,Not Active,Not Active,Not Active
2026/08/11 11:22:59.800,387.26,450.00,2655,10251,69,100,100,22527,P2,Not Active,Not Active,Not Active,Not Active
2026/08/11 11:23:00.303,360.58,450.00,2640,10251,77,100,63,22527,P2,Not Active,Not Active,Not Active,Not Active
2026/08/11 11:23:00.806,385.40,450.00,2655,10251,70,100,100,22527,P2,Not Active,Not Active,Not Active,Not Active
2026/08/11 11:23:01.316,363.70,450.00,2655,10251,69,100,100,22527,P2,Not Active,Not Active,Not Active,Not Active
2026/08/11 11:23:01.819,339.13,450.00,2655,10251,69,100,100,22527,P2,Not Active,Not Active,Not Active,Not Active
2026/08/11 11:23:02.322,346.93,450.00,2655,10251,74,100,100,22527,P2,Not Active,Not Active,Not Active,Not Active
2026/08/11 11:23:02.837,399.18,450.00,2655,10251,78,100,64,22527,P2,Active,Not Active,Not Active,Not Active
2026/08/11 11:23:03.340,420.78,450.00,2655,10251,72,100,100,22527,P2,Not Active,Not Active,Not Active,Not Active
2026/08/11 11:23:03.885,391.05,450.00,2655,10251,70,100,100,22527,P2,Not Active,Not Active,Not Active,Not Active
2026/08/11 11:23:04.390,363.51,450.00,2655,10251,69,100,100,22527,P2,Not Active,Not Active,Not Active,Not Active
2026/08/11 11:23:04.893,338.85,450.00,2655,10251,69,100,100,22527,P2,Not Active,Not Active,Not Active,Not Active
2026/08/11 11:23:05.397,336.11,450.00,2655,10251,69,100,100,22529,P2,Not Active,Not Active,Not Active,Not Active
2026/08/11 11:23:05.900,360.67,450.00,2655,10251,75,100,75,22529,P2,Not Active,Not Active,Not Active,Not Active
2026/08/11 11:23:06.417,385.35,450.00,2655,10251,74,100,64,22529,P2,Active,Not Active,Not Active,Not Active
2026/08/11 11:23:06.921,414.18,450.00,2655,10251,78,100,63,22529,P2,Not Active,Not Active,Not Active,Not Active
2026/08/11 11:23:07.465,403.83,450.00,2655,10251,69,100,100,22529,P2,Not Active,Not Active,Not Active,Not Active
2026/08/11 11:23:07.972,344.64,450.00,2655,10251,69,100,100,22529,P2,Not Active,Not Active,Not Active,Not Active
2026/08/11 11:23:08.475,339.05,450.00,2655,10251,69,100,100,22529,P2,Not Active,Not Active,Not Active,Not Active
2026/08/11 11:23:08.978,391.34,450.00,2640,10251,78,100,63,22529,P2,Not Active,Not Active,Not Active,Not Active
2026/08/11 11:23:09.484,391.67,450.00,2655,10251,70,100,100,22529,P2,Not Active,Not Active,Not Active,Not Active
2026/08/11 11:23:09.989,348.91,450.00,2655,10251,69,100,100,22530,P2,Not Active,Not Active,Not Active,Not Active
2026/08/11 11:23:10.492,368.81,450.00,2655,10251,77,100,61,22522,P2,Active,Not Active,Not Active,Not Active
2026/08/11 11:23:10.995,409.48,450.00,2655,10251,78,100,71,22522,P2,Not Active,Not Active,Not Active,Not Active
2026/08/11 11:23:11.498,391.50,450.00,2655,10251,70,100,100,22522,P2,Not Active,Not Active,Not Active,Not Active
2026/08/11 11:23:12.002,383.56,450.00,2655,10251,77,100,63,22518,P2,Active,Not Active,Not Active,Not Active
2026/08/11 11:23:12.510,391.22,450.00,2655,10251,70,100,100,22518,P2,Not Active,Not Active,Not Active,Not Active
2026/08/11 11:23:13.013,359.55,450.00,2655,10251,69,100,100,22518,P2,Not Active,Not Active,Not Active,Not Active
2026/08/11 11:23:13.516,339.89,450.00,2655,10251,69,100,100,22518,P2,Not Active,Not Active,Not Active,Not Active
2026/08/11 11:23:14.019,358.48,450.00,2655,10251,69,100,70,22518,P2,Active,Not Active,Not Active,Not Active
2026/08/11 11:23:14.523,398.28,450.00,2655,10251,74,100,68,22518,P2,Active,Not Active,Not Active,Not Active
2026/08/11 11:23:15.028,411.02,450.00,2640,10251,71,100,96,22522,P2,Not Active,Not Active,Not Active,Not Active
2026/08/11 11:23:15.581,389.63,450.00,2640,10251,72,100,100,22522,P2,Not Active,Not Active,Not Active,Not Active
2026/08/11 11:23:16.130,356.69,450.00,2655,10251,69,100,100,22522,P2,Not Active,Not Active,Not Active,Not Active
2026/08/11 11:23:16.633,338.55,450.00,2655,10251,69,100,100,22522,P2,Not Active,Not Active,Not Active,Not Active
2026/08/11 11:23:17.136,350.46,450.00,2655,10251,69,100,100,22518,P2,Active,Not Active,Not Active,Not Active
2026/08/11 11:23:17.680,366.83,450.00,2640,10251,75,100,100,22518,P2,Not Active,Not Active,Not Active,Not Active
2026/08/11 11:23:18.188,386.06,450.00,2655,10251,69,100,91,22518,P2,Active,Not Active,Not Active,Not Active
2026/08/11 11:23:18.691,413.05,450.00,2640,10251,78,100,71,22518,P2,Not Active,Not Active,Not Active,Not Active
2026/08/11 11:23:19.213,393.95,450.00,2655,10251,70,100,100,22518,P2,Not Active,Not Active,Not Active,Not Active
2026/08/11 11:23:19.716,339.31,450.00,2655,10251,69,100,100,22518,P2,Not Active,Not Active,Not Active,Not Active
2026/08/11 11:23:20.219,365.96,450.00,2655,10251,69,100,62,22527,P2,Not Active,Not Active,Not Active,Not Active
2026/08/11 11:23:20.724,386.38,450.00,2640,10251,77,100,100,22527,P2,Not Active,Not Active,Not Active,Not Active
2026/08/11 11:23:21.228,370.57,450.00,2655,10251,70,100,100,22527,P2,Not Active,Not Active,Not Active,Not Active
2026/08/11 11:23:21.731,338.70,450.00,2655,10251,69,100,100,22527,P2,Not Active,Not Active,Not Active,Not Active
2026/08/11 11:23:22.234,380.77,450.00,2655,10251,69,100,63,22527,P2,Active,Not Active,Not Active,Not Active
2026/08/11 11:23:22.738,415.55,450.00,2640,10251,78,100,88,22527,P2,Not Active,Not Active,Not Active,Not Active
2026/08/11 11:23:23.243,394.14,450.00,2655,10251,70,100,91,22527,P2,Active,Not Active,Not Active,Not Active
2026/08/11 11:23:23.760,391.20,450.00,2655,10251,70,100,72,22527,P2,Not Active,Not Active,Not Active,Not Active
2026/08/11 11:23:24.265,391.07,450.00,2655,10251,69,100,100,22527,P2,Not Active,Not Active,Not Active,Not Active
2026/08/11 11:23:24.768,339.71,450.00,2655,10251,69,100,100,22527,P2,Not Active,Not Active,Not Active,Not Active
2026/08/11 11:23:25.271,337.36,450.00,2655,10251,69,100,100,22527,P2,Not Active,Not Active,Not Active,Not Active
2026/08/11 11:23:25.774,363.85,450.00,2640,10251,70,100,62,22527,P2,Not Active,Not Active,Not Active,Not Active
2026/08/11 11:23:26.279,389.44,450.00,2640,10251,78,100,64,22527,P2,Active,Not Active,Not Active,Not Active
2026/08/11 11:23:26.784,396.49,450.00,2655,10251,76,99,100,22527,P2,Not Active,Not Active,Not Active,Not Active
2026/08/11 11:23:27.339,388.54,450.00,2655,10251,70,100,100,22527,P2,Not Active,Not Active,Not Active,Not Active
2026/08/11 11:23:27.845,361.63,450.00,2655,10251,69,100,100,22527,P2,Not Active,Not Active,Not Active,Not Active
2026/08/11 11:23:28.348,339.67,450.00,2655,10251,69,100,100,22527,P2,Not Active,Not Active,Not Active,Not Active
2026/08/11 11:23:28.853,367.41,450.00,2655,10251,70,100,100,22527,P2,Not Active,Not Active,Not Active,Not Active
2026/08/11 11:23:29.356,367.70,450.00,2655,10251,69,100,100,22527,P2,Not Active,Not Active,Not Active,Not Active
2026/08/11 11:23:29.861,356.72,450.00,2655,10251,76,100,74,22527,P2,Active,Not Active,Not Active,Not Active
2026/08/11 11:23:30.364,410.77,450.00,2655,10251,78,100,61,22527,P2,Not Active,Not Active,Not Active,Not Active
2026/08/11 11:23:30.899,393.04,450.00,2655,10251,69,100,100,22527,P2,Not Active,Not Active,Not Active,Not Active
2026/08/11 11:23:31.404,342.14,450.00,2655,10251,69,100,99,22527,P2,Active,Not Active,Not Active,Not Active
2026/08/11 11:23:31.956,392.07,450.00,2640,10251,78,100,64,22527,P2,Not Active,Not Active,Not Active,Not Active
2026/08/11 11:23:32.505,388.73,450.00,2655,10251,69,100,100,22527,P2,Not Active,Not Active,Not Active,Not Active
2026/08/11 11:23:33.009,339.82,450.00,2655,10251,69,100,100,22527,P2,Not Active,Not Active,Not Active,Not Active
2026/08/11 11:23:33.512,339.57,450.00,2655,10251,69,100,100,22527,P2,Not Active,Not Active,Not Active,Not Active
2026/08/11 11:23:34.016,390.33,450.00,2655,10251,77,100,63,22527,P2,Active,Not Active,Not Active,Not Active
2026/08/11 11:23:34.521,416.32,450.00,2655,10251,73,100,100,22527,P2,Not Active,Not Active,Not Active,Not Active
2026/08/11 11:23:35.024,401.16,450.00,2640,10251,77,100,100,22526,P2,Not Active,Not Active,Not Active,Not Active
2026/08/11 11:23:35.527,359.78,450.00,2655,10251,69,100,100,22524,P2,Not Active,Not Active,Not Active,Not Active
2026/08/11 11:23:36.031,334.41,450.00,2655,10251,69,100,100,22524,P2,Not Active,Not Active,Not Active,Not Active
2026/08/11 11:23:36.533,337.79,450.00,2655,10251,69,100,100,22524,P2,Not Active,Not Active,Not Active,Not Active
2026/08/11 11:23:37.038,349.26,450.00,2655,10251,69,100,86,22524,P2,Not Active,Not Active,Not Active,Not Active
2026/08/11 11:23:37.554,366.61,450.00,2655,10251,70,100,100,22524,P2,Not Active,Not Active,Not Active,Not Active
2026/08/11 11:23:38.058,425.53,450.00,2655,10251,78,100,63,22524,P2,Active,Not Active,Not Active,Not Active
2026/08/11 11:23:38.562,414.43,450.00,2655,10251,71,100,100,22524,P2,Not Active,Not Active,Not Active,Not Active
2026/08/11 11:23:39.064,367.48,450.00,2655,10251,70,100,100,22524,P2,Not Active,Not Active,Not Active,Not Active
2026/08/11 11:23:39.568,339.82,450.00,2655,10251,69,100,100,22524,P2,Not Active,Not Active,Not Active,Not Active
2026/08/11 11:23:40.071,357.20,450.00,2655,10251,69,100,70,22527,P2,Active,Not Active,Not Active,Not Active
2026/08/11 11:23:40.574,388.59,450.00,2655,10251,78,100,86,22527,P2,Not Active,Not Active,Not Active,Not Active
2026/08/11 11:23:41.078,380.71,450.00,2655,10251,69,100,100,22527,P2,Not Active,Not Active,Not Active,Not Active
2026/08/11 11:23:41.581,348.63,450.00,2655,10251,69,100,100,22527,P2,Active,Not Active,Not Active,Not Active
2026/08/11 11:23:42.085,409.55,450.00,2655,10251,78,100,63,22526,P2,Not Active,Not Active,Not Active,Not Active
2026/08/11 11:23:42.588,414.91,450.00,2655,10251,70,100,100,22526,P2,Not Active,Not Active,Not Active,Not Active
2026/08/11 11:23:43.091,353.61,450.00,2655,10251,69,100,100,22526,P2,Active,Not Active,Not Active,Not Active
2026/08/11 11:23:43.633,391.64,450.00,2655,10251,78,100,95,22526,P2,Not Active,Not Active,Not Active,Not Active
2026/08/11 11:23:44.139,392.19,450.00,2655,10251,70,100,100,22526,P2,Not Active,Not Active,Not Active,Not Active
2026/08/11 11:23:44.691,340.11,450.00,2655,10251,70,99,100,22526,P2,Not Active,Not Active,Not Active,Not Active
2026/08/11 11:23:45.196,337.99,450.00,2655,10251,69,100,100,22527,P2,Not Active,Not Active,Not Active,Not Active
2026/08/11 11:23:45.700,380.81,450.00,2655,10251,71,100,72,22527,P2,Active,Not Active,Not Active,Not Active
2026/08/11 11:23:46.204,413.13,450.00,2655,10251,78,100,100,22527,P2,Not Active,Not Active,Not Active,Not Active
2026/08/11 11:23:46.707,406.57,450.00,2655,10251,70,100,86,22527,P2,Not Active,Not Active,Not Active,Not Active
2026/08/11 11:23:47.210,364.61,450.00,2655,10251,70,100,100,22527,P2,Not Active,Not Active,Not Active,Not Active
2026/08/11 11:23:47.714,339.88,450.00,2655,10251,70,100,100,22527,P2,Not Active,Not Active,Not Active,Not Active
2026/08/11 11:23:48.218,339.70,450.00,2655,10251,69,100,100,22530,P2,Not Active,Not Active,Not Active,Not Active
2026/08/11 11:23:48.722,361.02,450.00,2655,10251,69,100,88,22530,P2,Active,Not Active,Not Active,Not Active
2026/08/11 11:23:49.228,366.94,450.00,2640,10251,78,100,100,22527,P2,Not Active,Not Active,Not Active,Not Active
2026/08/11 11:23:49.732,413.67,450.00,2655,10251,74,100,63,22527,P2,Active,Not Active,Not Active,Not Active
2026/08/11 11:23:50.238,411.69,450.00,2640,10251,78,100,100,22532,P2,Not Active,Not Active,Not Active,Not Active
2026/08/11 11:23:50.741,364.71,450.00,2655,10251,69,100,100,22532,P2,Not Active,Not Active,Not Active,Not Active
2026/08/11 11:23:51.244,336.48,450.00,2655,10251,69,100,100,22532,P2,Not Active,Not Active,Not Active,Not Active
2026/08/11 11:23:51.748,365.95,450.00,2655,10251,69,100,79,22532,P2,Active,Not Active,Not Active,Not Active
2026/08/11 11:23:52.253,392.29,450.00,2640,10251,70,100,100,22532,P2,Not Active,Not Active,Not Active,Not Active
2026/08/11 11:23:52.759,377.68,450.00,2655,10251,69,100,100,22532,P2,Not Active,Not Active,Not Active,Not Active
2026/08/11 11:23:53.262,349.81,450.00,2640,10251,77,100,91,22532,P2,Active,Not Active,Not Active,Not Active
2026/08/11 11:23:53.789,414.62,450.00,2640,10251,79,100,71,22532,P2,Not Active,Not Active,Not Active,Not Active
2026/08/11 11:23:54.349,406.53,450.00,2655,10251,70,100,100,22532,P2,Not Active,Not Active,Not Active,Not Active
2026/08/11 11:23:54.858,367.74,450.00,2640,10251,77,100,70,22532,P2,Active,Not Active,Not Active,Not Active
2026/08/11 11:23:55.362,389.14,450.00,2655,10251,70,100,88,22522,P2,Not Active,Not Active,Not Active,Not Active
2026/08/11 11:23:55.865,379.32,450.00,2655,10251,69,100,100,22522,P2,Not Active,Not Active,Not Active,Not Active
2026/08/11 11:23:56.368,337.12,450.00,2655,10251,69,100,100,22522,P2,Not Active,Not Active,Not Active,Not Active
2026/08/11 11:23:56.875,340.30,450.00,2655,10251,69,99,100,22522,P2,Not Active,Not Active,Not Active,Not Active
2026/08/11 11:23:57.378,371.04,450.00,2655,10251,70,100,86,22521,P2,Active,Not Active,Not Active,Not Active
2026/08/11 11:23:57.882,416.83,450.00,2655,10251,72,100,89,22521,P2,Not Active,Not Active,Not Active,Not Active
2026/08/11 11:23:58.401,410.44,450.00,2640,10251,73,100,100,22521,P2,Not Active,Not Active,Not Active,Not Active
2026/08/11 11:23:58.904,364.59,450.00,2655,10251,70,100,100,22521,P2,Not Active,Not Active,Not Active,Not Active
2026/08/11 11:23:59.407,340.03,450.00,2655,10251,69,100,100,22521,P2,Not Active,Not Active,Not Active,Not Active
2026/08/11 11:23:59.912,339.73,450.00,2655,10251,69,100,100,22522,P2,Not Active,Not Active,Not Active,Not Active
2026/08/11 11:24:00.415,363.57,450.00,2655,10251,77,100,90,22522,P2,Not Active,Not Active,Not Active,Not Active
2026/08/11 11:24:00.918,361.60,450.00,2655,10251,69,100,100,22522,P2,Not Active,Not Active,Not Active,Not Active
2026/08/11 11:24:01.421,387.56,450.00,2640,10251,78,100,63,22522,P2,Active,Not Active,Not Active,Not Active
2026/08/11 11:24:01.925,414.44,450.00,2655,10251,71,100,100,22522,P2,Not Active,Not Active,Not Active,Not Active
2026/08/11 11:24:02.430,375.89,450.00,2655,10251,70,100,100,22522,P2,Not Active,Not Active,Not Active,Not Active
2026/08/11 11:24:02.933,339.68,450.00,2655,10251,69,100,100,22522,P2,Not Active,Not Active,Not Active,Not Active
2026/08/11 11:24:03.437,390.18,450.00,2640,10251,78,100,63,22522,P2,Not Active,Not Active,Not Active,Not Active
2026/08/11 11:24:03.940,392.19,450.00,2655,10251,70,100,100,22522,P2,Not Active,Not Active,Not Active,Not Active
2026/08/11 11:24:04.445,354.36,450.00,2655,10251,69,100,100,22522,P2,Not Active,Not Active,Not Active,Not Active
2026/08/11 11:24:04.949,344.51,450.00,2655,10251,69,100,100,22522,P2,Not Active,Not Active,Not Active,Not Active
2026/08/11 11:24:05.466,398.98,450.00,2655,10251,78,100,61,22523,P2,Active,Not Active,Not Active,Not Active
2026/08/11 11:24:05.970,411.08,450.00,2655,10251,70,100,100,22523,P2,Not Active,Not Active,Not Active,Not Active
2026/08/11 11:24:06.473,390.43,450.00,2655,10251,77,100,64,22523,P2,Active,Not Active,Not Active,Not Active
2026/08/11 11:24:06.977,392.14,450.00,2655,10251,71,100,100,22523,P2,Not Active,Not Active,Not Active,Not Active
2026/08/11 11:24:07.480,376.68,450.00,2655,10251,70,100,100,22523,P2,Not Active,Not Active,Not Active,Not Active
2026/08/11 11:24:07.985,340.16,450.00,2655,10251,69,100,100,22523,P2,Not Active,Not Active,Not Active,Not Active
2026/08/11 11:24:08.492,349.55,450.00,2655,10251,69,100,100,22523,P2,Active,Not Active,Not Active,Not Active
2026/08/11 11:24:09.044,369.27,450.00,2655,10251,71,100,100,22523,P2,Not Active,Not Active,Not Active,Not Active
2026/08/11 11:24:09.598,408.11,450.00,2640,10251,78,100,100,22523,P2,Not Active,Not Active,Not Active,Not Active
2026/08/11 11:24:10.101,411.29,450.00,2655,10251,76,100,82,22527,P2,Not Active,Not Active,Not Active,Not Active
2026/08/11 11:24:10.605,359.87,450.00,2655,10251,69,100,100,22527,P2,Not Active,Not Active,Not Active,Not Active
2026/08/11 11:24:11.110,335.58,450.00,2655,10251,69,100,100,22527,P2,Not Active,Not Active,Not Active,Not Active
2026/08/11 11:24:11.622,359.45,450.00,2655,10251,69,100,67,22527,P2,Active,Not Active,Not Active,Not Active
2026/08/11 11:24:12.126,367.23,450.00,2640,10251,71,100,100,22527,P2,Not Active,Not Active,Not Active,Not Active
2026/08/11 11:24:12.631,358.47,450.00,2655,10251,70,100,100,22527,P2,Not Active,Not Active,Not Active,Not Active
2026/08/11 11:24:13.134,387.18,450.00,2655,10251,75,100,63,22527,P2,Active,Not Active,Not Active,Not Active
2026/08/11 11:24:13.637,414.76,450.00,2655,10251,79,100,100,22527,P2,Not Active,Not Active,Not Active,Not Active
2026/08/11 11:24:14.141,379.40,450.00,2655,10251,70,100,100,22527,P2,Not Active,Not Active,Not Active,Not Active
2026/08/11 11:24:14.645,366.76,450.00,2655,10251,69,100,64,22527,P2,Active,Not Active,Not Active,Not Active
2026/08/11 11:24:15.150,391.29,450.00,2640,10251,78,100,100,22527,P2,Not Active,Not Active,Not Active,Not Active
2026/08/11 11:24:15.653,373.49,450.00,2655,10251,70,100,100,22527,P2,Not Active,Not Active,Not Active,Not Active
2026/08/11 11:24:16.155,335.65,450.00,2655,10251,69,100,100,22527,P2,Not Active,Not Active,Not Active,Not Active
2026/08/11 11:24:16.658,338.56,450.00,2655,10251,69,100,100,22527,P2,Active,Not Active,Not Active,Not Active
2026/08/11 11:24:17.161,398.04,450.00,2640,10251,77,100,63,22523,P2,Active,Not Active,Not Active,Not Active
2026/08/11 11:24:17.666,420.14,450.00,2640,10251,79,100,97,22523,P2,Not Active,Not Active,Not Active,Not Active
2026/08/11 11:24:18.201,382.73,450.00,2640,10251,78,100,100,22523,P2,Not Active,Not Active,Not Active,Not Active
2026/08/11 11:24:18.706,360.81,450.00,2655,10251,70,100,100,22523,P2,Not Active,Not Active,Not Active,Not Active
2026/08/11 11:24:19.209,340.21,450.00,2655,10251,69,100,100,22523,P2,Not Active,Not Active,Not Active,Not Active
2026/08/11 11:24:19.712,340.37,450.00,2655,10251,69,100,100,22523,P2,Not Active,Not Active,Not Active,Not Active
2026/08/11 11:24:20.215,366.01,450.00,2655,10251,69,100,72,22527,P2,Not Active,Not Active,Not Active,Not Active
2026/08/11 11:24:20.722,382.42,450.00,2655,10251,71,100,87,22527,P2,Not Active,Not Active,Not Active,Not Active
2026/08/11 11:24:21.227,417.80,450.00,2655,10251,78,100,71,22527,P2,Not Active,Not Active,Not Active,Not Active
2026/08/11 11:24:21.773,406.44,450.00,2655,10251,69,100,100,22527,P2,Not Active,Not Active,Not Active,Not Active
2026/08/11 11:24:22.276,348.14,450.00,2655,10251,70,100,100,22527,P2,Not Active,Not Active,Not Active,Not Active
2026/08/11 11:24:22.779,340.13,450.00,2655,10251,69,100,100,22527,P2,Not Active,Not Active,Not Active,Not Active
2026/08/11 11:24:23.287,390.19,450.00,2640,10251,78,100,64,22527,P2,Active,Not Active,Not Active,Not Active
2026/08/11 11:24:23.790,391.68,450.00,2655,10251,70,100,100,22527,P2,Not Active,Not Active,Not Active,Not Active
2026/08/11 11:24:24.293,353.83,450.00,2655,10251,69,100,100,22527,P2,Not Active,Not Active,Not Active,Not Active
2026/08/11 11:24:24.796,384.26,450.00,2640,10251,78,100,63,22527,P2,Active,Not Active,Not Active,Not Active
2026/08/11 11:24:25.299,411.47,450.00,2655,10251,70,100,91,22527,P2,Not Active,Not Active,Not Active,Not Active
2026/08/11 11:24:25.831,376.27,450.00,2655,10251,70,100,100,22527,P2,Not Active,Not Active,Not Active,Not Active
2026/08/11 11:24:26.336,365.23,450.00,2640,10251,78,100,76,22527,P2,Active,Not Active,Not Active,Not Active
2026/08/11 11:24:26.840,391.84,450.00,2655,10251,70,100,100,22527,P2,Not Active,Not Active,Not Active,Not Active
2026/08/11 11:24:27.347,375.76,450.00,2655,10251,70,100,100,22523,P2,Not Active,Not Active,Not Active,Not Active
2026/08/11 11:24:27.851,340.19,450.00,2655,10251,69,100,100,22523,P2,Not Active,Not Active,Not Active,Not Active
2026/08/11 11:24:28.354,343.98,450.00,2655,10251,69,100,100,22523,P2,Active,Not Active,Not Active,Not Active
2026/08/11 11:24:28.861,395.92,450.00,2640,10251,77,100,63,22523,P2,Active,Not Active,Not Active,Not Active
2026/08/11 11:24:29.365,417.31,450.00,2655,10251,70,100,100,22523,P2,Not Active,Not Active,Not Active,Not Active
2026/08/11 11:24:29.901,384.43,450.00,2655,10251,70,100,100,22527,P2,Not Active,Not Active,Not Active,Not Active
2026/08/11 11:24:30.405,359.44,450.00,2655,10251,69,100,100,22527,P2,Not Active,Not Active,Not Active,Not Active
2026/08/11 11:24:30.909,334.21,450.00,2655,10251,69,100,100,22527,P2,Not Active,Not Active,Not Active,Not Active
2026/08/11 11:24:31.412,337.11,450.00,2655,10251,69,100,100,22527,P2,Not Active,Not Active,Not Active,Not Active
2026/08/11 11:24:31.915,366.67,450.00,2640,10251,77,100,67,22527,P2,Not Active,Not Active,Not Active,Not Active
2026/08/11 11:24:32.427,383.35,450.00,2655,10251,70,100,74,22527,P2,Active,Not Active,Not Active,Not Active
2026/08/11 11:24:32.929,414.55,450.00,2655,10251,79,100,63,22527,P2,Not Active,Not Active,Not Active,Not Active
2026/08/11 11:24:33.457,409.80,450.00,2655,10251,70,100,100,22527,P2,Not Active,Not Active,Not Active,Not Active
2026/08/11 11:24:33.962,350.89,450.00,2655,10251,70,100,100,22527,P2,Not Active,Not Active,Not Active,Not Active
2026/08/11 11:24:34.466,339.71,450.00,2655,10251,69,100,100,22527,P2,Not Active,Not Active,Not Active,Not Active
2026/08/11 11:24:34.969,389.22,450.00,2640,10251,78,100,64,22527,P2,Not Active,Not Active,Not Active,Not Active
2026/08/11 11:24:35.489,388.62,450.00,2655,10251,70,100,100,22529,P2,Not Active,Not Active,Not Active,Not Active
2026/08/11 11:24:35.992,337.76,450.00,2655,10251,69,100,100,22529,P2,Not Active,Not Active,Not Active,Not Active
2026/08/11 11:24:36.495,376.27,450.00,2640,10251,76,100,63,22529,P2,Not Active,Not Active,Not Active,Not Active
2026/08/11 11:24:37.000,414.57,450.00,2640,10251,79,99,100,22529,P2,Not Active,Not Active,Not Active,Not Active
2026/08/11 11:24:37.504,387.66,450.00,2655,10251,70,100,100,22529,P2,Not Active,Not Active,Not Active,Not Active
2026/08/11 11:24:38.008,377.76,450.00,2655,10251,76,100,64,22529,P2,Active,Not Active,Not Active,Not Active
2026/08/11 11:24:38.511,391.67,450.00,2655,10251,71,100,100,22529,P2,Not Active,Not Active,Not Active,Not Active
2026/08/11 11:24:39.014,365.38,450.00,2655,10251,70,100,100,22529,P2,Not Active,Not Active,Not Active,Not Active
2026/08/11 11:24:39.520,340.05,450.00,2655,10251,70,100,100,22529,P2,Not Active,Not Active,Not Active,Not Active
2026/08/11 11:24:40.023,352.07,450.00,2655,10251,69,100,79,22532,P2,Not Active,Not Active,Not Active,Not Active
2026/08/11 11:24:40.526,386.68,450.00,2655,10251,70,100,78,22522,P2,Active,Not Active,Not Active,Not Active
2026/08/11 11:24:41.031,409.36,450.00,2655,10251,74,100,100,22522,P2,Not Active,Not Active,Not Active,Not Active
2026/08/11 11:24:41.534,400.05,450.00,2640,10251,78,100,94,22522,P2,Not Active,Not Active,Not Active,Not Active
2026/08/11 11:24:42.039,364.14,450.00,2655,10251,70,100,100,22518,P2,Not Active,Not Active,Not Active,Not Active
2026/08/11 11:24:42.542,339.54,450.00,2655,10251,69,100,100,22518,P2,Not Active,Not Active,Not Active,Not Active
2026/08/11 11:24:43.046,339.34,450.00,2655,10251,70,100,100,22518,P2,Not Active,Not Active,Not Active,Not Active
2026/08/11 11:24:43.549,366.71,450.00,2640,10251,77,100,88,22518,P2,Not Active,Not Active,Not Active,Not Active
2026/08/11 11:24:44.052,369.38,450.00,2655,10251,70,100,100,22518,P2,Active,Not Active,Not Active,Not Active
2026/08/11 11:24:44.593,412.67,450.00,2640,10251,78,100,63,22518,P2,Active,Not Active,Not Active,Not Active
2026/08/11 11:24:45.100,410.57,450.00,2655,10251,71,100,100,22522,P2,Not Active,Not Active,Not Active,Not Active
2026/08/11 11:24:45.603,348.94,450.00,2655,10251,70,100,100,22522,P2,Not Active,Not Active,Not Active,Not Active
2026/08/11 11:24:46.106,344.44,450.00,2655,10251,69,100,100,22522,P2,Active,Not Active,Not Active,Not Active
2026/08/11 11:24:46.612,391.17,450.00,2640,10251,78,100,95,22522,P2,Not Active,Not Active,Not Active,Not Active
2026/08/11 11:24:47.117,392.37,450.00,2655,10251,70,100,100,22518,P2,Not Active,Not Active,Not Active,Not Active
2026/08/11 11:24:47.671,339.99,450.00,2655,10251,70,100,100,22518,P2,Not Active,Not Active,Not Active,Not Active
2026/08/11 11:24:48.179,374.94,450.00,2655,10251,69,100,63,22521,P2,Active,Not Active,Not Active,Not Active
2026/08/11 11:24:48.683,415.54,450.00,2640,10251,78,100,77,22521,P2,Not Active,Not Active,Not Active,Not Active
2026/08/11 11:24:49.186,394.06,450.00,2655,10251,70,100,100,22518,P2,Not Active,Not Active,Not Active,Not Active
2026/08/11 11:24:49.689,397.05,450.00,2655,10251,76,100,63,22518,P2,Not Active,Not Active,Not Active,Not Active
2026/08/11 11:24:50.196,389.83,450.00,2655,10251,71,100,100,22527,P2,Not Active,Not Active,Not Active,Not Active
2026/08/11 11:24:50.699,336.75,450.00,2655,10251,70,100,100,22527,P2,Not Active,Not Active,Not Active,Not Active
2026/08/11 11:24:51.202,335.97,450.00,2655,10251,70,100,100,22527,P2,Not Active,Not Active,Not Active,Not Active
2026/08/11 11:24:51.705,366.59,450.00,2655,10251,69,100,75,22527,P2,Not Active,Not Active,Not Active,Not Active
2026/08/11 11:24:52.209,387.33,450.00,2640,10251,72,100,69,22527,P2,Active,Not Active,Not Active,Not Active
2026/08/11 11:24:52.714,401.43,450.00,2640,10251,78,100,95,22527,P2,Not Active,Not Active,Not Active,Not Active
2026/08/11 11:24:53.220,405.18,450.00,2655,10251,74,97,100,22527,P2,Not Active,Not Active,Not Active,Not Active
2026/08/11 11:24:53.723,362.79,450.00,2655,10251,70,100,100,22527,P2,Not Active,Not Active,Not Active,Not Active
2026/08/11 11:24:54.228,339.70,450.00,2655,10251,70,100,100,22527,P2,Not Active,Not Active,Not Active,Not Active
2026/08/11 11:24:54.731,367.10,450.00,2655,10251,69,100,72,22527,P2,Not Active,Not Active,Not Active,Not Active
2026/08/11 11:24:55.240,365.15,450.00,2640,10251,71,100,100,22527,P2,Not Active,Not Active,Not Active,Not Active
2026/08/11 11:24:55.743,343.20,450.00,2655,10251,69,100,100,22527,P2,Not Active,Not Active,Not Active,Not Active
2026/08/11 11:24:56.246,388.88,450.00,2655,10251,70,100,63,22527,P2,Active,Not Active,Not Active,Not Active
2026/08/11 11:24:56.750,413.78,450.00,2655,10251,79,100,100,22527,P2,Not Active,Not Active,Not Active,Not Active
2026/08/11 11:24:57.254,373.12,450.00,2655,10251,70,99,100,22523,P2,Not Active,Not Active,Not Active,Not Active
2026/08/11 11:24:57.758,371.65,450.00,2640,10251,78,100,69,22523,P2,Active,Not Active,Not Active,Not Active
2026/08/11 11:24:58.261,392.51,450.00,2655,10251,70,100,100,22523,P2,Not Active,Not Active,Not Active,Not Active
2026/08/11 11:24:58.764,372.64,450.00,2655,10251,70,100,100,22523,P2,Not Active,Not Active,Not Active,Not Active
2026/08/11 11:24:59.268,339.26,450.00,2655,10251,69,97,100,22523,P2,Not Active,Not Active,Not Active,Not Active
2026/08/11 11:24:59.773,356.63,450.00,2640,10251,77,100,71,22523,P2,Not Active,Not Active,Not Active,Not Active
2026/08/11 11:25:00.282,412.64,450.00,2640,10251,78,100,62,22527,P2,Not Active,Not Active,Not Active,Not Active
2026/08/11 11:25:00.829,421.95,450.00,2640,10251,77,100,66,22527,P2,Not Active,Not Active,Not Active,Not Active
2026/08/11 11:25:01.337,371.46,450.00,2655,10251,70,100,100,22527,P2,Not Active,Not Active,Not Active,Not Active
2026/08/11 11:25:01.841,355.12,450.00,2655,10251,70,100,100,22527,P2,Not Active,Not Active,Not Active,Not Active
2026/08/11 11:25:02.344,339.22,450.00,2655,10251,69,100,100,22527,P2,Not Active,Not Active,Not Active,Not Active
2026/08/11 11:25:02.848,339.61,450.00,2655,10251,69,100,100,22527,P2,Not Active,Not Active,Not Active,Not Active
2026/08/11 11:25:03.352,366.82,450.00,2640,10251,72,100,63,22527,P2,Not Active,Not Active,Not Active,Not Active
2026/08/11 11:25:03.856,393.81,450.00,2640,10251,78,100,63,22527,P2,Active,Not Active,Not Active,Not Active
2026/08/11 11:25:04.359,415.00,450.00,2640,10251,72,100,64,22527,P2,Not Active,Not Active,Not Active,Not Active
2026/08/11 11:25:04.882,387.05,450.00,2655,10251,70,100,100,22527,P2,Not Active,Not Active,Not Active,Not Active
2026/08/11 11:25:05.385,336.29,450.00,2655,10251,69,100,100,22524,P2,Not Active,Not Active,Not Active,Not Active
2026/08/11 11:25:05.890,333.99,450.00,2655,10251,69,100,100,22524,P2,Not Active,Not Active,Not Active,Not Active
2026/08/11 11:25:06.393,388.74,450.00,2640,10251,78,100,70,22524,P2,Not Active,Not Active,Not Active,Not Active
2026/08/11 11:25:06.908,391.75,450.00,2655,10251,70,100,100,22520,P2,Not Active,Not Active,Not Active,Not Active
2026/08/11 11:25:07.413,349.11,450.00,2655,10251,70,100,100,22520,P2,Not Active,Not Active,Not Active,Not Active
2026/08/11 11:25:07.916,387.82,450.00,2640,10251,78,100,63,22520,P2,Active,Not Active,Not Active,Not Active
2026/08/11 11:25:08.419,413.38,450.00,2655,10251,71,100,100,22520,P2,Not Active,Not Active,Not Active,Not Active
2026/08/11 11:25:08.924,376.74,450.00,2655,10251,70,100,100,22520,P2,Not Active,Not Active,Not Active,Not Active
2026/08/11 11:25:09.428,375.89,450.00,2640,10251,77,100,64,22520,P2,Active,Not Active,Not Active,Not Active
2026/08/11 11:25:09.932,391.83,450.00,2655,10251,70,100,100,22524,P2,Not Active,Not Active,Not Active,Not Active
2026/08/11 11:25:10.436,364.43,450.00,2655,10251,69,100,100,22527,P2,Not Active,Not Active,Not Active,Not Active
2026/08/11 11:25:10.939,334.38,450.00,2655,10251,69,100,100,22527,P2,Not Active,Not Active,Not Active,Not Active
2026/08/11 11:25:11.442,345.76,450.00,2655,10251,69,100,91,22527,P2,Not Active,Not Active,Not Active,Not Active
2026/08/11 11:25:11.948,399.29,450.00,2640,10251,78,100,65,22523,P2,Not Active,Not Active,Not Active,Not Active
2026/08/11 11:25:12.454,420.64,450.00,2655,10251,70,100,95,22523,P2,Active,Not Active,Not Active,Not Active
2026/08/11 11:25:12.957,391.99,450.00,2655,10251,70,100,100,22523,P2,Not Active,Not Active,Not Active,Not Active
2026/08/11 11:25:13.461,363.35,450.00,2655,10251,70,99,100,22523,P2,Not Active,Not Active,Not Active,Not Active
2026/08/11 11:25:13.964,338.99,450.00,2655,10251,70,100,100,22523,P2,Not Active,Not Active,Not Active,Not Active
2026/08/11 11:25:14.472,339.65,450.00,2655,10251,69,100,100,22523,P2,Not Active,Not Active,Not Active,Not Active
2026/08/11 11:25:14.975,366.22,450.00,2655,10251,77,100,100,22527,P2,Not Active,Not Active,Not Active,Not Active
2026/08/11 11:25:15.478,384.18,450.00,2655,10251,69,100,83,22527,P2,Not Active,Not Active,Not Active,Not Active
2026/08/11 11:25:15.981,408.47,450.00,2640,10251,78,100,73,22527,P2,Not Active,Not Active,Not Active,Not Active
2026/08/11 11:25:16.496,402.22,450.00,2655,10251,70,100,100,22527,P2,Not Active,Not Active,Not Active,Not Active
2026/08/11 11:25:17.000,346.82,450.00,2655,10251,70,100,100,22527,P2,Not Active,Not Active,Not Active,Not Active
2026/08/11 11:25:17.504,339.59,450.00,2655,10251,69,100,100,22527,P2,Not Active,Not Active,Not Active,Not Active
2026/08/11 11:25:18.009,391.25,450.00,2640,10251,78,100,66,22527,P2,Not Active,Not Active,Not Active,Not Active
2026/08/11 11:25:18.522,391.66,450.00,2655,10251,70,100,100,22527,P2,Not Active,Not Active,Not Active,Not Active
2026/08/11 11:25:19.028,350.92,450.00,2655,10251,70,100,100,22527,P2,Not Active,Not Active,Not Active,Not Active
2026/08/11 11:25:19.532,372.94,450.00,2655,10251,75,99,64,22527,P2,Active,Not Active,Not Active,Not Active
2026/08/11 11:25:20.036,413.63,450.00,2655,10251,78,100,95,22527,P2,Not Active,Not Active,Not Active,Not Active
2026/08/11 11:25:20.555,388.91,450.00,2655,10251,70,100,100,22532,P2,Not Active,Not Active,Not Active,Not Active
2026/08/11 11:25:21.058,364.48,450.00,2655,10251,71,100,64,22532,P2,Active,Not Active,Not Active,Not Active
2026/08/11 11:25:21.561,390.14,450.00,2640,10251,71,100,100,22532,P2,Not Active,Not Active,Not Active,Not Active
2026/08/11 11:25:22.070,361.29,450.00,2655,10251,70,100,100,22532,P2,Not Active,Not Active,Not Active,Not Active
2026/08/11 11:25:22.573,339.81,450.00,2655,10251,69,100,100,22532,P2,Not Active,Not Active,Not Active,Not Active
2026/08/11 11:25:23.076,357.13,450.00,2655,10251,69,100,94,22532,P2,Active,Not Active,Not Active,Not Active
2026/08/11 11:25:23.579,396.28,450.00,2640,10251,71,100,64,22532,P2,Active,Not Active,Not Active,Not Active
2026/08/11 11:25:24.085,412.18,450.00,2640,10251,78,100,100,22532,P2,Not Active,Not Active,Not Active,Not Active
2026/08/11 11:25:24.589,395.23,450.00,2640,10251,78,100,100,22532,P2,Not Active,Not Active,Not Active,Not Active
2026/08/11 11:25:25.092,362.58,450.00,2655,10251,70,100,100,22532,P2,Not Active,Not Active,Not Active,Not Active
2026/08/11 11:25:25.596,334.99,450.00,2655,10251,69,100,100,22522,P2,Not Active,Not Active,Not Active,Not Active
2026/08/11 11:25:26.099,334.76,450.00,2655,10251,69,100,100,22522,P2,Not Active,Not Active,Not Active,Not Active
2026/08/11 11:25:26.603,364.90,450.00,2640,10251,77,100,100,22522,P2,Not Active,Not Active,Not Active,Not Active
2026/08/11 11:25:27.108,372.25,450.00,2655,10251,70,100,100,22521,P2,Active,Not Active,Not Active,Not Active
2026/08/11 11:25:27.619,403.86,450.00,2640,10251,78,100,63,22521,P2,Active,Not Active,Not Active,Not Active
2026/08/11 11:25:28.124,413.71,450.00,2640,10251,72,100,100,22521,P2,Not Active,Not Active,Not Active,Not Active
2026/08/11 11:25:28.627,360.93,450.00,2655,10251,70,100,100,22521,P2,Not Active,Not Active,Not Active,Not Active
2026/08/11 11:25:29.131,345.69,450.00,2655,10251,70,100,100,22521,P2,Active,Not Active,Not Active,Not Active
2026/08/11 11:25:29.657,392.28,450.00,2640,10251,78,100,87,22521,P2,Not Active,Not Active,Not Active,Not Active
2026/08/11 11:25:30.161,385.11,450.00,2655,10251,70,100,100,22522,P2,Not Active,Not Active,Not Active,Not Active
2026/08/11 11:25:30.698,334.62,450.00,2655,10251,69,100,100,22522,P2,Not Active,Not Active,Not Active,Not Active
2026/08/11 11:25:31.202,363.31,450.00,2655,10251,69,100,63,22522,P2,Active,Not Active,Not Active,Not Active
2026/08/11 11:25:31.706,422.74,450.00,2640,10251,78,100,64,22522,P2,Not Active,Not Active,Not Active,Not Active
2026/08/11 11:25:32.209,400.11,450.00,2655,10251,71,100,100,22525,P2,Not Active,Not Active,Not Active,Not Active
2026/08/11 11:25:32.712,391.33,450.00,2655,10251,70,100,64,22525,P2,Not Active,Not Active,Not Active,Not Active
2026/08/11 11:25:33.218,391.01,450.00,2640,10251,72,100,100,22522,P2,Not Active,Not Active,Not Active,Not Active
2026/08/11 11:25:33.724,348.13,450.00,2655,10251,70,100,100,22522,P2,Not Active,Not Active,Not Active,Not Active
2026/08/11 11:25:34.227,339.29,450.00,2655,10251,70,100,100,22522,P2,Not Active,Not Active,Not Active,Not Active
2026/08/11 11:25:34.730,362.98,450.00,2655,10251,69,100,84,22522,P2,Not Active,Not Active,Not Active,Not Active
2026/08/11 11:25:35.233,382.83,450.00,2640,10251,74,100,76,22523,P2,Active,Not Active,Not Active,Not Active
2026/08/11 11:25:35.738,400.40,450.00,2655,10251,77,100,81,22523,P2,Not Active,Not Active,Not Active,Not Active
2026/08/11 11:25:36.242,407.50,450.00,2655,10251,70,100,100,22523,P2,Not Active,Not Active,Not Active,Not Active
2026/08/11 11:25:36.745,362.99,450.00,2655,10251,70,100,100,22523,P2,Not Active,Not Active,Not Active,Not Active
2026/08/11 11:25:37.248,339.38,450.00,2655,10251,70,100,100,22519,P2,Not Active,Not Active,Not Active,Not Active
2026/08/11 11:25:37.751,362.32,450.00,2655,10251,69,100,85,22519,P2,Not Active,Not Active,Not Active,Not Active
2026/08/11 11:25:38.273,367.40,450.00,2655,10251,69,100,100,22519,P2,Not Active,Not Active,Not Active,Not Active
2026/08/11 11:25:38.775,347.22,450.00,2655,10251,69,100,100,22519,P2,Not Active,Not Active,Not Active,Not Active
2026/08/11 11:25:39.316,400.31,450.00,2640,10251,78,100,63,22519,P2,Active,Not Active,Not Active,Not Active
2026/08/11 11:25:39.823,413.99,450.00,2655,10251,70,100,100,22519,P2,Not Active,Not Active,Not Active,Not Active
2026/08/11 11:25:40.326,362.67,450.00,2655,10251,70,100,100,22527,P2,Not Active,Not Active,Not Active,Not Active
2026/08/11 11:25:40.829,371.50,450.00,2640,10251,78,100,62,22527,P2,Active,Not Active,Not Active,Not Active
2026/08/11 11:25:41.333,389.04,450.00,2655,10251,70,100,100,22527,P2,Not Active,Not Active,Not Active,Not Active
2026/08/11 11:25:41.838,366.92,450.00,2655,10251,69,100,100,22527,P2,Not Active,Not Active,Not Active,Not Active
2026/08/11 11:25:42.342,339.83,450.00,2655,10251,70,100,100,22526,P2,Not Active,Not Active,Not Active,Not Active
2026/08/11 11:25:42.845,351.50,450.00,2655,10251,75,100,84,22526,P2,Active,Not Active,Not Active,Not Active
2026/08/11 11:25:43.349,411.39,450.00,2640,10251,79,100,63,22526,P2,Not Active,Not Active,Not Active,Not Active
2026/08/11 11:25:43.853,428.41,450.00,2655,10251,77,100,74,22526,P2,Not Active,Not Active,Not Active,Not Active
2026/08/11 11:25:44.359,368.55,450.00,2655,10251,70,100,100,22526,P2,Not Active,Not Active,Not Active,Not Active
2026/08/11 11:25:44.862,347.48,450.00,2655,10251,69,100,100,22526,P2,Not Active,Not Active,Not Active,Not Active
2026/08/11 11:25:45.365,336.48,450.00,2655,10251,69,100,100,22527,P2,Not Active,Not Active,Not Active,Not Active
2026/08/11 11:25:45.868,334.56,450.00,2655,10251,69,100,100,22527,P2,Not Active,Not Active,Not Active,Not Active
2026/08/11 11:25:46.371,367.47,450.00,2640,10251,78,100,93,22527,P2,Not Active,Not Active,Not Active,Not Active
2026/08/11 11:25:46.888,399.16,450.00,2640,10251,77,100,67,22527,P2,Active,Not Active,Not Active,Not Active
2026/08/11 11:25:47.392,414.49,450.00,2640,10251,79,100,94,22527,P2,Not Active,Not Active,Not Active,Not Active
2026/08/11 11:25:47.896,394.20,450.00,2655,10251,70,100,100,22527,P2,Not Active,Not Active,Not Active,Not Active
2026/08/11 11:25:48.400,340.05,450.00,2655,10251,70,100,100,22527,P2,Not Active,Not Active,Not Active,Not Active
2026/08/11 11:25:48.903,339.50,450.00,2655,10251,69,100,100,22527,P2,Not Active,Not Active,Not Active,Not Active
2026/08/11 11:25:49.406,391.52,450.00,2640,10251,78,100,64,22527,P2,Not Active,Not Active,Not Active,Not Active
2026/08/11 11:25:49.954,391.87,450.00,2655,10251,70,100,100,22527,P2,Not Active,Not Active,Not Active,Not Active
2026/08/11 11:25:50.460,336.66,450.00,2655,10251,69,100,100,22527,P2,Not Active,Not Active,Not Active,Not Active
2026/08/11 11:25:50.963,387.83,450.00,2640,10251,77,100,63,22527,P2,Active,Not Active,Not Active,Not Active
2026/08/11 11:25:51.466,411.80,450.00,2640,10251,72,100,100,22527,P2,Not Active,Not Active,Not Active,Not Active
2026/08/11 11:25:51.969,372.06,450.00,2655,10251,70,100,100,22523,P2,Not Active,Not Active,Not Active,Not Active
2026/08/11 11:25:52.473,380.51,450.00,2640,10251,77,100,63,22523,P2,Active,Not Active,Not Active,Not Active
2026/08/11 11:25:52.978,391.07,450.00,2655,10251,71,100,100,22523,P2,Not Active,Not Active,Not Active,Not Active
2026/08/11 11:25:53.481,362.15,450.00,2655,10251,70,100,100,22523,P2,Not Active,Not Active,Not Active,Not Active
2026/08/11 11:25:53.984,339.47,450.00,2655,10251,69,100,100,22523,P2,Not Active,Not Active,Not Active,Not Active
2026/08/11 11:25:54.488,355.32,450.00,2655,10251,69,100,96,22523,P2,Active,Not Active,Not Active,Not Active
2026/08/11 11:25:54.992,407.27,450.00,2640,10251,78,100,63,22527,P2,Not Active,Not Active,Not Active,Not Active
2026/08/11 11:25:55.500,413.86,450.00,2655,10251,70,100,100,22527,P2,Not Active,Not Active,Not Active,Not Active
2026/08/11 11:25:56.003,377.45,450.00,2655,10251,70,100,100,22527,P2,Not Active,Not Active,Not Active,Not Active
2026/08/11 11:25:56.509,360.30,450.00,2655,10251,70,100,100,22527,P2,Not Active,Not Active,Not Active,Not Active
2026/08/11 11:25:57.013,339.52,450.00,2655,10251,69,100,100,22527,P2,Not Active,Not Active,Not Active,Not Active
2026/08/11 11:25:57.517,339.76,450.00,2655,10251,69,100,100,22527,P2,Not Active,Not Active,Not Active,Not Active
2026/08/11 11:25:58.020,366.96,450.00,2655,10251,77,100,89,22527,P2,Not Active,Not Active,Not Active,Not Active
2026/08/11 11:25:58.523,384.02,450.00,2655,10251,70,100,95,22527,P2,Active,Not Active,Not Active,Not Active
2026/08/11 11:25:59.027,414.50,450.00,2640,10251,78,100,66,22527,P2,Not Active,Not Active,Not Active,Not Active
2026/08/11 11:25:59.532,409.45,450.00,2655,10251,70,100,100,22527,P2,Not Active,Not Active,Not Active,Not Active
2026/08/11 11:26:00.037,350.13,450.00,2655,10251,69,100,100,22527,P2,Not Active,Not Active,Not Active,Not Active
2026/08/11 11:26:00.539,336.05,450.00,2655,10251,69,100,100,22527,P2,Not Active,Not Active,Not Active,Not Active
2026/08/11 11:26:01.043,380.90,450.00,2655,10251,77,100,64,22527,P2,Not Active,Not Active,Not Active,Not Active
2026/08/11 11:26:01.561,390.94,450.00,2655,10251,70,100,100,22527,P2,Not Active,Not Active,Not Active,Not Active
2026/08/11 11:26:02.064,345.59,450.00,2655,10251,70,100,100,22527,P2,Not Active,Not Active,Not Active,Not Active
2026/08/11 11:26:02.567,378.21,450.00,2655,10251,69,100,63,22527,P2,Active,Not Active,Not Active,Not Active
2026/08/11 11:26:03.073,414.34,450.00,2640,10251,78,100,84,22527,P2,Not Active,Not Active,Not Active,Not Active
2026/08/11 11:26:03.577,387.51,450.00,2655,10251,70,100,100,22527,P2,Not Active,Not Active,Not Active,Not Active
2026/08/11 11:26:04.080,377.85,450.00,2655,10251,70,100,63,22527,P2,Active,Not Active,Not Active,Not Active
2026/08/11 11:26:04.584,390.81,450.00,2640,10251,73,100,100,22527,P2,Not Active,Not Active,Not Active,Not Active
2026/08/11 11:26:05.087,363.75,450.00,2655,10251,70,100,100,22523,P2,Not Active,Not Active,Not Active,Not Active
2026/08/11 11:26:05.592,335.72,450.00,2655,10251,69,100,100,22529,P2,Not Active,Not Active,Not Active,Not Active
2026/08/11 11:26:06.096,345.29,450.00,2655,10251,69,100,100,22529,P2,Not Active,Not Active,Not Active,Not Active
2026/08/11 11:26:06.608,387.87,450.00,2640,10251,74,100,64,22529,P2,Active,Not Active,Not Active,Not Active
2026/08/11 11:26:07.114,415.83,450.00,2640,10251,78,100,100,22529,P2,Not Active,Not Active,Not Active,Not Active
2026/08/11 11:26:07.618,402.36,450.00,2640,10251,77,100,100,22529,P2,Not Active,Not Active,Not Active,Not Active
2026/08/11 11:26:08.121,364.34,450.00,2655,10251,70,100,100,22529,P2,Not Active,Not Active,Not Active,Not Active
2026/08/11 11:26:08.624,339.96,450.00,2655,10251,70,100,100,22529,P2,Not Active,Not Active,Not Active,Not Active
2026/08/11 11:26:09.128,339.83,450.00,2655,10251,69,100,100,22529,P2,Active,Not Active,Not Active,Not Active
2026/08/11 11:26:09.685,366.86,450.00,2655,10251,77,100,100,22529,P2,Not Active,Not Active,Not Active,Not Active
2026/08/11 11:26:10.194,376.65,450.00,2655,10251,70,100,77,22532,P2,Active,Not Active,Not Active,Not Active
2026/08/11 11:26:10.697,405.13,450.00,2655,10251,77,100,61,22522,P2,Not Active,Not Active,Not Active,Not Active
2026/08/11 11:26:11.202,408.75,450.00,2655,10251,75,100,100,22522,P2,Not Active,Not Active,Not Active,Not Active
2026/08/11 11:26:11.706,355.01,450.00,2655,10251,70,100,100,22522,P2,Not Active,Not Active,Not Active,Not Active
2026/08/11 11:26:12.211,349.54,450.00,2655,10251,69,100,87,22518,P2,Active,Not Active,Not Active,Not Active
2026/08/11 11:26:12.716,392.06,450.00,2640,10251,77,100,75,22518,P2,Not Active,Not Active,Not Active,Not Active
2026/08/11 11:26:13.219,392.09,450.00,2655,10251,70,100,100,22518,P2,Not Active,Not Active,Not Active,Not Active
2026/08/11 11:26:13.722,339.80,450.00,2655,10251,70,100,100,22518,P2,Not Active,Not Active,Not Active,Not Active
2026/08/11 11:26:14.226,363.51,450.00,2655,10251,69,100,63,22518,P2,Active,Not Active,Not Active,Not Active
2026/08/11 11:26:14.732,415.91,450.00,2640,10251,78,100,63,22518,P2,Not Active,Not Active,Not Active,Not Active
2026/08/11 11:26:15.235,402.54,450.00,2655,10251,71,100,100,22522,P2,Not Active,Not Active,Not Active,Not Active
2026/08/11 11:26:15.739,386.59,450.00,2655,10251,69,100,62,22522,P2,Not Active,Not Active,Not Active,Not Active
2026/08/11 11:26:16.242,387.90,450.00,2640,10251,74,100,100,22522,P2,Not Active,Not Active,Not Active,Not Active
2026/08/11 11:26:16.746,343.57,450.00,2655,10251,70,100,100,22522,P2,Not Active,Not Active,Not Active,Not Active
2026/08/11 11:26:17.251,339.77,450.00,2655,10251,70,100,100,22518,P2,Not Active,Not Active,Not Active,Not Active
2026/08/11 11:26:17.755,366.51,450.00,2655,10251,69,99,66,22518,P2,Not Active,Not Active,Not Active,Not Active
2026/08/11 11:26:18.260,387.15,450.00,2640,10251,77,100,89,22518,P2,Active,Not Active,Not Active,Not Active
2026/08/11 11:26:18.782,400.32,450.00,2655,10251,70,100,100,22518,P2,Not Active,Not Active,Not Active,Not Active
2026/08/11 11:26:19.292,405.72,450.00,2655,10251,70,100,98,22518,P2,Not Active,Not Active,Not Active,Not Active
2026/08/11 11:26:19.796,364.48,450.00,2655,10251,70,100,100,22518,P2,Not Active,Not Active,Not Active,Not Active
2026/08/11 11:26:20.301,337.75,450.00,2655,10251,69,100,100,22527,P2,Not Active,Not Active,Not Active,Not Active
2026/08/11 11:26:20.805,362.18,450.00,2640,10251,77,100,65,22527,P2,Not Active,Not Active,Not Active,Not Active
2026/08/11 11:26:21.311,363.88,450.00,2655,10251,70,100,100,22527,P2,Not Active,Not Active,Not Active,Not Active
2026/08/11 11:26:21.814,349.89,450.00,2655,10251,69,99,100,22527,P2,Not Active,Not Active,Not Active,Not Active
2026/08/11 11:26:22.317,393.66,450.00,2640,10251,78,100,63,22527,P2,Active,Not Active,Not Active,Not Active
2026/08/11 11:26:22.821,413.90,450.00,2655,10251,70,100,100,22527,P2,Not Active,Not Active,Not Active,Not Active
2026/08/11 11:26:23.327,371.55,450.00,2655,10251,69,100,100,22527,P2,Not Active,Not Active,Not Active,Not Active
2026/08/11 11:26:23.830,374.05,450.00,2640,10251,78,100,63,22527,P2,Active,Not Active,Not Active,Not Active
2026/08/11 11:26:24.334,392.16,450.00,2655,10251,70,100,100,22527,P2,Not Active,Not Active,Not Active,Not Active
2026/08/11 11:26:24.837,370.25,450.00,2655,10251,70,100,100,22527,P2,Not Active,Not Active,Not Active,Not Active
2026/08/11 11:26:25.341,336.99,450.00,2655,10251,69,100,100,22527,P2,Not Active,Not Active,Not Active,Not Active
2026/08/11 11:26:25.849,351.72,450.00,2655,10251,69,100,93,22527,P2,Active,Not Active,Not Active,Not Active
2026/08/11 11:26:26.352,412.56,450.00,2640,10251,79,100,66,22527,P2,Not Active,Not Active,Not Active,Not Active
2026/08/11 11:26:26.856,430.96,450.00,2655,10251,75,100,84,22527,P2,Not Active,Not Active,Not Active,Not Active
2026/08/11 11:26:27.360,374.90,450.00,2655,10251,70,100,100,22527,P2,Not Active,Not Active,Not Active,Not Active
2026/08/11 11:26:27.865,353.78,450.00,2655,10251,70,100,100,22527,P2,Not Active,Not Active,Not Active,Not Active
2026/08/11 11:26:28.368,339.83,450.00,2655,10251,69,100,100,22527,P2,Not Active,Not Active,Not Active,Not Active
2026/08/11 11:26:28.871,339.90,450.00,2655,10251,69,100,100,22527,P2,Not Active,Not Active,Not Active,Not Active
2026/08/11 11:26:29.374,369.68,450.00,2655,10251,78,100,88,22527,P2,Not Active,Not Active,Not Active,Not Active
2026/08/11 11:26:29.877,396.13,450.00,2640,10251,76,99,71,22527,P2,Not Active,Not Active,Not Active,Not Active
2026/08/11 11:26:30.381,410.72,450.00,2640,10251,78,100,84,22527,P2,Not Active,Not Active,Not Active,Not Active
2026/08/11 11:26:30.887,390.88,450.00,2655,10251,70,100,100,22527,P2,Not Active,Not Active,Not Active,Not Active
2026/08/11 11:26:31.390,336.98,450.00,2655,10251,70,100,100,22527,P2,Not Active,Not Active,Not Active,Not Active
2026/08/11 11:26:31.892,339.82,450.00,2655,10251,69,100,100,22527,P2,Not Active,Not Active,Not Active,Not Active
2026/08/11 11:26:32.397,385.34,450.00,2640,10251,78,100,63,22527,P2,Active,Not Active,Not Active,Not Active
2026/08/11 11:26:32.902,392.75,450.00,2655,10251,70,100,100,22527,P2,Not Active,Not Active,Not Active,Not Active
2026/08/11 11:26:33.406,359.68,450.00,2655,10251,69,100,100,22527,P2,Not Active,Not Active,Not Active,Not Active
2026/08/11 11:26:33.909,378.70,450.00,2640,10251,78,100,63,22527,P2,Active,Not Active,Not Active,Not Active
2026/08/11 11:26:34.412,414.06,450.00,2640,10251,72,100,100,22527,P2,Not Active,Not Active,Not Active,Not Active
2026/08/11 11:26:34.915,386.72,450.00,2655,10251,70,100,100,22527,P2,Not Active,Not Active,Not Active,Not Active
2026/08/11 11:26:35.418,362.18,450.00,2655,10251,75,100,62,22524,P2,Active,Not Active,Not Active,Not Active
2026/08/11 11:26:35.923,385.90,450.00,2655,10251,71,100,96,22524,P2,Not Active,Not Active,Not Active,Not Active
2026/08/11 11:26:36.426,376.44,450.00,2655,10251,70,100,100,22524,P2,Not Active,Not Active,Not Active,Not Active
2026/08/11 11:26:36.929,339.73,450.00,2655,10251,69,100,100,22520,P2,Not Active,Not Active,Not Active,Not Active
2026/08/11 11:26:37.432,339.77,450.00,2655,10251,69,100,100,22520,P2,Active,Not Active,Not Active,Not Active
2026/08/11 11:26:37.956,402.08,450.00,2655,10251,77,100,64,22520,P2,Active,Not Active,Not Active,Not Active
2026/08/11 11:26:38.464,423.80,450.00,2655,10251,71,100,100,22520,P2,Not Active,Not Active,Not Active,Not Active
2026/08/11 11:26:38.996,391.09,450.00,2655,10251,71,100,100,22520,P2,Not Active,Not Active,Not Active,Not Active
2026/08/11 11:26:39.501,364.90,450.00,2655,10251,70,100,100,22520,P2,Not Active,Not Active,Not Active,Not Active
2026/08/11 11:26:40.004,338.91,450.00,2655,10251,70,99,100,22525,P2,Not Active,Not Active,Not Active,Not Active
2026/08/11 11:26:40.507,335.80,450.00,2655,10251,69,100,100,22527,P2,Not Active,Not Active,Not Active,Not Active
2026/08/11 11:26:41.026,361.72,450.00,2655,10251,75,100,77,22527,P2,Not Active,Not Active,Not Active,Not Active
2026/08/11 11:26:41.529,379.70,450.00,2655,10251,70,100,100,22527,P2,Active,Not Active,Not Active,Not Active
2026/08/11 11:26:42.032,413.54,450.00,2640,10251,78,100,63,22526,P2,Not Active,Not Active,Not Active,Not Active
2026/08/11 11:26:42.568,403.27,450.00,2655,10251,70,100,100,22526,P2,Not Active,Not Active,Not Active,Not Active
2026/08/11 11:26:43.070,344.89,450.00,2655,10251,70,100,100,22526,P2,Not Active,Not Active,Not Active,Not Active
2026/08/11 11:26:43.573,339.71,450.00,2655,10251,69,100,100,22526,P2,Not Active,Not Active,Not Active,Not Active
2026/08/11 11:26:44.077,392.42,450.00,2655,10251,77,100,64,22526,P2,Not Active,Not Active,Not Active,Not Active
2026/08/11 11:26:44.595,393.08,450.00,2655,10251,70,100,100,22526,P2,Not Active,Not Active,Not Active,Not Active
2026/08/11 11:26:45.100,348.60,450.00,2655,10251,70,100,100,22527,P2,Not Active,Not Active,Not Active,Not Active
2026/08/11 11:26:45.603,369.15,450.00,2655,10251,69,100,61,22527,P2,Active,Not Active,Not Active,Not Active
2026/08/11 11:26:46.107,410.86,450.00,2655,10251,78,100,73,22527,P2,Not Active,Not Active,Not Active,Not Active
2026/08/11 11:26:46.627,392.43,450.00,2655,10251,70,100,100,22527,P2,Not Active,Not Active,Not Active,Not Active
2026/08/11 11:26:47.130,372.60,450.00,2655,10251,70,100,68,22527,P2,Active,Not Active,Not Active,Not Active
2026/08/11 11:26:47.633,391.76,450.00,2640,10251,79,100,100,22527,P2,Not Active,Not Active,Not Active,Not Active
2026/08/11 11:26:48.138,358.96,450.00,2655,10251,70,100,100,22529,P2,Not Active,Not Active,Not Active,Not Active
2026/08/11 11:26:48.641,339.74,450.00,2655,10251,70,100,100,22529,P2,Not Active,Not Active,Not Active,Not Active
2026/08/11 11:26:49.144,358.83,450.00,2655,10251,69,100,69,22527,P2,Active,Not Active,Not Active,Not Active
2026/08/11 11:26:49.649,398.53,450.00,2640,10251,77,100,67,22527,P2,Active,Not Active,Not Active,Not Active
2026/08/11 11:26:50.152,409.95,450.00,2640,10251,78,100,96,22527,P2,Not Active,Not Active,Not Active,Not Active
2026/08/11 11:26:50.692,388.93,450.00,2655,10251,76,100,100,22532,P2,Not Active,Not Active,Not Active,Not Active
2026/08/11 11:26:51.201,359.93,450.00,2655,10251,70,100,100,22532,P2,Not Active,Not Active,Not Active,Not Active
2026/08/11 11:26:51.704,338.27,450.00,2655,10251,69,100,100,22532,P2,Not Active,Not Active,Not Active,Not Active
2026/08/11 11:26:52.208,339.30,450.00,2655,10251,69,100,100,22528,P2,Active,Not Active,Not Active,Not Active
2026/08/11 11:26:52.711,366.85,450.00,2655,10251,77,100,98,22528,P2,Not Active,Not Active,Not Active,Not Active
2026/08/11 11:26:53.217,374.23,450.00,2655,10251,70,100,91,22528,P2,Active,Not Active,Not Active,Not Active
2026/08/11 11:26:53.720,405.72,450.00,2640,10251,77,100,63,22528,P2,Not Active,Not Active,Not Active,Not Active
2026/08/11 11:26:54.223,413.58,450.00,2640,10251,79,100,100,22528,P2,Not Active,Not Active,Not Active,Not Active
2026/08/11 11:26:54.726,359.01,450.00,2655,10251,70,100,100,22528,P2,Not Active,Not Active,Not Active,Not Active
2026/08/11 11:26:55.230,353.12,450.00,2655,10251,69,100,92,22530,P2,Active,Not Active,Not Active,Not Active
2026/08/11 11:26:55.735,386.46,450.00,2655,10251,76,100,100,22522,P2,Not Active,Not Active,Not Active,Not Active
2026/08/11 11:26:56.244,383.15,450.00,2655,10251,70,100,100,22522,P2,Not Active,Not Active,Not Active,Not Active
2026/08/11 11:26:56.748,339.47,450.00,2655,10251,70,100,100,22522,P2,Not Active,Not Active,Not Active,Not Active
2026/08/11 11:26:57.252,368.48,450.00,2655,10251,69,100,73,22522,P2,Active,Not Active,Not Active,Not Active
2026/08/11 11:26:57.757,422.77,450.00,2640,10251,77,100,88,22522,P2,Not Active,Not Active,Not Active,Not Active
2026/08/11 11:26:58.261,398.29,450.00,2655,10251,72,100,100,22522,P2,Not Active,Not Active,Not Active,Not Active
2026/08/11 11:26:58.764,391.23,450.00,2655,10251,78,100,72,22522,P2,Not Active,Not Active,Not Active,Not Active
2026/08/11 11:26:59.290,391.24,450.00,2655,10251,70,100,100,22522,P2,Not Active,Not Active,Not Active,Not Active
2026/08/11 11:26:59.796,347.90,450.00,2655,10251,69,100,100,22522,P2,Not Active,Not Active,Not Active,Not Active
2026/08/11 11:27:00.299,337.12,450.00,2655,10251,69,100,100,22522,P2,Not Active,Not Active,Not Active,Not Active
2026/08/11 11:27:00.802,355.98,450.00,2655,10251,76,100,63,22522,P2,Not Active,Not Active,Not Active,Not Active
2026/08/11 11:27:01.305,381.64,450.00,2640,10251,76,100,100,22522,P2,Active,Not Active,Not Active,Not Active
2026/08/11 11:27:01.809,406.10,450.00,2655,10251,70,100,100,22522,P2,Not Active,Not Active,Not Active,Not Active
2026/08/11 11:27:02.314,411.32,450.00,2655,10251,70,100,85,22522,P2,Not Active,Not Active,Not Active,Not Active
2026/08/11 11:27:02.818,363.87,450.00,2655,10251,70,100,100,22522,P2,Not Active,Not Active,Not Active,Not Active
2026/08/11 11:27:03.321,339.54,450.00,2655,10251,69,100,100,22522,P2,Not Active,Not Active,Not Active,Not Active
2026/08/11 11:27:03.825,364.03,450.00,2640,10251,77,100,63,22522,P2,Not Active,Not Active,Not Active,Not Active
2026/08/11 11:27:04.343,367.17,450.00,2655,10251,69,100,100,22522,P2,Not Active,Not Active,Not Active,Not Active
2026/08/11 11:27:04.847,346.58,450.00,2655,10251,69,100,100,22522,P2,Active,Not Active,Not Active,Not Active
2026/08/11 11:27:05.387,396.98,450.00,2640,10251,78,100,62,22523,P2,Not Active,Not Active,Not Active,Not Active
2026/08/11 11:27:05.892,408.69,450.00,2655,10251,70,100,100,22523,P2,Not Active,Not Active,Not Active,Not Active
2026/08/11 11:27:06.395,362.01,450.00,2655,10251,69,100,100,22523,P2,Not Active,Not Active,Not Active,Not Active
2026/08/11 11:27:06.898,378.24,450.00,2640,10251,77,100,64,22519,P2,Active,Not Active,Not Active,Not Active
2026/08/11 11:27:07.402,391.94,450.00,2655,10251,70,100,100,22519,P2,Not Active,Not Active,Not Active,Not Active
2026/08/11 11:27:07.905,365.34,450.00,2655,10251,69,100,100,22519,P2,Not Active,Not Active,Not Active,Not Active
2026/08/11 11:27:08.410,339.55,450.00,2655,10251,69,100,100,22519,P2,Not Active,Not Active,Not Active,Not Active
2026/08/11 11:27:08.914,353.01,450.00,2655,10251,69,100,100,22519,P2,Active,Not Active,Not Active,Not Active
2026/08/11 11:27:09.417,412.87,450.00,2640,10251,78,100,63,22519,P2,Not Active,Not Active,Not Active,Not Active
2026/08/11 11:27:09.941,426.32,450.00,2655,10251,73,100,71,22523,P2,Not Active,Not Active,Not Active,Not Active
2026/08/11 11:27:10.487,363.20,450.00,2655,10251,70,100,100,22527,P2,Not Active,Not Active,Not Active,Not Active
2026/08/11 11:27:10.993,341.13,450.00,2655,10251,69,100,100,22527,P2,Not Active,Not Active,Not Active,Not Active
2026/08/11 11:27:11.496,337.36,450.00,2655,10251,69,100,100,22527,P2,Not Active,Not Active,Not Active,Not Active
2026/08/11 11:27:11.999,339.85,450.00,2655,10251,69,100,100,22527,P2,Not Active,Not Active,Not Active,Not Active
2026/08/11 11:27:12.503,369.38,450.00,2640,10251,77,100,75,22527,P2,Not Active,Not Active,Not Active,Not Active
2026/08/11 11:27:13.006,400.65,450.00,2655,10251,75,100,63,22527,P2,Active,Not Active,Not Active,Not Active
2026/08/11 11:27:13.511,414.07,450.00,2640,10251,79,100,77,22527,P2,Not Active,Not Active,Not Active,Not Active
2026/08/11 11:27:14.015,391.71,450.00,2655,10251,70,100,100,22527,P2,Not Active,Not Active,Not Active,Not Active
2026/08/11 11:27:14.518,339.58,450.00,2655,10251,70,100,100,22527,P2,Not Active,Not Active,Not Active,Not Active
2026/08/11 11:27:15.021,338.83,450.00,2655,10251,69,100,100,22527,P2,Not Active,Not Active,Not Active,Not Active
2026/08/11 11:27:15.525,387.20,450.00,2640,10251,77,100,82,22527,P2,Not Active,Not Active,Not Active,Not Active
2026/08/11 11:27:16.034,386.83,450.00,2655,10251,70,100,100,22527,P2,Not Active,Not Active,Not Active,Not Active
2026/08/11 11:27:16.537,338.37,450.00,2655,10251,69,100,100,22527,P2,Not Active,Not Active,Not Active,Not Active
2026/08/11 11:27:17.040,394.56,450.00,2640,10251,77,100,63,22527,P2,Active,Not Active,Not Active,Not Active
2026/08/11 11:27:17.544,413.07,450.00,2640,10251,78,100,100,22527,P2,Not Active,Not Active,Not Active,Not Active
2026/08/11 11:27:18.049,369.64,450.00,2655,10251,70,100,100,22527,P2,Not Active,Not Active,Not Active,Not Active
2026/08/11 11:27:18.552,382.94,450.00,2655,10251,72,100,64,22527,P2,Active,Not Active,Not Active,Not Active
2026/08/11 11:27:19.055,391.61,450.00,2640,10251,71,100,100,22527,P2,Not Active,Not Active,Not Active,Not Active
2026/08/11 11:27:19.559,360.44,450.00,2655,10251,70,100,100,22527,P2,Not Active,Not Active,Not Active,Not Active
2026/08/11 11:27:20.062,337.99,450.00,2655,10251,69,100,100,22527,P2,Not Active,Not Active,Not Active,Not Active
2026/08/11 11:27:20.566,348.70,450.00,2655,10251,69,100,74,22527,P2,Not Active,Not Active,Not Active,Not Active
2026/08/11 11:27:21.074,400.29,450.00,2655,10251,71,100,64,22527,P2,Active,Not Active,Not Active,Not Active
2026/08/11 11:27:21.578,418.88,450.00,2655,10251,71,100,83,22527,P2,Active,Not Active,Not Active,Not Active
2026/08/11 11:27:22.081,385.56,450.00,2655,10251,73,100,100,22527,P2,Not Active,Not Active,Not Active,Not Active
2026/08/11 11:27:22.586,363.05,450.00,2655,10251,70,100,100,22527,P2,Not Active,Not Active,Not Active,Not Active
2026/08/11 11:27:23.090,339.31,450.00,2655,10251,69,100,100,22527,P2,Not Active,Not Active,Not Active,Not Active
2026/08/11 11:27:23.593,339.70,450.00,2655,10251,69,100,100,22527,P2,Not Active,Not Active,Not Active,Not Active
2026/08/11 11:27:24.096,366.54,450.00,2655,10251,72,100,71,22527,P2,Not Active,Not Active,Not Active,Not Active
2026/08/11 11:27:24.599,385.22,450.00,2655,10251,70,100,69,22527,P2,Active,Not Active,Not Active,Not Active
2026/08/11 11:27:25.102,413.06,450.00,2655,10251,78,100,63,22527,P2,Not Active,Not Active,Not Active,Not Active
2026/08/11 11:27:25.607,402.69,450.00,2655,10251,70,100,100,22527,P2,Not Active,Not Active,Not Active,Not Active
2026/08/11 11:27:26.111,342.79,450.00,2655,10251,69,100,100,22527,P2,Not Active,Not Active,Not Active,Not Active
2026/08/11 11:27:26.614,336.57,450.00,2655,10251,69,100,100,22527,P2,Not Active,Not Active,Not Active,Not Active
2026/08/11 11:27:27.117,386.33,450.00,2655,10251,75,100,63,22527,P2,Not Active,Not Active,Not Active,Not Active
2026/08/11 11:27:27.634,391.75,450.00,2655,10251,70,100,100,22527,P2,Not Active,Not Active,Not Active,Not Active
2026/08/11 11:27:28.137,343.17,450.00,2655,10251,70,98,100,22527,P2,Not Active,Not Active,Not Active,Not Active
2026/08/11 11:27:28.640,378.36,450.00,2655,10251,69,100,63,22527,P2,Active,Not Active,Not Active,Not Active
2026/08/11 11:27:29.146,413.68,450.00,2640,10251,78,100,100,22527,P2,Not Active,Not Active,Not Active,Not Active
2026/08/11 11:27:29.649,386.18,450.00,2655,10251,70,100,100,22527,P2,Not Active,Not Active,Not Active,Not Active
2026/08/11 11:27:30.153,376.81,450.00,2655,10251,70,100,61,22527,P2,Not Active,Not Active,Not Active,Not Active
2026/08/11 11:27:30.656,386.34,450.00,2640,10251,78,100,100,22527,P2,Not Active,Not Active,Not Active,Not Active
2026/08/11 11:27:31.159,359.52,450.00,2655,10251,70,100,100,22527,P2,Not Active,Not Active,Not Active,Not Active
2026/08/11 11:27:31.664,338.36,450.00,2655,10251,69,100,100,22527,P2,Not Active,Not Active,Not Active,Not Active
2026/08/11 11:27:32.167,350.18,450.00,2655,10251,69,99,82,22527,P2,Active,Not Active,Not Active,Not Active
2026/08/11 11:27:32.679,389.51,450.00,2655,10251,73,100,81,22527,P2,Active,Not Active,Not Active,Not Active
2026/08/11 11:27:33.187,413.76,450.00,2640,10251,78,100,100,22527,P2,Not Active,Not Active,Not Active,Not Active
2026/08/11 11:27:33.690,399.36,450.00,2655,10251,77,100,95,22527,P2,Not Active,Not Active,Not Active,Not Active
2026/08/11 11:27:34.193,361.45,450.00,2655,10251,70,99,100,22527,P2,Not Active,Not Active,Not Active,Not Active
2026/08/11 11:27:34.696,337.26,450.00,2655,10251,69,100,100,22527,P2,Not Active,Not Active,Not Active,Not Active
2026/08/11 11:27:35.199,337.48,450.00,2655,10251,69,100,100,22529,P2,Not Active,Not Active,Not Active,Not Active
2026/08/11 11:27:35.707,361.85,450.00,2655,10251,76,100,81,22529,P2,Not Active,Not Active,Not Active,Not Active
2026/08/11 11:27:36.210,362.48,450.00,2655,10251,70,100,100,22529,P2,Active,Not Active,Not Active,Not Active
2026/08/11 11:27:36.738,406.87,450.00,2655,10251,77,100,63,22529,P2,Active,Not Active,Not Active,Not Active
2026/08/11 11:27:37.247,412.73,450.00,2640,10251,77,100,100,22529,P2,Not Active,Not Active,Not Active,Not Active
2026/08/11 11:27:37.751,356.86,450.00,2655,10251,70,100,100,22529,P2,Not Active,Not Active,Not Active,Not Active
2026/08/11 11:27:38.255,348.56,450.00,2655,10251,69,100,100,22529,P2,Active,Not Active,Not Active,Not Active
2026/08/11 11:27:38.760,391.79,450.00,2655,10251,77,100,95,22529,P2,Not Active,Not Active,Not Active,Not Active
2026/08/11 11:27:39.265,391.82,450.00,2655,10251,70,100,100,22529,P2,Not Active,Not Active,Not Active,Not Active
2026/08/11 11:27:39.768,339.57,450.00,2655,10251,69,100,100,22529,P2,Not Active,Not Active,Not Active,Not Active
2026/08/11 11:27:40.272,358.63,450.00,2640,10251,77,100,83,22522,P2,Not Active,Not Active,Not Active,Not Active
2026/08/11 11:27:40.776,410.00,450.00,2640,10251,71,100,69,22522,P2,Not Active,Not Active,Not Active,Not Active
2026/08/11 11:27:41.281,401.71,450.00,2655,10251,70,100,100,22522,P2,Not Active,Not Active,Not Active,Not Active
2026/08/11 11:27:41.784,392.83,450.00,2640,10251,78,100,63,22522,P2,Not Active,Not Active,Not Active,Not Active
2026/08/11 11:27:42.288,391.01,450.00,2655,10251,70,100,100,22522,P2,Not Active,Not Active,Not Active,Not Active
2026/08/11 11:27:42.791,356.80,450.00,2655,10251,69,100,100,22522,P2,Not Active,Not Active,Not Active,Not Active
2026/08/11 11:27:43.295,339.34,450.00,2655,10251,69,100,100,22522,P2,Not Active,Not Active,Not Active,Not Active
2026/08/11 11:27:43.799,355.39,450.00,2640,10251,77,100,76,22522,P2,Active,Not Active,Not Active,Not Active
2026/08/11 11:27:44.303,373.87,450.00,2655,10251,77,100,100,22522,P2,Active,Not Active,Not Active,Not Active
2026/08/11 11:27:44.807,411.18,450.00,2655,10251,70,100,95,22522,P2,Not Active,Not Active,Not Active,Not Active
2026/08/11 11:27:45.310,410.64,450.00,2655,10251,70,100,71,22522,P2,Not Active,Not Active,Not Active,Not Active
2026/08/11 11:27:45.813,358.13,450.00,2655,10251,69,100,100,22522,P2,Not Active,Not Active,Not Active,Not Active
2026/08/11 11:27:46.317,335.73,450.00,2655,10251,69,100,100,22522,P2,Not Active,Not Active,Not Active,Not Active
2026/08/11 11:27:46.822,366.04,450.00,2655,10251,77,100,77,22522,P2,Not Active,Not Active,Not Active,Not Active
2026/08/11 11:27:47.327,366.55,450.00,2655,10251,69,100,100,22522,P2,Not Active,Not Active,Not Active,Not Active
2026/08/11 11:27:47.830,351.37,450.00,2655,10251,69,100,100,22522,P2,Not Active,Not Active,Not Active,Not Active
2026/08/11 11:27:48.333,393.14,450.00,2640,10251,78,100,63,22522,P2,Active,Not Active,Not Active,Not Active
2026/08/11 11:27:48.837,414.12,450.00,2655,10251,70,100,100,22522,P2,Not Active,Not Active,Not Active,Not Active
2026/08/11 11:27:49.341,372.41,450.00,2655,10251,70,100,100,22522,P2,Not Active,Not Active,Not Active,Not Active
2026/08/11 11:27:49.844,372.86,450.00,2640,10251,78,100,67,22522,P2,Active,Not Active,Not Active,Not Active
2026/08/11 11:27:50.347,388.83,450.00,2655,10251,70,99,100,22527,P2,Not Active,Not Active,Not Active,Not Active
2026/08/11 11:27:50.850,365.41,450.00,2655,10251,69,100,100,22527,P2,Not Active,Not Active,Not Active,Not Active
2026/08/11 11:27:51.354,336.33,450.00,2655,10251,69,100,100,22527,P2,Not Active,Not Active,Not Active,Not Active
2026/08/11 11:27:51.858,344.61,450.00,2655,10251,69,100,100,22527,P2,Active,Not Active,Not Active,Not Active
2026/08/11 11:27:52.414,414.53,450.00,2640,10251,78,100,63,22523,P2,Not Active,Not Active,Not Active,Not Active
2026/08/11 11:27:52.923,430.59,450.00,2655,10251,75,100,65,22523,P2,Not Active,Not Active,Not Active,Not Active
2026/08/11 11:27:53.427,375.86,450.00,2655,10251,70,100,100,22523,P2,Not Active,Not Active,Not Active,Not Active
2026/08/11 11:27:53.930,354.36,450.00,2655,10251,69,100,100,22523,P2,Not Active,Not Active,Not Active,Not Active
2026/08/11 11:27:54.433,338.66,450.00,2655,10251,69,99,100,22523,P2,Not Active,Not Active,Not Active,Not Active
2026/08/11 11:27:54.938,338.27,450.00,2655,10251,69,100,100,22527,P2,Not Active,Not Active,Not Active,Not Active
2026/08/11 11:27:55.441,362.98,450.00,2655,10251,77,100,62,22527,P2,Not Active,Not Active,Not Active,Not Active
2026/08/11 11:27:55.973,385.70,450.00,2655,10251,76,100,63,22527,P2,Active,Not Active,Not Active,Not Active
2026/08/11 11:27:56.479,412.38,450.00,2640,10251,79,100,63,22527,P2,Not Active,Not Active,Not Active,Not Active
2026/08/11 11:27:56.982,400.08,450.00,2655,10251,69,100,100,22527,P2,Not Active,Not Active,Not Active,Not Active
2026/08/11 11:27:57.485,341.64,450.00,2655,10251,69,100,100,22527,P2,Not Active,Not Active,Not Active,Not Active
2026/08/11 11:27:57.988,339.04,450.00,2655,10251,69,100,100,22527,P2,Not Active,Not Active,Not Active,Not Active
2026/08/11 11:27:58.493,384.01,450.00,2640,10251,78,100,63,22527,P2,Active,Not Active,Not Active,Not Active
2026/08/11 11:27:58.998,392.08,450.00,2655,10251,70,100,100,22527,P2,Not Active,Not Active,Not Active,Not Active
2026/08/11 11:27:59.501,359.45,450.00,2655,10251,69,100,100,22527,P2,Not Active,Not Active,Not Active,Not Active
2026/08/11 11:28:00.004,375.79,450.00,2640,10251,77,100,62,22527,P2,Not Active,Not Active,Not Active,Not Active
2026/08/11 11:28:00.507,408.92,450.00,2640,10251,73,100,79,22527,P2,Not Active,Not Active,Not Active,Not Active
2026/08/11 11:28:01.010,370.39,450.00,2655,10251,70,100,100,22527,P2,Not Active,Not Active,Not Active,Not Active
2026/08/11 11:28:01.515,370.86,450.00,2655,10251,74,100,64,22527,P2,Active,Not Active,Not Active,Not Active
2026/08/11 11:28:02.019,391.46,450.00,2655,10251,71,100,100,22527,P2,Not Active,Not Active,Not Active,Not Active
2026/08/11 11:28:02.522,369.30,450.00,2655,10251,70,100,100,22527,P2,Not Active,Not Active,Not Active,Not Active
2026/08/11 11:28:03.025,338.65,450.00,2655,10251,69,100,100,22527,P2,Not Active,Not Active,Not Active,Not Active
2026/08/11 11:28:03.528,347.42,450.00,2655,10251,69,100,89,22527,P2,Not Active,Not Active,Not Active,Not Active
2026/08/11 11:28:04.032,399.30,450.00,2640,10251,76,100,64,22527,P2,Active,Not Active,Not Active,Not Active
2026/08/11 11:28:04.537,414.67,450.00,2640,10251,71,100,100,22527,P2,Not Active,Not Active,Not Active,Not Active
2026/08/11 11:28:05.040,365.07,450.00,2655,10251,70,100,100,22524,P2,Not Active,Not Active,Not Active,Not Active
2026/08/11 11:28:05.543,334.57,450.00,2655,10251,69,100,100,22524,P2,Not Active,Not Active,Not Active,Not Active
2026/08/11 11:28:06.047,333.35,450.00,2655,10251,69,100,100,22524,P2,Not Active,Not Active,Not Active,Not Active
2026/08/11 11:28:06.551,336.25,450.00,2655,10251,69,98,100,22524,P2,Not Active,Not Active,Not Active,Not Active
2026/08/11 11:28:07.056,328.94,450.00,2655,10251,69,100,100,22524,P2,Not Active,Not Active,Not Active,Not Active
2026/08/11 11:28:07.588,215.33,450.00,2655,10251,62,0,0,22524,P2,Not Active,Not Active,Not Active,Not Active
