timestamp,power_w,power_limit_w,clock_sm_mhz,clock_mem_mhz,temp_c,util_gpu_pct,util_mem_pct,mem_used_mib,pstate,throttle_sw_power_cap,throttle_hw_thermal,throttle_sw_thermal,throttle_hw_slowdown
2026/10/07 10:26:30.876,21.06,450.00,210,405,49,0,5,16708,P8,Not Active,Not Active,Not Active,Not Active
2026/10/07 10:26:31.474,21.03,450.00,210,405,49,0,5,16708,P8,Not Active,Not Active,Not Active,Not Active
2026/10/07 10:26:32.083,21.03,450.00,210,405,49,0,5,16708,P8,Not Active,Not Active,Not Active,Not Active
2026/10/07 10:26:32.698,21.59,450.00,210,405,49,0,5,16708,P8,Not Active,Not Active,Not Active,Not Active
2026/10/07 10:26:33.309,21.77,450.00,210,405,49,0,5,16708,P8,Not Active,Not Active,Not Active,Not Active
2026/10/07 10:26:33.909,21.77,450.00,210,405,48,0,5,16708,P8,Not Active,Not Active,Not Active,Not Active
2026/10/07 10:26:34.523,21.19,450.00,210,405,48,0,5,16708,P8,Not Active,Not Active,Not Active,Not Active
2026/10/07 10:26:35.126,21.19,450.00,210,405,48,0,5,16708,P8,Not Active,Not Active,Not Active,Not Active
2026/10/07 10:26:35.723,20.73,450.00,210,405,48,0,5,16708,P8,Not Active,Not Active,Not Active,Not Active
2026/10/07 10:26:36.321,20.64,450.00,210,405,48,1,5,16707,P8,Not Active,Not Active,Not Active,Not Active
2026/10/07 10:26:36.931,20.65,450.00,210,405,48,0,5,16707,P8,Not Active,Not Active,Not Active,Not Active
2026/10/07 10:26:37.537,20.63,450.00,210,405,48,0,5,16707,P8,Not Active,Not Active,Not Active,Not Active
2026/10/07 10:26:38.138,20.95,450.00,210,405,48,0,5,16707,P8,Not Active,Not Active,Not Active,Not Active
2026/10/07 10:26:38.739,20.95,450.00,210,405,48,0,5,16707,P8,Not Active,Not Active,Not Active,Not Active
2026/10/07 10:26:39.335,55.53,450.00,210,10251,54,88,58,16707,P2,Not Active,Not Active,Not Active,Not Active
2026/10/07 10:26:39.872,112.31,450.00,2670,10251,56,91,90,16707,P2,Not Active,Not Active,Not Active,Not Active
2026/10/07 10:26:40.375,270.40,450.00,2670,10251,56,91,90,16707,P2,Not Active,Not Active,Not Active,Not Active
2026/10/07 10:26:40.879,275.67,450.00,2670,10251,57,91,90,16707,P2,Not Active,Not Active,Not Active,Not Active
2026/10/07 10:26:41.384,275.60,450.00,2670,10251,57,91,90,16707,P2,Not Active,Not Active,Not Active,Not Active
2026/10/07 10:26:41.887,284.67,450.00,2670,10251,56,91,90,17357,P2,Active,Not Active,Not Active,Not Active
2026/10/07 10:26:42.391,330.77,450.00,2670,10251,57,89,84,17357,P2,Not Active,Not Active,Not Active,Not Active
2026/10/07 10:26:42.895,319.26,450.00,2670,10251,56,89,84,17357,P2,Not Active,Not Active,Not Active,Not Active
2026/10/07 10:26:43.399,249.68,450.00,2670,10251,56,88,84,17357,P2,Not Active,Not Active,Not Active,Not Active
2026/10/07 10:26:43.904,248.55,450.00,2670,10251,56,88,84,17357,P2,Not Active,Not Active,Not Active,Not Active
2026/10/07 10:26:44.407,248.62,450.00,2670,10251,56,90,85,17357,P2,Not Active,Not Active,Not Active,Not Active
2026/10/07 10:26:44.910,240.57,450.00,2670,10251,55,73,69,17357,P2,Not Active,Not Active,Not Active,Not Active
2026/10/07 10:26:45.413,244.49,450.00,2670,10251,57,81,78,17357,P2,Not Active,Not Active,Not Active,Not Active
2026/10/07 10:26:45.917,253.18,450.00,2670,10251,57,87,86,17357,P2,Not Active,Not Active,Not Active,Not Active
2026/10/07 10:26:46.422,254.78,450.00,2670,10251,57,75,75,17357,P2,Not Active,Not Active,Not Active,Not Active
2026/10/07 10:26:46.926,255.45,450.00,2670,10251,58,90,89,17357,P2,Not Active,Not Active,Not Active,Not Active
2026/10/07 10:26:47.429,266.93,450.00,2670,10251,58,87,86,17357,P2,Not Active,Not Active,Not Active,Not Active
2026/10/07 10:26:47.933,273.82,450.00,2670,10251,58,86,85,17357,P2,Not Active,Not Active,Not Active,Not Active
2026/10/07 10:26:48.438,328.74,450.00,2655,10251,63,93,54,17357,P2,Not Active,Not Active,Not Active,Not Active
2026/10/07 10:26:48.943,316.09,450.00,2670,10251,57,82,78,17357,P2,Not Active,Not Active,Not Active,Not Active
2026/10/07 10:26:49.447,240.15,450.00,2670,10251,57,85,81,17357,P2,Not Active,Not Active,Not Active,Not Active
2026/10/07 10:26:49.951,239.86,450.00,2670,10251,57,83,78,17357,P2,Not Active,Not Active,Not Active,Not Active
2026/10/07 10:26:50.454,241.94,450.00,2670,10251,57,88,84,17357,P2,Not Active,Not Active,Not Active,Not Active
2026/10/07 10:26:50.960,241.88,450.00,2670,10251,57,74,70,17357,P2,Not Active,Not Active,Not Active,Not Active
2026/10/07 10:26:51.464,241.39,450.00,2670,10251,56,68,65,17357,P2,Not Active,Not Active,Not Active,Not Active
2026/10/07 10:26:51.968,237.96,450.00,2670,10251,58,66,65,17357,P2,Not Active,Not Active,Not Active,Not Active
2026/10/07 10:26:52.471,241.71,450.00,2670,10251,58,71,70,17357,P2,Not Active,Not Active,Not Active,Not Active
2026/10/07 10:26:52.976,228.99,450.00,2670,10251,58,63,62,17357,P2,Not Active,Not Active,Not Active,Not Active
2026/10/07 10:26:53.481,233.36,450.00,2670,10251,57,63,62,17357,P2,Not Active,Not Active,Not Active,Not Active
2026/10/07 10:26:53.984,231.93,450.00,2670,10251,58,73,72,17357,P2,Not Active,Not Active,Not Active,Not Active
2026/10/07 10:26:54.488,235.12,450.00,2670,10251,58,70,69,17357,P2,Not Active,Not Active,Not Active,Not Active
2026/10/07 10:26:54.994,280.88,450.00,2670,10251,64,96,39,17357,P2,Active,Not Active,Not Active,Not Active
2026/10/07 10:26:55.499,310.01,450.00,2670,10251,59,73,69,17357,P2,Not Active,Not Active,Not Active,Not Active
2026/10/07 10:26:56.002,279.04,450.00,2670,10251,57,75,71,17357,P2,Not Active,Not Active,Not Active,Not Active
2026/10/07 10:26:56.506,214.45,450.00,2670,10251,58,68,64,17357,P2,Not Active,Not Active,Not Active,Not Active
2026/10/07 10:26:57.009,218.22,450.00,2670,10251,57,74,70,17357,P2,Not Active,Not Active,Not Active,Not Active
2026/10/07 10:26:57.513,224.68,450.00,2670,10251,58,85,81,17357,P2,Not Active,Not Active,Not Active,Not Active
2026/10/07 10:26:58.019,232.16,450.00,2670,10251,58,88,84,17357,P2,Not Active,Not Active,Not Active,Not Active
2026/10/07 10:26:58.522,236.84,450.00,2670,10251,58,84,80,17357,P2,Not Active,Not Active,Not Active,Not Active
2026/10/07 10:26:59.026,253.51,450.00,2670,10251,59,81,80,17357,P2,Not Active,Not Active,Not Active,Not Active
2026/10/07 10:26:59.529,250.20,450.00,2670,10251,59,70,69,17357,P2,Not Active,Not Active,Not Active,Not Active
2026/10/07 10:27:00.045,241.67,450.00,2670,10251,59,77,76,17357,P2,Not Active,Not Active,Not Active,Not Active
2026/10/07 10:27:00.548,253.24,450.00,2670,10251,59,83,82,17357,P2,Not Active,Not Active,Not Active,Not Active
2026/10/07 10:27:01.054,260.88,450.00,2670,10251,59,89,88,17357,P2,Not Active,Not Active,Not Active,Not Active
2026/10/07 10:27:01.557,257.04,450.00,2670,10251,59,84,83,17357,P2,Not Active,Not Active,Not Active,Not Active
2026/10/07 10:27:02.061,316.71,450.00,2550,10251,70,97,40,17357,P2,Not Active,Not Active,Not Active,Not Active
2026/10/07 10:27:02.566,303.63,450.00,2670,10251,59,72,68,17357,P2,Not Active,Not Active,Not Active,Not Active
2026/10/07 10:27:03.070,222.81,450.00,2670,10251,59,73,69,17357,P2,Not Active,Not Active,Not Active,Not Active
2026/10/07 10:27:03.575,231.20,450.00,2670,10251,59,78,74,17357,P2,Not Active,Not Active,Not Active,Not Active
2026/10/07 10:27:04.079,228.84,450.00,2670,10251,59,75,71,17357,P2,Not Active,Not Active,Not Active,Not Active
2026/10/07 10:27:04.582,230.99,450.00,2670,10251,59,77,73,17357,P2,Not Active,Not Active,Not Active,Not Active
2026/10/07 10:27:05.086,230.56,450.00,2670,10251,59,77,73,17357,P2,Not Active,Not Active,Not Active,Not Active
2026/10/07 10:27:05.590,234.63,450.00,2670,10251,58,69,63,17357,P2,Not Active,Not Active,Not Active,Not Active
2026/10/07 10:27:06.095,244.45,450.00,2670,10251,59,82,81,17357,P2,Not Active,Not Active,Not Active,Not Active
2026/10/07 10:27:06.600,250.11,450.00,2670,10251,59,77,76,17357,P2,Not Active,Not Active,Not Active,Not Active
2026/10/07 10:27:07.104,246.58,450.00,2670,10251,59,71,70,17357,P2,Not Active,Not Active,Not Active,Not Active
2026/10/07 10:27:07.607,244.33,450.00,2670,10251,59,78,77,17357,P2,Not Active,Not Active,Not Active,Not Active
2026/10/07 10:27:08.112,233.12,450.00,2670,10251,59,63,62,17357,P2,Not Active,Not Active,Not Active,Not Active
2026/10/07 10:27:08.616,229.71,450.00,2670,10251,59,71,70,17357,P2,Not Active,Not Active,Not Active,Not Active
2026/10/07 10:27:09.119,305.90,450.00,2535,10251,71,100,37,17357,P2,Not Active,Not Active,Not Active,Not Active
2026/10/07 10:27:09.678,302.39,450.00,2670,10251,60,77,73,17357,P2,Not Active,Not Active,Not Active,Not Active
2026/10/07 10:27:10.182,219.26,450.00,2670,10251,59,75,71,17357,P2,Not Active,Not Active,Not Active,Not Active
2026/10/07 10:27:10.685,216.87,450.00,2670,10251,59,64,61,17357,P2,Not Active,Not Active,Not Active,Not Active
2026/10/07 10:27:11.189,215.38,450.00,2670,10251,58,70,66,17357,P2,Not Active,Not Active,Not Active,Not Active
2026/10/07 10:27:11.694,222.87,450.00,2670,10251,59,83,79,17357,P2,Not Active,Not Active,Not Active,Not Active
2026/10/07 10:27:12.198,228.36,450.00,2670,10251,59,74,70,17357,P2,Not Active,Not Active,Not Active,Not Active
2026/10/07 10:27:12.702,236.38,450.00,2670,10251,59,76,71,17357,P2,Not Active,Not Active,Not Active,Not Active
2026/10/07 10:27:13.205,243.88,450.00,2670,10251,61,67,66,17357,P2,Not Active,Not Active,Not Active,Not Active
2026/10/07 10:27:13.711,246.25,450.00,2670,10251,60,72,71,17357,P2,Not Active,Not Active,Not Active,Not Active
2026/10/07 10:27:14.215,233.98,450.00,2670,10251,60,68,67,17357,P2,Not Active,Not Active,Not Active,Not Active
2026/10/07 10:27:14.719,238.47,450.00,2670,10251,60,73,72,17357,P2,Not Active,Not Active,Not Active,Not Active
2026/10/07 10:27:15.222,256.23,450.00,2670,10251,61,91,90,17357,P2,Not Active,Not Active,Not Active,Not Active
2026/10/07 10:27:15.726,273.72,450.00,2670,10251,61,94,63,17357,P2,Active,Not Active,Not Active,Not Active
2026/10/07 10:27:16.254,335.90,450.00,2550,10251,71,91,73,17357,P2,Not Active,Not Active,Not Active,Not Active
2026/10/07 10:27:16.757,324.38,450.00,2655,10251,61,90,85,17357,P2,Not Active,Not Active,Not Active,Not Active
2026/10/07 10:27:17.262,253.95,450.00,2655,10251,61,89,85,17357,P2,Not Active,Not Active,Not Active,Not Active
2026/10/07 10:27:17.765,252.30,450.00,2655,10251,61,85,81,17357,P2,Not Active,Not Active,Not Active,Not Active
2026/10/07 10:27:18.271,251.47,450.00,2655,10251,61,88,83,17357,P2,Not Active,Not Active,Not Active,Not Active
2026/10/07 10:27:18.774,251.42,450.00,2655,10251,61,88,83,17357,P2,Not Active,Not Active,Not Active,Not Active
2026/10/07 10:27:19.278,270.88,450.00,2655,10251,61,91,89,17357,P2,Not Active,Not Active,Not Active,Not Active
2026/10/07 10:27:19.782,280.65,450.00,2655,10251,62,86,85,17357,P2,Not Active,Not Active,Not Active,Not Active
2026/10/07 10:27:20.285,276.38,450.00,2655,10251,62,90,89,17357,P2,Not Active,Not Active,Not Active,Not Active
2026/10/07 10:27:20.790,278.43,450.00,2655,10251,62,91,90,17357,P2,Not Active,Not Active,Not Active,Not Active
2026/10/07 10:27:21.294,280.51,450.00,2655,10251,62,91,90,17357,P2,Not Active,Not Active,Not Active,Not Active
2026/10/07 10:27:21.799,326.10,450.00,2655,10251,62,100,37,17357,P2,Active,Not Active,Not Active,Not Active
2026/10/07 10:27:22.303,328.91,450.00,2655,10251,73,88,83,17357,P2,Not Active,Not Active,Not Active,Not Active
2026/10/07 10:27:22.809,289.61,450.00,2670,10251,62,89,85,17357,P2,Not Active,Not Active,Not Active,Not Active
2026/10/07 10:27:23.313,254.80,450.00,2670,10251,61,89,85,17357,P2,Not Active,Not Active,Not Active,Not Active
2026/10/07 10:27:23.816,254.15,450.00,2670,10251,61,87,82,17357,P2,Not Active,Not Active,Not Active,Not Active
2026/10/07 10:27:24.320,253.66,450.00,2670,10251,61,89,84,17357,P2,Not Active,Not Active,Not Active,Not Active
2026/10/07 10:27:24.824,263.46,450.00,2670,10251,61,89,72,17357,P2,Not Active,Not Active,Not Active,Not Active
2026/10/07 10:27:25.344,278.08,450.00,2670,10251,63,91,90,17357,P2,Not Active,Not Active,Not Active,Not Active
2026/10/07 10:27:25.849,278.97,450.00,2670,10251,63,88,87,17357,P2,Not Active,Not Active,Not Active,Not Active
2026/10/07 10:27:26.352,280.11,450.00,2670,10251,63,90,89,17357,P2,Not Active,Not Active,Not Active,Not Active
2026/10/07 10:27:26.856,280.43,450.00,2670,10251,63,90,89,17357,P2,Not Active,Not Active,Not Active,Not Active
2026/10/07 10:27:27.361,284.57,450.00,2670,10251,63,90,81,17359,P2,Active,Not Active,Not Active,Not Active
2026/10/07 10:27:27.867,338.49,450.00,2655,10251,64,95,57,17359,P2,Not Active,Not Active,Not Active,Not Active
2026/10/07 10:27:28.371,327.41,450.00,2655,10251,62,89,85,17359,P2,Not Active,Not Active,Not Active,Not Active
2026/10/07 10:27:28.874,255.31,450.00,2670,10251,62,89,84,17359,P2,Not Active,Not Active,Not Active,Not Active
2026/10/07 10:27:29.378,255.35,450.00,2670,10251,62,89,85,17358,P2,Not Active,Not Active,Not Active,Not Active
2026/10/07 10:27:29.881,255.60,450.00,2670,10251,62,90,85,17358,P2,Not Active,Not Active,Not Active,Not Active
2026/10/07 10:27:30.387,255.17,450.00,2670,10251,62,89,84,17358,P2,Not Active,Not Active,Not Active,Not Active
2026/10/07 10:27:30.890,270.88,450.00,2655,10251,63,91,88,17358,P2,Not Active,Not Active,Not Active,Not Active
2026/10/07 10:27:31.394,283.20,450.00,2655,10251,63,91,90,17358,P2,Not Active,Not Active,Not Active,Not Active
2026/10/07 10:27:31.897,281.05,450.00,2655,10251,62,91,90,17358,P2,Not Active,Not Active,Not Active,Not Active
2026/10/07 10:27:32.401,280.82,450.00,2655,10251,63,90,89,17358,P2,Not Active,Not Active,Not Active,Not Active
2026/10/07 10:27:32.906,281.00,450.00,2655,10251,63,91,90,17358,P2,Not Active,Not Active,Not Active,Not Active
2026/10/07 10:27:33.409,327.91,450.00,2535,10251,73,100,37,17358,P2,Active,Not Active,Not Active,Not Active
2026/10/07 10:27:33.913,333.79,450.00,2655,10251,63,89,85,17358,P2,Not Active,Not Active,Not Active,Not Active
2026/10/07 10:27:34.416,298.86,450.00,2655,10251,62,89,84,17358,P2,Not Active,Not Active,Not Active,Not Active
2026/10/07 10:27:34.920,256.28,450.00,2655,10251,62,89,84,17358,P2,Not Active,Not Active,Not Active,Not Active
2026/10/07 10:27:35.427,255.92,450.00,2655,10251,62,90,85,17358,P2,Not Active,Not Active,Not Active,Not Active
2026/10/07 10:27:35.930,255.98,450.00,2655,10251,62,89,85,17358,P2,Not Active,Not Active,Not Active,Not Active
2026/10/07 10:27:36.433,266.13,450.00,2580,10251,62,88,77,17358,P2,Not Active,Not Active,Not Active,Not Active
2026/10/07 10:27:36.961,278.25,450.00,2655,10251,64,91,90,17358,P2,Not Active,Not Active,Not Active,Not Active
2026/10/07 10:27:37.465,286.51,450.00,2655,10251,64,91,90,17358,P2,Not Active,Not Active,Not Active,Not Active
2026/10/07 10:27:37.968,282.37,450.00,2655,10251,64,91,90,17358,P2,Not Active,Not Active,Not Active,Not Active
2026/10/07 10:27:38.472,282.31,450.00,2655,10251,63,91,90,17358,P2,Not Active,Not Active,Not Active,Not Active
2026/10/07 10:27:38.975,284.18,450.00,2655,10251,64,90,85,17358,P2,Active,Not Active,Not Active,Not Active
2026/10/07 10:27:39.479,340.78,450.00,2655,10251,70,95,53,17358,P2,Not Active,Not Active,Not Active,Not Active
2026/10/07 10:27:39.990,329.10,450.00,2655,10251,63,89,85,17358,P2,Not Active,Not Active,Not Active,Not Active
2026/10/07 10:27:40.494,256.62,450.00,2655,10251,63,89,84,17358,P2,Not Active,Not Active,Not Active,Not Active
2026/10/07 10:27:40.997,256.13,450.00,2655,10251,63,90,85,17358,P2,Not Active,Not Active,Not Active,Not Active
2026/10/07 10:27:41.503,255.30,450.00,2655,10251,62,89,84,17358,P2,Not Active,Not Active,Not Active,Not Active
2026/10/07 10:27:42.006,254.84,450.00,2655,10251,62,87,82,17358,P2,Not Active,Not Active,Not Active,Not Active
2026/10/07 10:27:42.509,269.78,450.00,2655,10251,64,91,83,17358,P2,Not Active,Not Active,Not Active,Not Active
2026/10/07 10:27:43.012,282.30,450.00,2655,10251,64,90,89,17358,P2,Not Active,Not Active,Not Active,Not Active
2026/10/07 10:27:43.515,282.06,450.00,2655,10251,64,91,90,17358,P2,Not Active,Not Active,Not Active,Not Active
2026/10/07 10:27:44.019,281.93,450.00,2655,10251,64,90,89,17358,P2,Not Active,Not Active,Not Active,Not Active
2026/10/07 10:27:44.524,282.31,450.00,2655,10251,64,91,90,17358,P2,Not Active,Not Active,Not Active,Not Active
2026/10/07 10:27:45.027,336.80,450.00,2655,10251,71,100,37,17358,P2,Active,Not Active,Not Active,Not Active
2026/10/07 10:27:45.531,330.20,450.00,2655,10251,64,87,83,17358,P2,Not Active,Not Active,Not Active,Not Active
2026/10/07 10:27:46.034,278.85,450.00,2655,10251,63,86,82,17358,P2,Not Active,Not Active,Not Active,Not Active
2026/10/07 10:27:46.539,244.36,450.00,2670,10251,63,74,70,17358,P2,Not Active,Not Active,Not Active,Not Active
2026/10/07 10:27:47.044,238.07,450.00,2670,10251,62,79,75,17358,P2,Not Active,Not Active,Not Active,Not Active
2026/10/07 10:27:47.547,238.11,450.00,2670,10251,63,76,72,17358,P2,Not Active,Not Active,Not Active,Not Active
2026/10/07 10:27:48.051,242.16,450.00,2670,10251,62,82,77,17358,P2,Not Active,Not Active,Not Active,Not Active
2026/10/07 10:27:48.554,260.28,450.00,2670,10251,65,86,85,17358,P2,Not Active,Not Active,Not Active,Not Active
2026/10/07 10:27:49.060,280.05,450.00,2670,10251,64,90,89,17358,P2,Not Active,Not Active,Not Active,Not Active
2026/10/07 10:27:49.563,271.62,450.00,2670,10251,64,82,81,17358,P2,Not Active,Not Active,Not Active,Not Active
2026/10/07 10:27:50.068,270.89,450.00,2670,10251,64,85,84,17358,P2,Not Active,Not Active,Not Active,Not Active
2026/10/07 10:27:50.571,276.20,450.00,2670,10251,64,89,88,17358,P2,Not Active,Not Active,Not Active,Not Active
2026/10/07 10:27:51.075,301.46,450.00,2670,10251,64,90,80,17358,P2,Active,Not Active,Not Active,Not Active
2026/10/07 10:27:51.606,334.86,450.00,2655,10251,68,86,82,17358,P2,Not Active,Not Active,Not Active,Not Active
2026/10/07 10:27:52.110,312.91,450.00,2655,10251,63,83,78,17358,P2,Not Active,Not Active,Not Active,Not Active
2026/10/07 10:27:52.614,245.14,450.00,2655,10251,62,82,78,17358,P2,Not Active,Not Active,Not Active,Not Active
2026/10/07 10:27:53.120,246.12,450.00,2655,10251,63,84,79,17358,P2,Not Active,Not Active,Not Active,Not Active
2026/10/07 10:27:53.624,248.53,450.00,2655,10251,63,87,82,17358,P2,Not Active,Not Active,Not Active,Not Active
2026/10/07 10:27:54.128,251.21,450.00,2655,10251,62,87,83,17358,P2,Not Active,Not Active,Not Active,Not Active
2026/10/07 10:27:54.631,190.68,450.00,2670,10251,60,0,0,17358,P2,Not Active,Not Active,Not Active,Not Active
2026/10/07 10:27:55.135,114.65,450.00,2670,10251,58,0,0,17358,P2,Not Active,Not Active,Not Active,Not Active
2026/10/07 10:27:55.640,114.65,450.00,2670,10251,58,0,0,17358,P2,Not Active,Not Active,Not Active,Not Active
2026/10/07 10:27:56.148,78.21,450.00,2670,10251,58,0,0,17358,P2,Not Active,Not Active,Not Active,Not Active
2026/10/07 10:27:56.711,78.21,450.00,705,10251,56,0,0,17358,P2,Not Active,Not Active,Not Active,Not Active
2026/10/07 10:27:57.290,61.29,450.00,705,10251,56,0,3,17358,P5,Not Active,Not Active,Not Active,Not Active
2026/10/07 10:27:57.874,61.29,450.00,450,810,55,0,3,17358,P5,Not Active,Not Active,Not Active,Not Active
2026/10/07 10:27:58.476,28.60,450.00,285,405,54,1,6,17357,P8,Not Active,Not Active,Not Active,Not Active
2026/10/07 10:27:59.095,26.87,450.00,225,405,54,0,6,17357,P8,Not Active,Not Active,Not Active,Not Active
2026/10/07 10:27:59.726,23.32,450.00,210,405,54,0,6,17357,P8,Not Active,Not Active,Not Active,Not Active
2026/10/07 10:28:00.343,22.46,450.00,210,405,54,0,6,17357,P8,Not Active,Not Active,Not Active,Not Active
2026/10/07 10:28:00.975,22.15,450.00,210,405,53,0,4,17357,P8,Not Active,Not Active,Not Active,Not Active
2026/10/07 10:28:01.585,21.70,450.00,210,405,53,0,4,17357,P8,Not Active,Not Active,Not Active,Not Active
2026/10/07 10:28:02.190,21.70,450.00,210,405,53,0,4,17357,P8,Not Active,Not Active,Not Active,Not Active
2026/10/07 10:28:02.785,21.64,450.00,210,405,53,0,4,17357,P8,Not Active,Not Active,Not Active,Not Active
2026/10/07 10:28:03.386,21.62,450.00,210,405,52,0,4,17357,P8,Not Active,Not Active,Not Active,Not Active
2026/10/07 10:28:03.991,21.62,450.00,210,405,52,0,4,17357,P8,Not Active,Not Active,Not Active,Not Active
2026/10/07 10:28:04.586,21.63,450.00,210,405,52,0,4,17357,P8,Not Active,Not Active,Not Active,Not Active
2026/10/07 10:28:05.189,21.63,450.00,210,405,52,0,4,17357,P8,Not Active,Not Active,Not Active,Not Active
2026/10/07 10:28:05.803,21.88,450.00,210,405,52,0,4,17357,P8,Not Active,Not Active,Not Active,Not Active
2026/10/07 10:28:06.414,21.39,450.00,210,405,52,3,5,17357,P8,Not Active,Not Active,Not Active,Not Active
2026/10/07 10:28:07.035,21.39,450.00,210,405,51,0,5,17357,P8,Not Active,Not Active,Not Active,Not Active
2026/10/07 10:28:07.646,21.26,450.00,210,405,51,0,5,17357,P8,Not Active,Not Active,Not Active,Not Active
2026/10/07 10:28:08.384,124.54,450.00,2670,10251,58,82,78,17357,P2,Not Active,Not Active,Not Active,Not Active
2026/10/07 10:28:08.889,223.38,450.00,2670,10251,58,89,85,17357,P2,Not Active,Not Active,Not Active,Not Active
2026/10/07 10:28:09.394,241.30,450.00,2670,10251,58,84,80,17357,P2,Not Active,Not Active,Not Active,Not Active
2026/10/07 10:28:09.898,242.56,450.00,2670,10251,58,85,80,17357,P2,Not Active,Not Active,Not Active,Not Active
2026/10/07 10:28:10.403,240.36,450.00,2670,10251,59,85,80,17357,P2,Not Active,Not Active,Not Active,Not Active
2026/10/07 10:28:10.906,239.66,450.00,2670,10251,59,84,79,17357,P2,Not Active,Not Active,Not Active,Not Active
2026/10/07 10:28:11.410,288.85,450.00,2670,10251,59,88,63,17357,P2,Not Active,Not Active,Not Active,Not Active
2026/10/07 10:28:11.915,284.34,450.00,2670,10251,59,78,74,17357,P2,Not Active,Not Active,Not Active,Not Active
2026/10/07 10:28:12.418,227.71,450.00,2670,10251,58,82,78,17357,P2,Not Active,Not Active,Not Active,Not Active
2026/10/07 10:28:12.923,225.70,450.00,2670,10251,59,77,73,17357,P2,Not Active,Not Active,Not Active,Not Active
2026/10/07 10:28:13.426,224.13,450.00,2670,10251,58,77,73,17357,P2,Not Active,Not Active,Not Active,Not Active
2026/10/07 10:28:13.930,224.03,450.00,2670,10251,59,79,76,17357,P2,Not Active,Not Active,Not Active,Not Active
2026/10/07 10:28:14.434,228.16,450.00,2670,10251,59,89,85,17357,P2,Not Active,Not Active,Not Active,Not Active
2026/10/07 10:28:14.938,270.85,450.00,2670,10251,60,89,85,17357,P2,Not Active,Not Active,Not Active,Not Active
2026/10/07 10:28:15.443,277.19,450.00,2670,10251,59,89,85,17357,P2,Not Active,Not Active,Not Active,Not Active
2026/10/07 10:28:15.946,247.65,450.00,2670,10251,59,89,84,17357,P2,Not Active,Not Active,Not Active,Not Active
2026/10/07 10:28:16.455,248.29,450.00,2670,10251,59,90,85,17357,P2,Not Active,Not Active,Not Active,Not Active
2026/10/07 10:28:16.958,248.56,450.00,2670,10251,59,90,85,17357,P2,Not Active,Not Active,Not Active,Not Active
2026/10/07 10:28:17.462,262.60,450.00,2550,10251,63,90,86,17357,P2,Active,Not Active,Not Active,Not Active
2026/10/07 10:28:17.967,298.71,450.00,2655,10251,60,89,85,17357,P2,Not Active,Not Active,Not Active,Not Active
2026/10/07 10:28:18.471,298.98,450.00,2655,10251,60,89,85,17357,P2,Not Active,Not Active,Not Active,Not Active
2026/10/07 10:28:18.975,250.52,450.00,2655,10251,60,90,86,17357,P2,Not Active,Not Active,Not Active,Not Active
2026/10/07 10:28:19.478,251.56,450.00,2655,10251,60,90,85,17357,P2,Not Active,Not Active,Not Active,Not Active
2026/10/07 10:28:19.982,251.43,450.00,2655,10251,60,90,85,17357,P2,Not Active,Not Active,Not Active,Not Active
2026/10/07 10:28:20.485,261.77,450.00,2655,10251,60,90,86,17357,P2,Active,Not Active,Not Active,Not Active
2026/10/07 10:28:20.990,280.05,450.00,2670,10251,60,90,86,17357,P2,Not Active,Not Active,Not Active,Not Active
2026/10/07 10:28:21.493,279.63,450.00,2670,10251,60,91,86,17357,P2,Not Active,Not Active,Not Active,Not Active
2026/10/07 10:28:21.997,250.58,450.00,2670,10251,60,90,85,17357,P2,Not Active,Not Active,Not Active,Not Active
2026/10/07 10:28:22.500,249.86,450.00,2670,10251,60,90,86,17357,P2,Not Active,Not Active,Not Active,Not Active
2026/10/07 10:28:23.004,250.05,450.00,2670,10251,60,90,86,17357,P2,Not Active,Not Active,Not Active,Not Active
2026/10/07 10:28:23.510,299.37,450.00,2550,10251,70,98,41,17357,P2,Not Active,Not Active,Not Active,Not Active
2026/10/07 10:28:24.057,299.49,450.00,2670,10251,61,89,85,17357,P2,Not Active,Not Active,Not Active,Not Active
2026/10/07 10:28:24.560,266.59,450.00,2670,10251,61,90,86,17357,P2,Not Active,Not Active,Not Active,Not Active
2026/10/07 10:28:25.064,251.81,450.00,2670,10251,61,90,86,17357,P2,Not Active,Not Active,Not Active,Not Active
2026/10/07 10:28:25.569,252.55,450.00,2670,10251,61,90,86,17357,P2,Not Active,Not Active,Not Active,Not Active
2026/10/07 10:28:26.072,252.06,450.00,2670,10251,61,90,85,17357,P2,Not Active,Not Active,Not Active,Not Active
2026/10/07 10:28:26.575,282.77,450.00,2535,10251,70,94,62,17357,P2,Not Active,Not Active,Not Active,Not Active
2026/10/07 10:28:27.079,279.87,450.00,2655,10251,61,90,86,17357,P2,Not Active,Not Active,Not Active,Not Active
2026/10/07 10:28:27.583,250.47,450.00,2655,10251,61,90,86,17357,P2,Not Active,Not Active,Not Active,Not Active
2026/10/07 10:28:28.088,251.23,450.00,2655,10251,61,90,86,17357,P2,Not Active,Not Active,Not Active,Not Active
2026/10/07 10:28:28.591,251.50,450.00,2655,10251,61,91,86,17357,P2,Not Active,Not Active,Not Active,Not Active
2026/10/07 10:28:29.095,251.58,450.00,2655,10251,61,91,86,17357,P2,Not Active,Not Active,Not Active,Not Active
2026/10/07 10:28:29.598,299.04,450.00,2535,10251,72,93,67,17357,P2,Not Active,Not Active,Not Active,Not Active
2026/10/07 10:28:30.102,299.62,450.00,2655,10251,62,90,85,17357,P2,Not Active,Not Active,Not Active,Not Active
2026/10/07 10:28:30.610,252.80,450.00,2655,10251,61,90,86,17357,P2,Not Active,Not Active,Not Active,Not Active
2026/10/07 10:28:31.113,252.52,450.00,2655,10251,61,89,85,17357,P2,Not Active,Not Active,Not Active,Not Active
2026/10/07 10:28:31.616,252.72,450.00,2655,10251,61,90,86,17357,P2,Not Active,Not Active,Not Active,Not Active
2026/10/07 10:28:32.120,252.54,450.00,2655,10251,61,89,85,17357,P2,Not Active,Not Active,Not Active,Not Active
2026/10/07 10:28:32.624,282.32,450.00,2655,10251,64,90,85,17357,P2,Not Active,Not Active,Not Active,Not Active
2026/10/07 10:28:33.130,281.24,450.00,2670,10251,62,90,85,17357,P2,Not Active,Not Active,Not Active,Not Active
2026/10/07 10:28:33.634,251.02,450.00,2670,10251,62,90,86,17357,P2,Not Active,Not Active,Not Active,Not Active
2026/10/07 10:28:34.138,251.36,450.00,2670,10251,62,90,86,17357,P2,Not Active,Not Active,Not Active,Not Active
2026/10/07 10:28:34.642,251.36,450.00,2670,10251,62,91,86,17357,P2,Not Active,Not Active,Not Active,Not Active
2026/10/07 10:28:35.148,267.62,450.00,2670,10251,61,92,67,17357,P2,Active,Not Active,Not Active,Not Active
2026/10/07 10:28:35.680,302.29,450.00,2655,10251,64,90,85,17357,P2,Not Active,Not Active,Not Active,Not Active
2026/10/07 10:28:36.188,302.76,450.00,2655,10251,62,89,85,17357,P2,Not Active,Not Active,Not Active,Not Active
2026/10/07 10:28:36.691,254.03,450.00,2655,10251,62,90,86,17357,P2,Not Active,Not Active,Not Active,Not Active
2026/10/07 10:28:37.195,253.69,450.00,2655,10251,62,88,84,17357,P2,Not Active,Not Active,Not Active,Not Active
2026/10/07 10:28:37.698,253.22,450.00,2655,10251,62,90,86,17357,P2,Not Active,Not Active,Not Active,Not Active
2026/10/07 10:28:38.203,283.60,450.00,2655,10251,62,90,70,17357,P2,Not Active,Not Active,Not Active,Not Active
2026/10/07 10:28:38.760,282.11,450.00,2655,10251,63,91,86,17357,P2,Not Active,Not Active,Not Active,Not Active
2026/10/07 10:28:39.267,269.26,450.00,2655,10251,62,90,86,17357,P2,Not Active,Not Active,Not Active,Not Active
2026/10/07 10:28:39.771,252.28,450.00,2655,10251,62,91,86,17357,P2,Not Active,Not Active,Not Active,Not Active
2026/10/07 10:28:40.274,252.77,450.00,2655,10251,62,91,86,17357,P2,Not Active,Not Active,Not Active,Not Active
2026/10/07 10:28:40.778,252.82,450.00,2655,10251,62,90,86,17357,P2,Not Active,Not Active,Not Active,Not Active
2026/10/07 10:28:41.283,300.62,450.00,2655,10251,62,97,39,17357,P2,Not Active,Not Active,Not Active,Not Active
2026/10/07 10:28:41.788,301.10,450.00,2655,10251,63,89,85,17357,P2,Not Active,Not Active,Not Active,Not Active
2026/10/07 10:28:42.291,266.05,450.00,2655,10251,63,89,85,17357,P2,Not Active,Not Active,Not Active,Not Active
2026/10/07 10:28:42.795,252.85,450.00,2655,10251,62,89,85,17357,P2,Not Active,Not Active,Not Active,Not Active
2026/10/07 10:28:43.298,253.10,450.00,2655,10251,62,90,86,17357,P2,Not Active,Not Active,Not Active,Not Active
2026/10/07 10:28:43.805,254.05,450.00,2655,10251,62,90,86,17357,P2,Not Active,Not Active,Not Active,Not Active
2026/10/07 10:28:44.309,282.58,450.00,2655,10251,62,89,85,17357,P2,Not Active,Not Active,Not Active,Not Active
2026/10/07 10:28:44.813,279.88,450.00,2655,10251,63,87,83,17357,P2,Not Active,Not Active,Not Active,Not Active
2026/10/07 10:28:45.317,240.46,450.00,2655,10251,62,71,67,17357,P2,Not Active,Not Active,Not Active,Not Active
2026/10/07 10:28:45.823,234.73,450.00,2655,10251,62,75,71,17357,P2,Not Active,Not Active,Not Active,Not Active
2026/10/07 10:28:46.326,240.00,450.00,2655,10251,62,86,81,17357,P2,Not Active,Not Active,Not Active,Not Active
2026/10/07 10:28:46.829,238.50,450.00,2655,10251,62,86,82,17357,P2,Not Active,Not Active,Not Active,Not Active
2026/10/07 10:28:47.334,271.81,450.00,2655,10251,62,96,36,17357,P2,Active,Not Active,Not Active,Not Active
2026/10/07 10:28:47.848,283.88,450.00,2535,10251,74,80,76,17357,P2,Not Active,Not Active,Not Active,Not Active
2026/10/07 10:28:48.352,273.48,450.00,2655,10251,62,88,84,17357,P2,Not Active,Not Active,Not Active,Not Active
2026/10/07 10:28:48.855,244.29,450.00,2655,10251,63,81,77,17357,P2,Not Active,Not Active,Not Active,Not Active
2026/10/07 10:28:49.361,240.23,450.00,2655,10251,62,86,82,17357,P2,Not Active,Not Active,Not Active,Not Active
2026/10/07 10:28:49.864,244.22,450.00,2655,10251,63,89,85,17357,P2,Not Active,Not Active,Not Active,Not Active
2026/10/07 10:28:50.368,246.66,450.00,2655,10251,63,70,66,17357,P2,Not Active,Not Active,Not Active,Not Active
2026/10/07 10:28:50.872,268.05,450.00,2655,10251,62,81,67,17357,P2,Not Active,Not Active,Not Active,Not Active
2026/10/07 10:28:51.375,263.11,450.00,2655,10251,63,80,76,17357,P2,Not Active,Not Active,Not Active,Not Active
2026/10/07 10:28:51.880,231.31,450.00,2655,10251,62,74,71,17357,P2,Not Active,Not Active,Not Active,Not Active
2026/10/07 10:28:52.384,235.19,450.00,2655,10251,62,90,86,17357,P2,Not Active,Not Active,Not Active,Not Active
2026/10/07 10:28:52.888,242.47,450.00,2655,10251,63,83,79,17357,P2,Not Active,Not Active,Not Active,Not Active
2026/10/07 10:28:53.392,241.62,450.00,2655,10251,62,89,84,17357,P2,Not Active,Not Active,Not Active,Not Active
2026/10/07 10:28:53.897,295.16,450.00,2655,10251,65,90,68,17357,P2,Not Active,Not Active,Not Active,Not Active
2026/10/07 10:28:54.408,300.52,450.00,2655,10251,63,87,83,17357,P2,Not Active,Not Active,Not Active,Not Active
2026/10/07 10:28:54.911,250.68,450.00,2655,10251,63,87,83,17357,P2,Not Active,Not Active,Not Active,Not Active
2026/10/07 10:28:55.416,247.30,450.00,2655,10251,63,82,79,17357,P2,Not Active,Not Active,Not Active,Not Active
2026/10/07 10:28:55.922,242.04,450.00,2655,10251,63,78,74,17357,P2,Not Active,Not Active,Not Active,Not Active
2026/10/07 10:28:56.427,239.98,450.00,2655,10251,63,84,80,17357,P2,Not Active,Not Active,Not Active,Not Active
2026/10/07 10:28:56.930,271.40,450.00,2535,10251,73,94,47,17357,P2,Not Active,Not Active,Not Active,Not Active
2026/10/07 10:28:57.437,276.66,450.00,2655,10251,63,88,83,17357,P2,Not Active,Not Active,Not Active,Not Active
2026/10/07 10:28:57.941,258.38,450.00,2655,10251,63,82,78,17357,P2,Not Active,Not Active,Not Active,Not Active
2026/10/07 10:28:58.444,247.21,450.00,2655,10251,63,89,84,17357,P2,Not Active,Not Active,Not Active,Not Active
2026/10/07 10:28:58.948,250.23,450.00,2655,10251,63,89,84,17357,P2,Not Active,Not Active,Not Active,Not Active
2026/10/07 10:28:59.452,252.85,450.00,2655,10251,63,90,85,17357,P2,Not Active,Not Active,Not Active,Not Active
2026/10/07 10:28:59.957,301.89,450.00,2520,10251,74,100,35,17357,P2,Not Active,Not Active,Not Active,Not Active
2026/10/07 10:29:00.462,298.89,450.00,2655,10251,64,89,85,17357,P2,Not Active,Not Active,Not Active,Not Active
2026/10/07 10:29:00.965,267.64,450.00,2655,10251,63,79,75,17357,P2,Not Active,Not Active,Not Active,Not Active
2026/10/07 10:29:01.469,241.41,450.00,2655,10251,63,79,75,17357,P2,Not Active,Not Active,Not Active,Not Active
2026/10/07 10:29:01.974,236.10,450.00,2655,10251,63,90,85,17357,P2,Not Active,Not Active,Not Active,Not Active
2026/10/07 10:29:02.480,245.63,450.00,2655,10251,63,90,86,17357,P2,Not Active,Not Active,Not Active,Not Active
2026/10/07 10:29:02.984,263.53,450.00,2535,10251,63,89,68,17357,P2,Active,Not Active,Not Active,Not Active
2026/10/07 10:29:03.488,276.31,450.00,2655,10251,63,80,76,17357,P2,Not Active,Not Active,Not Active,Not Active
2026/10/07 10:29:03.993,264.39,450.00,2655,10251,63,90,86,17357,P2,Not Active,Not Active,Not Active,Not Active
2026/10/07 10:29:04.498,247.33,450.00,2655,10251,63,82,78,17357,P2,Not Active,Not Active,Not Active,Not Active
2026/10/07 10:29:05.002,245.33,450.00,2655,10251,63,88,83,17357,P2,Not Active,Not Active,Not Active,Not Active
2026/10/07 10:29:05.506,247.00,450.00,2655,10251,63,90,85,17357,P2,Not Active,Not Active,Not Active,Not Active
2026/10/07 10:29:06.009,279.86,450.00,2535,10251,63,91,70,17357,P2,Active,Not Active,Not Active,Not Active
2026/10/07 10:29:06.514,299.36,450.00,2655,10251,64,88,83,17357,P2,Not Active,Not Active,Not Active,Not Active
2026/10/07 10:29:07.018,289.29,450.00,2655,10251,64,90,86,17357,P2,Not Active,Not Active,Not Active,Not Active
2026/10/07 10:29:07.522,254.55,450.00,2655,10251,64,90,86,17357,P2,Not Active,Not Active,Not Active,Not Active
2026/10/07 10:29:08.026,252.25,450.00,2655,10251,64,89,85,17357,P2,Not Active,Not Active,Not Active,Not Active
2026/10/07 10:29:08.530,245.27,450.00,2655,10251,63,82,78,17357,P2,Not Active,Not Active,Not Active,Not Active
2026/10/07 10:29:09.035,249.76,450.00,2655,10251,64,90,85,17357,P2,Active,Not Active,Not Active,Not Active
2026/10/07 10:29:09.552,279.32,450.00,2655,10251,64,90,85,17357,P2,Not Active,Not Active,Not Active,Not Active
2026/10/07 10:29:10.058,280.63,450.00,2655,10251,63,85,81,17357,P2,Not Active,Not Active,Not Active,Not Active
2026/10/07 10:29:10.561,246.86,450.00,2655,10251,63,90,85,17357,P2,Not Active,Not Active,Not Active,Not Active
2026/10/07 10:29:11.065,248.76,450.00,2655,10251,63,90,85,17357,P2,Not Active,Not Active,Not Active,Not Active
2026/10/07 10:29:11.568,247.97,450.00,2655,10251,63,78,74,17357,P2,Not Active,Not Active,Not Active,Not Active
2026/10/07 10:29:12.074,242.03,450.00,2655,10251,63,79,74,17357,P2,Active,Not Active,Not Active,Not Active
2026/10/07 10:29:12.630,293.97,450.00,2655,10251,65,82,78,17357,P2,Not Active,Not Active,Not Active,Not Active
2026/10/07 10:29:13.138,298.71,450.00,2655,10251,64,88,84,17357,P2,Not Active,Not Active,Not Active,Not Active
2026/10/07 10:29:13.641,246.41,450.00,2655,10251,64,78,74,17357,P2,Not Active,Not Active,Not Active,Not Active
2026/10/07 10:29:14.145,241.06,450.00,2655,10251,64,77,73,17357,P2,Not Active,Not Active,Not Active,Not Active
2026/10/07 10:29:14.648,238.97,450.00,2655,10251,63,81,77,17357,P2,Not Active,Not Active,Not Active,Not Active
2026/10/07 10:29:15.154,241.76,450.00,2655,10251,64,79,75,17357,P2,Not Active,Not Active,Not Active,Not Active
2026/10/07 10:29:15.658,275.44,450.00,2520,10251,73,92,62,17357,P2,Not Active,Not Active,Not Active,Not Active
2026/10/07 10:29:16.162,275.97,450.00,2655,10251,64,83,78,17357,P2,Not Active,Not Active,Not Active,Not Active
2026/10/07 10:29:16.666,249.16,450.00,2655,10251,64,88,83,17357,P2,Not Active,Not Active,Not Active,Not Active
2026/10/07 10:29:17.170,248.61,450.00,2655,10251,63,87,83,17357,P2,Not Active,Not Active,Not Active,Not Active
2026/10/07 10:29:17.675,249.27,450.00,2655,10251,63,90,86,17357,P2,Not Active,Not Active,Not Active,Not Active
2026/10/07 10:29:18.178,245.98,450.00,2655,10251,63,78,74,17357,P2,Not Active,Not Active,Not Active,Not Active
2026/10/07 10:29:18.682,291.96,450.00,2535,10251,73,99,36,17357,P2,Not Active,Not Active,Not Active,Not Active
2026/10/07 10:29:19.187,296.16,450.00,2655,10251,64,86,82,17357,P2,Not Active,Not Active,Not Active,Not Active
2026/10/07 10:29:19.692,243.51,450.00,2655,10251,63,84,80,17357,P2,Not Active,Not Active,Not Active,Not Active
2026/10/07 10:29:20.195,238.10,450.00,2655,10251,64,77,73,17357,P2,Not Active,Not Active,Not Active,Not Active
2026/10/07 10:29:20.699,240.20,450.00,2655,10251,63,76,72,17357,P2,Not Active,Not Active,Not Active,Not Active
2026/10/07 10:29:21.203,243.08,450.00,2655,10251,63,82,78,17357,P2,Not Active,Not Active,Not Active,Not Active
2026/10/07 10:29:21.707,276.83,450.00,2655,10251,64,92,46,17357,P2,Not Active,Not Active,Not Active,Not Active
2026/10/07 10:29:22.213,280.59,450.00,2655,10251,64,90,85,17357,P2,Not Active,Not Active,Not Active,Not Active
2026/10/07 10:29:22.716,265.57,450.00,2655,10251,64,91,86,17357,P2,Not Active,Not Active,Not Active,Not Active
2026/10/07 10:29:23.220,251.25,450.00,2655,10251,64,81,77,17357,P2,Not Active,Not Active,Not Active,Not Active
2026/10/07 10:29:23.724,250.77,450.00,2655,10251,64,89,85,17357,P2,Not Active,Not Active,Not Active,Not Active
2026/10/07 10:29:24.230,249.61,450.00,2655,10251,63,80,76,17357,P2,Not Active,Not Active,Not Active,Not Active
2026/10/07 10:29:24.733,296.07,450.00,2655,10251,64,100,35,17357,P2,Not Active,Not Active,Not Active,Not Active
2026/10/07 10:29:25.237,297.57,450.00,2655,10251,65,81,77,17357,P2,Not Active,Not Active,Not Active,Not Active
2026/10/07 10:29:25.740,270.08,450.00,2655,10251,64,78,74,17357,P2,Not Active,Not Active,Not Active,Not Active
2026/10/07 10:29:26.244,243.74,450.00,2655,10251,64,87,83,17357,P2,Not Active,Not Active,Not Active,Not Active
2026/10/07 10:29:26.750,245.67,450.00,2655,10251,64,90,85,17357,P2,Not Active,Not Active,Not Active,Not Active
2026/10/07 10:29:27.253,245.63,450.00,2655,10251,64,76,72,17357,P2,Not Active,Not Active,Not Active,Not Active
2026/10/07 10:29:27.757,257.51,450.00,2655,10251,64,90,73,17357,P2,Active,Not Active,Not Active,Not Active
2026/10/07 10:29:28.260,278.76,450.00,2655,10251,66,84,80,17357,P2,Not Active,Not Active,Not Active,Not Active
2026/10/07 10:29:28.764,280.24,450.00,2655,10251,64,89,84,17357,P2,Not Active,Not Active,Not Active,Not Active
2026/10/07 10:29:29.270,253.04,450.00,2655,10251,64,90,85,17357,P2,Not Active,Not Active,Not Active,Not Active
2026/10/07 10:29:29.774,252.76,450.00,2655,10251,64,90,86,17357,P2,Not Active,Not Active,Not Active,Not Active
2026/10/07 10:29:30.277,251.75,450.00,2655,10251,64,88,83,17357,P2,Not Active,Not Active,Not Active,Not Active
2026/10/07 10:29:30.781,293.47,450.00,2655,10251,64,92,56,17357,P2,Active,Not Active,Not Active,Not Active
2026/10/07 10:29:31.287,295.51,450.00,2655,10251,72,78,74,17357,P2,Not Active,Not Active,Not Active,Not Active
2026/10/07 10:29:31.791,269.84,450.00,2655,10251,64,81,77,17357,P2,Not Active,Not Active,Not Active,Not Active
2026/10/07 10:29:32.294,244.85,450.00,2655,10251,63,90,85,17357,P2,Not Active,Not Active,Not Active,Not Active
2026/10/07 10:29:32.797,251.85,450.00,2655,10251,64,90,85,17357,P2,Not Active,Not Active,Not Active,Not Active
2026/10/07 10:29:33.301,256.15,450.00,2655,10251,64,90,86,17357,P2,Not Active,Not Active,Not Active,Not Active
2026/10/07 10:29:33.807,259.12,450.00,2655,10251,64,77,73,17357,P2,Active,Not Active,Not Active,Not Active
2026/10/07 10:29:34.330,272.32,450.00,2520,10251,74,79,75,17357,P2,Not Active,Not Active,Not Active,Not Active
2026/10/07 10:29:34.834,265.40,450.00,2655,10251,63,73,69,17357,P2,Not Active,Not Active,Not Active,Not Active
2026/10/07 10:29:35.338,235.53,450.00,2655,10251,63,89,85,17357,P2,Not Active,Not Active,Not Active,Not Active
2026/10/07 10:29:35.842,243.27,450.00,2655,10251,64,84,80,17357,P2,Not Active,Not Active,Not Active,Not Active
2026/10/07 10:29:36.348,243.27,450.00,2655,10251,63,88,83,17357,P2,Not Active,Not Active,Not Active,Not Active
2026/10/07 10:29:36.852,244.99,450.00,2655,10251,64,90,85,17357,P2,Not Active,Not Active,Not Active,Not Active
2026/10/07 10:29:37.355,297.16,450.00,2655,10251,64,80,65,17357,P2,Not Active,Not Active,Not Active,Not Active
2026/10/07 10:29:37.859,295.89,450.00,2655,10251,65,89,85,17357,P2,Not Active,Not Active,Not Active,Not Active
2026/10/07 10:29:38.364,249.42,450.00,2655,10251,64,89,85,17357,P2,Not Active,Not Active,Not Active,Not Active
2026/10/07 10:29:38.867,252.92,450.00,2655,10251,64,90,86,17357,P2,Not Active,Not Active,Not Active,Not Active
2026/10/07 10:29:39.371,246.30,450.00,2655,10251,64,77,73,17357,P2,Not Active,Not Active,Not Active,Not Active
2026/10/07 10:29:39.875,246.28,450.00,2655,10251,64,90,86,17357,P2,Not Active,Not Active,Not Active,Not Active
2026/10/07 10:29:40.379,274.70,450.00,2655,10251,64,74,57,17357,P2,Not Active,Not Active,Not Active,Not Active
2026/10/07 10:29:40.885,270.69,450.00,2655,10251,64,90,86,17357,P2,Not Active,Not Active,Not Active,Not Active
2026/10/07 10:29:41.388,238.60,450.00,2655,10251,64,76,72,17357,P2,Not Active,Not Active,Not Active,Not Active
2026/10/07 10:29:41.892,236.64,450.00,2655,10251,64,88,83,17357,P2,Not Active,Not Active,Not Active,Not Active
2026/10/07 10:29:42.396,240.78,450.00,2655,10251,63,88,83,17357,P2,Not Active,Not Active,Not Active,Not Active
2026/10/07 10:29:42.900,247.26,450.00,2655,10251,64,88,84,17357,P2,Not Active,Not Active,Not Active,Not Active
2026/10/07 10:29:43.404,302.98,450.00,2520,10251,75,100,35,17357,P2,Not Active,Not Active,Not Active,Not Active
2026/10/07 10:29:43.908,299.78,450.00,2655,10251,64,89,84,17357,P2,Not Active,Not Active,Not Active,Not Active
2026/10/07 10:29:44.412,257.54,450.00,2655,10251,64,87,83,17357,P2,Not Active,Not Active,Not Active,Not Active
2026/10/07 10:29:44.916,248.86,450.00,2655,10251,64,90,85,17357,P2,Not Active,Not Active,Not Active,Not Active
2026/10/07 10:29:45.420,254.35,450.00,2655,10251,64,90,86,17357,P2,Not Active,Not Active,Not Active,Not Active
2026/10/07 10:29:45.925,255.89,450.00,2655,10251,64,90,86,17357,P2,Not Active,Not Active,Not Active,Not Active
2026/10/07 10:29:46.429,284.42,450.00,2655,10251,68,94,53,17357,P2,Not Active,Not Active,Not Active,Not Active
2026/10/07 10:29:46.932,282.36,450.00,2655,10251,64,87,83,17357,P2,Not Active,Not Active,Not Active,Not Active
2026/10/07 10:29:47.436,255.61,450.00,2655,10251,64,90,85,17357,P2,Not Active,Not Active,Not Active,Not Active
2026/10/07 10:29:47.939,253.56,450.00,2655,10251,64,91,86,17357,P2,Not Active,Not Active,Not Active,Not Active
2026/10/07 10:29:48.445,253.75,450.00,2655,10251,64,88,84,17357,P2,Not Active,Not Active,Not Active,Not Active
2026/10/07 10:29:48.948,253.78,450.00,2655,10251,64,90,86,17357,P2,Not Active,Not Active,Not Active,Not Active
2026/10/07 10:29:49.451,301.33,450.00,2655,10251,69,100,35,17357,P2,Not Active,Not Active,Not Active,Not Active
2026/10/07 10:29:50.009,300.56,450.00,2655,10251,64,90,86,17357,P2,Not Active,Not Active,Not Active,Not Active
2026/10/07 10:29:50.512,254.56,450.00,2655,10251,64,90,86,17357,P2,Not Active,Not Active,Not Active,Not Active
2026/10/07 10:29:51.016,255.16,450.00,2655,10251,64,87,83,17357,P2,Not Active,Not Active,Not Active,Not Active
2026/10/07 10:29:51.521,254.40,450.00,2655,10251,64,89,85,17357,P2,Not Active,Not Active,Not Active,Not Active
2026/10/07 10:29:52.024,254.89,450.00,2655,10251,64,89,84,17357,P2,Not Active,Not Active,Not Active,Not Active
2026/10/07 10:29:52.528,283.65,450.00,2655,10251,66,89,85,17357,P2,Not Active,Not Active,Not Active,Not Active
2026/10/07 10:29:53.032,282.12,450.00,2655,10251,64,87,82,17357,P2,Not Active,Not Active,Not Active,Not Active
2026/10/07 10:29:53.535,252.88,450.00,2655,10251,64,90,85,17357,P2,Not Active,Not Active,Not Active,Not Active
2026/10/07 10:29:54.041,254.31,450.00,2655,10251,64,90,86,17357,P2,Not Active,Not Active,Not Active,Not Active
2026/10/07 10:29:54.544,254.37,450.00,2655,10251,64,90,85,17357,P2,Not Active,Not Active,Not Active,Not Active
2026/10/07 10:29:55.047,253.59,450.00,2655,10251,64,88,83,17357,P2,Active,Not Active,Not Active,Not Active
2026/10/07 10:29:55.595,299.13,450.00,2655,10251,66,79,75,17357,P2,Not Active,Not Active,Not Active,Not Active
2026/10/07 10:29:56.104,299.35,450.00,2655,10251,64,90,85,17357,P2,Not Active,Not Active,Not Active,Not Active
2026/10/07 10:29:56.607,253.69,450.00,2655,10251,64,90,86,17357,P2,Not Active,Not Active,Not Active,Not Active
2026/10/07 10:29:57.110,252.78,450.00,2655,10251,64,90,86,17357,P2,Not Active,Not Active,Not Active,Not Active
2026/10/07 10:29:57.614,250.76,450.00,2655,10251,64,87,83,17357,P2,Not Active,Not Active,Not Active,Not Active
2026/10/07 10:29:58.119,249.43,450.00,2655,10251,64,85,81,17357,P2,Active,Not Active,Not Active,Not Active
2026/10/07 10:29:58.673,278.65,450.00,2655,10251,65,88,84,17357,P2,Not Active,Not Active,Not Active,Not Active
2026/10/07 10:29:59.182,276.04,450.00,2655,10251,64,82,78,17357,P2,Not Active,Not Active,Not Active,Not Active
2026/10/07 10:29:59.687,244.80,450.00,2655,10251,64,85,81,17357,P2,Not Active,Not Active,Not Active,Not Active
2026/10/07 10:30:00.190,247.22,450.00,2655,10251,64,87,83,17357,P2,Not Active,Not Active,Not Active,Not Active
2026/10/07 10:30:00.694,248.25,450.00,2655,10251,64,88,83,17357,P2,Not Active,Not Active,Not Active,Not Active
2026/10/07 10:30:01.200,258.29,450.00,2655,10251,64,85,81,17357,P2,Active,Not Active,Not Active,Not Active
2026/10/07 10:30:01.764,299.11,450.00,2655,10251,75,88,84,17357,P2,Not Active,Not Active,Not Active,Not Active
2026/10/07 10:30:02.267,302.78,450.00,2655,10251,64,90,85,17357,P2,Not Active,Not Active,Not Active,Not Active
2026/10/07 10:30:02.771,254.59,450.00,2655,10251,64,90,86,17357,P2,Not Active,Not Active,Not Active,Not Active
2026/10/07 10:30:03.276,254.32,450.00,2655,10251,64,90,86,17357,P2,Not Active,Not Active,Not Active,Not Active
2026/10/07 10:30:03.780,254.61,450.00,2655,10251,64,90,85,17357,P2,Not Active,Not Active,Not Active,Not Active
2026/10/07 10:30:04.284,278.60,450.00,2655,10251,64,93,55,17357,P2,Active,Not Active,Not Active,Not Active
2026/10/07 10:30:04.788,283.80,450.00,2655,10251,70,90,85,17357,P2,Not Active,Not Active,Not Active,Not Active
2026/10/07 10:30:05.292,279.47,450.00,2655,10251,64,90,86,17357,P2,Not Active,Not Active,Not Active,Not Active
2026/10/07 10:30:05.797,253.24,450.00,2655,10251,64,90,85,17357,P2,Not Active,Not Active,Not Active,Not Active
2026/10/07 10:30:06.300,254.34,450.00,2655,10251,64,90,86,17357,P2,Not Active,Not Active,Not Active,Not Active
2026/10/07 10:30:06.805,254.71,450.00,2655,10251,64,90,86,17357,P2,Not Active,Not Active,Not Active,Not Active
2026/10/07 10:30:07.309,301.85,450.00,2655,10251,64,100,35,17357,P2,Active,Not Active,Not Active,Not Active
2026/10/07 10:30:07.814,305.73,450.00,2655,10251,69,90,86,17357,P2,Not Active,Not Active,Not Active,Not Active
2026/10/07 10:30:08.319,277.77,450.00,2655,10251,64,90,86,17357,P2,Not Active,Not Active,Not Active,Not Active
2026/10/07 10:30:08.822,255.94,450.00,2655,10251,64,90,85,17357,P2,Not Active,Not Active,Not Active,Not Active
2026/10/07 10:30:09.326,255.83,450.00,2655,10251,64,89,85,17357,P2,Not Active,Not Active,Not Active,Not Active
2026/10/07 10:30:09.830,255.89,450.00,2655,10251,64,90,85,17357,P2,Not Active,Not Active,Not Active,Not Active
2026/10/07 10:30:10.335,285.31,450.00,2655,10251,64,95,53,17357,P2,Not Active,Not Active,Not Active,Not Active
2026/10/07 10:30:10.862,280.14,450.00,2655,10251,65,90,85,17357,P2,Not Active,Not Active,Not Active,Not Active
2026/10/07 10:30:11.366,254.59,450.00,2655,10251,64,90,85,17357,P2,Not Active,Not Active,Not Active,Not Active
2026/10/07 10:30:11.870,251.80,450.00,2655,10251,64,90,85,17357,P2,Not Active,Not Active,Not Active,Not Active
2026/10/07 10:30:12.378,251.93,450.00,2655,10251,64,90,85,17357,P2,Not Active,Not Active,Not Active,Not Active
2026/10/07 10:30:12.881,251.94,450.00,2655,10251,64,90,85,17357,P2,Not Active,Not Active,Not Active,Not Active
2026/10/07 10:30:13.385,298.51,450.00,2655,10251,64,97,46,17357,P2,Not Active,Not Active,Not Active,Not Active
2026/10/07 10:30:13.888,300.18,450.00,2655,10251,66,89,85,17357,P2,Not Active,Not Active,Not Active,Not Active
2026/10/07 10:30:14.394,252.72,450.00,2655,10251,64,89,84,17357,P2,Not Active,Not Active,Not Active,Not Active
2026/10/07 10:30:14.897,254.38,450.00,2655,10251,64,90,85,17357,P2,Not Active,Not Active,Not Active,Not Active
2026/10/07 10:30:15.400,254.90,450.00,2655,10251,64,89,85,17357,P2,Not Active,Not Active,Not Active,Not Active
2026/10/07 10:30:15.904,255.38,450.00,2655,10251,64,89,85,17357,P2,Not Active,Not Active,Not Active,Not Active
2026/10/07 10:30:16.408,283.45,450.00,2655,10251,65,94,60,17357,P2,Not Active,Not Active,Not Active,Not Active
2026/10/07 10:30:16.913,283.06,450.00,2655,10251,64,90,86,17357,P2,Not Active,Not Active,Not Active,Not Active
2026/10/07 10:30:17.416,254.15,450.00,2655,10251,64,90,86,17357,P2,Not Active,Not Active,Not Active,Not Active
2026/10/07 10:30:17.920,254.45,450.00,2655,10251,64,91,86,17357,P2,Not Active,Not Active,Not Active,Not Active
2026/10/07 10:30:18.424,255.10,450.00,2655,10251,64,90,85,17357,P2,Not Active,Not Active,Not Active,Not Active
2026/10/07 10:30:18.927,254.74,450.00,2655,10251,64,90,86,17357,P2,Not Active,Not Active,Not Active,Not Active
2026/10/07 10:30:19.433,304.22,450.00,2655,10251,66,93,63,17357,P2,Not Active,Not Active,Not Active,Not Active
2026/10/07 10:30:19.936,304.65,450.00,2655,10251,65,90,86,17357,P2,Not Active,Not Active,Not Active,Not Active
2026/10/07 10:30:20.440,255.80,450.00,2655,10251,64,89,85,17357,P2,Not Active,Not Active,Not Active,Not Active
2026/10/07 10:30:20.943,255.62,450.00,2655,10251,64,90,86,17357,P2,Not Active,Not Active,Not Active,Not Active
2026/10/07 10:30:21.447,255.28,450.00,2655,10251,64,90,85,17357,P2,Not Active,Not Active,Not Active,Not Active
2026/10/07 10:30:21.952,255.35,450.00,2655,10251,64,90,86,17357,P2,Active,Not Active,Not Active,Not Active
2026/10/07 10:30:22.456,284.71,450.00,2655,10251,65,89,83,17357,P2,Not Active,Not Active,Not Active,Not Active
2026/10/07 10:30:22.960,283.80,450.00,2655,10251,64,91,86,17357,P2,Not Active,Not Active,Not Active,Not Active
2026/10/07 10:30:23.463,253.69,450.00,2655,10251,64,90,86,17357,P2,Not Active,Not Active,Not Active,Not Active
2026/10/07 10:30:23.967,253.68,450.00,2655,10251,64,90,85,17357,P2,Not Active,Not Active,Not Active,Not Active
2026/10/07 10:30:24.472,254.17,450.00,2655,10251,64,90,86,17357,P2,Not Active,Not Active,Not Active,Not Active
2026/10/07 10:30:24.975,288.32,450.00,2655,10251,64,91,73,17357,P2,Active,Not Active,Not Active,Not Active
2026/10/07 10:30:25.478,304.36,450.00,2655,10251,65,90,86,17357,P2,Not Active,Not Active,Not Active,Not Active
2026/10/07 10:30:25.982,295.39,450.00,2655,10251,65,90,86,17357,P2,Not Active,Not Active,Not Active,Not Active
2026/10/07 10:30:26.485,255.47,450.00,2655,10251,64,88,84,17357,P2,Not Active,Not Active,Not Active,Not Active
2026/10/07 10:30:26.990,255.52,450.00,2655,10251,64,90,86,17357,P2,Not Active,Not Active,Not Active,Not Active
2026/10/07 10:30:27.494,254.95,450.00,2655,10251,64,90,85,17357,P2,Not Active,Not Active,Not Active,Not Active
2026/10/07 10:30:27.997,279.11,450.00,2655,10251,64,88,80,17357,P2,Active,Not Active,Not Active,Not Active
2026/10/07 10:30:28.503,283.07,450.00,2655,10251,65,90,85,17357,P2,Not Active,Not Active,Not Active,Not Active
2026/10/07 10:30:29.009,280.40,450.00,2655,10251,64,90,85,17357,P2,Not Active,Not Active,Not Active,Not Active
2026/10/07 10:30:29.512,250.14,450.00,2655,10251,64,90,85,17357,P2,Not Active,Not Active,Not Active,Not Active
2026/10/07 10:30:30.016,250.04,450.00,2655,10251,64,90,85,17357,P2,Not Active,Not Active,Not Active,Not Active
2026/10/07 10:30:30.519,251.98,450.00,2655,10251,64,90,86,17357,P2,Not Active,Not Active,Not Active,Not Active
2026/10/07 10:30:31.023,301.00,450.00,2520,10251,73,94,56,17357,P2,Not Active,Not Active,Not Active,Not Active
2026/10/07 10:30:31.566,301.38,450.00,2655,10251,65,90,85,17357,P2,Not Active,Not Active,Not Active,Not Active
2026/10/07 10:30:32.071,257.13,450.00,2655,10251,65,89,85,17357,P2,Not Active,Not Active,Not Active,Not Active
2026/10/07 10:30:32.575,252.93,450.00,2655,10251,64,88,84,17357,P2,Not Active,Not Active,Not Active,Not Active
2026/10/07 10:30:33.078,253.45,450.00,2655,10251,64,90,86,17357,P2,Not Active,Not Active,Not Active,Not Active
2026/10/07 10:30:33.581,253.54,450.00,2655,10251,64,90,86,17357,P2,Not Active,Not Active,Not Active,Not Active
2026/10/07 10:30:34.086,282.64,450.00,2655,10251,71,93,71,17357,P2,Not Active,Not Active,Not Active,Not Active
2026/10/07 10:30:34.592,283.63,450.00,2655,10251,65,90,86,17357,P2,Not Active,Not Active,Not Active,Not Active
2026/10/07 10:30:35.095,254.02,450.00,2655,10251,64,90,85,17357,P2,Not Active,Not Active,Not Active,Not Active
2026/10/07 10:30:35.600,254.18,450.00,2655,10251,64,90,86,17357,P2,Not Active,Not Active,Not Active,Not Active
2026/10/07 10:30:36.105,254.49,450.00,2655,10251,64,90,86,17357,P2,Not Active,Not Active,Not Active,Not Active
2026/10/07 10:30:36.610,254.53,450.00,2655,10251,64,90,86,17357,P2,Not Active,Not Active,Not Active,Not Active
2026/10/07 10:30:37.113,303.57,450.00,2520,10251,75,91,75,17357,P2,Not Active,Not Active,Not Active,Not Active
2026/10/07 10:30:37.616,304.19,450.00,2655,10251,65,90,86,17357,P2,Not Active,Not Active,Not Active,Not Active
2026/10/07 10:30:38.119,255.77,450.00,2655,10251,64,90,86,17357,P2,Not Active,Not Active,Not Active,Not Active
2026/10/07 10:30:38.623,256.08,450.00,2655,10251,65,90,86,17357,P2,Not Active,Not Active,Not Active,Not Active
2026/10/07 10:30:39.129,256.32,450.00,2655,10251,65,89,84,17357,P2,Not Active,Not Active,Not Active,Not Active
2026/10/07 10:30:39.632,255.11,450.00,2655,10251,64,90,86,17357,P2,Not Active,Not Active,Not Active,Not Active
2026/10/07 10:30:40.135,282.70,450.00,2655,10251,74,90,85,17357,P2,Not Active,Not Active,Not Active,Not Active
2026/10/07 10:30:40.638,283.58,450.00,2655,10251,65,91,86,17357,P2,Not Active,Not Active,Not Active,Not Active
2026/10/07 10:30:41.142,255.78,450.00,2655,10251,64,90,86,17357,P2,Not Active,Not Active,Not Active,Not Active
2026/10/07 10:30:41.647,255.30,450.00,2655,10251,64,91,86,17357,P2,Not Active,Not Active,Not Active,Not Active
2026/10/07 10:30:42.151,254.35,450.00,2655,10251,64,89,85,17357,P2,Not Active,Not Active,Not Active,Not Active
2026/10/07 10:30:42.654,272.42,450.00,2655,10251,64,92,65,17357,P2,Active,Not Active,Not Active,Not Active
2026/10/07 10:30:43.238,304.75,450.00,2655,10251,76,90,85,17357,P2,Not Active,Not Active,Not Active,Not Active
2026/10/07 10:30:43.742,306.10,450.00,2655,10251,65,89,85,17357,P2,Not Active,Not Active,Not Active,Not Active
2026/10/07 10:30:44.247,256.75,450.00,2655,10251,65,90,86,17357,P2,Not Active,Not Active,Not Active,Not Active
2026/10/07 10:30:44.751,256.87,450.00,2655,10251,65,90,85,17357,P2,Not Active,Not Active,Not Active,Not Active
2026/10/07 10:30:45.254,251.04,450.00,2655,10251,64,79,75,17357,P2,Not Active,Not Active,Not Active,Not Active
2026/10/07 10:30:45.758,237.10,450.00,2655,10251,64,77,74,17357,P2,Not Active,Not Active,Not Active,Not Active
2026/10/07 10:30:46.262,261.36,450.00,2520,10251,73,79,75,17357,P2,Not Active,Not Active,Not Active,Not Active
2026/10/07 10:30:46.769,264.78,450.00,2655,10251,64,81,77,17357,P2,Not Active,Not Active,Not Active,Not Active
2026/10/07 10:30:47.273,240.75,450.00,2655,10251,64,90,85,17357,P2,Not Active,Not Active,Not Active,Not Active
2026/10/07 10:30:47.776,232.15,450.00,2655,10251,64,70,66,17357,P2,Not Active,Not Active,Not Active,Not Active
2026/10/07 10:30:48.280,236.68,450.00,2655,10251,64,90,86,17357,P2,Not Active,Not Active,Not Active,Not Active
2026/10/07 10:30:48.785,236.75,450.00,2655,10251,64,76,72,17357,P2,Not Active,Not Active,Not Active,Not Active
2026/10/07 10:30:49.288,285.08,450.00,2655,10251,64,98,40,17357,P2,Not Active,Not Active,Not Active,Not Active
2026/10/07 10:30:49.819,280.67,450.00,2655,10251,67,65,61,17357,P2,Not Active,Not Active,Not Active,Not Active
2026/10/07 10:30:50.324,253.16,450.00,2655,10251,64,84,80,17357,P2,Not Active,Not Active,Not Active,Not Active
2026/10/07 10:30:50.827,235.99,450.00,2655,10251,64,64,61,17357,P2,Not Active,Not Active,Not Active,Not Active
2026/10/07 10:30:51.331,232.84,450.00,2655,10251,64,72,68,17357,P2,Not Active,Not Active,Not Active,Not Active
2026/10/07 10:30:51.835,228.70,450.00,2655,10251,64,68,65,17357,P2,Not Active,Not Active,Not Active,Not Active
2026/10/07 10:30:52.339,234.14,450.00,2655,10251,64,90,86,17357,P2,Not Active,Not Active,Not Active,Not Active
2026/10/07 10:30:52.844,274.54,450.00,2655,10251,64,87,46,17357,P2,Not Active,Not Active,Not Active,Not Active
2026/10/07 10:30:53.348,280.90,450.00,2655,10251,65,90,85,17357,P2,Not Active,Not Active,Not Active,Not Active
2026/10/07 10:30:53.851,242.34,450.00,2655,10251,64,75,71,17357,P2,Not Active,Not Active,Not Active,Not Active
2026/10/07 10:30:54.355,236.54,450.00,2655,10251,63,86,81,17357,P2,Not Active,Not Active,Not Active,Not Active
2026/10/07 10:30:54.861,235.93,450.00,2655,10251,64,81,77,17357,P2,Not Active,Not Active,Not Active,Not Active
2026/10/07 10:30:55.365,233.32,450.00,2655,10251,64,81,77,17357,P2,Not Active,Not Active,Not Active,Not Active
2026/10/07 10:30:55.868,298.44,450.00,2655,10251,64,100,35,17357,P2,Active,Not Active,Not Active,Not Active
2026/10/07 10:30:56.372,300.07,450.00,2655,10251,75,90,86,17357,P2,Not Active,Not Active,Not Active,Not Active
2026/10/07 10:30:56.875,260.60,450.00,2655,10251,65,70,66,17357,P2,Not Active,Not Active,Not Active,Not Active
2026/10/07 10:30:57.381,235.92,450.00,2655,10251,63,79,75,17357,P2,Not Active,Not Active,Not Active,Not Active
2026/10/07 10:30:57.884,234.82,450.00,2655,10251,63,85,81,17357,P2,Not Active,Not Active,Not Active,Not Active
2026/10/07 10:30:58.388,232.04,450.00,2655,10251,64,80,76,17357,P2,Not Active,Not Active,Not Active,Not Active
2026/10/07 10:30:58.891,232.36,450.00,2655,10251,64,74,71,17357,P2,Not Active,Not Active,Not Active,Not Active
2026/10/07 10:30:59.394,262.41,450.00,2655,10251,65,93,47,17357,P2,Not Active,Not Active,Not Active,Not Active
2026/10/07 10:30:59.899,261.20,450.00,2655,10251,64,80,75,17357,P2,Not Active,Not Active,Not Active,Not Active
2026/10/07 10:31:00.402,230.51,450.00,2655,10251,64,83,79,17357,P2,Not Active,Not Active,Not Active,Not Active
2026/10/07 10:31:00.905,233.36,450.00,2655,10251,63,78,74,17357,P2,Not Active,Not Active,Not Active,Not Active
2026/10/07 10:31:01.409,241.06,450.00,2655,10251,64,83,79,17357,P2,Not Active,Not Active,Not Active,Not Active
2026/10/07 10:31:01.912,242.37,450.00,2655,10251,64,83,78,17357,P2,Not Active,Not Active,Not Active,Not Active
2026/10/07 10:31:02.416,272.19,450.00,2520,10251,73,87,74,17357,P2,Active,Not Active,Not Active,Not Active
2026/10/07 10:31:02.922,295.17,450.00,2655,10251,64,81,78,17357,P2,Not Active,Not Active,Not Active,Not Active
2026/10/07 10:31:03.426,287.23,450.00,2655,10251,64,80,76,17357,P2,Not Active,Not Active,Not Active,Not Active
2026/10/07 10:31:03.930,243.90,450.00,2655,10251,64,82,78,17357,P2,Not Active,Not Active,Not Active,Not Active
2026/10/07 10:31:04.433,244.95,450.00,2655,10251,64,78,74,17357,P2,Not Active,Not Active,Not Active,Not Active
2026/10/07 10:31:04.938,245.90,450.00,2655,10251,64,88,84,17357,P2,Not Active,Not Active,Not Active,Not Active
2026/10/07 10:31:05.442,252.23,450.00,2655,10251,64,89,85,17357,P2,Active,Not Active,Not Active,Not Active
2026/10/07 10:31:05.985,276.90,450.00,2655,10251,65,80,75,17357,P2,Not Active,Not Active,Not Active,Not Active
2026/10/07 10:31:06.491,275.88,450.00,2655,10251,64,90,85,17357,P2,Not Active,Not Active,Not Active,Not Active
2026/10/07 10:31:06.995,252.02,450.00,2655,10251,64,91,86,17357,P2,Not Active,Not Active,Not Active,Not Active
2026/10/07 10:31:07.499,252.87,450.00,2655,10251,64,89,84,17357,P2,Not Active,Not Active,Not Active,Not Active
2026/10/07 10:31:08.003,252.42,450.00,2655,10251,64,89,85,17359,P2,Not Active,Not Active,Not Active,Not Active
2026/10/07 10:31:08.507,269.82,450.00,2655,10251,70,92,63,17359,P2,Active,Not Active,Not Active,Not Active
2026/10/07 10:31:09.011,303.24,450.00,2655,10251,65,89,85,17359,P2,Not Active,Not Active,Not Active,Not Active
2026/10/07 10:31:09.517,303.79,450.00,2655,10251,64,89,85,17359,P2,Not Active,Not Active,Not Active,Not Active
2026/10/07 10:31:10.020,252.90,450.00,2655,10251,64,83,79,17358,P2,Not Active,Not Active,Not Active,Not Active
2026/10/07 10:31:10.524,252.73,450.00,2655,10251,64,89,85,17358,P2,Not Active,Not Active,Not Active,Not Active
2026/10/07 10:31:11.028,249.83,450.00,2655,10251,64,82,78,17358,P2,Not Active,Not Active,Not Active,Not Active
2026/10/07 10:31:11.532,244.03,450.00,2655,10251,64,80,76,17358,P2,Active,Not Active,Not Active,Not Active
2026/10/07 10:31:12.070,271.34,450.00,2655,10251,64,81,76,17358,P2,Not Active,Not Active,Not Active,Not Active
2026/10/07 10:31:12.576,267.42,450.00,2655,10251,63,79,75,17358,P2,Not Active,Not Active,Not Active,Not Active
2026/10/07 10:31:13.080,242.81,450.00,2655,10251,64,89,85,17358,P2,Not Active,Not Active,Not Active,Not Active
2026/10/07 10:31:13.583,250.37,450.00,2655,10251,64,84,80,17358,P2,Not Active,Not Active,Not Active,Not Active
2026/10/07 10:31:14.088,244.74,450.00,2655,10251,63,84,79,17358,P2,Not Active,Not Active,Not Active,Not Active
2026/10/07 10:31:14.593,238.81,450.00,2655,10251,63,82,77,17358,P2,Not Active,Not Active,Not Active,Not Active
2026/10/07 10:31:15.097,287.41,450.00,2520,10251,76,87,66,17358,P2,Not Active,Not Active,Not Active,Not Active
2026/10/07 10:31:15.642,294.65,450.00,2655,10251,64,89,85,17358,P2,Not Active,Not Active,Not Active,Not Active
2026/10/07 10:31:16.145,253.56,450.00,2655,10251,64,89,85,17358,P2,Not Active,Not Active,Not Active,Not Active
2026/10/07 10:31:16.649,255.75,450.00,2655,10251,64,89,85,17358,P2,Not Active,Not Active,Not Active,Not Active
2026/10/07 10:31:17.157,256.05,450.00,2655,10251,64,90,85,17358,P2,Not Active,Not Active,Not Active,Not Active
2026/10/07 10:31:17.661,256.21,450.00,2655,10251,64,90,86,17358,P2,Not Active,Not Active,Not Active,Not Active
2026/10/07 10:31:18.164,283.51,450.00,2550,10251,67,90,86,17358,P2,Not Active,Not Active,Not Active,Not Active
2026/10/07 10:31:18.668,282.20,450.00,2655,10251,64,89,84,17358,P2,Not Active,Not Active,Not Active,Not Active
2026/10/07 10:31:19.173,253.61,450.00,2655,10251,64,90,85,17358,P2,Not Active,Not Active,Not Active,Not Active
2026/10/07 10:31:19.676,252.88,450.00,2655,10251,64,90,85,17358,P2,Not Active,Not Active,Not Active,Not Active
2026/10/07 10:31:20.179,252.48,450.00,2655,10251,64,90,85,17358,P2,Not Active,Not Active,Not Active,Not Active
2026/10/07 10:31:20.684,267.35,450.00,2655,10251,64,90,71,17358,P2,Active,Not Active,Not Active,Not Active
2026/10/07 10:31:21.188,303.78,450.00,2655,10251,68,89,85,17358,P2,Not Active,Not Active,Not Active,Not Active
2026/10/07 10:31:21.693,304.74,450.00,2655,10251,65,90,86,17358,P2,Not Active,Not Active,Not Active,Not Active
2026/10/07 10:31:22.196,255.51,450.00,2655,10251,64,88,84,17358,P2,Not Active,Not Active,Not Active,Not Active
2026/10/07 10:31:22.699,254.89,450.00,2655,10251,64,90,85,17358,P2,Not Active,Not Active,Not Active,Not Active
2026/10/07 10:31:23.202,254.53,450.00,2655,10251,64,89,85,17358,P2,Not Active,Not Active,Not Active,Not Active
2026/10/07 10:31:23.706,257.65,450.00,2655,10251,64,88,78,17358,P2,Active,Not Active,Not Active,Not Active
2026/10/07 10:31:24.248,283.65,450.00,2655,10251,65,90,85,17358,P2,Not Active,Not Active,Not Active,Not Active
2026/10/07 10:31:24.755,280.12,450.00,2655,10251,64,89,85,17358,P2,Not Active,Not Active,Not Active,Not Active
2026/10/07 10:31:25.258,253.79,450.00,2655,10251,64,89,84,17358,P2,Not Active,Not Active,Not Active,Not Active
2026/10/07 10:31:25.762,254.46,450.00,2655,10251,64,91,86,17358,P2,Not Active,Not Active,Not Active,Not Active
2026/10/07 10:31:26.265,254.48,450.00,2655,10251,64,90,85,17358,P2,Not Active,Not Active,Not Active,Not Active
2026/10/07 10:31:26.769,300.21,450.00,2655,10251,64,95,52,17358,P2,Active,Not Active,Not Active,Not Active
2026/10/07 10:31:27.276,302.91,450.00,2655,10251,66,90,86,17358,P2,Not Active,Not Active,Not Active,Not Active
2026/10/07 10:31:27.779,277.06,450.00,2655,10251,64,86,82,17358,P2,Not Active,Not Active,Not Active,Not Active
2026/10/07 10:31:28.282,254.58,450.00,2655,10251,64,89,85,17358,P2,Not Active,Not Active,Not Active,Not Active
2026/10/07 10:31:28.785,255.23,450.00,2655,10251,64,89,85,17358,P2,Not Active,Not Active,Not Active,Not Active
2026/10/07 10:31:29.290,255.10,450.00,2655,10251,64,90,85,17358,P2,Not Active,Not Active,Not Active,Not Active
2026/10/07 10:31:29.793,283.59,450.00,2655,10251,64,91,62,17358,P2,Not Active,Not Active,Not Active,Not Active
2026/10/07 10:31:30.337,283.30,450.00,2655,10251,65,90,86,17358,P2,Not Active,Not Active,Not Active,Not Active
2026/10/07 10:31:30.841,267.22,450.00,2655,10251,64,91,86,17358,P2,Not Active,Not Active,Not Active,Not Active
2026/10/07 10:31:31.344,254.84,450.00,2655,10251,64,90,85,17358,P2,Not Active,Not Active,Not Active,Not Active
2026/10/07 10:31:31.850,254.56,450.00,2655,10251,64,89,85,17358,P2,Not Active,Not Active,Not Active,Not Active
2026/10/07 10:31:32.353,254.77,450.00,2655,10251,64,90,85,17358,P2,Not Active,Not Active,Not Active,Not Active
2026/10/07 10:31:32.857,302.61,450.00,2655,10251,64,85,68,17358,P2,Not Active,Not Active,Not Active,Not Active
2026/10/07 10:31:33.361,303.18,450.00,2655,10251,65,90,86,17358,P2,Not Active,Not Active,Not Active,Not Active
2026/10/07 10:31:33.865,255.23,450.00,2655,10251,64,90,86,17358,P2,Not Active,Not Active,Not Active,Not Active
2026/10/07 10:31:34.370,256.57,450.00,2655,10251,64,90,86,17358,P2,Not Active,Not Active,Not Active,Not Active
2026/10/07 10:31:34.874,257.21,450.00,2655,10251,64,90,86,17358,P2,Not Active,Not Active,Not Active,Not Active
2026/10/07 10:31:35.377,257.03,450.00,2655,10251,64,89,85,17358,P2,Not Active,Not Active,Not Active,Not Active
2026/10/07 10:31:35.883,284.58,450.00,2655,10251,64,90,86,17358,P2,Not Active,Not Active,Not Active,Not Active
2026/10/07 10:31:36.388,283.74,450.00,2655,10251,65,90,86,17358,P2,Not Active,Not Active,Not Active,Not Active
2026/10/07 10:31:36.891,255.61,450.00,2655,10251,64,91,86,17358,P2,Not Active,Not Active,Not Active,Not Active
2026/10/07 10:31:37.394,254.97,450.00,2655,10251,64,91,86,17358,P2,Not Active,Not Active,Not Active,Not Active
2026/10/07 10:31:37.898,254.95,450.00,2655,10251,64,90,86,17358,P2,Not Active,Not Active,Not Active,Not Active
2026/10/07 10:31:38.401,254.38,450.00,2655,10251,71,91,86,17358,P2,Active,Not Active,Not Active,Not Active
2026/10/07 10:31:38.941,300.26,450.00,2655,10251,65,80,76,17358,P2,Not Active,Not Active,Not Active,Not Active
2026/10/07 10:31:39.446,299.90,450.00,2655,10251,65,90,86,17357,P2,Not Active,Not Active,Not Active,Not Active
2026/10/07 10:31:39.950,252.63,450.00,2655,10251,64,90,86,17357,P2,Not Active,Not Active,Not Active,Not Active
2026/10/07 10:31:40.453,252.35,450.00,2655,10251,64,89,85,17357,P2,Not Active,Not Active,Not Active,Not Active
2026/10/07 10:31:40.957,253.02,450.00,2655,10251,64,89,85,17357,P2,Not Active,Not Active,Not Active,Not Active
2026/10/07 10:31:41.460,260.20,450.00,2655,10251,64,89,74,17357,P2,Active,Not Active,Not Active,Not Active
2026/10/07 10:31:41.966,279.34,450.00,2655,10251,65,90,85,17357,P2,Not Active,Not Active,Not Active,Not Active
2026/10/07 10:31:42.470,280.39,450.00,2655,10251,64,91,86,17357,P2,Not Active,Not Active,Not Active,Not Active
2026/10/07 10:31:42.973,254.71,450.00,2655,10251,64,89,85,17357,P2,Not Active,Not Active,Not Active,Not Active
2026/10/07 10:31:43.477,254.92,450.00,2655,10251,64,90,85,17357,P2,Not Active,Not Active,Not Active,Not Active
2026/10/07 10:31:43.980,255.05,450.00,2655,10251,64,91,86,17357,P2,Not Active,Not Active,Not Active,Not Active
2026/10/07 10:31:44.486,284.51,450.00,2655,10251,75,96,50,17357,P2,Active,Not Active,Not Active,Not Active
2026/10/07 10:31:45.051,302.21,450.00,2655,10251,65,90,86,17357,P2,Not Active,Not Active,Not Active,Not Active
2026/10/07 10:31:45.555,272.09,450.00,2655,10251,64,90,85,17357,P2,Not Active,Not Active,Not Active,Not Active
2026/10/07 10:31:46.058,253.11,450.00,2655,10251,64,90,85,17357,P2,Not Active,Not Active,Not Active,Not Active
2026/10/07 10:31:46.563,253.41,450.00,2655,10251,64,89,85,17357,P2,Not Active,Not Active,Not Active,Not Active
2026/10/07 10:31:47.067,253.70,450.00,2655,10251,64,89,85,17357,P2,Not Active,Not Active,Not Active,Not Active
2026/10/07 10:31:47.570,281.65,450.00,2535,10251,71,92,62,17357,P2,Not Active,Not Active,Not Active,Not Active
2026/10/07 10:31:48.120,279.08,450.00,2655,10251,65,91,86,17357,P2,Not Active,Not Active,Not Active,Not Active
2026/10/07 10:31:48.627,260.67,450.00,2655,10251,64,90,86,17357,P2,Not Active,Not Active,Not Active,Not Active
2026/10/07 10:31:49.130,252.92,450.00,2655,10251,64,91,86,17357,P2,Not Active,Not Active,Not Active,Not Active
2026/10/07 10:31:49.634,252.54,450.00,2655,10251,64,90,85,17357,P2,Not Active,Not Active,Not Active,Not Active
2026/10/07 10:31:50.142,252.52,450.00,2655,10251,64,90,86,17357,P2,Not Active,Not Active,Not Active,Not Active
2026/10/07 10:31:50.646,302.25,450.00,2520,10251,75,92,71,17357,P2,Not Active,Not Active,Not Active,Not Active
2026/10/07 10:31:51.152,304.34,450.00,2655,10251,65,90,86,17357,P2,Not Active,Not Active,Not Active,Not Active
2026/10/07 10:31:51.655,256.40,450.00,2655,10251,65,90,86,17357,P2,Not Active,Not Active,Not Active,Not Active
2026/10/07 10:31:52.159,256.52,450.00,2655,10251,65,90,86,17357,P2,Not Active,Not Active,Not Active,Not Active
2026/10/07 10:31:52.664,255.95,450.00,2655,10251,64,89,85,17357,P2,Not Active,Not Active,Not Active,Not Active
2026/10/07 10:31:53.168,256.07,450.00,2655,10251,64,90,86,17357,P2,Not Active,Not Active,Not Active,Not Active
2026/10/07 10:31:53.673,286.29,450.00,2655,10251,75,91,86,17357,P2,Not Active,Not Active,Not Active,Not Active
2026/10/07 10:31:54.178,285.90,450.00,2655,10251,65,90,86,17357,P2,Not Active,Not Active,Not Active,Not Active
2026/10/07 10:31:54.683,255.79,450.00,2655,10251,64,90,86,17357,P2,Not Active,Not Active,Not Active,Not Active
2026/10/07 10:31:55.187,255.11,450.00,2655,10251,64,91,86,17357,P2,Not Active,Not Active,Not Active,Not Active
2026/10/07 10:31:55.690,255.24,450.00,2655,10251,64,91,86,17357,P2,Not Active,Not Active,Not Active,Not Active
2026/10/07 10:31:56.194,255.26,450.00,2655,10251,64,91,86,17357,P2,Active,Not Active,Not Active,Not Active
2026/10/07 10:31:56.716,301.71,450.00,2520,10251,76,83,79,17357,P2,Not Active,Not Active,Not Active,Not Active
2026/10/07 10:31:57.222,302.75,450.00,2655,10251,65,90,86,17357,P2,Not Active,Not Active,Not Active,Not Active
2026/10/07 10:31:57.725,257.15,450.00,2655,10251,65,90,86,17357,P2,Not Active,Not Active,Not Active,Not Active
2026/10/07 10:31:58.229,256.12,450.00,2655,10251,64,90,86,17357,P2,Not Active,Not Active,Not Active,Not Active
2026/10/07 10:31:58.732,256.52,450.00,2655,10251,64,90,86,17357,P2,Not Active,Not Active,Not Active,Not Active
2026/10/07 10:31:59.236,269.08,450.00,2655,10251,64,90,70,17357,P2,Active,Not Active,Not Active,Not Active
2026/10/07 10:31:59.743,285.30,450.00,2655,10251,67,90,86,17357,P2,Not Active,Not Active,Not Active,Not Active
2026/10/07 10:32:00.247,284.06,450.00,2655,10251,65,90,85,17357,P2,Not Active,Not Active,Not Active,Not Active
2026/10/07 10:32:00.751,255.37,450.00,2655,10251,64,90,86,17357,P2,Not Active,Not Active,Not Active,Not Active
2026/10/07 10:32:01.254,255.62,450.00,2655,10251,64,90,86,17357,P2,Not Active,Not Active,Not Active,Not Active
2026/10/07 10:32:01.760,254.49,450.00,2655,10251,64,90,86,17357,P2,Not Active,Not Active,Not Active,Not Active
2026/10/07 10:32:02.265,287.66,450.00,2655,10251,64,97,42,17357,P2,Active,Not Active,Not Active,Not Active
2026/10/07 10:32:02.769,302.49,450.00,2655,10251,67,89,85,17357,P2,Not Active,Not Active,Not Active,Not Active
2026/10/07 10:32:03.273,290.25,450.00,2655,10251,65,90,85,17357,P2,Not Active,Not Active,Not Active,Not Active
2026/10/07 10:32:03.777,256.94,450.00,2655,10251,65,90,86,17357,P2,Not Active,Not Active,Not Active,Not Active
2026/10/07 10:32:04.282,256.80,450.00,2655,10251,65,90,86,17357,P2,Not Active,Not Active,Not Active,Not Active
2026/10/07 10:32:04.785,253.30,450.00,2655,10251,64,84,80,17357,P2,Not Active,Not Active,Not Active,Not Active
2026/10/07 10:32:05.289,276.96,450.00,2655,10251,64,92,54,17357,P2,Not Active,Not Active,Not Active,Not Active
2026/10/07 10:32:05.793,280.26,450.00,2655,10251,66,87,83,17357,P2,Not Active,Not Active,Not Active,Not Active
2026/10/07 10:32:06.298,273.02,450.00,2655,10251,64,85,81,17357,P2,Not Active,Not Active,Not Active,Not Active
2026/10/07 10:32:06.802,239.75,450.00,2655,10251,64,76,71,17357,P2,Not Active,Not Active,Not Active,Not Active
2026/10/07 10:32:07.305,240.99,450.00,2655,10251,64,86,82,17357,P2,Not Active,Not Active,Not Active,Not Active
2026/10/07 10:32:07.809,242.38,450.00,2655,10251,64,81,77,17357,P2,Not Active,Not Active,Not Active,Not Active
2026/10/07 10:32:08.312,251.78,450.00,2655,10251,64,89,76,17357,P2,Active,Not Active,Not Active,Not Active
2026/10/07 10:32:08.849,302.51,450.00,2520,10251,75,90,85,17357,P2,Not Active,Not Active,Not Active,Not Active
2026/10/07 10:32:09.354,298.14,450.00,2655,10251,65,89,84,17357,P2,Not Active,Not Active,Not Active,Not Active
2026/10/07 10:32:09.859,254.94,450.00,2655,10251,65,90,86,17357,P2,Not Active,Not Active,Not Active,Not Active
2026/10/07 10:32:10.363,255.67,450.00,2655,10251,65,90,86,17357,P2,Not Active,Not Active,Not Active,Not Active
2026/10/07 10:32:10.868,256.26,450.00,2655,10251,65,90,85,17357,P2,Not Active,Not Active,Not Active,Not Active
2026/10/07 10:32:11.371,276.85,450.00,2655,10251,65,89,82,17357,P2,Not Active,Not Active,Not Active,Not Active
2026/10/07 10:32:11.923,282.07,450.00,2655,10251,65,91,86,17357,P2,Not Active,Not Active,Not Active,Not Active
2026/10/07 10:32:12.426,281.35,450.00,2655,10251,65,91,86,17357,P2,Not Active,Not Active,Not Active,Not Active
2026/10/07 10:32:12.930,255.48,450.00,2655,10251,64,90,86,17357,P2,Not Active,Not Active,Not Active,Not Active
2026/10/07 10:32:13.435,254.60,450.00,2655,10251,64,90,85,17357,P2,Not Active,Not Active,Not Active,Not Active
2026/10/07 10:32:13.939,254.92,450.00,2655,10251,64,91,86,17357,P2,Not Active,Not Active,Not Active,Not Active
2026/10/07 10:32:14.442,304.26,450.00,2655,10251,71,91,48,17357,P2,Not Active,Not Active,Not Active,Not Active
2026/10/07 10:32:14.983,303.84,450.00,2655,10251,65,90,86,17357,P2,Not Active,Not Active,Not Active,Not Active
2026/10/07 10:32:15.486,259.64,450.00,2655,10251,65,89,85,17357,P2,Not Active,Not Active,Not Active,Not Active
2026/10/07 10:32:15.990,255.43,450.00,2655,10251,64,87,83,17357,P2,Not Active,Not Active,Not Active,Not Active
2026/10/07 10:32:16.495,255.43,450.00,2655,10251,65,89,85,17357,P2,Not Active,Not Active,Not Active,Not Active
2026/10/07 10:32:16.999,256.63,450.00,2655,10251,64,90,86,17357,P2,Not Active,Not Active,Not Active,Not Active
2026/10/07 10:32:17.503,287.67,450.00,2655,10251,66,93,69,17357,P2,Not Active,Not Active,Not Active,Not Active
2026/10/07 10:32:18.006,283.41,450.00,2655,10251,64,87,83,17357,P2,Not Active,Not Active,Not Active,Not Active
2026/10/07 10:32:18.510,254.24,450.00,2655,10251,64,89,85,17357,P2,Not Active,Not Active,Not Active,Not Active
2026/10/07 10:32:19.015,254.14,450.00,2655,10251,64,90,85,17357,P2,Not Active,Not Active,Not Active,Not Active
2026/10/07 10:32:19.519,254.94,450.00,2655,10251,64,90,86,17357,P2,Not Active,Not Active,Not Active,Not Active
2026/10/07 10:32:20.022,255.10,450.00,2655,10251,64,90,86,17357,P2,Not Active,Not Active,Not Active,Not Active
2026/10/07 10:32:20.525,302.48,450.00,2655,10251,67,92,69,17357,P2,Not Active,Not Active,Not Active,Not Active
2026/10/07 10:32:21.029,303.12,450.00,2655,10251,65,89,85,17357,P2,Not Active,Not Active,Not Active,Not Active
2026/10/07 10:32:21.536,256.33,450.00,2655,10251,65,89,85,17357,P2,Not Active,Not Active,Not Active,Not Active
2026/10/07 10:32:22.040,253.82,450.00,2655,10251,64,85,81,17357,P2,Not Active,Not Active,Not Active,Not Active
2026/10/07 10:32:22.543,254.18,450.00,2655,10251,65,89,85,17357,P2,Not Active,Not Active,Not Active,Not Active
2026/10/07 10:32:23.046,256.33,450.00,2655,10251,64,90,86,17357,P2,Not Active,Not Active,Not Active,Not Active
2026/10/07 10:32:23.550,283.95,450.00,2655,10251,65,89,84,17357,P2,Not Active,Not Active,Not Active,Not Active
2026/10/07 10:32:24.055,283.20,450.00,2655,10251,65,89,84,17357,P2,Not Active,Not Active,Not Active,Not Active
2026/10/07 10:32:24.558,254.60,450.00,2655,10251,65,90,85,17357,P2,Not Active,Not Active,Not Active,Not Active
2026/10/07 10:32:25.062,254.41,450.00,2655,10251,65,89,85,17357,P2,Not Active,Not Active,Not Active,Not Active
2026/10/07 10:32:25.565,254.35,450.00,2655,10251,65,91,86,17357,P2,Not Active,Not Active,Not Active,Not Active
2026/10/07 10:32:26.069,262.34,450.00,2655,10251,65,89,72,17357,P2,Active,Not Active,Not Active,Not Active
2026/10/07 10:32:26.607,301.16,450.00,2655,10251,66,89,84,17357,P2,Not Active,Not Active,Not Active,Not Active
2026/10/07 10:32:27.116,301.86,450.00,2655,10251,65,90,86,17357,P2,Not Active,Not Active,Not Active,Not Active
2026/10/07 10:32:27.619,254.13,450.00,2655,10251,65,89,85,17357,P2,Not Active,Not Active,Not Active,Not Active
2026/10/07 10:32:28.123,253.37,450.00,2655,10251,65,89,85,17357,P2,Not Active,Not Active,Not Active,Not Active
2026/10/07 10:32:28.626,253.52,450.00,2655,10251,64,90,85,17357,P2,Not Active,Not Active,Not Active,Not Active
2026/10/07 10:32:29.134,278.77,450.00,2655,10251,64,89,77,17357,P2,Active,Not Active,Not Active,Not Active
2026/10/07 10:32:29.638,282.90,450.00,2655,10251,65,90,86,17357,P2,Not Active,Not Active,Not Active,Not Active
2026/10/07 10:32:30.141,277.48,450.00,2655,10251,65,88,83,17357,P2,Not Active,Not Active,Not Active,Not Active
2026/10/07 10:32:30.644,253.57,450.00,2655,10251,65,91,86,17357,P2,Not Active,Not Active,Not Active,Not Active
2026/10/07 10:32:31.147,255.04,450.00,2655,10251,65,90,85,17357,P2,Not Active,Not Active,Not Active,Not Active
2026/10/07 10:32:31.652,255.69,450.00,2655,10251,65,90,85,17357,P2,Not Active,Not Active,Not Active,Not Active
2026/10/07 10:32:32.155,309.56,450.00,2655,10251,64,96,49,17357,P2,Not Active,Not Active,Not Active,Not Active
2026/10/07 10:32:32.685,304.58,450.00,2655,10251,66,90,86,17357,P2,Not Active,Not Active,Not Active,Not Active
2026/10/07 10:32:33.190,276.02,450.00,2655,10251,65,89,85,17357,P2,Not Active,Not Active,Not Active,Not Active
2026/10/07 10:32:33.693,256.70,450.00,2655,10251,65,90,86,17357,P2,Not Active,Not Active,Not Active,Not Active
2026/10/07 10:32:34.196,256.56,450.00,2655,10251,65,90,86,17357,P2,Not Active,Not Active,Not Active,Not Active
2026/10/07 10:32:34.699,256.24,450.00,2655,10251,65,89,85,17357,P2,Not Active,Not Active,Not Active,Not Active
2026/10/07 10:32:35.202,283.95,450.00,2655,10251,65,94,54,17357,P2,Not Active,Not Active,Not Active,Not Active
2026/10/07 10:32:35.707,283.88,450.00,2655,10251,65,91,86,17357,P2,Not Active,Not Active,Not Active,Not Active
2026/10/07 10:32:36.211,259.75,450.00,2655,10251,65,88,84,17357,P2,Not Active,Not Active,Not Active,Not Active
2026/10/07 10:32:36.714,254.25,450.00,2655,10251,65,90,85,17357,P2,Not Active,Not Active,Not Active,Not Active
2026/10/07 10:32:37.218,254.79,450.00,2655,10251,65,90,86,17357,P2,Not Active,Not Active,Not Active,Not Active
2026/10/07 10:32:37.721,255.38,450.00,2655,10251,64,90,86,17357,P2,Not Active,Not Active,Not Active,Not Active
2026/10/07 10:32:38.225,304.79,450.00,2655,10251,75,89,82,17357,P2,Not Active,Not Active,Not Active,Not Active
2026/10/07 10:32:38.736,305.73,450.00,2655,10251,65,90,86,17357,P2,Not Active,Not Active,Not Active,Not Active
2026/10/07 10:32:39.240,256.76,450.00,2655,10251,65,90,86,17357,P2,Not Active,Not Active,Not Active,Not Active
2026/10/07 10:32:39.743,256.97,450.00,2655,10251,65,90,86,17357,P2,Not Active,Not Active,Not Active,Not Active
2026/10/07 10:32:40.248,255.86,450.00,2655,10251,65,89,85,17357,P2,Not Active,Not Active,Not Active,Not Active
2026/10/07 10:32:40.751,255.66,450.00,2655,10251,65,90,86,17357,P2,Not Active,Not Active,Not Active,Not Active
2026/10/07 10:32:41.254,284.48,450.00,2520,10251,72,91,86,17357,P2,Not Active,Not Active,Not Active,Not Active
2026/10/07 10:32:41.758,283.79,450.00,2655,10251,65,91,86,17357,P2,Not Active,Not Active,Not Active,Not Active
2026/10/07 10:32:42.261,255.42,450.00,2655,10251,65,91,86,17357,P2,Not Active,Not Active,Not Active,Not Active
2026/10/07 10:32:42.766,254.85,450.00,2655,10251,65,90,86,17357,P2,Not Active,Not Active,Not Active,Not Active
2026/10/07 10:32:43.269,254.96,450.00,2655,10251,65,90,85,17357,P2,Not Active,Not Active,Not Active,Not Active
2026/10/07 10:32:43.772,258.67,450.00,2655,10251,65,90,86,17357,P2,Active,Not Active,Not Active,Not Active
2026/10/07 10:32:44.301,302.78,450.00,2520,10251,75,90,86,17357,P2,Not Active,Not Active,Not Active,Not Active
2026/10/07 10:32:44.806,300.60,450.00,2655,10251,65,87,83,17357,P2,Not Active,Not Active,Not Active,Not Active
2026/10/07 10:32:45.309,237.67,450.00,2655,10251,64,70,67,17357,P2,Not Active,Not Active,Not Active,Not Active
2026/10/07 10:32:45.812,222.75,450.00,2655,10251,64,69,66,17357,P2,Not Active,Not Active,Not Active,Not Active
2026/10/07 10:32:46.316,225.79,450.00,2655,10251,64,70,67,17357,P2,Not Active,Not Active,Not Active,Not Active
2026/10/07 10:32:46.819,229.37,450.00,2655,10251,64,78,74,17357,P2,Not Active,Not Active,Not Active,Not Active
2026/10/07 10:32:47.323,244.90,450.00,2655,10251,64,72,68,17357,P2,Active,Not Active,Not Active,Not Active
2026/10/07 10:32:47.880,255.92,450.00,2520,10251,74,69,66,17357,P2,Not Active,Not Active,Not Active,Not Active
2026/10/07 10:32:48.387,256.13,450.00,2655,10251,64,73,70,17357,P2,Not Active,Not Active,Not Active,Not Active
2026/10/07 10:32:48.891,224.55,450.00,2655,10251,64,71,67,17357,P2,Not Active,Not Active,Not Active,Not Active
2026/10/07 10:32:49.395,229.63,450.00,2655,10251,64,76,72,17357,P2,Not Active,Not Active,Not Active,Not Active
2026/10/07 10:32:49.898,223.55,450.00,2655,10251,64,68,64,17357,P2,Not Active,Not Active,Not Active,Not Active
2026/10/07 10:32:50.402,218.15,450.00,2655,10251,64,69,65,17357,P2,Not Active,Not Active,Not Active,Not Active
2026/10/07 10:32:50.907,235.88,450.00,2520,10251,74,85,68,17357,P2,Active,Not Active,Not Active,Not Active
2026/10/07 10:32:51.410,288.03,450.00,2655,10251,65,84,80,17357,P2,Not Active,Not Active,Not Active,Not Active
2026/10/07 10:32:51.913,290.67,450.00,2655,10251,64,80,76,17357,P2,Not Active,Not Active,Not Active,Not Active
2026/10/07 10:32:52.416,236.16,450.00,2655,10251,64,80,76,17357,P2,Not Active,Not Active,Not Active,Not Active
2026/10/07 10:32:52.920,237.50,450.00,2655,10251,63,82,78,17357,P2,Not Active,Not Active,Not Active,Not Active
2026/10/07 10:32:53.426,234.17,450.00,2655,10251,64,74,71,17357,P2,Not Active,Not Active,Not Active,Not Active
2026/10/07 10:32:53.929,234.61,450.00,2655,10251,64,87,83,17357,P2,Not Active,Not Active,Not Active,Not Active
2026/10/07 10:32:54.432,267.85,450.00,2535,10251,75,91,46,17357,P2,Not Active,Not Active,Not Active,Not Active
2026/10/07 10:32:54.950,258.47,450.00,2655,10251,64,78,74,17357,P2,Not Active,Not Active,Not Active,Not Active
2026/10/07 10:32:55.454,241.58,450.00,2655,10251,64,85,80,17357,P2,Not Active,Not Active,Not Active,Not Active
2026/10/07 10:32:55.958,231.53,450.00,2655,10251,63,80,76,17357,P2,Not Active,Not Active,Not Active,Not Active
2026/10/07 10:32:56.463,231.58,450.00,2655,10251,63,80,76,17357,P2,Not Active,Not Active,Not Active,Not Active
2026/10/07 10:32:56.966,230.44,450.00,2655,10251,64,78,74,17357,P2,Not Active,Not Active,Not Active,Not Active
2026/10/07 10:32:57.469,228.66,450.00,2655,10251,63,78,74,17357,P2,Not Active,Not Active,Not Active,Not Active
2026/10/07 10:32:57.973,283.63,450.00,2520,10251,75,100,35,17357,P2,Not Active,Not Active,Not Active,Not Active
2026/10/07 10:32:58.531,281.45,450.00,2655,10251,64,70,67,17357,P2,Not Active,Not Active,Not Active,Not Active
2026/10/07 10:32:59.034,228.84,450.00,2655,10251,63,79,75,17357,P2,Not Active,Not Active,Not Active,Not Active
2026/10/07 10:32:59.538,233.68,450.00,2655,10251,64,88,84,17357,P2,Not Active,Not Active,Not Active,Not Active
2026/10/07 10:33:00.043,238.88,450.00,2655,10251,64,80,76,17357,P2,Not Active,Not Active,Not Active,Not Active
2026/10/07 10:33:00.547,234.38,450.00,2655,10251,64,78,74,17357,P2,Not Active,Not Active,Not Active,Not Active
2026/10/07 10:33:01.052,233.47,450.00,2655,10251,63,74,71,17357,P2,Not Active,Not Active,Not Active,Not Active
2026/10/07 10:33:01.556,268.39,450.00,2655,10251,64,82,73,17357,P2,Not Active,Not Active,Not Active,Not Active
2026/10/07 10:33:02.061,267.03,450.00,2655,10251,63,77,73,17357,P2,Not Active,Not Active,Not Active,Not Active
2026/10/07 10:33:02.565,234.41,450.00,2655,10251,64,79,74,17357,P2,Not Active,Not Active,Not Active,Not Active
2026/10/07 10:33:03.069,225.37,450.00,2655,10251,63,68,65,17357,P2,Not Active,Not Active,Not Active,Not Active
2026/10/07 10:33:03.572,220.10,450.00,2655,10251,63,75,71,17357,P2,Not Active,Not Active,Not Active,Not Active
2026/10/07 10:33:04.075,219.88,450.00,2655,10251,63,65,62,17357,P2,Not Active,Not Active,Not Active,Not Active
2026/10/07 10:33:04.581,226.05,450.00,2655,10251,63,76,72,17357,P2,Active,Not Active,Not Active,Not Active
2026/10/07 10:33:05.085,278.61,450.00,2535,10251,66,71,67,17357,P2,Not Active,Not Active,Not Active,Not Active
2026/10/07 10:33:05.588,282.01,450.00,2655,10251,64,78,74,17357,P2,Not Active,Not Active,Not Active,Not Active
2026/10/07 10:33:06.091,226.97,450.00,2655,10251,63,77,73,17357,P2,Not Active,Not Active,Not Active,Not Active
2026/10/07 10:33:06.594,226.51,450.00,2655,10251,63,75,72,17357,P2,Not Active,Not Active,Not Active,Not Active
2026/10/07 10:33:07.099,223.36,450.00,2655,10251,63,67,63,17357,P2,Not Active,Not Active,Not Active,Not Active
2026/10/07 10:33:07.602,225.88,450.00,2655,10251,63,75,72,17357,P2,Not Active,Not Active,Not Active,Not Active
2026/10/07 10:33:08.105,228.52,450.00,2655,10251,63,79,75,17357,P2,Not Active,Not Active,Not Active,Not Active
2026/10/07 10:33:08.608,264.77,450.00,2655,10251,66,88,54,17357,P2,Not Active,Not Active,Not Active,Not Active
2026/10/07 10:33:09.113,270.04,450.00,2655,10251,63,80,76,17357,P2,Not Active,Not Active,Not Active,Not Active
2026/10/07 10:33:09.619,241.19,450.00,2655,10251,64,79,75,17357,P2,Not Active,Not Active,Not Active,Not Active
2026/10/07 10:33:10.122,240.22,450.00,2655,10251,63,81,77,17357,P2,Not Active,Not Active,Not Active,Not Active
2026/10/07 10:33:10.626,237.81,450.00,2655,10251,63,85,80,17357,P2,Not Active,Not Active,Not Active,Not Active
2026/10/07 10:33:11.130,241.20,450.00,2655,10251,63,86,82,17357,P2,Not Active,Not Active,Not Active,Not Active
2026/10/07 10:33:11.634,294.44,450.00,2520,10251,69,95,43,17357,P2,Not Active,Not Active,Not Active,Not Active
2026/10/07 10:33:12.155,296.52,450.00,2655,10251,64,86,82,17357,P2,Not Active,Not Active,Not Active,Not Active
2026/10/07 10:33:12.660,256.01,450.00,2655,10251,64,71,68,17357,P2,Not Active,Not Active,Not Active,Not Active
2026/10/07 10:33:13.163,242.07,450.00,2655,10251,64,87,83,17357,P2,Not Active,Not Active,Not Active,Not Active
2026/10/07 10:33:13.667,240.13,450.00,2655,10251,63,71,68,17357,P2,Not Active,Not Active,Not Active,Not Active
2026/10/07 10:33:14.170,241.32,450.00,2655,10251,63,82,78,17357,P2,Not Active,Not Active,Not Active,Not Active
2026/10/07 10:33:14.675,238.09,450.00,2655,10251,63,78,74,17357,P2,Active,Not Active,Not Active,Not Active
2026/10/07 10:33:15.181,268.40,450.00,2655,10251,65,82,78,17357,P2,Not Active,Not Active,Not Active,Not Active
2026/10/07 10:33:15.684,276.72,450.00,2655,10251,64,90,86,17357,P2,Not Active,Not Active,Not Active,Not Active
2026/10/07 10:33:16.188,253.91,450.00,2655,10251,64,90,85,17357,P2,Not Active,Not Active,Not Active,Not Active
2026/10/07 10:33:16.691,253.65,450.00,2655,10251,63,90,85,17357,P2,Not Active,Not Active,Not Active,Not Active
2026/10/07 10:33:17.196,254.07,450.00,2655,10251,63,91,86,17357,P2,Not Active,Not Active,Not Active,Not Active
2026/10/07 10:33:17.700,265.30,450.00,2655,10251,63,91,70,17357,P2,Active,Not Active,Not Active,Not Active
2026/10/07 10:33:18.203,297.66,450.00,2655,10251,66,75,71,17357,P2,Not Active,Not Active,Not Active,Not Active
2026/10/07 10:33:18.707,297.86,450.00,2655,10251,64,90,86,17357,P2,Not Active,Not Active,Not Active,Not Active
2026/10/07 10:33:19.210,255.30,450.00,2655,10251,64,89,85,17357,P2,Not Active,Not Active,Not Active,Not Active
2026/10/07 10:33:19.718,255.92,450.00,2655,10251,64,90,86,17357,P2,Not Active,Not Active,Not Active,Not Active
2026/10/07 10:33:20.222,256.09,450.00,2655,10251,64,89,85,17357,P2,Not Active,Not Active,Not Active,Not Active
2026/10/07 10:33:20.725,277.35,450.00,2655,10251,64,88,83,17357,P2,Active,Not Active,Not Active,Not Active
2026/10/07 10:33:21.249,283.45,450.00,2655,10251,65,89,85,17357,P2,Not Active,Not Active,Not Active,Not Active
2026/10/07 10:33:21.754,284.18,450.00,2655,10251,64,90,86,17357,P2,Not Active,Not Active,Not Active,Not Active
2026/10/07 10:33:22.258,254.64,450.00,2655,10251,64,91,86,17357,P2,Not Active,Not Active,Not Active,Not Active
2026/10/07 10:33:22.761,254.68,450.00,2655,10251,64,91,86,17357,P2,Not Active,Not Active,Not Active,Not Active
2026/10/07 10:33:23.265,254.50,450.00,2655,10251,64,91,86,17357,P2,Not Active,Not Active,Not Active,Not Active
2026/10/07 10:33:23.768,301.75,450.00,2655,10251,64,95,53,17357,P2,Not Active,Not Active,Not Active,Not Active
2026/10/07 10:33:24.273,304.80,450.00,2655,10251,65,90,86,17357,P2,Not Active,Not Active,Not Active,Not Active
2026/10/07 10:33:24.776,278.37,450.00,2655,10251,64,90,86,17357,P2,Not Active,Not Active,Not Active,Not Active
2026/10/07 10:33:25.280,255.68,450.00,2655,10251,64,90,85,17357,P2,Not Active,Not Active,Not Active,Not Active
2026/10/07 10:33:25.783,255.48,450.00,2655,10251,64,89,85,17357,P2,Not Active,Not Active,Not Active,Not Active
2026/10/07 10:33:26.286,255.49,450.00,2655,10251,64,90,86,17357,P2,Not Active,Not Active,Not Active,Not Active
2026/10/07 10:33:26.790,283.33,450.00,2655,10251,64,92,61,17357,P2,Not Active,Not Active,Not Active,Not Active
2026/10/07 10:33:27.297,282.87,450.00,2655,10251,64,91,86,17357,P2,Not Active,Not Active,Not Active,Not Active
2026/10/07 10:33:27.800,262.89,450.00,2655,10251,64,90,85,17357,P2,Not Active,Not Active,Not Active,Not Active
2026/10/07 10:33:28.304,254.51,450.00,2655,10251,64,90,86,17357,P2,Not Active,Not Active,Not Active,Not Active
2026/10/07 10:33:28.807,254.32,450.00,2655,10251,64,90,86,17357,P2,Not Active,Not Active,Not Active,Not Active
2026/10/07 10:33:29.315,254.38,450.00,2655,10251,64,91,86,17357,P2,Not Active,Not Active,Not Active,Not Active
2026/10/07 10:33:29.818,300.67,450.00,2655,10251,64,81,69,17357,P2,Not Active,Not Active,Not Active,Not Active
2026/10/07 10:33:30.321,299.67,450.00,2655,10251,64,89,85,17357,P2,Not Active,Not Active,Not Active,Not Active
2026/10/07 10:33:30.824,250.43,450.00,2655,10251,64,90,86,17357,P2,Not Active,Not Active,Not Active,Not Active
2026/10/07 10:33:31.328,252.39,450.00,2655,10251,64,89,85,17357,P2,Not Active,Not Active,Not Active,Not Active
2026/10/07 10:33:31.833,252.29,450.00,2655,10251,63,90,86,17357,P2,Not Active,Not Active,Not Active,Not Active
2026/10/07 10:33:32.337,252.74,450.00,2655,10251,64,89,85,17357,P2,Not Active,Not Active,Not Active,Not Active
2026/10/07 10:33:32.840,281.76,450.00,2655,10251,64,90,85,17357,P2,Not Active,Not Active,Not Active,Not Active
2026/10/07 10:33:33.343,282.90,450.00,2655,10251,64,91,86,17357,P2,Not Active,Not Active,Not Active,Not Active
2026/10/07 10:33:33.848,255.39,450.00,2655,10251,64,91,86,17357,P2,Not Active,Not Active,Not Active,Not Active
2026/10/07 10:33:34.353,255.23,450.00,2655,10251,64,91,86,17357,P2,Not Active,Not Active,Not Active,Not Active
2026/10/07 10:33:34.857,254.85,450.00,2655,10251,64,90,86,17357,P2,Not Active,Not Active,Not Active,Not Active
2026/10/07 10:33:35.360,254.30,450.00,2655,10251,64,90,85,17357,P2,Active,Not Active,Not Active,Not Active
2026/10/07 10:33:35.883,301.45,450.00,2655,10251,71,87,83,17357,P2,Not Active,Not Active,Not Active,Not Active
2026/10/07 10:33:36.388,301.37,450.00,2655,10251,64,90,86,17357,P2,Not Active,Not Active,Not Active,Not Active
2026/10/07 10:33:36.892,254.04,450.00,2655,10251,64,89,85,17357,P2,Not Active,Not Active,Not Active,Not Active
2026/10/07 10:33:37.395,254.01,450.00,2655,10251,64,90,86,17357,P2,Not Active,Not Active,Not Active,Not Active
2026/10/07 10:33:37.900,254.07,450.00,2655,10251,64,90,86,17357,P2,Not Active,Not Active,Not Active,Not Active
2026/10/07 10:33:38.404,265.61,450.00,2655,10251,63,90,70,17357,P2,Active,Not Active,Not Active,Not Active
2026/10/07 10:33:38.964,282.98,450.00,2655,10251,64,90,85,17357,P2,Not Active,Not Active,Not Active,Not Active
2026/10/07 10:33:39.472,283.46,450.00,2655,10251,64,90,86,17357,P2,Not Active,Not Active,Not Active,Not Active
2026/10/07 10:33:39.976,255.11,450.00,2655,10251,64,90,86,17357,P2,Not Active,Not Active,Not Active,Not Active
2026/10/07 10:33:40.480,254.91,450.00,2655,10251,64,90,86,17357,P2,Not Active,Not Active,Not Active,Not Active
2026/10/07 10:33:40.984,253.33,450.00,2655,10251,64,90,86,17357,P2,Not Active,Not Active,Not Active,Not Active
2026/10/07 10:33:41.489,288.86,450.00,2520,10251,74,97,40,17357,P2,Not Active,Not Active,Not Active,Not Active
2026/10/07 10:33:42.044,303.47,450.00,2655,10251,64,90,86,17357,P2,Not Active,Not Active,Not Active,Not Active
2026/10/07 10:33:42.551,267.96,450.00,2655,10251,64,90,86,17357,P2,Not Active,Not Active,Not Active,Not Active
2026/10/07 10:33:43.054,254.93,450.00,2655,10251,64,90,86,17357,P2,Not Active,Not Active,Not Active,Not Active
2026/10/07 10:33:43.557,255.12,450.00,2655,10251,64,90,86,17357,P2,Not Active,Not Active,Not Active,Not Active
2026/10/07 10:33:44.061,256.20,450.00,2655,10251,64,90,86,17357,P2,Not Active,Not Active,Not Active,Not Active
2026/10/07 10:33:44.566,282.63,450.00,2535,10251,74,95,49,17357,P2,Not Active,Not Active,Not Active,Not Active
2026/10/07 10:33:45.071,277.39,450.00,2655,10251,64,81,77,17357,P2,Not Active,Not Active,Not Active,Not Active
2026/10/07 10:33:45.574,238.14,450.00,2655,10251,63,84,80,17357,P2,Not Active,Not Active,Not Active,Not Active
2026/10/07 10:33:46.078,233.39,450.00,2655,10251,63,79,75,17357,P2,Not Active,Not Active,Not Active,Not Active
2026/10/07 10:33:46.581,229.76,450.00,2655,10251,63,75,71,17357,P2,Not Active,Not Active,Not Active,Not Active
2026/10/07 10:33:47.085,226.29,450.00,2655,10251,63,77,73,17357,P2,Not Active,Not Active,Not Active,Not Active
2026/10/07 10:33:47.589,227.14,450.00,2655,10251,63,76,72,17357,P2,Not Active,Not Active,Not Active,Not Active
2026/10/07 10:33:48.092,285.00,450.00,2655,10251,70,84,72,17357,P2,Not Active,Not Active,Not Active,Not Active
2026/10/07 10:33:48.595,284.65,450.00,2655,10251,63,77,73,17357,P2,Not Active,Not Active,Not Active,Not Active
2026/10/07 10:33:49.099,229.52,450.00,2655,10251,63,82,78,17357,P2,Not Active,Not Active,Not Active,Not Active
2026/10/07 10:33:49.602,229.51,450.00,2655,10251,63,70,66,17357,P2,Not Active,Not Active,Not Active,Not Active
2026/10/07 10:33:50.108,229.29,450.00,2655,10251,63,78,74,17357,P2,Not Active,Not Active,Not Active,Not Active
2026/10/07 10:33:50.611,225.99,450.00,2655,10251,63,64,61,17357,P2,Not Active,Not Active,Not Active,Not Active
2026/10/07 10:33:51.115,235.46,450.00,2655,10251,63,77,73,17357,P2,Active,Not Active,Not Active,Not Active
2026/10/07 10:33:51.618,266.57,450.00,2655,10251,64,87,82,17357,P2,Not Active,Not Active,Not Active,Not Active
2026/10/07 10:33:52.122,268.15,450.00,2655,10251,63,79,75,17357,P2,Not Active,Not Active,Not Active,Not Active
2026/10/07 10:33:52.627,235.83,450.00,2655,10251,63,81,77,17357,P2,Not Active,Not Active,Not Active,Not Active
2026/10/07 10:33:53.131,241.00,450.00,2655,10251,63,86,81,17357,P2,Not Active,Not Active,Not Active,Not Active
2026/10/07 10:33:53.634,238.96,450.00,2655,10251,63,78,74,17357,P2,Not Active,Not Active,Not Active,Not Active
2026/10/07 10:33:54.139,226.00,450.00,2655,10251,62,68,64,17357,P2,Not Active,Not Active,Not Active,Not Active
2026/10/07 10:33:54.644,283.45,450.00,2655,10251,63,97,37,17357,P2,Not Active,Not Active,Not Active,Not Active
2026/10/07 10:33:55.191,293.11,450.00,2655,10251,64,85,81,17357,P2,Not Active,Not Active,Not Active,Not Active
2026/10/07 10:33:55.695,263.07,450.00,2655,10251,63,83,79,17357,P2,Not Active,Not Active,Not Active,Not Active
2026/10/07 10:33:56.199,244.53,450.00,2655,10251,63,83,79,17357,P2,Not Active,Not Active,Not Active,Not Active
2026/10/07 10:33:56.706,242.31,450.00,2655,10251,63,81,77,17357,P2,Not Active,Not Active,Not Active,Not Active
2026/10/07 10:33:57.210,236.50,450.00,2655,10251,63,78,75,17357,P2,Not Active,Not Active,Not Active,Not Active
2026/10/07 10:33:57.713,242.58,450.00,2655,10251,63,76,72,17357,P2,Active,Not Active,Not Active,Not Active
2026/10/07 10:33:58.217,262.85,450.00,2655,10251,67,73,69,17357,P2,Not Active,Not Active,Not Active,Not Active
2026/10/07 10:33:58.721,266.99,450.00,2655,10251,63,81,77,17357,P2,Not Active,Not Active,Not Active,Not Active
2026/10/07 10:33:59.225,238.66,450.00,2655,10251,63,77,73,17357,P2,Not Active,Not Active,Not Active,Not Active
2026/10/07 10:33:59.729,229.26,450.00,2655,10251,62,66,62,17357,P2,Not Active,Not Active,Not Active,Not Active
2026/10/07 10:34:00.232,229.74,450.00,2655,10251,63,85,81,17357,P2,Not Active,Not Active,Not Active,Not Active
2026/10/07 10:34:00.736,236.35,450.00,2655,10251,63,72,68,17357,P2,Not Active,Not Active,Not Active,Not Active
2026/10/07 10:34:01.242,287.57,450.00,2655,10251,63,100,35,17357,P2,Not Active,Not Active,Not Active,Not Active
2026/10/07 10:34:01.746,286.34,450.00,2655,10251,64,83,79,17357,P2,Not Active,Not Active,Not Active,Not Active
2026/10/07 10:34:02.249,253.24,450.00,2655,10251,63,70,67,17357,P2,Not Active,Not Active,Not Active,Not Active
2026/10/07 10:34:02.753,232.58,450.00,2655,10251,63,84,80,17357,P2,Not Active,Not Active,Not Active,Not Active
2026/10/07 10:34:03.258,230.61,450.00,2655,10251,62,74,71,17357,P2,Not Active,Not Active,Not Active,Not Active
2026/10/07 10:34:03.764,226.56,450.00,2655,10251,63,75,71,17357,P2,Not Active,Not Active,Not Active,Not Active
2026/10/07 10:34:04.267,228.52,450.00,2655,10251,63,73,70,17357,P2,Not Active,Not Active,Not Active,Not Active
2026/10/07 10:34:04.771,262.14,450.00,2655,10251,63,86,55,17357,P2,Not Active,Not Active,Not Active,Not Active
2026/10/07 10:34:05.283,260.31,450.00,2655,10251,63,67,63,17357,P2,Not Active,Not Active,Not Active,Not Active
2026/10/07 10:34:05.786,247.08,450.00,2655,10251,63,85,81,17357,P2,Not Active,Not Active,Not Active,Not Active
2026/10/07 10:34:06.291,243.52,450.00,2655,10251,63,89,85,17357,P2,Not Active,Not Active,Not Active,Not Active
2026/10/07 10:34:06.795,245.59,450.00,2655,10251,63,81,77,17357,P2,Not Active,Not Active,Not Active,Not Active
2026/10/07 10:34:07.303,245.31,450.00,2655,10251,63,86,82,17357,P2,Not Active,Not Active,Not Active,Not Active
2026/10/07 10:34:07.807,280.74,450.00,2655,10251,63,95,39,17357,P2,Active,Not Active,Not Active,Not Active
2026/10/07 10:34:08.311,293.01,450.00,2655,10251,74,79,75,17357,P2,Not Active,Not Active,Not Active,Not Active
2026/10/07 10:34:08.815,271.77,450.00,2655,10251,63,81,77,17357,P2,Not Active,Not Active,Not Active,Not Active
2026/10/07 10:34:09.320,237.60,450.00,2655,10251,63,85,81,17357,P2,Not Active,Not Active,Not Active,Not Active
2026/10/07 10:34:09.823,239.31,450.00,2655,10251,63,82,78,17357,P2,Not Active,Not Active,Not Active,Not Active
2026/10/07 10:34:10.327,237.11,450.00,2655,10251,63,80,76,17357,P2,Not Active,Not Active,Not Active,Not Active
2026/10/07 10:34:10.830,241.09,450.00,2655,10251,63,84,80,17357,P2,Not Active,Not Active,Not Active,Not Active
2026/10/07 10:34:11.334,271.20,450.00,2655,10251,63,94,57,17357,P2,Not Active,Not Active,Not Active,Not Active
2026/10/07 10:34:11.839,275.05,450.00,2655,10251,63,87,82,17357,P2,Not Active,Not Active,Not Active,Not Active
2026/10/07 10:34:12.343,247.05,450.00,2655,10251,63,88,84,17357,P2,Not Active,Not Active,Not Active,Not Active
2026/10/07 10:34:12.847,246.87,450.00,2655,10251,63,83,79,17357,P2,Not Active,Not Active,Not Active,Not Active
2026/10/07 10:34:13.350,244.30,450.00,2655,10251,63,83,79,17357,P2,Not Active,Not Active,Not Active,Not Active
2026/10/07 10:34:13.854,239.62,450.00,2655,10251,63,83,78,17357,P2,Not Active,Not Active,Not Active,Not Active
2026/10/07 10:34:14.360,290.62,450.00,2655,10251,63,93,41,17357,P2,Not Active,Not Active,Not Active,Not Active
2026/10/07 10:34:14.864,295.22,450.00,2655,10251,66,80,76,17357,P2,Not Active,Not Active,Not Active,Not Active
2026/10/07 10:34:15.368,264.74,450.00,2655,10251,63,87,83,17357,P2,Not Active,Not Active,Not Active,Not Active
2026/10/07 10:34:15.872,250.12,450.00,2655,10251,63,90,86,17357,P2,Not Active,Not Active,Not Active,Not Active
2026/10/07 10:34:16.378,253.54,450.00,2655,10251,63,89,85,17357,P2,Not Active,Not Active,Not Active,Not Active
2026/10/07 10:34:16.881,255.35,450.00,2655,10251,63,90,85,17357,P2,Not Active,Not Active,Not Active,Not Active
2026/10/07 10:34:17.384,283.18,450.00,2655,10251,63,91,64,17357,P2,Not Active,Not Active,Not Active,Not Active
2026/10/07 10:34:17.888,281.17,450.00,2655,10251,65,90,85,17357,P2,Not Active,Not Active,Not Active,Not Active
2026/10/07 10:34:18.391,251.25,450.00,2655,10251,63,90,86,17357,P2,Not Active,Not Active,Not Active,Not Active
2026/10/07 10:34:18.899,252.04,450.00,2655,10251,63,90,86,17357,P2,Not Active,Not Active,Not Active,Not Active
2026/10/07 10:34:19.403,252.22,450.00,2655,10251,63,90,85,17357,P2,Not Active,Not Active,Not Active,Not Active
2026/10/07 10:34:19.906,251.90,450.00,2655,10251,63,91,86,17357,P2,Not Active,Not Active,Not Active,Not Active
2026/10/07 10:34:20.410,300.73,450.00,2655,10251,65,91,73,17357,P2,Not Active,Not Active,Not Active,Not Active
2026/10/07 10:34:20.914,300.95,450.00,2655,10251,63,90,85,17357,P2,Not Active,Not Active,Not Active,Not Active
2026/10/07 10:34:21.417,251.80,450.00,2655,10251,63,90,85,17357,P2,Not Active,Not Active,Not Active,Not Active
2026/10/07 10:34:21.920,252.34,450.00,2655,10251,63,90,85,17357,P2,Not Active,Not Active,Not Active,Not Active
2026/10/07 10:34:22.424,252.46,450.00,2655,10251,63,90,86,17357,P2,Not Active,Not Active,Not Active,Not Active
2026/10/07 10:34:22.927,252.41,450.00,2655,10251,63,90,85,17357,P2,Not Active,Not Active,Not Active,Not Active
2026/10/07 10:34:23.430,283.83,450.00,2655,10251,64,90,86,17357,P2,Not Active,Not Active,Not Active,Not Active
2026/10/07 10:34:23.935,284.39,450.00,2655,10251,63,90,86,17357,P2,Not Active,Not Active,Not Active,Not Active
2026/10/07 10:34:24.438,253.41,450.00,2655,10251,63,90,85,17357,P2,Not Active,Not Active,Not Active,Not Active
2026/10/07 10:34:24.942,253.67,450.00,2655,10251,63,91,86,17357,P2,Not Active,Not Active,Not Active,Not Active
2026/10/07 10:34:25.445,253.63,450.00,2655,10251,63,90,85,17357,P2,Not Active,Not Active,Not Active,Not Active
2026/10/07 10:34:25.948,254.19,450.00,2655,10251,63,90,86,17357,P2,Active,Not Active,Not Active,Not Active
2026/10/07 10:34:26.468,304.03,450.00,2655,10251,64,90,86,17357,P2,Not Active,Not Active,Not Active,Not Active
2026/10/07 10:34:26.973,304.46,450.00,2655,10251,64,90,85,17357,P2,Not Active,Not Active,Not Active,Not Active
2026/10/07 10:34:27.476,254.85,450.00,2655,10251,63,90,86,17357,P2,Not Active,Not Active,Not Active,Not Active
2026/10/07 10:34:27.979,254.84,450.00,2655,10251,63,90,86,17357,P2,Not Active,Not Active,Not Active,Not Active
2026/10/07 10:34:28.483,255.34,450.00,2655,10251,63,90,86,17357,P2,Not Active,Not Active,Not Active,Not Active
2026/10/07 10:34:28.986,272.95,450.00,2655,10251,63,90,85,17357,P2,Active,Not Active,Not Active,Not Active
2026/10/07 10:34:29.491,284.46,450.00,2655,10251,64,91,86,17357,P2,Not Active,Not Active,Not Active,Not Active
2026/10/07 10:34:30.045,283.81,450.00,2655,10251,63,91,86,17357,P2,Not Active,Not Active,Not Active,Not Active
2026/10/07 10:34:30.549,254.20,450.00,2655,10251,63,90,85,17357,P2,Not Active,Not Active,Not Active,Not Active
2026/10/07 10:34:31.055,254.15,450.00,2655,10251,63,90,86,17357,P2,Not Active,Not Active,Not Active,Not Active
2026/10/07 10:34:31.558,253.59,450.00,2655,10251,63,90,85,17357,P2,Not Active,Not Active,Not Active,Not Active
2026/10/07 10:34:32.061,293.58,450.00,2535,10251,71,100,35,17357,P2,Not Active,Not Active,Not Active,Not Active
2026/10/07 10:34:32.564,307.84,450.00,2655,10251,64,90,85,17357,P2,Not Active,Not Active,Not Active,Not Active
2026/10/07 10:34:33.067,283.85,450.00,2655,10251,64,90,86,17357,P2,Not Active,Not Active,Not Active,Not Active
2026/10/07 10:34:33.572,255.41,450.00,2655,10251,63,90,86,17357,P2,Not Active,Not Active,Not Active,Not Active
2026/10/07 10:34:34.075,255.16,450.00,2655,10251,63,89,85,17357,P2,Not Active,Not Active,Not Active,Not Active
2026/10/07 10:34:34.578,254.99,450.00,2655,10251,63,89,85,17357,P2,Not Active,Not Active,Not Active,Not Active
2026/10/07 10:34:35.081,282.92,450.00,2520,10251,69,95,48,17357,P2,Not Active,Not Active,Not Active,Not Active
2026/10/07 10:34:35.585,282.55,450.00,2655,10251,64,90,85,17357,P2,Not Active,Not Active,Not Active,Not Active
2026/10/07 10:34:36.090,254.15,450.00,2655,10251,63,90,85,17357,P2,Not Active,Not Active,Not Active,Not Active
2026/10/07 10:34:36.593,253.32,450.00,2655,10251,63,90,85,17357,P2,Not Active,Not Active,Not Active,Not Active
2026/10/07 10:34:37.096,253.26,450.00,2655,10251,63,90,86,17357,P2,Not Active,Not Active,Not Active,Not Active
2026/10/07 10:34:37.600,253.32,450.00,2655,10251,63,90,85,17357,P2,Not Active,Not Active,Not Active,Not Active
2026/10/07 10:34:38.104,303.34,450.00,2535,10251,74,97,48,17357,P2,Not Active,Not Active,Not Active,Not Active
2026/10/07 10:34:38.607,304.21,450.00,2655,10251,64,90,86,17357,P2,Not Active,Not Active,Not Active,Not Active
2026/10/07 10:34:39.112,255.46,450.00,2655,10251,64,90,86,17357,P2,Not Active,Not Active,Not Active,Not Active
2026/10/07 10:34:39.616,255.25,450.00,2655,10251,64,90,86,17357,P2,Not Active,Not Active,Not Active,Not Active
2026/10/07 10:34:40.119,254.94,450.00,2655,10251,64,89,85,17357,P2,Not Active,Not Active,Not Active,Not Active
2026/10/07 10:34:40.623,255.07,450.00,2655,10251,63,90,85,17357,P2,Not Active,Not Active,Not Active,Not Active
2026/10/07 10:34:41.127,283.62,450.00,2655,10251,74,91,68,17357,P2,Not Active,Not Active,Not Active,Not Active
2026/10/07 10:34:41.634,282.90,450.00,2655,10251,64,91,86,17357,P2,Not Active,Not Active,Not Active,Not Active
2026/10/07 10:34:42.141,253.81,450.00,2655,10251,63,91,86,17357,P2,Not Active,Not Active,Not Active,Not Active
2026/10/07 10:34:42.644,253.67,450.00,2655,10251,63,91,86,17357,P2,Not Active,Not Active,Not Active,Not Active
2026/10/07 10:34:43.151,253.62,450.00,2655,10251,63,90,85,17357,P2,Not Active,Not Active,Not Active,Not Active
2026/10/07 10:34:43.655,254.09,450.00,2655,10251,63,91,86,17357,P2,Active,Not Active,Not Active,Not Active
2026/10/07 10:34:44.183,303.52,450.00,2655,10251,75,89,85,17357,P2,Not Active,Not Active,Not Active,Not Active
2026/10/07 10:34:44.692,303.09,450.00,2655,10251,64,90,86,17357,P2,Not Active,Not Active,Not Active,Not Active
2026/10/07 10:34:45.196,250.20,450.00,2655,10251,64,85,81,17357,P2,Not Active,Not Active,Not Active,Not Active
2026/10/07 10:34:45.700,248.64,450.00,2655,10251,63,90,86,17357,P2,Not Active,Not Active,Not Active,Not Active
2026/10/07 10:34:46.203,250.44,450.00,2655,10251,63,90,86,17357,P2,Not Active,Not Active,Not Active,Not Active
2026/10/07 10:34:46.708,263.29,450.00,2655,10251,63,89,85,17357,P2,Active,Not Active,Not Active,Not Active
2026/10/07 10:34:47.262,282.18,450.00,2655,10251,66,90,86,17357,P2,Not Active,Not Active,Not Active,Not Active
2026/10/07 10:34:47.770,282.06,450.00,2655,10251,63,91,86,17357,P2,Not Active,Not Active,Not Active,Not Active
2026/10/07 10:34:48.273,250.45,450.00,2655,10251,63,90,85,17357,P2,Not Active,Not Active,Not Active,Not Active
2026/10/07 10:34:48.777,249.97,450.00,2655,10251,63,90,86,17357,P2,Not Active,Not Active,Not Active,Not Active
2026/10/07 10:34:49.280,249.39,450.00,2655,10251,63,90,86,17357,P2,Not Active,Not Active,Not Active,Not Active
2026/10/07 10:34:49.785,291.19,450.00,2655,10251,63,100,35,17357,P2,Active,Not Active,Not Active,Not Active
2026/10/07 10:34:50.294,298.07,450.00,2655,10251,71,80,76,17357,P2,Not Active,Not Active,Not Active,Not Active
2026/10/07 10:34:50.798,274.42,450.00,2655,10251,63,88,84,17357,P2,Not Active,Not Active,Not Active,Not Active
2026/10/07 10:34:51.301,243.43,450.00,2655,10251,64,89,84,17357,P2,Not Active,Not Active,Not Active,Not Active
2026/10/07 10:34:51.807,244.88,450.00,2655,10251,63,89,85,17357,P2,Not Active,Not Active,Not Active,Not Active
2026/10/07 10:34:52.310,247.34,450.00,2655,10251,63,90,86,17357,P2,Not Active,Not Active,Not Active,Not Active
2026/10/07 10:34:52.814,252.70,450.00,2655,10251,63,79,70,17357,P2,Active,Not Active,Not Active,Not Active
2026/10/07 10:34:53.340,274.68,450.00,2535,10251,72,83,79,17357,P2,Not Active,Not Active,Not Active,Not Active
2026/10/07 10:34:53.846,273.86,450.00,2655,10251,63,90,86,17357,P2,Not Active,Not Active,Not Active,Not Active
2026/10/07 10:34:54.349,246.64,450.00,2655,10251,63,87,83,17357,P2,Not Active,Not Active,Not Active,Not Active
2026/10/07 10:34:54.853,247.00,450.00,2655,10251,63,90,86,17357,P2,Not Active,Not Active,Not Active,Not Active
2026/10/07 10:34:55.356,242.51,450.00,2655,10251,63,83,78,17357,P2,Not Active,Not Active,Not Active,Not Active
2026/10/07 10:34:55.860,241.03,450.00,2655,10251,63,88,83,17357,P2,Not Active,Not Active,Not Active,Not Active
2026/10/07 10:34:56.365,288.67,450.00,2655,10251,63,87,50,17357,P2,Not Active,Not Active,Not Active,Not Active
2026/10/07 10:34:56.869,292.45,450.00,2655,10251,64,83,79,17357,P2,Not Active,Not Active,Not Active,Not Active
2026/10/07 10:34:57.372,229.29,450.00,2655,10251,63,71,67,17357,P2,Not Active,Not Active,Not Active,Not Active
2026/10/07 10:34:57.876,225.96,450.00,2655,10251,62,84,80,17357,P2,Not Active,Not Active,Not Active,Not Active
2026/10/07 10:34:58.381,227.15,450.00,2655,10251,63,79,75,17357,P2,Not Active,Not Active,Not Active,Not Active
2026/10/07 10:34:58.886,231.58,450.00,2655,10251,63,87,83,17357,P2,Not Active,Not Active,Not Active,Not Active
2026/10/07 10:34:59.389,267.99,450.00,2655,10251,63,92,56,17357,P2,Active,Not Active,Not Active,Not Active
2026/10/07 10:34:59.930,272.48,450.00,2655,10251,63,85,81,17357,P2,Not Active,Not Active,Not Active,Not Active
2026/10/07 10:35:00.434,274.28,450.00,2655,10251,63,87,83,17357,P2,Not Active,Not Active,Not Active,Not Active
2026/10/07 10:35:00.937,242.04,450.00,2655,10251,63,82,78,17357,P2,Not Active,Not Active,Not Active,Not Active
2026/10/07 10:35:01.442,243.45,450.00,2655,10251,63,90,85,17357,P2,Not Active,Not Active,Not Active,Not Active
2026/10/07 10:35:01.945,253.43,450.00,2655,10251,63,90,86,17357,P2,Not Active,Not Active,Not Active,Not Active
2026/10/07 10:35:02.449,265.22,450.00,2535,10251,68,90,64,17357,P2,Active,Not Active,Not Active,Not Active
2026/10/07 10:35:02.953,296.19,450.00,2655,10251,64,82,78,17357,P2,Not Active,Not Active,Not Active,Not Active
2026/10/07 10:35:03.456,300.09,450.00,2655,10251,63,89,85,17357,P2,Not Active,Not Active,Not Active,Not Active
2026/10/07 10:35:03.962,255.13,450.00,2655,10251,63,89,85,17357,P2,Not Active,Not Active,Not Active,Not Active
2026/10/07 10:35:04.465,255.89,450.00,2655,10251,63,90,86,17357,P2,Not Active,Not Active,Not Active,Not Active
2026/10/07 10:35:04.969,254.88,450.00,2655,10251,63,90,86,17357,P2,Not Active,Not Active,Not Active,Not Active
2026/10/07 10:35:05.473,246.37,450.00,2655,10251,63,82,78,17357,P2,Active,Not Active,Not Active,Not Active
2026/10/07 10:35:06.016,273.83,450.00,2655,10251,64,89,84,17357,P2,Not Active,Not Active,Not Active,Not Active
2026/10/07 10:35:06.524,277.11,450.00,2655,10251,63,87,82,17357,P2,Not Active,Not Active,Not Active,Not Active
2026/10/07 10:35:07.028,248.43,450.00,2655,10251,63,90,85,17357,P2,Not Active,Not Active,Not Active,Not Active
2026/10/07 10:35:07.531,239.68,450.00,2655,10251,63,67,63,17357,P2,Not Active,Not Active,Not Active,Not Active
2026/10/07 10:35:08.035,239.97,450.00,2655,10251,63,90,85,17357,P2,Not Active,Not Active,Not Active,Not Active
2026/10/07 10:35:08.540,258.16,450.00,2655,10251,63,90,86,17357,P2,Active,Not Active,Not Active,Not Active
2026/10/07 10:35:09.102,294.50,450.00,2655,10251,64,75,72,17357,P2,Not Active,Not Active,Not Active,Not Active
2026/10/07 10:35:09.605,286.26,450.00,2655,10251,64,89,85,17357,P2,Not Active,Not Active,Not Active,Not Active
2026/10/07 10:35:10.109,252.66,450.00,2655,10251,63,87,83,17357,P2,Not Active,Not Active,Not Active,Not Active
2026/10/07 10:35:10.613,245.24,450.00,2655,10251,63,71,68,17357,P2,Not Active,Not Active,Not Active,Not Active
2026/10/07 10:35:11.117,245.29,450.00,2655,10251,63,90,86,17357,P2,Not Active,Not Active,Not Active,Not Active
2026/10/07 10:35:11.622,249.23,450.00,2655,10251,63,89,85,17357,P2,Active,Not Active,Not Active,Not Active
2026/10/07 10:35:12.177,282.69,450.00,2655,10251,64,90,85,17357,P2,Not Active,Not Active,Not Active,Not Active
2026/10/07 10:35:12.682,281.73,450.00,2655,10251,63,89,84,17359,P2,Not Active,Not Active,Not Active,Not Active
2026/10/07 10:35:13.186,252.23,450.00,2655,10251,63,88,84,17359,P2,Not Active,Not Active,Not Active,Not Active
2026/10/07 10:35:13.689,249.31,450.00,2655,10251,63,83,79,17359,P2,Not Active,Not Active,Not Active,Not Active
2026/10/07 10:35:14.193,246.36,450.00,2655,10251,63,77,73,17359,P2,Not Active,Not Active,Not Active,Not Active
2026/10/07 10:35:14.698,267.70,450.00,2655,10251,63,87,80,17358,P2,Active,Not Active,Not Active,Not Active
2026/10/07 10:35:15.203,295.93,450.00,2625,10251,71,86,82,17358,P2,Not Active,Not Active,Not Active,Not Active
2026/10/07 10:35:15.707,298.31,450.00,2655,10251,63,89,84,17358,P2,Not Active,Not Active,Not Active,Not Active
2026/10/07 10:35:16.211,249.29,450.00,2655,10251,63,87,83,17358,P2,Not Active,Not Active,Not Active,Not Active
2026/10/07 10:35:16.716,248.65,450.00,2655,10251,63,87,83,17358,P2,Not Active,Not Active,Not Active,Not Active
2026/10/07 10:35:17.220,245.31,450.00,2655,10251,63,82,78,17358,P2,Not Active,Not Active,Not Active,Not Active
2026/10/07 10:35:17.725,241.48,450.00,2655,10251,63,78,75,17358,P2,Not Active,Not Active,Not Active,Not Active
2026/10/07 10:35:18.228,271.56,450.00,2655,10251,73,83,79,17358,P2,Not Active,Not Active,Not Active,Not Active
2026/10/07 10:35:18.732,273.12,450.00,2655,10251,63,81,76,17358,P2,Not Active,Not Active,Not Active,Not Active
2026/10/07 10:35:19.238,246.26,450.00,2655,10251,63,89,84,17358,P2,Not Active,Not Active,Not Active,Not Active
2026/10/07 10:35:19.742,251.85,450.00,2655,10251,63,90,85,17358,P2,Not Active,Not Active,Not Active,Not Active
2026/10/07 10:35:20.245,252.53,450.00,2655,10251,63,87,83,17358,P2,Not Active,Not Active,Not Active,Not Active
2026/10/07 10:35:20.749,252.32,450.00,2655,10251,63,90,85,17358,P2,Active,Not Active,Not Active,Not Active
2026/10/07 10:35:21.271,298.21,450.00,2520,10251,74,78,74,17358,P2,Not Active,Not Active,Not Active,Not Active
2026/10/07 10:35:21.781,298.31,450.00,2655,10251,64,90,86,17358,P2,Not Active,Not Active,Not Active,Not Active
2026/10/07 10:35:22.285,252.40,450.00,2655,10251,63,89,85,17358,P2,Not Active,Not Active,Not Active,Not Active
2026/10/07 10:35:22.789,255.15,450.00,2655,10251,63,90,86,17358,P2,Not Active,Not Active,Not Active,Not Active
2026/10/07 10:35:23.293,254.06,450.00,2655,10251,63,90,85,17358,P2,Not Active,Not Active,Not Active,Not Active
2026/10/07 10:35:23.798,255.72,450.00,2655,10251,63,87,79,17358,P2,Active,Not Active,Not Active,Not Active
2026/10/07 10:35:24.351,282.43,450.00,2520,10251,73,83,79,17358,P2,Not Active,Not Active,Not Active,Not Active
2026/10/07 10:35:24.858,281.17,450.00,2655,10251,64,87,83,17358,P2,Not Active,Not Active,Not Active,Not Active
2026/10/07 10:35:25.361,250.08,450.00,2655,10251,63,88,83,17358,P2,Not Active,Not Active,Not Active,Not Active
2026/10/07 10:35:25.865,249.79,450.00,2655,10251,63,90,86,17358,P2,Not Active,Not Active,Not Active,Not Active
2026/10/07 10:35:26.369,246.30,450.00,2655,10251,63,90,85,17358,P2,Not Active,Not Active,Not Active,Not Active
2026/10/07 10:35:26.878,264.66,450.00,2655,10251,63,87,80,17358,P2,Active,Not Active,Not Active,Not Active
2026/10/07 10:35:27.381,292.73,450.00,2520,10251,72,83,79,17358,P2,Not Active,Not Active,Not Active,Not Active
2026/10/07 10:35:27.885,296.56,450.00,2655,10251,64,90,85,17358,P2,Not Active,Not Active,Not Active,Not Active
2026/10/07 10:35:28.388,254.16,450.00,2655,10251,63,89,85,17358,P2,Not Active,Not Active,Not Active,Not Active
2026/10/07 10:35:28.895,250.05,450.00,2655,10251,63,84,80,17358,P2,Not Active,Not Active,Not Active,Not Active
2026/10/07 10:35:29.398,243.38,450.00,2655,10251,63,89,85,17358,P2,Not Active,Not Active,Not Active,Not Active
2026/10/07 10:35:29.902,241.39,450.00,2655,10251,63,83,79,17358,P2,Not Active,Not Active,Not Active,Not Active
2026/10/07 10:35:30.406,268.74,450.00,2655,10251,63,67,63,17358,P2,Not Active,Not Active,Not Active,Not Active
2026/10/07 10:35:30.910,266.56,450.00,2655,10251,63,89,84,17358,P2,Not Active,Not Active,Not Active,Not Active
2026/10/07 10:35:31.415,234.46,450.00,2655,10251,62,70,67,17358,P2,Not Active,Not Active,Not Active,Not Active
2026/10/07 10:35:31.919,237.51,450.00,2655,10251,63,88,84,17358,P2,Not Active,Not Active,Not Active,Not Active
2026/10/07 10:35:32.423,246.26,450.00,2655,10251,63,90,85,17358,P2,Not Active,Not Active,Not Active,Not Active
2026/10/07 10:35:32.926,246.33,450.00,2655,10251,62,73,70,17358,P2,Not Active,Not Active,Not Active,Not Active
2026/10/07 10:35:33.431,292.88,450.00,2640,10251,74,97,41,17358,P2,Not Active,Not Active,Not Active,Not Active
2026/10/07 10:35:33.937,295.09,450.00,2655,10251,63,83,79,17358,P2,Not Active,Not Active,Not Active,Not Active
2026/10/07 10:35:34.441,259.10,450.00,2655,10251,63,83,79,17358,P2,Not Active,Not Active,Not Active,Not Active
2026/10/07 10:35:34.944,245.86,450.00,2655,10251,63,90,86,17358,P2,Not Active,Not Active,Not Active,Not Active
2026/10/07 10:35:35.449,248.76,450.00,2655,10251,63,81,78,17358,P2,Not Active,Not Active,Not Active,Not Active
2026/10/07 10:35:35.954,248.94,450.00,2655,10251,63,89,85,17358,P2,Not Active,Not Active,Not Active,Not Active
2026/10/07 10:35:36.458,271.84,450.00,2520,10251,70,93,56,17358,P2,Not Active,Not Active,Not Active,Not Active
2026/10/07 10:35:37.007,281.63,450.00,2655,10251,63,91,86,17358,P2,Not Active,Not Active,Not Active,Not Active
2026/10/07 10:35:37.513,256.29,450.00,2655,10251,63,86,81,17358,P2,Not Active,Not Active,Not Active,Not Active
2026/10/07 10:35:38.016,249.54,450.00,2655,10251,63,90,85,17358,P2,Not Active,Not Active,Not Active,Not Active
2026/10/07 10:35:38.520,250.57,450.00,2655,10251,63,90,86,17358,P2,Not Active,Not Active,Not Active,Not Active
2026/10/07 10:35:39.023,249.26,450.00,2655,10251,63,87,83,17358,P2,Not Active,Not Active,Not Active,Not Active
2026/10/07 10:35:39.529,294.48,450.00,2535,10251,75,95,39,17358,P2,Not Active,Not Active,Not Active,Not Active
2026/10/07 10:35:40.038,288.76,450.00,2655,10251,63,80,76,17358,P2,Not Active,Not Active,Not Active,Not Active
2026/10/07 10:35:40.541,253.15,450.00,2655,10251,63,83,79,17358,P2,Not Active,Not Active,Not Active,Not Active
2026/10/07 10:35:41.045,240.09,450.00,2655,10251,63,84,80,17358,P2,Not Active,Not Active,Not Active,Not Active
2026/10/07 10:35:41.550,236.26,450.00,2655,10251,63,79,76,17358,P2,Not Active,Not Active,Not Active,Not Active
2026/10/07 10:35:42.054,235.75,450.00,2655,10251,63,76,72,17358,P2,Not Active,Not Active,Not Active,Not Active
2026/10/07 10:35:42.557,236.30,450.00,2655,10251,63,84,80,17358,P2,Not Active,Not Active,Not Active,Not Active
2026/10/07 10:35:43.060,263.89,450.00,2655,10251,63,73,69,17358,P2,Not Active,Not Active,Not Active,Not Active
2026/10/07 10:35:43.565,270.40,450.00,2655,10251,63,88,84,17357,P2,Not Active,Not Active,Not Active,Not Active
2026/10/07 10:35:44.072,248.67,450.00,2655,10251,63,90,86,17357,P2,Not Active,Not Active,Not Active,Not Active
2026/10/07 10:35:44.576,243.87,450.00,2655,10251,63,80,76,17357,P2,Not Active,Not Active,Not Active,Not Active
2026/10/07 10:35:45.081,241.08,450.00,2655,10251,63,90,86,17357,P2,Not Active,Not Active,Not Active,Not Active
2026/10/07 10:35:45.584,248.16,450.00,2655,10251,63,89,85,17357,P2,Not Active,Not Active,Not Active,Not Active
2026/10/07 10:35:46.090,300.98,450.00,2520,10251,69,95,54,17357,P2,Not Active,Not Active,Not Active,Not Active
2026/10/07 10:35:46.593,302.55,450.00,2655,10251,64,90,86,17357,P2,Not Active,Not Active,Not Active,Not Active
2026/10/07 10:35:47.097,254.15,450.00,2655,10251,63,89,85,17357,P2,Not Active,Not Active,Not Active,Not Active
2026/10/07 10:35:47.601,254.26,450.00,2655,10251,63,90,86,17357,P2,Not Active,Not Active,Not Active,Not Active
2026/10/07 10:35:48.106,254.29,450.00,2655,10251,63,90,86,17357,P2,Not Active,Not Active,Not Active,Not Active
2026/10/07 10:35:48.610,254.46,450.00,2655,10251,63,89,84,17357,P2,Not Active,Not Active,Not Active,Not Active
2026/10/07 10:35:49.114,282.89,450.00,2580,10251,64,89,69,17357,P2,Not Active,Not Active,Not Active,Not Active
2026/10/07 10:35:49.618,281.09,450.00,2655,10251,63,89,84,17357,P2,Not Active,Not Active,Not Active,Not Active
2026/10/07 10:35:50.121,252.19,450.00,2655,10251,63,90,85,17357,P2,Not Active,Not Active,Not Active,Not Active
2026/10/07 10:35:50.627,252.90,450.00,2655,10251,63,90,85,17357,P2,Not Active,Not Active,Not Active,Not Active
2026/10/07 10:35:51.130,253.53,450.00,2655,10251,63,90,85,17357,P2,Not Active,Not Active,Not Active,Not Active
2026/10/07 10:35:51.634,253.49,450.00,2655,10251,63,90,86,17357,P2,Active,Not Active,Not Active,Not Active
2026/10/07 10:35:52.137,297.77,450.00,2625,10251,65,77,57,17357,P2,Not Active,Not Active,Not Active,Not Active
2026/10/07 10:35:52.640,298.15,450.00,2655,10251,63,89,84,17357,P2,Not Active,Not Active,Not Active,Not Active
2026/10/07 10:35:53.146,254.27,450.00,2655,10251,63,90,86,17357,P2,Not Active,Not Active,Not Active,Not Active
2026/10/07 10:35:53.650,254.69,450.00,2655,10251,63,89,84,17357,P2,Not Active,Not Active,Not Active,Not Active
2026/10/07 10:35:54.154,253.80,450.00,2655,10251,63,88,84,17357,P2,Not Active,Not Active,Not Active,Not Active
2026/10/07 10:35:54.657,254.28,450.00,2655,10251,63,90,86,17357,P2,Not Active,Not Active,Not Active,Not Active
2026/10/07 10:35:55.160,279.39,450.00,2655,10251,64,91,86,17357,P2,Not Active,Not Active,Not Active,Not Active
2026/10/07 10:35:55.669,278.17,450.00,2655,10251,63,89,84,17357,P2,Not Active,Not Active,Not Active,Not Active
2026/10/07 10:35:56.173,253.88,450.00,2655,10251,63,90,86,17357,P2,Not Active,Not Active,Not Active,Not Active
2026/10/07 10:35:56.677,254.44,450.00,2655,10251,63,90,86,17357,P2,Not Active,Not Active,Not Active,Not Active
2026/10/07 10:35:57.180,254.10,450.00,2655,10251,63,91,86,17357,P2,Not Active,Not Active,Not Active,Not Active
2026/10/07 10:35:57.686,276.40,450.00,2655,10251,63,87,78,17357,P2,Active,Not Active,Not Active,Not Active
2026/10/07 10:35:58.190,302.02,450.00,2655,10251,65,90,85,17357,P2,Not Active,Not Active,Not Active,Not Active
2026/10/07 10:35:58.693,301.37,450.00,2655,10251,64,90,86,17357,P2,Not Active,Not Active,Not Active,Not Active
2026/10/07 10:35:59.196,256.20,450.00,2655,10251,63,89,85,17357,P2,Not Active,Not Active,Not Active,Not Active
2026/10/07 10:35:59.700,255.78,450.00,2655,10251,63,90,85,17357,P2,Not Active,Not Active,Not Active,Not Active
2026/10/07 10:36:00.205,255.16,450.00,2655,10251,64,89,85,17357,P2,Not Active,Not Active,Not Active,Not Active
2026/10/07 10:36:00.708,276.19,450.00,2655,10251,63,89,84,17357,P2,Active,Not Active,Not Active,Not Active
2026/10/07 10:36:01.216,285.46,450.00,2655,10251,64,91,86,17357,P2,Not Active,Not Active,Not Active,Not Active
2026/10/07 10:36:01.720,284.74,450.00,2655,10251,63,90,86,17357,P2,Not Active,Not Active,Not Active,Not Active
2026/10/07 10:36:02.226,254.07,450.00,2655,10251,63,90,85,17357,P2,Not Active,Not Active,Not Active,Not Active
2026/10/07 10:36:02.730,254.25,450.00,2655,10251,63,90,86,17357,P2,Not Active,Not Active,Not Active,Not Active
2026/10/07 10:36:03.234,254.48,450.00,2655,10251,63,91,86,17357,P2,Not Active,Not Active,Not Active,Not Active
2026/10/07 10:36:03.738,298.49,450.00,2655,10251,63,94,56,17357,P2,Not Active,Not Active,Not Active,Not Active
2026/10/07 10:36:04.243,302.56,450.00,2655,10251,64,88,84,17357,P2,Not Active,Not Active,Not Active,Not Active
2026/10/07 10:36:04.746,278.67,450.00,2655,10251,64,89,85,17357,P2,Not Active,Not Active,Not Active,Not Active
2026/10/07 10:36:05.249,254.47,450.00,2655,10251,64,89,85,17357,P2,Not Active,Not Active,Not Active,Not Active
2026/10/07 10:36:05.752,253.65,450.00,2655,10251,64,88,84,17357,P2,Not Active,Not Active,Not Active,Not Active
2026/10/07 10:36:06.256,254.20,450.00,2655,10251,63,89,85,17357,P2,Not Active,Not Active,Not Active,Not Active
2026/10/07 10:36:06.762,283.58,450.00,2655,10251,63,93,67,17357,P2,Not Active,Not Active,Not Active,Not Active
2026/10/07 10:36:07.271,281.88,450.00,2655,10251,64,88,84,17357,P2,Not Active,Not Active,Not Active,Not Active
2026/10/07 10:36:07.774,251.11,450.00,2655,10251,64,91,86,17357,P2,Not Active,Not Active,Not Active,Not Active
2026/10/07 10:36:08.279,250.88,450.00,2655,10251,63,89,85,17359,P2,Not Active,Not Active,Not Active,Not Active
2026/10/07 10:36:08.783,251.81,450.00,2655,10251,63,90,85,17359,P2,Not Active,Not Active,Not Active,Not Active
2026/10/07 10:36:09.287,252.27,450.00,2655,10251,63,90,86,17359,P2,Not Active,Not Active,Not Active,Not Active
2026/10/07 10:36:09.791,308.45,450.00,2655,10251,63,93,62,17359,P2,Not Active,Not Active,Not Active,Not Active
2026/10/07 10:36:10.295,304.71,450.00,2655,10251,64,90,85,17358,P2,Not Active,Not Active,Not Active,Not Active
2026/10/07 10:36:10.800,255.74,450.00,2655,10251,64,90,86,17358,P2,Not Active,Not Active,Not Active,Not Active
2026/10/07 10:36:11.304,256.05,450.00,2655,10251,64,89,85,17358,P2,Not Active,Not Active,Not Active,Not Active
2026/10/07 10:36:11.807,255.41,450.00,2655,10251,64,90,86,17358,P2,Not Active,Not Active,Not Active,Not Active
2026/10/07 10:36:12.311,255.25,450.00,2655,10251,63,89,85,17358,P2,Not Active,Not Active,Not Active,Not Active
2026/10/07 10:36:12.815,281.85,450.00,2655,10251,63,83,76,17358,P2,Not Active,Not Active,Not Active,Not Active
2026/10/07 10:36:13.320,281.30,450.00,2655,10251,64,90,86,17358,P2,Not Active,Not Active,Not Active,Not Active
2026/10/07 10:36:13.824,254.13,450.00,2655,10251,64,90,86,17358,P2,Not Active,Not Active,Not Active,Not Active
2026/10/07 10:36:14.328,253.88,450.00,2655,10251,64,89,85,17358,P2,Not Active,Not Active,Not Active,Not Active
2026/10/07 10:36:14.831,254.43,450.00,2655,10251,63,90,86,17358,P2,Not Active,Not Active,Not Active,Not Active
2026/10/07 10:36:15.335,253.85,450.00,2655,10251,63,90,85,17358,P2,Not Active,Not Active,Not Active,Not Active
2026/10/07 10:36:15.840,301.60,450.00,2550,10251,73,89,81,17358,P2,Not Active,Not Active,Not Active,Not Active
2026/10/07 10:36:16.343,302.97,450.00,2655,10251,64,90,86,17358,P2,Not Active,Not Active,Not Active,Not Active
2026/10/07 10:36:16.847,255.57,450.00,2655,10251,64,90,86,17358,P2,Not Active,Not Active,Not Active,Not Active
2026/10/07 10:36:17.350,255.40,450.00,2655,10251,64,90,85,17358,P2,Not Active,Not Active,Not Active,Not Active
2026/10/07 10:36:17.855,254.95,450.00,2655,10251,64,90,85,17358,P2,Not Active,Not Active,Not Active,Not Active
2026/10/07 10:36:18.360,254.07,450.00,2655,10251,64,87,82,17358,P2,Not Active,Not Active,Not Active,Not Active
2026/10/07 10:36:18.864,281.66,450.00,2655,10251,72,85,80,17358,P2,Not Active,Not Active,Not Active,Not Active
2026/10/07 10:36:19.368,277.04,450.00,2655,10251,64,87,83,17358,P2,Not Active,Not Active,Not Active,Not Active
2026/10/07 10:36:19.871,246.31,450.00,2655,10251,63,81,77,17358,P2,Not Active,Not Active,Not Active,Not Active
2026/10/07 10:36:20.377,246.05,450.00,2655,10251,63,83,79,17358,P2,Not Active,Not Active,Not Active,Not Active
2026/10/07 10:36:20.881,244.59,450.00,2655,10251,63,85,81,17358,P2,Not Active,Not Active,Not Active,Not Active
2026/10/07 10:36:21.385,244.42,450.00,2655,10251,63,86,82,17358,P2,Not Active,Not Active,Not Active,Not Active
2026/10/07 10:36:21.890,295.87,450.00,2655,10251,63,90,61,17358,P2,Not Active,Not Active,Not Active,Not Active
2026/10/07 10:36:22.394,295.16,450.00,2655,10251,64,83,79,17358,P2,Not Active,Not Active,Not Active,Not Active
2026/10/07 10:36:22.899,247.67,450.00,2655,10251,64,85,81,17358,P2,Not Active,Not Active,Not Active,Not Active
2026/10/07 10:36:23.402,252.86,450.00,2655,10251,64,89,85,17358,P2,Not Active,Not Active,Not Active,Not Active
2026/10/07 10:36:23.905,253.93,450.00,2655,10251,64,88,84,17358,P2,Not Active,Not Active,Not Active,Not Active
2026/10/07 10:36:24.408,253.62,450.00,2655,10251,63,88,84,17358,P2,Not Active,Not Active,Not Active,Not Active
2026/10/07 10:36:24.912,286.30,450.00,2655,10251,64,92,64,17358,P2,Not Active,Not Active,Not Active,Not Active
2026/10/07 10:36:25.417,283.36,450.00,2655,10251,64,89,85,17358,P2,Not Active,Not Active,Not Active,Not Active
2026/10/07 10:36:25.921,253.34,450.00,2655,10251,64,89,84,17358,P2,Not Active,Not Active,Not Active,Not Active
2026/10/07 10:36:26.425,252.98,450.00,2655,10251,63,90,85,17358,P2,Not Active,Not Active,Not Active,Not Active
2026/10/07 10:36:26.928,254.09,450.00,2655,10251,63,91,86,17358,P2,Not Active,Not Active,Not Active,Not Active
2026/10/07 10:36:27.433,254.35,450.00,2655,10251,67,90,86,17358,P2,Active,Not Active,Not Active,Not Active
2026/10/07 10:36:27.950,303.49,450.00,2655,10251,64,89,85,17358,P2,Not Active,Not Active,Not Active,Not Active
2026/10/07 10:36:28.459,303.97,450.00,2655,10251,64,90,85,17358,P2,Not Active,Not Active,Not Active,Not Active
2026/10/07 10:36:28.962,255.44,450.00,2655,10251,64,90,85,17358,P2,Not Active,Not Active,Not Active,Not Active
2026/10/07 10:36:29.466,255.65,450.00,2655,10251,64,89,85,17358,P2,Not Active,Not Active,Not Active,Not Active
2026/10/07 10:36:29.969,255.55,450.00,2655,10251,64,90,86,17358,P2,Not Active,Not Active,Not Active,Not Active
2026/10/07 10:36:30.475,266.16,450.00,2655,10251,64,90,86,17358,P2,Active,Not Active,Not Active,Not Active
2026/10/07 10:36:30.980,284.59,450.00,2655,10251,64,91,86,17358,P2,Not Active,Not Active,Not Active,Not Active
2026/10/07 10:36:31.484,283.83,450.00,2655,10251,64,90,85,17358,P2,Not Active,Not Active,Not Active,Not Active
2026/10/07 10:36:31.987,253.96,450.00,2655,10251,63,88,83,17358,P2,Not Active,Not Active,Not Active,Not Active
2026/10/07 10:36:32.492,253.35,450.00,2655,10251,63,90,85,17358,P2,Not Active,Not Active,Not Active,Not Active
2026/10/07 10:36:32.996,253.04,450.00,2655,10251,63,90,85,17358,P2,Not Active,Not Active,Not Active,Not Active
2026/10/07 10:36:33.499,285.82,450.00,2520,10251,73,91,69,17358,P2,Active,Not Active,Not Active,Not Active
2026/10/07 10:36:34.003,303.12,450.00,2655,10251,64,89,85,17358,P2,Not Active,Not Active,Not Active,Not Active
2026/10/07 10:36:34.507,291.63,450.00,2655,10251,64,90,86,17358,P2,Not Active,Not Active,Not Active,Not Active
2026/10/07 10:36:35.012,256.07,450.00,2655,10251,64,89,85,17358,P2,Not Active,Not Active,Not Active,Not Active
2026/10/07 10:36:35.515,255.90,450.00,2655,10251,64,90,85,17358,P2,Not Active,Not Active,Not Active,Not Active
2026/10/07 10:36:36.019,255.29,450.00,2655,10251,64,90,85,17358,P2,Not Active,Not Active,Not Active,Not Active
2026/10/07 10:36:36.522,283.64,450.00,2535,10251,73,90,74,17358,P2,Not Active,Not Active,Not Active,Not Active
2026/10/07 10:36:37.049,284.70,450.00,2655,10251,64,90,86,17358,P2,Not Active,Not Active,Not Active,Not Active
2026/10/07 10:36:37.554,255.74,450.00,2655,10251,64,91,86,17358,P2,Not Active,Not Active,Not Active,Not Active
2026/10/07 10:36:38.057,253.98,450.00,2655,10251,64,90,85,17358,P2,Not Active,Not Active,Not Active,Not Active
2026/10/07 10:36:38.561,253.87,450.00,2655,10251,64,90,85,17358,P2,Not Active,Not Active,Not Active,Not Active
2026/10/07 10:36:39.064,254.20,450.00,2655,10251,64,91,86,17358,P2,Not Active,Not Active,Not Active,Not Active
2026/10/07 10:36:39.568,309.55,450.00,2520,10251,75,93,63,17358,P2,Not Active,Not Active,Not Active,Not Active
2026/10/07 10:36:40.086,304.97,450.00,2655,10251,64,90,85,17358,P2,Not Active,Not Active,Not Active,Not Active
2026/10/07 10:36:40.591,255.41,450.00,2655,10251,64,90,86,17358,P2,Not Active,Not Active,Not Active,Not Active
2026/10/07 10:36:41.095,255.84,450.00,2655,10251,64,90,86,17358,P2,Not Active,Not Active,Not Active,Not Active
2026/10/07 10:36:41.598,255.98,450.00,2655,10251,64,90,86,17358,P2,Not Active,Not Active,Not Active,Not Active
2026/10/07 10:36:42.102,256.41,450.00,2655,10251,64,89,85,17358,P2,Not Active,Not Active,Not Active,Not Active
2026/10/07 10:36:42.605,286.39,450.00,2535,10251,68,90,83,17358,P2,Not Active,Not Active,Not Active,Not Active
2026/10/07 10:36:43.111,285.21,450.00,2655,10251,64,90,85,17358,P2,Not Active,Not Active,Not Active,Not Active
2026/10/07 10:36:43.614,254.19,450.00,2655,10251,64,90,85,17358,P2,Not Active,Not Active,Not Active,Not Active
2026/10/07 10:36:44.118,253.85,450.00,2655,10251,64,90,85,17358,P2,Not Active,Not Active,Not Active,Not Active
2026/10/07 10:36:44.621,253.82,450.00,2655,10251,64,90,86,17358,P2,Not Active,Not Active,Not Active,Not Active
2026/10/07 10:36:45.124,253.48,450.00,2655,10251,63,89,84,17358,P2,Not Active,Not Active,Not Active,Not Active
2026/10/07 10:36:45.629,295.98,450.00,2655,10251,67,72,68,17358,P2,Not Active,Not Active,Not Active,Not Active
2026/10/07 10:36:46.145,292.02,450.00,2655,10251,64,88,84,17358,P2,Not Active,Not Active,Not Active,Not Active
2026/10/07 10:36:46.653,241.48,450.00,2655,10251,64,80,76,17358,P2,Not Active,Not Active,Not Active,Not Active
2026/10/07 10:36:47.156,236.10,450.00,2655,10251,63,81,77,17358,P2,Not Active,Not Active,Not Active,Not Active
2026/10/07 10:36:47.660,238.46,450.00,2655,10251,63,85,81,17358,P2,Not Active,Not Active,Not Active,Not Active
2026/10/07 10:36:48.164,247.25,450.00,2655,10251,64,89,85,17358,P2,Not Active,Not Active,Not Active,Not Active
2026/10/07 10:36:48.669,281.16,450.00,2655,10251,66,93,47,17358,P2,Not Active,Not Active,Not Active,Not Active
2026/10/07 10:36:49.175,270.50,450.00,2655,10251,63,78,74,17358,P2,Not Active,Not Active,Not Active,Not Active
2026/10/07 10:36:49.680,225.60,450.00,2655,10251,63,64,61,17358,P2,Not Active,Not Active,Not Active,Not Active
2026/10/07 10:36:50.184,221.65,450.00,2655,10251,63,64,61,17358,P2,Not Active,Not Active,Not Active,Not Active
2026/10/07 10:36:50.689,223.32,450.00,2655,10251,63,87,82,17358,P2,Not Active,Not Active,Not Active,Not Active
2026/10/07 10:36:51.192,225.74,450.00,2655,10251,63,74,70,17358,P2,Not Active,Not Active,Not Active,Not Active
2026/10/07 10:36:51.696,233.13,450.00,2655,10251,63,74,70,17358,P2,Not Active,Not Active,Not Active,Not Active
2026/10/07 10:36:52.199,294.29,450.00,2535,10251,73,84,57,17358,P2,Not Active,Not Active,Not Active,Not Active
2026/10/07 10:36:52.703,282.04,450.00,2655,10251,64,69,65,17358,P2,Not Active,Not Active,Not Active,Not Active
2026/10/07 10:36:53.208,223.67,450.00,2655,10251,63,74,71,17358,P2,Not Active,Not Active,Not Active,Not Active
2026/10/07 10:36:53.711,227.27,450.00,2655,10251,63,74,70,17358,P2,Not Active,Not Active,Not Active,Not Active
2026/10/07 10:36:54.214,227.41,450.00,2655,10251,63,71,68,17358,P2,Not Active,Not Active,Not Active,Not Active
2026/10/07 10:36:54.718,220.70,450.00,2655,10251,63,69,65,17358,P2,Not Active,Not Active,Not Active,Not Active
2026/10/07 10:36:55.221,219.57,450.00,2655,10251,62,75,72,17358,P2,Not Active,Not Active,Not Active,Not Active
2026/10/07 10:36:55.727,255.96,450.00,2655,10251,63,77,56,17358,P2,Not Active,Not Active,Not Active,Not Active
2026/10/07 10:36:56.231,257.40,450.00,2655,10251,63,71,67,17358,P2,Not Active,Not Active,Not Active,Not Active
2026/10/07 10:36:56.734,250.65,450.00,2655,10251,62,83,79,17358,P2,Not Active,Not Active,Not Active,Not Active
2026/10/07 10:36:57.237,236.60,450.00,2655,10251,63,80,76,17358,P2,Not Active,Not Active,Not Active,Not Active
2026/10/07 10:36:57.740,232.92,450.00,2655,10251,62,75,71,17358,P2,Not Active,Not Active,Not Active,Not Active
2026/10/07 10:36:58.248,226.17,450.00,2655,10251,63,68,65,17358,P2,Not Active,Not Active,Not Active,Not Active
2026/10/07 10:36:58.752,232.99,450.00,2655,10251,62,90,85,17358,P2,Not Active,Not Active,Not Active,Not Active
2026/10/07 10:36:59.257,291.13,450.00,2655,10251,73,93,58,17358,P2,Not Active,Not Active,Not Active,Not Active
2026/10/07 10:36:59.761,296.62,450.00,2655,10251,64,76,72,17358,P2,Not Active,Not Active,Not Active,Not Active
2026/10/07 10:37:00.266,242.38,450.00,2655,10251,63,82,78,17358,P2,Not Active,Not Active,Not Active,Not Active
2026/10/07 10:37:00.769,237.70,450.00,2655,10251,63,78,74,17358,P2,Not Active,Not Active,Not Active,Not Active
2026/10/07 10:37:01.273,239.51,450.00,2655,10251,63,84,80,17358,P2,Not Active,Not Active,Not Active,Not Active
2026/10/07 10:37:01.776,238.01,450.00,2655,10251,63,78,74,17358,P2,Not Active,Not Active,Not Active,Not Active
2026/10/07 10:37:02.279,256.97,450.00,2655,10251,63,77,73,17358,P2,Active,Not Active,Not Active,Not Active
2026/10/07 10:37:02.799,269.69,450.00,2655,10251,65,90,85,17358,P2,Not Active,Not Active,Not Active,Not Active
2026/10/07 10:37:03.305,270.61,450.00,2655,10251,63,71,67,17358,P2,Not Active,Not Active,Not Active,Not Active
2026/10/07 10:37:03.809,234.26,450.00,2655,10251,63,77,73,17358,P2,Not Active,Not Active,Not Active,Not Active
2026/10/07 10:37:04.313,236.45,450.00,2655,10251,63,77,73,17358,P2,Not Active,Not Active,Not Active,Not Active
2026/10/07 10:37:04.817,231.55,450.00,2655,10251,63,69,65,17358,P2,Not Active,Not Active,Not Active,Not Active
2026/10/07 10:37:05.323,229.20,450.00,2655,10251,62,81,77,17358,P2,Not Active,Not Active,Not Active,Not Active
2026/10/07 10:37:05.827,291.61,450.00,2535,10251,71,77,62,17358,P2,Not Active,Not Active,Not Active,Not Active
2026/10/07 10:37:06.330,290.74,450.00,2655,10251,64,83,79,17358,P2,Not Active,Not Active,Not Active,Not Active
2026/10/07 10:37:06.834,241.61,450.00,2655,10251,63,89,85,17358,P2,Not Active,Not Active,Not Active,Not Active
2026/10/07 10:37:07.337,249.63,450.00,2655,10251,63,89,85,17358,P2,Not Active,Not Active,Not Active,Not Active
2026/10/07 10:37:07.845,254.41,450.00,2655,10251,63,90,86,17358,P2,Not Active,Not Active,Not Active,Not Active
2026/10/07 10:37:08.349,247.93,450.00,2655,10251,63,81,77,17358,P2,Not Active,Not Active,Not Active,Not Active
2026/10/07 10:37:08.852,271.60,450.00,2655,10251,63,89,48,17358,P2,Not Active,Not Active,Not Active,Not Active
2026/10/07 10:37:09.355,276.70,450.00,2655,10251,64,90,85,17358,P2,Not Active,Not Active,Not Active,Not Active
2026/10/07 10:37:09.858,245.95,450.00,2655,10251,63,87,82,17358,P2,Not Active,Not Active,Not Active,Not Active
2026/10/07 10:37:10.364,239.29,450.00,2655,10251,63,76,72,17358,P2,Not Active,Not Active,Not Active,Not Active
2026/10/07 10:37:10.867,239.63,450.00,2655,10251,63,90,85,17358,P2,Not Active,Not Active,Not Active,Not Active
2026/10/07 10:37:11.371,237.45,450.00,2655,10251,63,76,72,17358,P2,Not Active,Not Active,Not Active,Not Active
2026/10/07 10:37:11.874,274.24,450.00,2655,10251,63,86,60,17358,P2,Active,Not Active,Not Active,Not Active
2026/10/07 10:37:12.406,288.52,450.00,2520,10251,74,78,74,17358,P2,Not Active,Not Active,Not Active,Not Active
2026/10/07 10:37:12.909,273.89,450.00,2655,10251,63,89,85,17358,P2,Not Active,Not Active,Not Active,Not Active
2026/10/07 10:37:13.412,242.48,450.00,2655,10251,63,89,84,17358,P2,Not Active,Not Active,Not Active,Not Active
2026/10/07 10:37:13.916,242.52,450.00,2655,10251,63,88,84,17358,P2,Not Active,Not Active,Not Active,Not Active
2026/10/07 10:37:14.421,237.87,450.00,2655,10251,62,68,65,17358,P2,Not Active,Not Active,Not Active,Not Active
2026/10/07 10:37:14.925,229.72,450.00,2655,10251,63,70,67,17358,P2,Not Active,Not Active,Not Active,Not Active
2026/10/07 10:37:15.429,267.58,450.00,2655,10251,64,89,79,17358,P2,Not Active,Not Active,Not Active,Not Active
2026/10/07 10:37:15.932,281.95,450.00,2655,10251,63,91,86,17358,P2,Not Active,Not Active,Not Active,Not Active
2026/10/07 10:37:16.435,253.08,450.00,2655,10251,63,91,86,17358,P2,Not Active,Not Active,Not Active,Not Active
2026/10/07 10:37:16.940,253.07,450.00,2655,10251,63,90,86,17358,P2,Not Active,Not Active,Not Active,Not Active
2026/10/07 10:37:17.443,253.66,450.00,2655,10251,63,89,85,17358,P2,Not Active,Not Active,Not Active,Not Active
2026/10/07 10:37:17.946,261.00,450.00,2655,10251,63,90,75,17358,P2,Active,Not Active,Not Active,Not Active
2026/10/07 10:37:18.474,303.37,450.00,2655,10251,64,85,79,17358,P2,Not Active,Not Active,Not Active,Not Active
2026/10/07 10:37:18.979,304.06,450.00,2655,10251,63,90,86,17358,P2,Not Active,Not Active,Not Active,Not Active
2026/10/07 10:37:19.530,255.16,450.00,2655,10251,63,90,86,17358,P2,Not Active,Not Active,Not Active,Not Active
2026/10/07 10:37:20.034,254.67,450.00,2655,10251,63,90,86,17358,P2,Not Active,Not Active,Not Active,Not Active
2026/10/07 10:37:20.539,254.76,450.00,2655,10251,63,90,86,17358,P2,Not Active,Not Active,Not Active,Not Active
2026/10/07 10:37:21.043,283.20,450.00,2655,10251,63,88,80,17358,P2,Active,Not Active,Not Active,Not Active
2026/10/07 10:37:21.553,283.18,450.00,2655,10251,64,90,86,17358,P2,Not Active,Not Active,Not Active,Not Active
2026/10/07 10:37:22.058,280.18,450.00,2655,10251,63,88,84,17358,P2,Not Active,Not Active,Not Active,Not Active
2026/10/07 10:37:22.561,251.69,450.00,2655,10251,63,87,82,17358,P2,Not Active,Not Active,Not Active,Not Active
2026/10/07 10:37:23.065,250.99,450.00,2655,10251,63,89,85,17358,P2,Not Active,Not Active,Not Active,Not Active
2026/10/07 10:37:23.571,250.11,450.00,2655,10251,63,87,83,17358,P2,Not Active,Not Active,Not Active,Not Active
2026/10/07 10:37:24.076,279.90,450.00,2550,10251,64,84,61,17358,P2,Active,Not Active,Not Active,Not Active
2026/10/07 10:37:24.581,293.99,450.00,2655,10251,64,85,81,17358,P2,Not Active,Not Active,Not Active,Not Active
2026/10/07 10:37:25.084,282.39,450.00,2655,10251,63,84,80,17358,P2,Not Active,Not Active,Not Active,Not Active
2026/10/07 10:37:25.588,241.87,450.00,2655,10251,63,76,73,17358,P2,Not Active,Not Active,Not Active,Not Active
2026/10/07 10:37:26.093,239.42,450.00,2655,10251,63,84,80,17358,P2,Not Active,Not Active,Not Active,Not Active
2026/10/07 10:37:26.598,246.05,450.00,2655,10251,63,90,86,17358,P2,Not Active,Not Active,Not Active,Not Active
2026/10/07 10:37:27.101,252.26,450.00,2655,10251,63,90,86,17358,P2,Active,Not Active,Not Active,Not Active
2026/10/07 10:37:27.651,281.16,450.00,2655,10251,64,89,85,17358,P2,Not Active,Not Active,Not Active,Not Active
2026/10/07 10:37:28.159,279.29,450.00,2655,10251,63,89,85,17358,P2,Not Active,Not Active,Not Active,Not Active
2026/10/07 10:37:28.662,250.38,450.00,2655,10251,63,89,85,17358,P2,Not Active,Not Active,Not Active,Not Active
2026/10/07 10:37:29.166,250.64,450.00,2655,10251,63,90,85,17358,P2,Not Active,Not Active,Not Active,Not Active
2026/10/07 10:37:29.669,250.62,450.00,2655,10251,63,91,86,17358,P2,Not Active,Not Active,Not Active,Not Active
2026/10/07 10:37:30.175,298.65,450.00,2655,10251,63,100,35,17358,P2,Active,Not Active,Not Active,Not Active
2026/10/07 10:37:30.681,302.73,450.00,2655,10251,64,90,86,17358,P2,Not Active,Not Active,Not Active,Not Active
2026/10/07 10:37:31.185,284.02,450.00,2655,10251,64,89,85,17358,P2,Not Active,Not Active,Not Active,Not Active
2026/10/07 10:37:31.689,255.34,450.00,2655,10251,63,89,85,17358,P2,Not Active,Not Active,Not Active,Not Active
2026/10/07 10:37:32.194,255.12,450.00,2655,10251,64,90,86,17358,P2,Not Active,Not Active,Not Active,Not Active
2026/10/07 10:37:32.698,254.63,450.00,2655,10251,63,89,85,17358,P2,Not Active,Not Active,Not Active,Not Active
2026/10/07 10:37:33.201,283.51,450.00,2655,10251,63,91,46,17358,P2,Not Active,Not Active,Not Active,Not Active
2026/10/07 10:37:33.730,278.83,450.00,2655,10251,64,89,85,17358,P2,Not Active,Not Active,Not Active,Not Active
2026/10/07 10:37:34.237,248.78,450.00,2655,10251,63,89,85,17358,P2,Not Active,Not Active,Not Active,Not Active
2026/10/07 10:37:34.741,252.76,450.00,2655,10251,63,91,86,17358,P2,Not Active,Not Active,Not Active,Not Active
2026/10/07 10:37:35.245,253.23,450.00,2655,10251,63,89,84,17358,P2,Not Active,Not Active,Not Active,Not Active
2026/10/07 10:37:35.748,253.80,450.00,2655,10251,63,90,86,17358,P2,Not Active,Not Active,Not Active,Not Active
2026/10/07 10:37:36.253,306.98,450.00,2550,10251,66,96,40,17358,P2,Not Active,Not Active,Not Active,Not Active
2026/10/07 10:37:36.757,301.19,450.00,2655,10251,64,90,86,17358,P2,Not Active,Not Active,Not Active,Not Active
2026/10/07 10:37:37.260,252.36,450.00,2655,10251,64,90,85,17358,P2,Not Active,Not Active,Not Active,Not Active
2026/10/07 10:37:37.764,252.70,450.00,2655,10251,63,90,86,17358,P2,Not Active,Not Active,Not Active,Not Active
2026/10/07 10:37:38.267,251.67,450.00,2655,10251,63,86,82,17358,P2,Not Active,Not Active,Not Active,Not Active
2026/10/07 10:37:38.773,252.09,450.00,2655,10251,63,90,86,17358,P2,Not Active,Not Active,Not Active,Not Active
2026/10/07 10:37:39.277,283.77,450.00,2655,10251,63,95,60,17358,P2,Not Active,Not Active,Not Active,Not Active
2026/10/07 10:37:39.780,281.64,450.00,2655,10251,64,90,85,17358,P2,Not Active,Not Active,Not Active,Not Active
2026/10/07 10:37:40.284,254.27,450.00,2655,10251,64,91,86,17358,P2,Not Active,Not Active,Not Active,Not Active
2026/10/07 10:37:40.789,253.99,450.00,2655,10251,64,91,86,17358,P2,Not Active,Not Active,Not Active,Not Active
2026/10/07 10:37:41.294,254.06,450.00,2655,10251,63,90,86,17358,P2,Not Active,Not Active,Not Active,Not Active
2026/10/07 10:37:41.799,253.68,450.00,2655,10251,63,90,85,17358,P2,Active,Not Active,Not Active,Not Active
2026/10/07 10:37:42.346,300.38,450.00,2520,10251,73,89,85,17358,P2,Not Active,Not Active,Not Active,Not Active
2026/10/07 10:37:42.855,301.14,450.00,2655,10251,64,90,86,17358,P2,Not Active,Not Active,Not Active,Not Active
2026/10/07 10:37:43.359,255.04,450.00,2655,10251,64,89,85,17358,P2,Not Active,Not Active,Not Active,Not Active
2026/10/07 10:37:43.862,255.45,450.00,2655,10251,64,90,86,17358,P2,Not Active,Not Active,Not Active,Not Active
2026/10/07 10:37:44.366,255.28,450.00,2655,10251,63,89,85,17358,P2,Not Active,Not Active,Not Active,Not Active
2026/10/07 10:37:44.871,257.94,450.00,2655,10251,64,90,86,17358,P2,Active,Not Active,Not Active,Not Active
2026/10/07 10:37:45.426,284.59,450.00,2655,10251,64,90,85,17358,P2,Not Active,Not Active,Not Active,Not Active
2026/10/07 10:37:45.933,281.15,450.00,2655,10251,64,90,85,17358,P2,Not Active,Not Active,Not Active,Not Active
2026/10/07 10:37:46.437,254.47,450.00,2655,10251,64,91,86,17358,P2,Not Active,Not Active,Not Active,Not Active
2026/10/07 10:37:46.940,254.50,450.00,2655,10251,63,91,86,17358,P2,Not Active,Not Active,Not Active,Not Active
2026/10/07 10:37:47.444,254.71,450.00,2655,10251,63,90,85,17358,P2,Not Active,Not Active,Not Active,Not Active
2026/10/07 10:37:47.948,303.65,450.00,2535,10251,75,99,35,17358,P2,Not Active,Not Active,Not Active,Not Active
2026/10/07 10:37:48.505,300.26,450.00,2655,10251,64,90,86,17358,P2,Not Active,Not Active,Not Active,Not Active
2026/10/07 10:37:49.012,272.54,450.00,2655,10251,64,90,86,17358,P2,Not Active,Not Active,Not Active,Not Active
2026/10/07 10:37:49.516,256.12,450.00,2655,10251,64,90,86,17358,P2,Not Active,Not Active,Not Active,Not Active
2026/10/07 10:37:50.019,256.02,450.00,2655,10251,64,89,85,17358,P2,Not Active,Not Active,Not Active,Not Active
2026/10/07 10:37:50.523,255.89,450.00,2655,10251,64,90,86,17358,P2,Not Active,Not Active,Not Active,Not Active
2026/10/07 10:37:51.032,286.40,450.00,2655,10251,70,96,55,17358,P2,Not Active,Not Active,Not Active,Not Active
2026/10/07 10:37:51.575,285.80,450.00,2655,10251,64,90,86,17358,P2,Not Active,Not Active,Not Active,Not Active
2026/10/07 10:37:52.079,254.68,450.00,2655,10251,63,90,86,17358,P2,Not Active,Not Active,Not Active,Not Active
2026/10/07 10:37:52.583,254.62,450.00,2655,10251,64,91,86,17358,P2,Not Active,Not Active,Not Active,Not Active
2026/10/07 10:37:53.089,254.70,450.00,2655,10251,64,91,86,17358,P2,Not Active,Not Active,Not Active,Not Active
2026/10/07 10:37:53.592,254.93,450.00,2655,10251,63,91,86,17358,P2,Not Active,Not Active,Not Active,Not Active
2026/10/07 10:37:54.096,304.02,450.00,2655,10251,67,94,61,17358,P2,Not Active,Not Active,Not Active,Not Active
2026/10/07 10:37:54.599,303.44,450.00,2655,10251,64,88,84,17358,P2,Not Active,Not Active,Not Active,Not Active
2026/10/07 10:37:55.104,254.49,450.00,2655,10251,64,90,85,17358,P2,Not Active,Not Active,Not Active,Not Active
2026/10/07 10:37:55.609,254.75,450.00,2655,10251,64,90,85,17358,P2,Not Active,Not Active,Not Active,Not Active
2026/10/07 10:37:56.113,254.65,450.00,2655,10251,64,89,85,17358,P2,Not Active,Not Active,Not Active,Not Active
2026/10/07 10:37:56.616,254.05,450.00,2655,10251,64,90,86,17358,P2,Not Active,Not Active,Not Active,Not Active
2026/10/07 10:37:57.120,284.16,450.00,2655,10251,65,92,78,17358,P2,Not Active,Not Active,Not Active,Not Active
2026/10/07 10:37:57.625,284.69,450.00,2655,10251,64,91,86,17358,P2,Not Active,Not Active,Not Active,Not Active
2026/10/07 10:37:58.129,255.10,450.00,2655,10251,64,91,86,17358,P2,Not Active,Not Active,Not Active,Not Active
2026/10/07 10:37:58.632,254.85,450.00,2655,10251,64,91,86,17358,P2,Not Active,Not Active,Not Active,Not Active
2026/10/07 10:37:59.136,254.57,450.00,2655,10251,64,90,86,17358,P2,Not Active,Not Active,Not Active,Not Active
2026/10/07 10:37:59.639,285.09,450.00,2655,10251,64,91,74,17358,P2,Active,Not Active,Not Active,Not Active
2026/10/07 10:38:00.144,299.30,450.00,2655,10251,64,88,84,17358,P2,Not Active,Not Active,Not Active,Not Active
2026/10/07 10:38:00.648,291.29,450.00,2655,10251,64,89,85,17358,P2,Not Active,Not Active,Not Active,Not Active
2026/10/07 10:38:01.151,254.38,450.00,2655,10251,64,90,85,17358,P2,Not Active,Not Active,Not Active,Not Active
2026/10/07 10:38:01.656,254.96,450.00,2655,10251,64,88,84,17358,P2,Not Active,Not Active,Not Active,Not Active
2026/10/07 10:38:02.160,255.11,450.00,2655,10251,64,90,86,17358,P2,Not Active,Not Active,Not Active,Not Active
2026/10/07 10:38:02.665,273.62,450.00,2655,10251,64,90,86,17358,P2,Active,Not Active,Not Active,Not Active
2026/10/07 10:38:03.169,283.26,450.00,2655,10251,64,91,86,17358,P2,Not Active,Not Active,Not Active,Not Active
2026/10/07 10:38:03.673,281.33,450.00,2655,10251,64,90,85,17358,P2,Not Active,Not Active,Not Active,Not Active
2026/10/07 10:38:04.176,251.28,450.00,2655,10251,63,89,85,17358,P2,Not Active,Not Active,Not Active,Not Active
2026/10/07 10:38:04.680,250.90,450.00,2655,10251,64,91,86,17358,P2,Not Active,Not Active,Not Active,Not Active
2026/10/07 10:38:05.185,250.98,450.00,2655,10251,63,91,86,17358,P2,Not Active,Not Active,Not Active,Not Active
2026/10/07 10:38:05.688,294.88,450.00,2655,10251,64,94,58,17358,P2,Not Active,Not Active,Not Active,Not Active
2026/10/07 10:38:06.192,302.91,450.00,2655,10251,65,89,84,17358,P2,Not Active,Not Active,Not Active,Not Active
2026/10/07 10:38:06.696,280.55,450.00,2655,10251,64,90,86,17358,P2,Not Active,Not Active,Not Active,Not Active
2026/10/07 10:38:07.199,254.71,450.00,2655,10251,64,90,86,17358,P2,Not Active,Not Active,Not Active,Not Active
2026/10/07 10:38:07.705,255.91,450.00,2655,10251,64,90,86,17358,P2,Not Active,Not Active,Not Active,Not Active
2026/10/07 10:38:08.208,255.65,450.00,2655,10251,64,90,86,17358,P2,Not Active,Not Active,Not Active,Not Active
2026/10/07 10:38:08.712,283.08,450.00,2655,10251,64,92,65,17358,P2,Not Active,Not Active,Not Active,Not Active
2026/10/07 10:38:09.231,282.69,450.00,2655,10251,64,91,86,17358,P2,Not Active,Not Active,Not Active,Not Active
2026/10/07 10:38:09.734,254.86,450.00,2655,10251,64,91,86,17358,P2,Not Active,Not Active,Not Active,Not Active
2026/10/07 10:38:10.238,254.38,450.00,2655,10251,64,90,85,17358,P2,Not Active,Not Active,Not Active,Not Active
2026/10/07 10:38:10.743,254.23,450.00,2655,10251,64,90,86,17358,P2,Not Active,Not Active,Not Active,Not Active
2026/10/07 10:38:11.247,253.83,450.00,2655,10251,64,89,85,17358,P2,Not Active,Not Active,Not Active,Not Active
2026/10/07 10:38:11.750,300.23,450.00,2550,10251,72,82,65,17358,P2,Not Active,Not Active,Not Active,Not Active
2026/10/07 10:38:12.289,300.94,450.00,2655,10251,64,89,84,17358,P2,Not Active,Not Active,Not Active,Not Active
2026/10/07 10:38:12.793,254.29,450.00,2655,10251,64,90,86,17358,P2,Not Active,Not Active,Not Active,Not Active
2026/10/07 10:38:13.297,255.41,450.00,2655,10251,64,88,84,17358,P2,Not Active,Not Active,Not Active,Not Active
2026/10/07 10:38:13.802,255.01,450.00,2655,10251,64,89,85,17358,P2,Not Active,Not Active,Not Active,Not Active
2026/10/07 10:38:14.306,255.03,450.00,2655,10251,64,90,85,17358,P2,Not Active,Not Active,Not Active,Not Active
2026/10/07 10:38:14.809,286.01,450.00,2655,10251,64,86,81,17358,P2,Not Active,Not Active,Not Active,Not Active
2026/10/07 10:38:15.313,282.62,450.00,2655,10251,64,90,86,17358,P2,Not Active,Not Active,Not Active,Not Active
2026/10/07 10:38:15.816,254.34,450.00,2655,10251,64,91,86,17358,P2,Not Active,Not Active,Not Active,Not Active
2026/10/07 10:38:16.324,254.60,450.00,2655,10251,64,91,86,17358,P2,Not Active,Not Active,Not Active,Not Active
2026/10/07 10:38:16.827,254.75,450.00,2655,10251,64,90,86,17358,P2,Not Active,Not Active,Not Active,Not Active
2026/10/07 10:38:17.330,268.20,450.00,2655,10251,64,92,69,17358,P2,Active,Not Active,Not Active,Not Active
2026/10/07 10:38:17.834,303.67,450.00,2520,10251,74,89,85,17358,P2,Not Active,Not Active,Not Active,Not Active
2026/10/07 10:38:18.377,304.25,450.00,2655,10251,64,90,86,17358,P2,Not Active,Not Active,Not Active,Not Active
2026/10/07 10:38:18.882,255.72,450.00,2655,10251,64,90,86,17358,P2,Not Active,Not Active,Not Active,Not Active
2026/10/07 10:38:19.385,255.88,450.00,2655,10251,64,90,86,17358,P2,Not Active,Not Active,Not Active,Not Active
2026/10/07 10:38:19.889,255.84,450.00,2655,10251,64,90,86,17358,P2,Not Active,Not Active,Not Active,Not Active
2026/10/07 10:38:20.392,247.90,450.00,2655,10251,64,65,62,17358,P2,Not Active,Not Active,Not Active,Not Active
2026/10/07 10:38:20.897,170.48,450.00,2670,10251,60,0,0,17358,P2,Not Active,Not Active,Not Active,Not Active
