timestamp,power_w,power_limit_w,clock_sm_mhz,clock_mem_mhz,temp_c,util_gpu_pct,util_mem_pct,mem_used_mib,pstate,throttle_sw_power_cap,throttle_hw_thermal,throttle_sw_thermal,throttle_hw_slowdown
2026/10/07 14:45:58.569,19.83,450.00,210,405,47,5,5,16484,P8,Not Active,Not Active,Not Active,Not Active
2026/10/07 14:45:59.192,20.32,450.00,210,405,47,22,5,16485,P8,Not Active,Not Active,Not Active,Not Active
2026/10/07 14:45:59.804,20.35,450.00,210,405,47,3,4,16485,P8,Not Active,Not Active,Not Active,Not Active
2026/10/07 14:46:00.420,20.10,450.00,210,405,47,12,5,16485,P8,Not Active,Not Active,Not Active,Not Active
2026/10/07 14:46:01.041,20.15,450.00,210,405,47,3,4,16481,P8,Not Active,Not Active,Not Active,Not Active
2026/10/07 14:46:01.653,20.05,450.00,210,405,47,14,5,16471,P8,Not Active,Not Active,Not Active,Not Active
2026/10/07 14:46:02.273,20.05,450.00,210,405,47,3,4,16471,P8,Not Active,Not Active,Not Active,Not Active
2026/10/07 14:46:02.894,20.12,450.00,210,405,47,4,4,16471,P8,Not Active,Not Active,Not Active,Not Active
2026/10/07 14:46:03.513,28.52,450.00,210,405,47,42,11,16681,P2,Not Active,Not Active,Not Active,Not Active
2026/10/07 14:46:04.080,49.06,450.00,2520,10251,48,2,0,16677,P2,Not Active,Not Active,Not Active,Not Active
2026/10/07 14:46:04.660,64.99,450.00,2520,10251,48,3,0,16673,P2,Not Active,Not Active,Not Active,Not Active
2026/10/07 14:46:05.239,65.19,450.00,2520,10251,48,2,0,16750,P2,Not Active,Not Active,Not Active,Not Active
2026/10/07 14:46:05.820,65.50,450.00,2520,10251,48,1,0,16742,P2,Not Active,Not Active,Not Active,Not Active
2026/10/07 14:46:06.399,65.38,450.00,2520,10251,48,2,0,16720,P2,Not Active,Not Active,Not Active,Not Active
2026/10/07 14:46:06.980,55.24,450.00,615,810,48,7,3,16720,P5,Not Active,Not Active,Not Active,Not Active
2026/10/07 14:46:07.576,37.86,450.00,540,810,47,14,4,16724,P5,Not Active,Not Active,Not Active,Not Active
2026/10/07 14:46:08.206,144.61,450.00,2520,10251,55,85,78,16687,P2,Not Active,Not Active,Not Active,Not Active
2026/10/07 14:46:08.709,244.19,450.00,2670,10251,55,90,85,16669,P2,Not Active,Not Active,Not Active,Not Active
2026/10/07 14:46:09.213,247.96,450.00,2670,10251,56,74,69,16672,P2,Not Active,Not Active,Not Active,Not Active
2026/10/07 14:46:09.716,232.41,450.00,2670,10251,55,72,67,16667,P2,Not Active,Not Active,Not Active,Not Active
2026/10/07 14:46:10.220,233.65,450.00,2670,10251,56,77,73,16668,P2,Not Active,Not Active,Not Active,Not Active
2026/10/07 14:46:10.726,237.94,450.00,2670,10251,56,76,72,16659,P2,Not Active,Not Active,Not Active,Not Active
2026/10/07 14:46:11.230,257.94,450.00,2670,10251,57,87,83,16638,P2,Not Active,Not Active,Not Active,Not Active
2026/10/07 14:46:11.734,267.79,450.00,2670,10251,57,87,82,16638,P2,Not Active,Not Active,Not Active,Not Active
2026/10/07 14:46:12.238,261.34,450.00,2670,10251,57,87,82,16653,P2,Not Active,Not Active,Not Active,Not Active
2026/10/07 14:46:12.746,260.86,450.00,2670,10251,57,87,82,16653,P2,Not Active,Not Active,Not Active,Not Active
2026/10/07 14:46:13.249,264.50,450.00,2670,10251,57,90,86,16651,P2,Not Active,Not Active,Not Active,Not Active
2026/10/07 14:46:13.753,268.07,450.00,2670,10251,58,90,85,16644,P2,Not Active,Not Active,Not Active,Not Active
2026/10/07 14:46:14.257,276.71,450.00,2670,10251,58,91,86,16631,P2,Not Active,Not Active,Not Active,Not Active
2026/10/07 14:46:14.761,276.83,450.00,2670,10251,58,89,85,16631,P2,Not Active,Not Active,Not Active,Not Active
2026/10/07 14:46:15.265,268.46,450.00,2670,10251,58,90,85,16631,P2,Not Active,Not Active,Not Active,Not Active
2026/10/07 14:46:15.770,268.51,450.00,2670,10251,58,90,85,16631,P2,Not Active,Not Active,Not Active,Not Active
2026/10/07 14:46:16.273,268.59,450.00,2670,10251,58,90,85,16628,P2,Not Active,Not Active,Not Active,Not Active
2026/10/07 14:46:16.777,276.48,450.00,2670,10251,59,90,71,16631,P2,Not Active,Not Active,Not Active,Not Active
2026/10/07 14:46:17.282,277.42,450.00,2670,10251,59,90,86,16631,P2,Not Active,Not Active,Not Active,Not Active
2026/10/07 14:46:17.786,269.67,450.00,2670,10251,59,90,85,16631,P2,Not Active,Not Active,Not Active,Not Active
2026/10/07 14:46:18.289,269.16,450.00,2670,10251,59,89,85,16631,P2,Not Active,Not Active,Not Active,Not Active
2026/10/07 14:46:18.793,268.66,450.00,2670,10251,59,89,85,16626,P2,Not Active,Not Active,Not Active,Not Active
2026/10/07 14:46:19.297,275.69,450.00,2670,10251,59,90,87,16626,P2,Active,Not Active,Not Active,Not Active
2026/10/07 14:46:19.802,278.72,450.00,2670,10251,59,90,88,16626,P2,Not Active,Not Active,Not Active,Not Active
2026/10/07 14:46:20.306,281.73,450.00,2670,10251,59,91,90,16626,P2,Not Active,Not Active,Not Active,Not Active
2026/10/07 14:46:20.810,275.62,450.00,2670,10251,59,90,88,16626,P2,Not Active,Not Active,Not Active,Not Active
2026/10/07 14:46:21.313,274.44,450.00,2670,10251,59,89,87,16626,P2,Not Active,Not Active,Not Active,Not Active
2026/10/07 14:46:21.819,271.35,450.00,2670,10251,59,87,84,16626,P2,Not Active,Not Active,Not Active,Not Active
2026/10/07 14:46:22.323,278.56,450.00,2670,10251,60,87,84,16626,P2,Not Active,Not Active,Not Active,Not Active
2026/10/07 14:46:22.827,278.51,450.00,2670,10251,60,86,85,16625,P2,Not Active,Not Active,Not Active,Not Active
2026/10/07 14:46:23.332,267.93,450.00,2670,10251,60,85,84,16625,P2,Not Active,Not Active,Not Active,Not Active
2026/10/07 14:46:23.837,267.34,450.00,2670,10251,60,83,81,16625,P2,Not Active,Not Active,Not Active,Not Active
2026/10/07 14:46:24.342,268.36,450.00,2670,10251,60,87,86,16624,P2,Not Active,Not Active,Not Active,Not Active
2026/10/07 14:46:24.846,279.56,450.00,2670,10251,60,90,75,16624,P2,Not Active,Not Active,Not Active,Not Active
2026/10/07 14:46:25.350,284.38,450.00,2670,10251,60,89,88,16623,P2,Not Active,Not Active,Not Active,Not Active
2026/10/07 14:46:25.853,284.64,450.00,2670,10251,60,90,89,16620,P2,Not Active,Not Active,Not Active,Not Active
2026/10/07 14:46:26.358,276.36,450.00,2670,10251,60,91,90,16617,P2,Not Active,Not Active,Not Active,Not Active
2026/10/07 14:46:26.862,276.86,450.00,2670,10251,60,91,89,16615,P2,Not Active,Not Active,Not Active,Not Active
2026/10/07 14:46:27.366,276.22,450.00,2670,10251,61,90,89,16615,P2,Active,Not Active,Not Active,Not Active
2026/10/07 14:46:27.914,285.62,450.00,2670,10251,61,91,90,16615,P2,Not Active,Not Active,Not Active,Not Active
2026/10/07 14:46:28.421,286.57,450.00,2670,10251,61,91,90,16615,P2,Not Active,Not Active,Not Active,Not Active
2026/10/07 14:46:28.925,277.60,450.00,2670,10251,61,91,89,16615,P2,Not Active,Not Active,Not Active,Not Active
2026/10/07 14:46:29.429,277.78,450.00,2670,10251,61,90,89,16615,P2,Not Active,Not Active,Not Active,Not Active
2026/10/07 14:46:29.932,277.57,450.00,2670,10251,61,90,88,16615,P2,Not Active,Not Active,Not Active,Not Active
2026/10/07 14:46:30.438,286.66,450.00,2655,10251,62,91,89,16615,P2,Not Active,Not Active,Not Active,Not Active
2026/10/07 14:46:30.942,287.19,450.00,2670,10251,61,91,89,16615,P2,Not Active,Not Active,Not Active,Not Active
2026/10/07 14:46:31.445,278.78,450.00,2670,10251,61,91,89,16615,P2,Not Active,Not Active,Not Active,Not Active
2026/10/07 14:46:31.949,279.27,450.00,2670,10251,61,91,89,16615,P2,Not Active,Not Active,Not Active,Not Active
2026/10/07 14:46:32.452,279.82,450.00,2670,10251,61,91,89,16615,P2,Not Active,Not Active,Not Active,Not Active
2026/10/07 14:46:32.957,286.76,450.00,2595,10251,64,91,75,16615,P2,Not Active,Not Active,Not Active,Not Active
2026/10/07 14:46:33.462,286.30,450.00,2670,10251,61,91,89,16615,P2,Not Active,Not Active,Not Active,Not Active
2026/10/07 14:46:33.966,278.78,450.00,2670,10251,62,91,89,16615,P2,Not Active,Not Active,Not Active,Not Active
2026/10/07 14:46:34.470,278.74,450.00,2670,10251,62,90,88,16615,P2,Not Active,Not Active,Not Active,Not Active
2026/10/07 14:46:34.974,278.73,450.00,2670,10251,62,90,89,16615,P2,Not Active,Not Active,Not Active,Not Active
2026/10/07 14:46:35.479,284.19,450.00,2670,10251,61,85,70,16615,P2,Not Active,Not Active,Not Active,Not Active
2026/10/07 14:46:35.982,279.49,450.00,2670,10251,62,83,82,16615,P2,Not Active,Not Active,Not Active,Not Active
2026/10/07 14:46:36.487,273.41,450.00,2670,10251,62,84,82,16615,P2,Not Active,Not Active,Not Active,Not Active
2026/10/07 14:46:36.991,266.87,450.00,2670,10251,61,89,87,16615,P2,Not Active,Not Active,Not Active,Not Active
2026/10/07 14:46:37.499,270.47,450.00,2670,10251,62,87,85,16615,P2,Not Active,Not Active,Not Active,Not Active
2026/10/07 14:46:38.002,273.73,450.00,2670,10251,62,89,88,16615,P2,Not Active,Not Active,Not Active,Not Active
2026/10/07 14:46:38.506,282.96,450.00,2580,10251,66,89,87,16615,P2,Not Active,Not Active,Not Active,Not Active
2026/10/07 14:46:39.010,284.26,450.00,2670,10251,62,90,89,16615,P2,Not Active,Not Active,Not Active,Not Active
2026/10/07 14:46:39.515,277.15,450.00,2670,10251,63,88,86,16615,P2,Not Active,Not Active,Not Active,Not Active
2026/10/07 14:46:40.018,277.89,450.00,2670,10251,63,90,89,16615,P2,Not Active,Not Active,Not Active,Not Active
2026/10/07 14:46:40.522,278.36,450.00,2670,10251,63,91,88,16615,P2,Not Active,Not Active,Not Active,Not Active
2026/10/07 14:46:41.027,285.89,450.00,2670,10251,63,90,86,16615,P2,Not Active,Not Active,Not Active,Not Active
2026/10/07 14:46:41.531,285.42,450.00,2655,10251,63,91,88,16615,P2,Not Active,Not Active,Not Active,Not Active
2026/10/07 14:46:42.036,279.18,450.00,2655,10251,63,90,88,16615,P2,Not Active,Not Active,Not Active,Not Active
2026/10/07 14:46:42.539,279.65,450.00,2655,10251,63,91,89,16615,P2,Not Active,Not Active,Not Active,Not Active
2026/10/07 14:46:43.043,280.24,450.00,2655,10251,63,90,88,16615,P2,Not Active,Not Active,Not Active,Not Active
2026/10/07 14:46:43.547,288.47,450.00,2655,10251,63,90,89,16615,P2,Not Active,Not Active,Not Active,Not Active
2026/10/07 14:46:44.069,286.83,450.00,2655,10251,63,90,88,16615,P2,Not Active,Not Active,Not Active,Not Active
2026/10/07 14:46:44.574,286.59,450.00,2655,10251,63,89,87,16615,P2,Not Active,Not Active,Not Active,Not Active
2026/10/07 14:46:45.077,278.89,450.00,2655,10251,63,90,89,16615,P2,Not Active,Not Active,Not Active,Not Active
2026/10/07 14:46:45.581,279.68,450.00,2655,10251,63,91,89,16615,P2,Not Active,Not Active,Not Active,Not Active
2026/10/07 14:46:46.084,280.49,450.00,2655,10251,63,91,89,16615,P2,Not Active,Not Active,Not Active,Not Active
2026/10/07 14:46:46.588,287.54,450.00,2655,10251,66,90,88,16615,P2,Not Active,Not Active,Not Active,Not Active
2026/10/07 14:46:47.096,286.77,450.00,2655,10251,64,90,89,16615,P2,Not Active,Not Active,Not Active,Not Active
2026/10/07 14:46:47.599,279.53,450.00,2655,10251,64,91,89,16615,P2,Not Active,Not Active,Not Active,Not Active
2026/10/07 14:46:48.102,278.95,450.00,2655,10251,64,89,87,16615,P2,Not Active,Not Active,Not Active,Not Active
2026/10/07 14:46:48.606,278.33,450.00,2655,10251,64,90,89,16615,P2,Not Active,Not Active,Not Active,Not Active
2026/10/07 14:46:49.110,287.32,450.00,2655,10251,64,89,87,16615,P2,Not Active,Not Active,Not Active,Not Active
2026/10/07 14:46:49.615,289.02,450.00,2655,10251,64,91,89,16615,P2,Not Active,Not Active,Not Active,Not Active
2026/10/07 14:46:50.119,280.99,450.00,2655,10251,64,91,89,16615,P2,Not Active,Not Active,Not Active,Not Active
2026/10/07 14:46:50.625,281.02,450.00,2655,10251,64,91,89,16615,P2,Not Active,Not Active,Not Active,Not Active
2026/10/07 14:46:51.129,281.15,450.00,2655,10251,64,91,89,16615,P2,Not Active,Not Active,Not Active,Not Active
2026/10/07 14:46:51.634,288.67,450.00,2655,10251,64,92,76,16615,P2,Not Active,Not Active,Not Active,Not Active
2026/10/07 14:46:52.137,287.52,450.00,2655,10251,64,89,87,16615,P2,Not Active,Not Active,Not Active,Not Active
2026/10/07 14:46:52.641,278.80,450.00,2655,10251,64,89,88,16615,P2,Not Active,Not Active,Not Active,Not Active
2026/10/07 14:46:53.144,279.33,450.00,2655,10251,64,91,90,16615,P2,Not Active,Not Active,Not Active,Not Active
2026/10/07 14:46:53.650,278.78,450.00,2655,10251,64,87,85,16615,P2,Not Active,Not Active,Not Active,Not Active
2026/10/07 14:46:54.153,280.09,450.00,2655,10251,64,90,88,16615,P2,Not Active,Not Active,Not Active,Not Active
2026/10/07 14:46:54.662,287.87,450.00,2655,10251,70,88,86,16615,P2,Not Active,Not Active,Not Active,Not Active
2026/10/07 14:46:55.166,287.31,450.00,2655,10251,64,89,87,16612,P2,Not Active,Not Active,Not Active,Not Active
2026/10/07 14:46:55.671,278.11,450.00,2655,10251,65,89,88,16612,P2,Not Active,Not Active,Not Active,Not Active
2026/10/07 14:46:56.175,279.92,450.00,2655,10251,65,89,87,16611,P2,Not Active,Not Active,Not Active,Not Active
2026/10/07 14:46:56.678,279.02,450.00,2655,10251,65,89,87,16611,P2,Not Active,Not Active,Not Active,Not Active
2026/10/07 14:46:57.181,278.06,450.00,2655,10251,64,78,69,16611,P2,Not Active,Not Active,Not Active,Not Active
2026/10/07 14:46:57.686,272.15,450.00,2655,10251,64,84,83,16611,P2,Not Active,Not Active,Not Active,Not Active
2026/10/07 14:46:58.191,272.34,450.00,2655,10251,65,89,87,16611,P2,Not Active,Not Active,Not Active,Not Active
2026/10/07 14:46:58.695,279.11,450.00,2655,10251,65,90,88,16611,P2,Not Active,Not Active,Not Active,Not Active
2026/10/07 14:46:59.198,280.95,450.00,2655,10251,65,91,89,16611,P2,Not Active,Not Active,Not Active,Not Active
2026/10/07 14:46:59.702,290.19,450.00,2655,10251,65,91,75,16611,P2,Not Active,Not Active,Not Active,Not Active
2026/10/07 14:47:00.206,288.82,450.00,2655,10251,66,90,87,16611,P2,Not Active,Not Active,Not Active,Not Active
2026/10/07 14:47:00.711,279.55,450.00,2655,10251,65,91,88,16611,P2,Not Active,Not Active,Not Active,Not Active
2026/10/07 14:47:01.214,281.17,450.00,2655,10251,65,90,89,16611,P2,Not Active,Not Active,Not Active,Not Active
2026/10/07 14:47:01.718,281.04,450.00,2655,10251,65,90,88,16611,P2,Not Active,Not Active,Not Active,Not Active
2026/10/07 14:47:02.222,281.04,450.00,2655,10251,65,90,88,16611,P2,Not Active,Not Active,Not Active,Not Active
2026/10/07 14:47:02.727,289.28,450.00,2655,10251,65,90,88,16611,P2,Not Active,Not Active,Not Active,Not Active
2026/10/07 14:47:03.230,288.65,450.00,2655,10251,65,89,87,16611,P2,Not Active,Not Active,Not Active,Not Active
2026/10/07 14:47:03.734,276.44,450.00,2655,10251,65,87,86,16611,P2,Not Active,Not Active,Not Active,Not Active
2026/10/07 14:47:04.237,276.34,450.00,2655,10251,65,90,88,16611,P2,Not Active,Not Active,Not Active,Not Active
2026/10/07 14:47:04.741,276.19,450.00,2655,10251,65,89,87,16611,P2,Not Active,Not Active,Not Active,Not Active
2026/10/07 14:47:05.246,287.76,450.00,2655,10251,66,90,88,16611,P2,Not Active,Not Active,Not Active,Not Active
2026/10/07 14:47:05.750,289.40,450.00,2655,10251,66,91,89,16611,P2,Not Active,Not Active,Not Active,Not Active
2026/10/07 14:47:06.254,282.17,450.00,2655,10251,66,90,89,16611,P2,Not Active,Not Active,Not Active,Not Active
2026/10/07 14:47:06.758,282.34,450.00,2655,10251,66,90,88,16611,P2,Not Active,Not Active,Not Active,Not Active
2026/10/07 14:47:07.261,282.22,450.00,2655,10251,66,90,88,16611,P2,Not Active,Not Active,Not Active,Not Active
2026/10/07 14:47:07.767,286.22,450.00,2655,10251,66,84,81,16611,P2,Not Active,Not Active,Not Active,Not Active
2026/10/07 14:47:08.270,286.36,450.00,2655,10251,66,90,89,16611,P2,Not Active,Not Active,Not Active,Not Active
2026/10/07 14:47:08.774,289.14,450.00,2655,10251,66,91,89,16611,P2,Not Active,Not Active,Not Active,Not Active
2026/10/07 14:47:09.277,282.17,450.00,2655,10251,66,90,88,16611,P2,Not Active,Not Active,Not Active,Not Active
2026/10/07 14:47:09.781,281.44,450.00,2655,10251,66,89,88,16611,P2,Not Active,Not Active,Not Active,Not Active
2026/10/07 14:47:10.288,287.26,450.00,2655,10251,66,91,89,16611,P2,Active,Not Active,Not Active,Not Active
2026/10/07 14:47:10.792,291.72,450.00,2655,10251,66,90,89,16611,P2,Not Active,Not Active,Not Active,Not Active
2026/10/07 14:47:11.295,291.70,450.00,2655,10251,66,91,89,16611,P2,Not Active,Not Active,Not Active,Not Active
2026/10/07 14:47:11.799,282.67,450.00,2655,10251,66,90,88,16611,P2,Not Active,Not Active,Not Active,Not Active
2026/10/07 14:47:12.304,282.42,450.00,2655,10251,66,91,89,16611,P2,Not Active,Not Active,Not Active,Not Active
2026/10/07 14:47:12.808,283.56,450.00,2655,10251,66,91,89,16611,P2,Not Active,Not Active,Not Active,Not Active
2026/10/07 14:47:13.311,291.31,450.00,2655,10251,67,90,88,16611,P2,Not Active,Not Active,Not Active,Not Active
2026/10/07 14:47:13.815,291.78,450.00,2655,10251,66,91,89,16611,P2,Not Active,Not Active,Not Active,Not Active
2026/10/07 14:47:14.319,283.84,450.00,2655,10251,66,91,89,16611,P2,Not Active,Not Active,Not Active,Not Active
2026/10/07 14:47:14.824,283.61,450.00,2655,10251,66,90,88,16611,P2,Not Active,Not Active,Not Active,Not Active
2026/10/07 14:47:15.328,282.99,450.00,2655,10251,67,91,89,16611,P2,Not Active,Not Active,Not Active,Not Active
2026/10/07 14:47:15.831,291.34,450.00,2655,10251,67,89,81,16611,P2,Not Active,Not Active,Not Active,Not Active
2026/10/07 14:47:16.335,291.47,450.00,2655,10251,67,91,89,16611,P2,Not Active,Not Active,Not Active,Not Active
2026/10/07 14:47:16.838,282.78,450.00,2655,10251,67,90,88,16611,P2,Not Active,Not Active,Not Active,Not Active
2026/10/07 14:47:17.344,282.42,450.00,2655,10251,67,89,88,16611,P2,Not Active,Not Active,Not Active,Not Active
2026/10/07 14:47:17.847,280.78,450.00,2655,10251,67,87,85,16611,P2,Not Active,Not Active,Not Active,Not Active
2026/10/07 14:47:18.350,290.39,450.00,2655,10251,67,90,89,16611,P2,Not Active,Not Active,Not Active,Not Active
2026/10/07 14:47:18.854,291.87,450.00,2655,10251,67,90,89,16611,P2,Not Active,Not Active,Not Active,Not Active
2026/10/07 14:47:19.357,291.61,450.00,2655,10251,67,90,89,16611,P2,Not Active,Not Active,Not Active,Not Active
2026/10/07 14:47:19.862,282.82,450.00,2655,10251,67,90,88,16611,P2,Not Active,Not Active,Not Active,Not Active
2026/10/07 14:47:20.366,282.67,450.00,2655,10251,67,90,88,16611,P2,Not Active,Not Active,Not Active,Not Active
2026/10/07 14:47:20.870,283.35,450.00,2655,10251,67,90,89,16611,P2,Not Active,Not Active,Not Active,Not Active
2026/10/07 14:47:21.373,288.08,450.00,2655,10251,67,83,81,16611,P2,Not Active,Not Active,Not Active,Not Active
2026/10/07 14:47:21.877,288.03,450.00,2655,10251,67,90,88,16611,P2,Not Active,Not Active,Not Active,Not Active
2026/10/07 14:47:22.382,283.80,450.00,2655,10251,67,90,89,16611,P2,Not Active,Not Active,Not Active,Not Active
2026/10/07 14:47:22.886,283.65,450.00,2655,10251,67,90,88,16611,P2,Not Active,Not Active,Not Active,Not Active
2026/10/07 14:47:23.389,283.50,450.00,2655,10251,67,90,88,16611,P2,Not Active,Not Active,Not Active,Not Active
2026/10/07 14:47:23.892,290.95,450.00,2595,10251,68,92,79,16611,P2,Not Active,Not Active,Not Active,Not Active
2026/10/07 14:47:24.396,290.94,450.00,2655,10251,67,91,89,16611,P2,Not Active,Not Active,Not Active,Not Active
2026/10/07 14:47:24.901,283.36,450.00,2655,10251,67,91,89,16611,P2,Not Active,Not Active,Not Active,Not Active
2026/10/07 14:47:25.405,281.59,450.00,2655,10251,67,88,86,16611,P2,Not Active,Not Active,Not Active,Not Active
2026/10/07 14:47:25.908,276.66,450.00,2655,10251,67,81,79,16611,P2,Not Active,Not Active,Not Active,Not Active
2026/10/07 14:47:26.413,282.84,450.00,2655,10251,67,89,74,16611,P2,Not Active,Not Active,Not Active,Not Active
2026/10/07 14:47:26.918,283.10,450.00,2655,10251,67,84,82,16611,P2,Not Active,Not Active,Not Active,Not Active
2026/10/07 14:47:27.422,285.70,450.00,2655,10251,67,89,88,16611,P2,Not Active,Not Active,Not Active,Not Active
2026/10/07 14:47:27.926,281.02,450.00,2655,10251,67,90,88,16611,P2,Not Active,Not Active,Not Active,Not Active
2026/10/07 14:47:28.430,280.74,450.00,2655,10251,67,87,85,16611,P2,Not Active,Not Active,Not Active,Not Active
2026/10/07 14:47:28.933,281.05,450.00,2655,10251,67,90,88,16611,P2,Not Active,Not Active,Not Active,Not Active
2026/10/07 14:47:29.441,290.95,450.00,2655,10251,68,90,88,16611,P2,Not Active,Not Active,Not Active,Not Active
2026/10/07 14:47:29.945,293.15,450.00,2655,10251,68,91,89,16611,P2,Not Active,Not Active,Not Active,Not Active
2026/10/07 14:47:30.449,284.78,450.00,2655,10251,68,90,89,16611,P2,Not Active,Not Active,Not Active,Not Active
2026/10/07 14:47:30.952,284.50,450.00,2655,10251,67,90,88,16611,P2,Not Active,Not Active,Not Active,Not Active
2026/10/07 14:47:31.457,284.60,450.00,2655,10251,68,90,89,16611,P2,Not Active,Not Active,Not Active,Not Active
2026/10/07 14:47:31.960,293.90,450.00,2655,10251,72,88,72,16611,P2,Not Active,Not Active,Not Active,Not Active
2026/10/07 14:47:32.464,293.04,450.00,2655,10251,68,90,88,16611,P2,Not Active,Not Active,Not Active,Not Active
2026/10/07 14:47:32.967,278.79,450.00,2655,10251,68,91,89,16611,P2,Not Active,Not Active,Not Active,Not Active
2026/10/07 14:47:33.471,278.60,450.00,2655,10251,68,90,88,16611,P2,Not Active,Not Active,Not Active,Not Active
2026/10/07 14:47:33.975,284.74,450.00,2655,10251,67,91,89,16611,P2,Not Active,Not Active,Not Active,Not Active
2026/10/07 14:47:34.481,262.55,450.00,2655,10251,68,77,75,16611,P2,Not Active,Not Active,Not Active,Not Active
2026/10/07 14:47:34.984,172.85,450.00,2670,10251,62,1,0,16611,P2,Not Active,Not Active,Not Active,Not Active
2026/10/07 14:47:35.491,87.93,450.00,2670,10251,62,1,0,16611,P2,Not Active,Not Active,Not Active,Not Active
2026/10/07 14:47:35.995,87.30,450.00,2670,10251,61,1,0,16611,P2,Not Active,Not Active,Not Active,Not Active
2026/10/07 14:47:36.503,78.30,450.00,585,10251,60,1,0,16611,P2,Not Active,Not Active,Not Active,Not Active
2026/10/07 14:47:37.070,55.24,450.00,480,10251,59,2,2,16611,P5,Not Active,Not Active,Not Active,Not Active
2026/10/07 14:47:37.654,40.02,450.00,375,810,59,2,3,16611,P5,Not Active,Not Active,Not Active,Not Active
2026/10/07 14:47:38.237,32.42,450.00,240,405,58,4,5,16611,P8,Not Active,Not Active,Not Active,Not Active
2026/10/07 14:47:38.859,27.44,450.00,210,405,58,5,5,16611,P8,Not Active,Not Active,Not Active,Not Active
2026/10/07 14:47:39.470,23.89,450.00,210,405,58,1,5,16611,P8,Not Active,Not Active,Not Active,Not Active
2026/10/07 14:47:40.082,23.45,450.00,210,405,58,1,5,16611,P8,Not Active,Not Active,Not Active,Not Active
2026/10/07 14:47:40.686,23.43,450.00,210,405,57,3,5,16611,P8,Not Active,Not Active,Not Active,Not Active
2026/10/07 14:47:41.299,23.37,450.00,210,405,57,0,5,16611,P8,Not Active,Not Active,Not Active,Not Active
2026/10/07 14:47:41.919,23.16,450.00,210,405,57,4,5,16611,P8,Not Active,Not Active,Not Active,Not Active
2026/10/07 14:47:42.539,23.00,450.00,210,405,57,4,5,16611,P8,Not Active,Not Active,Not Active,Not Active
2026/10/07 14:47:43.159,23.03,450.00,210,405,57,4,5,16611,P8,Not Active,Not Active,Not Active,Not Active
2026/10/07 14:47:43.796,23.07,450.00,210,405,56,3,5,16611,P8,Not Active,Not Active,Not Active,Not Active
2026/10/07 14:47:44.401,22.85,450.00,210,405,56,1,5,16611,P8,Not Active,Not Active,Not Active,Not Active
2026/10/07 14:47:45.064,23.57,450.00,210,405,56,2,5,16611,P8,Not Active,Not Active,Not Active,Not Active
2026/10/07 14:47:45.683,23.83,450.00,210,405,56,2,5,16611,P8,Not Active,Not Active,Not Active,Not Active
2026/10/07 14:47:46.293,26.08,450.00,240,405,56,44,30,16611,P8,Active,Not Active,Not Active,Not Active
2026/10/07 14:47:46.907,135.77,450.00,2655,10251,63,90,88,16611,P2,Not Active,Not Active,Not Active,Not Active
2026/10/07 14:47:47.411,249.23,450.00,2655,10251,64,91,89,16611,P2,Not Active,Not Active,Not Active,Not Active
2026/10/07 14:47:47.916,278.87,450.00,2655,10251,64,90,88,16611,P2,Not Active,Not Active,Not Active,Not Active
2026/10/07 14:47:48.420,278.81,450.00,2655,10251,64,89,88,16611,P2,Not Active,Not Active,Not Active,Not Active
2026/10/07 14:47:48.923,278.69,450.00,2655,10251,64,90,88,16611,P2,Not Active,Not Active,Not Active,Not Active
2026/10/07 14:47:49.427,287.90,450.00,2655,10251,65,89,87,16611,P2,Not Active,Not Active,Not Active,Not Active
2026/10/07 14:47:49.937,288.25,450.00,2655,10251,64,90,88,16611,P2,Not Active,Not Active,Not Active,Not Active
2026/10/07 14:47:50.441,279.10,450.00,2655,10251,65,90,88,16611,P2,Not Active,Not Active,Not Active,Not Active
2026/10/07 14:47:50.945,279.50,450.00,2655,10251,64,90,89,16611,P2,Not Active,Not Active,Not Active,Not Active
2026/10/07 14:47:51.449,280.32,450.00,2655,10251,65,91,89,16611,P2,Not Active,Not Active,Not Active,Not Active
2026/10/07 14:47:51.954,288.10,450.00,2655,10251,65,90,80,16611,P2,Not Active,Not Active,Not Active,Not Active
2026/10/07 14:47:52.457,289.18,450.00,2655,10251,65,90,88,16611,P2,Not Active,Not Active,Not Active,Not Active
2026/10/07 14:47:52.961,283.59,450.00,2655,10251,65,89,87,16611,P2,Not Active,Not Active,Not Active,Not Active
2026/10/07 14:47:53.464,279.05,450.00,2655,10251,65,89,87,16611,P2,Not Active,Not Active,Not Active,Not Active
2026/10/07 14:47:53.970,278.47,450.00,2655,10251,65,87,85,16611,P2,Not Active,Not Active,Not Active,Not Active
2026/10/07 14:47:54.474,285.90,450.00,2655,10251,65,89,88,16611,P2,Active,Not Active,Not Active,Not Active
2026/10/07 14:47:54.978,287.98,450.00,2655,10251,65,90,88,16611,P2,Not Active,Not Active,Not Active,Not Active
2026/10/07 14:47:55.481,288.07,450.00,2655,10251,65,89,88,16611,P2,Not Active,Not Active,Not Active,Not Active
2026/10/07 14:47:55.985,280.65,450.00,2655,10251,65,91,89,16611,P2,Not Active,Not Active,Not Active,Not Active
2026/10/07 14:47:56.490,280.43,450.00,2655,10251,65,89,87,16611,P2,Not Active,Not Active,Not Active,Not Active
2026/10/07 14:47:56.993,279.65,450.00,2655,10251,65,90,88,16611,P2,Not Active,Not Active,Not Active,Not Active
2026/10/07 14:47:57.497,288.00,450.00,2655,10251,66,89,88,16611,P2,Not Active,Not Active,Not Active,Not Active
2026/10/07 14:47:58.001,288.02,450.00,2655,10251,65,88,86,16611,P2,Not Active,Not Active,Not Active,Not Active
2026/10/07 14:47:58.504,279.85,450.00,2655,10251,65,88,87,16611,P2,Not Active,Not Active,Not Active,Not Active
2026/10/07 14:47:59.009,279.94,450.00,2655,10251,65,90,88,16611,P2,Not Active,Not Active,Not Active,Not Active
2026/10/07 14:47:59.512,280.77,450.00,2655,10251,66,90,88,16611,P2,Not Active,Not Active,Not Active,Not Active
2026/10/07 14:48:00.016,290.34,450.00,2655,10251,65,91,75,16611,P2,Not Active,Not Active,Not Active,Not Active
2026/10/07 14:48:00.520,290.23,450.00,2655,10251,66,90,88,16611,P2,Not Active,Not Active,Not Active,Not Active
2026/10/07 14:48:01.023,281.29,450.00,2655,10251,66,90,87,16611,P2,Not Active,Not Active,Not Active,Not Active
2026/10/07 14:48:01.529,281.18,450.00,2655,10251,66,89,87,16611,P2,Not Active,Not Active,Not Active,Not Active
2026/10/07 14:48:02.033,281.03,450.00,2655,10251,66,90,88,16611,P2,Not Active,Not Active,Not Active,Not Active
2026/10/07 14:48:02.536,286.80,450.00,2655,10251,66,91,89,16611,P2,Not Active,Not Active,Not Active,Not Active
2026/10/07 14:48:03.085,291.06,450.00,2655,10251,66,90,88,16611,P2,Not Active,Not Active,Not Active,Not Active
2026/10/07 14:48:03.591,285.42,450.00,2655,10251,66,90,88,16611,P2,Not Active,Not Active,Not Active,Not Active
2026/10/07 14:48:04.094,281.57,450.00,2655,10251,66,90,89,16611,P2,Not Active,Not Active,Not Active,Not Active
2026/10/07 14:48:04.599,281.37,450.00,2655,10251,66,90,88,16611,P2,Not Active,Not Active,Not Active,Not Active
2026/10/07 14:48:05.102,281.58,450.00,2655,10251,66,91,89,16611,P2,Not Active,Not Active,Not Active,Not Active
2026/10/07 14:48:05.607,290.29,450.00,2655,10251,68,88,86,16611,P2,Not Active,Not Active,Not Active,Not Active
2026/10/07 14:48:06.111,288.87,450.00,2655,10251,66,87,86,16611,P2,Not Active,Not Active,Not Active,Not Active
2026/10/07 14:48:06.615,281.24,450.00,2655,10251,66,90,89,16611,P2,Not Active,Not Active,Not Active,Not Active
2026/10/07 14:48:07.119,283.05,450.00,2655,10251,66,90,89,16611,P2,Not Active,Not Active,Not Active,Not Active
2026/10/07 14:48:07.622,282.53,450.00,2655,10251,66,90,88,16611,P2,Not Active,Not Active,Not Active,Not Active
2026/10/07 14:48:08.127,291.47,450.00,2655,10251,66,92,78,16611,P2,Not Active,Not Active,Not Active,Not Active
2026/10/07 14:48:08.631,291.76,450.00,2655,10251,66,91,89,16611,P2,Not Active,Not Active,Not Active,Not Active
2026/10/07 14:48:09.135,283.11,450.00,2655,10251,66,90,88,16611,P2,Not Active,Not Active,Not Active,Not Active
2026/10/07 14:48:09.638,282.01,450.00,2655,10251,66,89,87,16611,P2,Not Active,Not Active,Not Active,Not Active
2026/10/07 14:48:10.143,282.67,450.00,2655,10251,66,91,89,16611,P2,Not Active,Not Active,Not Active,Not Active
2026/10/07 14:48:10.648,293.26,450.00,2655,10251,67,91,75,16611,P2,Not Active,Not Active,Not Active,Not Active
2026/10/07 14:48:11.153,292.01,450.00,2655,10251,67,91,89,16611,P2,Not Active,Not Active,Not Active,Not Active
2026/10/07 14:48:11.656,283.15,450.00,2655,10251,67,91,89,16611,P2,Not Active,Not Active,Not Active,Not Active
2026/10/07 14:48:12.161,283.19,450.00,2655,10251,67,91,88,16611,P2,Not Active,Not Active,Not Active,Not Active
2026/10/07 14:48:12.669,283.22,450.00,2655,10251,67,91,89,16611,P2,Not Active,Not Active,Not Active,Not Active
2026/10/07 14:48:13.172,291.12,450.00,2655,10251,67,91,75,16611,P2,Not Active,Not Active,Not Active,Not Active
2026/10/07 14:48:13.716,291.01,450.00,2655,10251,67,91,89,16611,P2,Not Active,Not Active,Not Active,Not Active
2026/10/07 14:48:14.220,290.36,450.00,2655,10251,67,86,85,16611,P2,Not Active,Not Active,Not Active,Not Active
2026/10/07 14:48:14.726,281.16,450.00,2655,10251,67,90,88,16611,P2,Not Active,Not Active,Not Active,Not Active
2026/10/07 14:48:15.230,281.06,450.00,2655,10251,67,89,87,16611,P2,Not Active,Not Active,Not Active,Not Active
2026/10/07 14:48:15.733,280.94,450.00,2655,10251,67,90,89,16611,P2,Not Active,Not Active,Not Active,Not Active
2026/10/07 14:48:16.236,291.19,450.00,2655,10251,67,90,89,16611,P2,Not Active,Not Active,Not Active,Not Active
2026/10/07 14:48:16.740,292.22,450.00,2655,10251,67,91,89,16611,P2,Not Active,Not Active,Not Active,Not Active
2026/10/07 14:48:17.245,283.46,450.00,2655,10251,67,90,89,16611,P2,Not Active,Not Active,Not Active,Not Active
2026/10/07 14:48:17.749,283.29,450.00,2655,10251,67,90,89,16611,P2,Not Active,Not Active,Not Active,Not Active
2026/10/07 14:48:18.252,282.89,450.00,2655,10251,67,90,88,16611,P2,Not Active,Not Active,Not Active,Not Active
2026/10/07 14:48:18.755,291.29,450.00,2655,10251,67,91,75,16611,P2,Not Active,Not Active,Not Active,Not Active
2026/10/07 14:48:19.259,291.74,450.00,2655,10251,67,90,89,16611,P2,Not Active,Not Active,Not Active,Not Active
2026/10/07 14:48:19.764,282.90,450.00,2655,10251,67,90,88,16611,P2,Not Active,Not Active,Not Active,Not Active
2026/10/07 14:48:20.268,283.28,450.00,2655,10251,67,91,89,16611,P2,Not Active,Not Active,Not Active,Not Active
2026/10/07 14:48:20.772,283.51,450.00,2655,10251,67,90,89,16611,P2,Not Active,Not Active,Not Active,Not Active
2026/10/07 14:48:21.275,292.14,450.00,2655,10251,68,90,74,16611,P2,Not Active,Not Active,Not Active,Not Active
2026/10/07 14:48:21.780,292.57,450.00,2655,10251,67,90,88,16611,P2,Not Active,Not Active,Not Active,Not Active
2026/10/07 14:48:22.285,283.58,450.00,2655,10251,67,90,88,16611,P2,Not Active,Not Active,Not Active,Not Active
2026/10/07 14:48:22.788,283.80,450.00,2655,10251,67,91,89,16611,P2,Not Active,Not Active,Not Active,Not Active
2026/10/07 14:48:23.292,283.67,450.00,2655,10251,67,89,87,16611,P2,Not Active,Not Active,Not Active,Not Active
2026/10/07 14:48:23.796,290.70,450.00,2595,10251,67,90,74,16611,P2,Not Active,Not Active,Not Active,Not Active
2026/10/07 14:48:24.300,290.60,450.00,2655,10251,67,87,85,16611,P2,Not Active,Not Active,Not Active,Not Active
2026/10/07 14:48:24.804,289.75,450.00,2655,10251,67,89,87,16611,P2,Not Active,Not Active,Not Active,Not Active
2026/10/07 14:48:25.307,283.10,450.00,2655,10251,67,91,89,16611,P2,Not Active,Not Active,Not Active,Not Active
2026/10/07 14:48:25.810,283.34,450.00,2655,10251,67,91,89,16611,P2,Not Active,Not Active,Not Active,Not Active
2026/10/07 14:48:26.314,283.47,450.00,2655,10251,67,90,88,16611,P2,Not Active,Not Active,Not Active,Not Active
2026/10/07 14:48:26.817,292.37,450.00,2655,10251,68,90,89,16611,P2,Not Active,Not Active,Not Active,Not Active
2026/10/07 14:48:27.323,293.17,450.00,2655,10251,68,91,89,16611,P2,Not Active,Not Active,Not Active,Not Active
2026/10/07 14:48:27.827,284.62,450.00,2655,10251,67,90,89,16611,P2,Not Active,Not Active,Not Active,Not Active
2026/10/07 14:48:28.330,284.02,450.00,2655,10251,68,90,88,16611,P2,Not Active,Not Active,Not Active,Not Active
2026/10/07 14:48:28.834,283.78,450.00,2655,10251,67,88,87,16611,P2,Not Active,Not Active,Not Active,Not Active
2026/10/07 14:48:29.339,289.50,450.00,2655,10251,68,87,72,16611,P2,Not Active,Not Active,Not Active,Not Active
2026/10/07 14:48:29.843,284.78,450.00,2655,10251,67,83,82,16611,P2,Not Active,Not Active,Not Active,Not Active
2026/10/07 14:48:30.347,274.89,450.00,2655,10251,67,83,82,16611,P2,Not Active,Not Active,Not Active,Not Active
2026/10/07 14:48:30.850,276.77,450.00,2655,10251,67,89,87,16611,P2,Not Active,Not Active,Not Active,Not Active
2026/10/07 14:48:31.354,281.92,450.00,2655,10251,68,91,89,16611,P2,Not Active,Not Active,Not Active,Not Active
2026/10/07 14:48:31.863,292.71,450.00,2655,10251,67,89,86,16611,P2,Not Active,Not Active,Not Active,Not Active
2026/10/07 14:48:32.405,292.67,450.00,2655,10251,68,90,89,16611,P2,Not Active,Not Active,Not Active,Not Active
2026/10/07 14:48:32.908,292.82,450.00,2655,10251,67,89,88,16611,P2,Not Active,Not Active,Not Active,Not Active
2026/10/07 14:48:33.412,284.05,450.00,2655,10251,68,91,89,16611,P2,Not Active,Not Active,Not Active,Not Active
2026/10/07 14:48:33.916,284.57,450.00,2655,10251,68,91,89,16611,P2,Not Active,Not Active,Not Active,Not Active
2026/10/07 14:48:34.421,283.85,450.00,2655,10251,67,91,89,16611,P2,Not Active,Not Active,Not Active,Not Active
2026/10/07 14:48:34.925,292.80,450.00,2655,10251,68,91,89,16611,P2,Not Active,Not Active,Not Active,Not Active
2026/10/07 14:48:35.428,293.66,450.00,2655,10251,68,91,89,16611,P2,Not Active,Not Active,Not Active,Not Active
2026/10/07 14:48:35.931,284.02,450.00,2655,10251,67,91,89,16611,P2,Not Active,Not Active,Not Active,Not Active
2026/10/07 14:48:36.436,284.22,450.00,2655,10251,68,90,89,16611,P2,Not Active,Not Active,Not Active,Not Active
2026/10/07 14:48:36.940,284.40,450.00,2655,10251,68,91,90,16611,P2,Not Active,Not Active,Not Active,Not Active
2026/10/07 14:48:37.443,294.24,450.00,2655,10251,69,91,89,16611,P2,Not Active,Not Active,Not Active,Not Active
2026/10/07 14:48:37.947,293.78,450.00,2655,10251,68,91,89,16611,P2,Not Active,Not Active,Not Active,Not Active
2026/10/07 14:48:38.451,284.32,450.00,2655,10251,67,90,88,16611,P2,Not Active,Not Active,Not Active,Not Active
2026/10/07 14:48:38.955,284.58,450.00,2655,10251,67,90,89,16611,P2,Not Active,Not Active,Not Active,Not Active
2026/10/07 14:48:39.460,284.65,450.00,2655,10251,68,90,89,16611,P2,Not Active,Not Active,Not Active,Not Active
2026/10/07 14:48:39.963,293.09,450.00,2610,10251,68,90,85,16611,P2,Not Active,Not Active,Not Active,Not Active
2026/10/07 14:48:40.468,292.36,450.00,2655,10251,68,90,89,16611,P2,Not Active,Not Active,Not Active,Not Active
2026/10/07 14:48:40.971,285.18,450.00,2655,10251,68,90,89,16611,P2,Not Active,Not Active,Not Active,Not Active
2026/10/07 14:48:41.476,285.21,450.00,2655,10251,68,90,88,16611,P2,Not Active,Not Active,Not Active,Not Active
2026/10/07 14:48:41.980,284.39,450.00,2655,10251,68,90,89,16611,P2,Not Active,Not Active,Not Active,Not Active
2026/10/07 14:48:42.483,290.66,450.00,2655,10251,68,87,85,16611,P2,Not Active,Not Active,Not Active,Not Active
2026/10/07 14:48:43.033,285.49,450.00,2655,10251,68,82,80,16611,P2,Not Active,Not Active,Not Active,Not Active
2026/10/07 14:48:43.538,283.33,450.00,2655,10251,68,86,84,16611,P2,Not Active,Not Active,Not Active,Not Active
2026/10/07 14:48:44.042,274.85,450.00,2655,10251,67,85,84,16611,P2,Not Active,Not Active,Not Active,Not Active
2026/10/07 14:48:44.546,269.59,450.00,2655,10251,67,85,83,16611,P2,Not Active,Not Active,Not Active,Not Active
2026/10/07 14:48:45.050,273.63,450.00,2655,10251,67,91,89,16611,P2,Not Active,Not Active,Not Active,Not Active
2026/10/07 14:48:45.555,287.09,450.00,2655,10251,71,84,82,16611,P2,Not Active,Not Active,Not Active,Not Active
2026/10/07 14:48:46.063,286.26,450.00,2655,10251,68,89,87,16611,P2,Not Active,Not Active,Not Active,Not Active
2026/10/07 14:48:46.566,280.81,450.00,2655,10251,68,90,88,16611,P2,Not Active,Not Active,Not Active,Not Active
2026/10/07 14:48:47.069,284.97,450.00,2655,10251,68,91,89,16611,P2,Not Active,Not Active,Not Active,Not Active
2026/10/07 14:48:47.575,285.68,450.00,2655,10251,68,90,88,16611,P2,Not Active,Not Active,Not Active,Not Active
2026/10/07 14:48:48.078,290.69,450.00,2655,10251,68,87,72,16611,P2,Not Active,Not Active,Not Active,Not Active
2026/10/07 14:48:48.582,287.26,450.00,2655,10251,68,89,87,16611,P2,Not Active,Not Active,Not Active,Not Active
2026/10/07 14:48:49.087,269.40,450.00,2655,10251,67,82,80,16611,P2,Not Active,Not Active,Not Active,Not Active
2026/10/07 14:48:49.592,272.70,450.00,2655,10251,67,89,87,16611,P2,Not Active,Not Active,Not Active,Not Active
2026/10/07 14:48:50.096,279.01,450.00,2655,10251,68,90,88,16611,P2,Not Active,Not Active,Not Active,Not Active
2026/10/07 14:48:50.599,282.47,450.00,2655,10251,68,90,89,16611,P2,Not Active,Not Active,Not Active,Not Active
2026/10/07 14:48:51.103,293.13,450.00,2655,10251,74,90,89,16611,P2,Not Active,Not Active,Not Active,Not Active
2026/10/07 14:48:51.606,294.52,450.00,2655,10251,68,90,89,16611,P2,Not Active,Not Active,Not Active,Not Active
2026/10/07 14:48:52.111,285.98,450.00,2655,10251,68,91,89,16611,P2,Not Active,Not Active,Not Active,Not Active
2026/10/07 14:48:52.615,285.57,450.00,2655,10251,68,91,89,16611,P2,Not Active,Not Active,Not Active,Not Active
2026/10/07 14:48:53.118,284.08,450.00,2655,10251,68,89,87,16611,P2,Not Active,Not Active,Not Active,Not Active
2026/10/07 14:48:53.622,293.16,450.00,2655,10251,68,91,87,16611,P2,Not Active,Not Active,Not Active,Not Active
2026/10/07 14:48:54.125,294.50,450.00,2655,10251,68,91,89,16611,P2,Not Active,Not Active,Not Active,Not Active
2026/10/07 14:48:54.629,284.69,450.00,2655,10251,68,89,86,16611,P2,Not Active,Not Active,Not Active,Not Active
2026/10/07 14:48:55.134,283.31,450.00,2655,10251,68,90,88,16611,P2,Not Active,Not Active,Not Active,Not Active
2026/10/07 14:48:55.637,282.91,450.00,2655,10251,68,91,89,16611,P2,Not Active,Not Active,Not Active,Not Active
2026/10/07 14:48:56.140,292.61,450.00,2655,10251,68,90,89,16611,P2,Not Active,Not Active,Not Active,Not Active
2026/10/07 14:48:56.644,285.77,450.00,2655,10251,67,90,88,16611,P2,Not Active,Not Active,Not Active,Not Active
2026/10/07 14:48:57.149,276.62,450.00,2655,10251,68,90,89,16611,P2,Not Active,Not Active,Not Active,Not Active
2026/10/07 14:48:57.654,283.78,450.00,2655,10251,68,91,89,16611,P2,Not Active,Not Active,Not Active,Not Active
2026/10/07 14:48:58.157,280.17,450.00,2655,10251,68,81,79,16611,P2,Not Active,Not Active,Not Active,Not Active
2026/10/07 14:48:58.661,278.96,450.00,2655,10251,68,89,88,16611,P2,Not Active,Not Active,Not Active,Not Active
2026/10/07 14:48:59.164,281.14,450.00,2595,10251,67,88,85,16611,P2,Not Active,Not Active,Not Active,Not Active
2026/10/07 14:48:59.670,282.51,450.00,2655,10251,68,90,88,16611,P2,Not Active,Not Active,Not Active,Not Active
2026/10/07 14:49:00.173,282.87,450.00,2655,10251,68,90,88,16611,P2,Not Active,Not Active,Not Active,Not Active
2026/10/07 14:49:00.677,283.76,450.00,2655,10251,68,91,89,16611,P2,Not Active,Not Active,Not Active,Not Active
2026/10/07 14:49:01.181,280.31,450.00,2655,10251,68,79,77,16611,P2,Not Active,Not Active,Not Active,Not Active
2026/10/07 14:49:01.685,284.89,450.00,2655,10251,68,90,74,16611,P2,Not Active,Not Active,Not Active,Not Active
2026/10/07 14:49:02.190,285.93,450.00,2655,10251,68,90,89,16611,P2,Not Active,Not Active,Not Active,Not Active
2026/10/07 14:49:02.694,280.56,450.00,2655,10251,68,89,87,16611,P2,Not Active,Not Active,Not Active,Not Active
2026/10/07 14:49:03.197,283.57,450.00,2655,10251,68,90,88,16611,P2,Not Active,Not Active,Not Active,Not Active
2026/10/07 14:49:03.701,283.64,450.00,2655,10251,68,90,88,16611,P2,Not Active,Not Active,Not Active,Not Active
2026/10/07 14:49:04.204,285.04,450.00,2655,10251,68,89,85,16611,P2,Active,Not Active,Not Active,Not Active
2026/10/07 14:49:04.728,292.23,450.00,2655,10251,74,91,89,16611,P2,Not Active,Not Active,Not Active,Not Active
2026/10/07 14:49:05.232,292.14,450.00,2655,10251,68,90,88,16611,P2,Not Active,Not Active,Not Active,Not Active
2026/10/07 14:49:05.735,284.45,450.00,2655,10251,68,91,88,16611,P2,Not Active,Not Active,Not Active,Not Active
2026/10/07 14:49:06.238,283.93,450.00,2655,10251,68,89,87,16612,P2,Not Active,Not Active,Not Active,Not Active
2026/10/07 14:49:06.742,276.88,450.00,2655,10251,68,75,73,16612,P2,Not Active,Not Active,Not Active,Not Active
2026/10/07 14:49:07.247,279.92,450.00,2655,10251,68,79,77,16612,P2,Not Active,Not Active,Not Active,Not Active
2026/10/07 14:49:07.752,287.10,450.00,2655,10251,68,90,88,16612,P2,Not Active,Not Active,Not Active,Not Active
2026/10/07 14:49:08.255,271.72,450.00,2655,10251,68,69,68,16610,P2,Not Active,Not Active,Not Active,Not Active
2026/10/07 14:49:08.759,258.72,450.00,2655,10251,66,82,80,16610,P2,Not Active,Not Active,Not Active,Not Active
2026/10/07 14:49:09.262,264.94,450.00,2655,10251,67,91,89,16612,P2,Not Active,Not Active,Not Active,Not Active
2026/10/07 14:49:09.767,292.14,450.00,2655,10251,68,91,75,16612,P2,Not Active,Not Active,Not Active,Not Active
2026/10/07 14:49:10.324,294.51,450.00,2655,10251,68,91,89,16612,P2,Not Active,Not Active,Not Active,Not Active
2026/10/07 14:49:10.829,292.73,450.00,2655,10251,67,89,88,16611,P2,Not Active,Not Active,Not Active,Not Active
2026/10/07 14:49:11.332,282.67,450.00,2655,10251,68,90,89,16611,P2,Not Active,Not Active,Not Active,Not Active
2026/10/07 14:49:11.835,283.35,450.00,2655,10251,68,90,88,16611,P2,Not Active,Not Active,Not Active,Not Active
2026/10/07 14:49:12.339,282.89,450.00,2655,10251,68,90,88,16611,P2,Not Active,Not Active,Not Active,Not Active
2026/10/07 14:49:12.843,290.43,450.00,2655,10251,68,90,88,16611,P2,Not Active,Not Active,Not Active,Not Active
2026/10/07 14:49:13.348,286.63,450.00,2655,10251,67,90,89,16611,P2,Not Active,Not Active,Not Active,Not Active
2026/10/07 14:49:13.852,275.86,450.00,2655,10251,67,89,87,16611,P2,Not Active,Not Active,Not Active,Not Active
2026/10/07 14:49:14.355,280.70,450.00,2655,10251,68,91,89,16611,P2,Not Active,Not Active,Not Active,Not Active
2026/10/07 14:49:14.858,284.23,450.00,2655,10251,68,91,89,16611,P2,Not Active,Not Active,Not Active,Not Active
2026/10/07 14:49:15.362,293.73,450.00,2655,10251,69,91,90,16611,P2,Not Active,Not Active,Not Active,Not Active
2026/10/07 14:49:15.866,293.79,450.00,2655,10251,68,90,88,16611,P2,Not Active,Not Active,Not Active,Not Active
2026/10/07 14:49:16.370,285.58,450.00,2655,10251,67,91,89,16611,P2,Not Active,Not Active,Not Active,Not Active
2026/10/07 14:49:16.873,284.76,450.00,2655,10251,68,90,89,16611,P2,Not Active,Not Active,Not Active,Not Active
2026/10/07 14:49:17.378,284.82,450.00,2655,10251,68,91,89,16611,P2,Not Active,Not Active,Not Active,Not Active
2026/10/07 14:49:17.881,293.17,450.00,2655,10251,68,90,81,16611,P2,Not Active,Not Active,Not Active,Not Active
2026/10/07 14:49:18.389,293.07,450.00,2655,10251,68,91,88,16611,P2,Not Active,Not Active,Not Active,Not Active
2026/10/07 14:49:18.892,288.95,450.00,2655,10251,68,90,89,16611,P2,Not Active,Not Active,Not Active,Not Active
2026/10/07 14:49:19.396,285.38,450.00,2655,10251,67,90,88,16611,P2,Not Active,Not Active,Not Active,Not Active
2026/10/07 14:49:19.899,285.53,450.00,2655,10251,68,90,89,16611,P2,Not Active,Not Active,Not Active,Not Active
2026/10/07 14:49:20.404,284.11,450.00,2655,10251,68,91,89,16611,P2,Active,Not Active,Not Active,Not Active
2026/10/07 14:49:20.909,292.18,450.00,2655,10251,68,91,89,16611,P2,Not Active,Not Active,Not Active,Not Active
2026/10/07 14:49:21.412,293.37,450.00,2655,10251,68,91,89,16611,P2,Not Active,Not Active,Not Active,Not Active
2026/10/07 14:49:21.916,285.45,450.00,2655,10251,68,90,89,16611,P2,Not Active,Not Active,Not Active,Not Active
2026/10/07 14:49:22.419,285.52,450.00,2655,10251,68,91,89,16611,P2,Not Active,Not Active,Not Active,Not Active
2026/10/07 14:49:22.924,285.27,450.00,2655,10251,68,91,89,16611,P2,Not Active,Not Active,Not Active,Not Active
2026/10/07 14:49:23.427,292.79,450.00,2655,10251,68,91,89,16611,P2,Not Active,Not Active,Not Active,Not Active
2026/10/07 14:49:23.930,292.94,450.00,2655,10251,68,90,89,16611,P2,Not Active,Not Active,Not Active,Not Active
2026/10/07 14:49:24.434,285.74,450.00,2655,10251,68,91,89,16611,P2,Not Active,Not Active,Not Active,Not Active
2026/10/07 14:49:24.937,285.31,450.00,2655,10251,68,91,89,16611,P2,Not Active,Not Active,Not Active,Not Active
2026/10/07 14:49:25.445,284.76,450.00,2655,10251,68,90,89,16611,P2,Not Active,Not Active,Not Active,Not Active
2026/10/07 14:49:25.948,293.14,450.00,2655,10251,71,91,90,16611,P2,Not Active,Not Active,Not Active,Not Active
2026/10/07 14:49:26.452,293.15,450.00,2655,10251,68,91,89,16611,P2,Not Active,Not Active,Not Active,Not Active
2026/10/07 14:49:26.955,285.48,450.00,2655,10251,67,91,89,16611,P2,Not Active,Not Active,Not Active,Not Active
2026/10/07 14:49:27.459,286.05,450.00,2655,10251,68,91,89,16611,P2,Not Active,Not Active,Not Active,Not Active
2026/10/07 14:49:27.964,285.78,450.00,2655,10251,68,90,88,16611,P2,Not Active,Not Active,Not Active,Not Active
2026/10/07 14:49:28.467,294.09,450.00,2655,10251,68,90,79,16611,P2,Not Active,Not Active,Not Active,Not Active
2026/10/07 14:49:29.017,293.36,450.00,2655,10251,68,90,89,16611,P2,Not Active,Not Active,Not Active,Not Active
2026/10/07 14:49:29.523,288.81,450.00,2655,10251,68,91,89,16611,P2,Not Active,Not Active,Not Active,Not Active
2026/10/07 14:49:30.026,285.49,450.00,2655,10251,68,91,89,16611,P2,Not Active,Not Active,Not Active,Not Active
2026/10/07 14:49:30.530,285.48,450.00,2655,10251,68,91,89,16611,P2,Not Active,Not Active,Not Active,Not Active
2026/10/07 14:49:31.033,294.09,450.00,2655,10251,68,90,88,16611,P2,Not Active,Not Active,Not Active,Not Active
2026/10/07 14:49:31.554,294.11,450.00,2655,10251,68,91,89,16611,P2,Not Active,Not Active,Not Active,Not Active
2026/10/07 14:49:32.058,293.56,450.00,2655,10251,68,90,88,16611,P2,Not Active,Not Active,Not Active,Not Active
2026/10/07 14:49:32.562,281.62,450.00,2655,10251,68,83,81,16611,P2,Not Active,Not Active,Not Active,Not Active
2026/10/07 14:49:33.065,279.04,450.00,2655,10251,68,86,84,16611,P2,Not Active,Not Active,Not Active,Not Active
2026/10/07 14:49:33.570,279.57,450.00,2655,10251,68,90,88,16611,P2,Not Active,Not Active,Not Active,Not Active
2026/10/07 14:49:34.074,290.13,450.00,2655,10251,73,88,87,16611,P2,Not Active,Not Active,Not Active,Not Active
2026/10/07 14:49:34.581,289.87,450.00,2655,10251,68,90,88,16611,P2,Not Active,Not Active,Not Active,Not Active
2026/10/07 14:49:35.084,283.32,450.00,2655,10251,68,91,89,16611,P2,Not Active,Not Active,Not Active,Not Active
2026/10/07 14:49:35.588,283.24,450.00,2655,10251,68,90,88,16611,P2,Not Active,Not Active,Not Active,Not Active
2026/10/07 14:49:36.091,284.01,450.00,2655,10251,68,90,89,16611,P2,Not Active,Not Active,Not Active,Not Active
2026/10/07 14:49:36.595,291.89,450.00,2655,10251,68,91,81,16611,P2,Not Active,Not Active,Not Active,Not Active
2026/10/07 14:49:37.100,290.36,450.00,2655,10251,68,90,88,16610,P2,Not Active,Not Active,Not Active,Not Active
2026/10/07 14:49:37.604,283.61,450.00,2655,10251,68,91,89,16610,P2,Not Active,Not Active,Not Active,Not Active
2026/10/07 14:49:38.108,284.70,450.00,2655,10251,68,90,88,16610,P2,Not Active,Not Active,Not Active,Not Active
2026/10/07 14:49:38.611,284.67,450.00,2655,10251,68,90,89,16610,P2,Not Active,Not Active,Not Active,Not Active
2026/10/07 14:49:39.115,292.16,450.00,2655,10251,68,89,87,16610,P2,Not Active,Not Active,Not Active,Not Active
2026/10/07 14:49:39.647,291.23,450.00,2655,10251,68,90,88,16610,P2,Not Active,Not Active,Not Active,Not Active
2026/10/07 14:49:40.150,284.72,450.00,2655,10251,68,91,88,16610,P2,Not Active,Not Active,Not Active,Not Active
2026/10/07 14:49:40.654,284.68,450.00,2655,10251,68,91,89,16610,P2,Not Active,Not Active,Not Active,Not Active
2026/10/07 14:49:41.159,284.06,450.00,2655,10251,68,91,89,16610,P2,Not Active,Not Active,Not Active,Not Active
2026/10/07 14:49:41.663,284.15,450.00,2655,10251,68,91,89,16610,P2,Active,Not Active,Not Active,Not Active
2026/10/07 14:49:42.166,292.80,450.00,2655,10251,68,90,89,16610,P2,Not Active,Not Active,Not Active,Not Active
2026/10/07 14:49:42.670,291.61,450.00,2655,10251,68,91,89,16610,P2,Not Active,Not Active,Not Active,Not Active
2026/10/07 14:49:43.174,284.72,450.00,2655,10251,67,91,89,16610,P2,Not Active,Not Active,Not Active,Not Active
2026/10/07 14:49:43.679,284.90,450.00,2655,10251,68,90,89,16610,P2,Not Active,Not Active,Not Active,Not Active
2026/10/07 14:49:44.182,285.78,450.00,2655,10251,68,91,89,16610,P2,Not Active,Not Active,Not Active,Not Active
2026/10/07 14:49:44.686,292.73,450.00,2655,10251,68,90,88,16610,P2,Not Active,Not Active,Not Active,Not Active
2026/10/07 14:49:45.189,292.70,450.00,2655,10251,68,91,89,16610,P2,Not Active,Not Active,Not Active,Not Active
2026/10/07 14:49:45.694,285.48,450.00,2655,10251,68,91,89,16610,P2,Not Active,Not Active,Not Active,Not Active
2026/10/07 14:49:46.198,281.10,450.00,2655,10251,67,87,86,16610,P2,Not Active,Not Active,Not Active,Not Active
2026/10/07 14:49:46.703,271.29,450.00,2655,10251,67,79,78,16610,P2,Not Active,Not Active,Not Active,Not Active
2026/10/07 14:49:47.206,278.36,450.00,2655,10251,67,88,72,16610,P2,Not Active,Not Active,Not Active,Not Active
2026/10/07 14:49:47.710,285.43,450.00,2655,10251,68,89,86,16610,P2,Not Active,Not Active,Not Active,Not Active
2026/10/07 14:49:48.216,284.73,450.00,2655,10251,67,81,79,16610,P2,Not Active,Not Active,Not Active,Not Active
2026/10/07 14:49:48.719,278.33,450.00,2655,10251,67,90,89,16610,P2,Not Active,Not Active,Not Active,Not Active
2026/10/07 14:49:49.223,282.16,450.00,2655,10251,67,91,89,16610,P2,Not Active,Not Active,Not Active,Not Active
2026/10/07 14:49:49.726,283.82,450.00,2655,10251,67,89,87,16610,P2,Not Active,Not Active,Not Active,Not Active
2026/10/07 14:49:50.229,291.38,450.00,2655,10251,73,91,89,16610,P2,Not Active,Not Active,Not Active,Not Active
2026/10/07 14:49:50.735,292.84,450.00,2655,10251,67,91,89,16610,P2,Not Active,Not Active,Not Active,Not Active
2026/10/07 14:49:51.238,285.67,450.00,2655,10251,67,90,87,16610,P2,Not Active,Not Active,Not Active,Not Active
2026/10/07 14:49:51.741,285.79,450.00,2655,10251,68,90,89,16610,P2,Not Active,Not Active,Not Active,Not Active
2026/10/07 14:49:52.244,287.02,450.00,2655,10251,67,91,90,16610,P2,Not Active,Not Active,Not Active,Not Active
2026/10/07 14:49:52.748,296.05,450.00,2655,10251,67,90,89,16610,P2,Not Active,Not Active,Not Active,Not Active
2026/10/07 14:49:53.252,295.30,450.00,2655,10251,68,91,89,16610,P2,Not Active,Not Active,Not Active,Not Active
2026/10/07 14:49:53.756,286.74,450.00,2655,10251,67,91,90,16610,P2,Not Active,Not Active,Not Active,Not Active
2026/10/07 14:49:54.259,287.05,450.00,2655,10251,67,91,90,16610,P2,Not Active,Not Active,Not Active,Not Active
2026/10/07 14:49:54.764,285.43,450.00,2655,10251,68,87,86,16610,P2,Not Active,Not Active,Not Active,Not Active
2026/10/07 14:49:55.267,291.92,450.00,2655,10251,67,91,76,16610,P2,Not Active,Not Active,Not Active,Not Active
2026/10/07 14:49:55.772,291.95,450.00,2655,10251,68,91,90,16610,P2,Not Active,Not Active,Not Active,Not Active
2026/10/07 14:49:56.275,286.98,450.00,2655,10251,68,91,90,16610,P2,Not Active,Not Active,Not Active,Not Active
2026/10/07 14:49:56.779,285.74,450.00,2655,10251,67,87,86,16610,P2,Not Active,Not Active,Not Active,Not Active
2026/10/07 14:49:57.282,285.85,450.00,2655,10251,67,91,90,16610,P2,Not Active,Not Active,Not Active,Not Active
2026/10/07 14:49:57.786,293.51,450.00,2655,10251,68,91,76,16610,P2,Not Active,Not Active,Not Active,Not Active
2026/10/07 14:49:58.290,294.83,450.00,2655,10251,68,91,89,16610,P2,Not Active,Not Active,Not Active,Not Active
2026/10/07 14:49:58.794,294.97,450.00,2655,10251,67,91,89,16610,P2,Not Active,Not Active,Not Active,Not Active
2026/10/07 14:49:59.297,286.80,450.00,2655,10251,68,90,88,16610,P2,Not Active,Not Active,Not Active,Not Active
2026/10/07 14:49:59.801,286.62,450.00,2655,10251,67,91,89,16610,P2,Not Active,Not Active,Not Active,Not Active
2026/10/07 14:50:00.304,286.66,450.00,2655,10251,70,90,89,16610,P2,Active,Not Active,Not Active,Not Active
2026/10/07 14:50:00.846,294.13,450.00,2655,10251,68,90,89,16610,P2,Not Active,Not Active,Not Active,Not Active
2026/10/07 14:50:01.351,294.15,450.00,2655,10251,68,91,90,16610,P2,Not Active,Not Active,Not Active,Not Active
2026/10/07 14:50:01.854,286.09,450.00,2655,10251,67,90,89,16610,P2,Not Active,Not Active,Not Active,Not Active
2026/10/07 14:50:02.358,286.09,450.00,2655,10251,67,91,89,16610,P2,Not Active,Not Active,Not Active,Not Active
2026/10/07 14:50:02.862,286.63,450.00,2655,10251,67,91,90,16610,P2,Not Active,Not Active,Not Active,Not Active
2026/10/07 14:50:03.365,294.00,450.00,2655,10251,67,89,87,16610,P2,Not Active,Not Active,Not Active,Not Active
2026/10/07 14:50:03.870,293.69,450.00,2655,10251,67,91,90,16610,P2,Not Active,Not Active,Not Active,Not Active
2026/10/07 14:50:04.373,286.61,450.00,2655,10251,67,91,90,16610,P2,Not Active,Not Active,Not Active,Not Active
2026/10/07 14:50:04.877,285.63,450.00,2655,10251,67,91,90,16610,P2,Not Active,Not Active,Not Active,Not Active
2026/10/07 14:50:05.380,285.44,450.00,2655,10251,67,90,89,16610,P2,Not Active,Not Active,Not Active,Not Active
2026/10/07 14:50:05.883,294.44,450.00,2655,10251,68,90,75,16610,P2,Not Active,Not Active,Not Active,Not Active
2026/10/07 14:50:06.387,294.44,450.00,2655,10251,67,90,89,16610,P2,Not Active,Not Active,Not Active,Not Active
2026/10/07 14:50:06.892,285.27,450.00,2655,10251,67,90,89,16610,P2,Not Active,Not Active,Not Active,Not Active
2026/10/07 14:50:07.395,285.89,450.00,2655,10251,67,90,89,16610,P2,Not Active,Not Active,Not Active,Not Active
2026/10/07 14:50:07.898,285.73,450.00,2655,10251,67,90,89,16610,P2,Not Active,Not Active,Not Active,Not Active
2026/10/07 14:50:08.401,295.06,450.00,2655,10251,69,91,76,16610,P2,Not Active,Not Active,Not Active,Not Active
2026/10/07 14:50:08.905,294.91,450.00,2655,10251,67,91,90,16610,P2,Not Active,Not Active,Not Active,Not Active
2026/10/07 14:50:09.411,286.61,450.00,2655,10251,67,90,89,16610,P2,Not Active,Not Active,Not Active,Not Active
2026/10/07 14:50:09.914,286.04,450.00,2655,10251,67,90,89,16610,P2,Not Active,Not Active,Not Active,Not Active
2026/10/07 14:50:10.417,286.41,450.00,2655,10251,67,91,89,16610,P2,Not Active,Not Active,Not Active,Not Active
2026/10/07 14:50:10.921,294.50,450.00,2655,10251,67,91,89,16610,P2,Not Active,Not Active,Not Active,Not Active
2026/10/07 14:50:11.424,294.60,450.00,2655,10251,67,90,89,16610,P2,Not Active,Not Active,Not Active,Not Active
2026/10/07 14:50:11.930,291.04,450.00,2655,10251,67,90,89,16610,P2,Not Active,Not Active,Not Active,Not Active
2026/10/07 14:50:12.433,286.43,450.00,2655,10251,67,91,89,16610,P2,Not Active,Not Active,Not Active,Not Active
2026/10/07 14:50:12.937,286.34,450.00,2655,10251,67,90,89,16610,P2,Not Active,Not Active,Not Active,Not Active
2026/10/07 14:50:13.439,286.10,450.00,2655,10251,67,91,90,16610,P2,Not Active,Not Active,Not Active,Not Active
2026/10/07 14:50:13.942,294.41,450.00,2655,10251,67,91,89,16610,P2,Not Active,Not Active,Not Active,Not Active
2026/10/07 14:50:14.449,294.40,450.00,2655,10251,67,91,90,16610,P2,Not Active,Not Active,Not Active,Not Active
2026/10/07 14:50:14.953,285.95,450.00,2655,10251,67,89,87,16610,P2,Not Active,Not Active,Not Active,Not Active
2026/10/07 14:50:15.457,285.38,450.00,2655,10251,67,90,89,16610,P2,Not Active,Not Active,Not Active,Not Active
2026/10/07 14:50:15.961,285.46,450.00,2655,10251,67,91,90,16610,P2,Not Active,Not Active,Not Active,Not Active
2026/10/07 14:50:16.466,294.30,450.00,2655,10251,68,91,90,16610,P2,Not Active,Not Active,Not Active,Not Active
2026/10/07 14:50:16.970,294.26,450.00,2655,10251,67,90,88,16610,P2,Not Active,Not Active,Not Active,Not Active
2026/10/07 14:50:17.474,284.46,450.00,2655,10251,67,91,89,16610,P2,Not Active,Not Active,Not Active,Not Active
2026/10/07 14:50:17.977,284.04,450.00,2655,10251,67,91,89,16610,P2,Not Active,Not Active,Not Active,Not Active
2026/10/07 14:50:18.480,284.65,450.00,2655,10251,67,91,90,16610,P2,Not Active,Not Active,Not Active,Not Active
2026/10/07 14:50:18.985,294.28,450.00,2655,10251,70,91,83,16610,P2,Not Active,Not Active,Not Active,Not Active
2026/10/07 14:50:19.490,293.25,450.00,2655,10251,67,91,89,16610,P2,Not Active,Not Active,Not Active,Not Active
2026/10/07 14:50:19.993,285.84,450.00,2655,10251,67,91,90,16610,P2,Not Active,Not Active,Not Active,Not Active
2026/10/07 14:50:20.496,286.89,450.00,2655,10251,67,91,89,16610,P2,Not Active,Not Active,Not Active,Not Active
2026/10/07 14:50:21.000,286.46,450.00,2655,10251,67,90,88,16610,P2,Not Active,Not Active,Not Active,Not Active
2026/10/07 14:50:21.506,295.21,450.00,2655,10251,67,91,89,16610,P2,Not Active,Not Active,Not Active,Not Active
2026/10/07 14:50:22.010,294.46,450.00,2655,10251,67,90,88,16610,P2,Not Active,Not Active,Not Active,Not Active
2026/10/07 14:50:22.513,294.54,450.00,2655,10251,67,91,89,16610,P2,Not Active,Not Active,Not Active,Not Active
2026/10/07 14:50:23.016,285.35,450.00,2655,10251,67,89,87,16610,P2,Not Active,Not Active,Not Active,Not Active
2026/10/07 14:50:23.520,285.86,450.00,2655,10251,67,91,89,16610,P2,Not Active,Not Active,Not Active,Not Active
2026/10/07 14:50:24.026,294.93,450.00,2655,10251,67,90,89,16610,P2,Active,Not Active,Not Active,Not Active
2026/10/07 14:50:24.530,294.84,450.00,2655,10251,68,91,89,16610,P2,Not Active,Not Active,Not Active,Not Active
2026/10/07 14:50:25.033,294.67,450.00,2655,10251,67,91,89,16610,P2,Not Active,Not Active,Not Active,Not Active
2026/10/07 14:50:25.536,286.25,450.00,2655,10251,67,90,89,16610,P2,Not Active,Not Active,Not Active,Not Active
2026/10/07 14:50:26.040,286.31,450.00,2655,10251,67,90,89,16610,P2,Not Active,Not Active,Not Active,Not Active
2026/10/07 14:50:26.544,286.65,450.00,2655,10251,67,91,90,16610,P2,Not Active,Not Active,Not Active,Not Active
2026/10/07 14:50:27.048,295.65,450.00,2655,10251,68,91,90,16610,P2,Not Active,Not Active,Not Active,Not Active
2026/10/07 14:50:27.551,295.47,450.00,2655,10251,67,90,89,16610,P2,Not Active,Not Active,Not Active,Not Active
2026/10/07 14:50:28.055,286.89,450.00,2655,10251,67,91,90,16610,P2,Not Active,Not Active,Not Active,Not Active
2026/10/07 14:50:28.559,286.69,450.00,2655,10251,67,91,89,16610,P2,Not Active,Not Active,Not Active,Not Active
2026/10/07 14:50:29.063,286.41,450.00,2655,10251,67,90,89,16610,P2,Not Active,Not Active,Not Active,Not Active
2026/10/07 14:50:29.566,293.94,450.00,2595,10251,74,91,90,16610,P2,Not Active,Not Active,Not Active,Not Active
2026/10/07 14:50:30.070,293.97,450.00,2655,10251,67,91,89,16610,P2,Not Active,Not Active,Not Active,Not Active
2026/10/07 14:50:30.573,285.88,450.00,2655,10251,67,90,89,16610,P2,Not Active,Not Active,Not Active,Not Active
2026/10/07 14:50:31.076,285.53,450.00,2655,10251,67,90,89,16610,P2,Not Active,Not Active,Not Active,Not Active
2026/10/07 14:50:31.581,286.11,450.00,2655,10251,67,91,89,16610,P2,Not Active,Not Active,Not Active,Not Active
2026/10/07 14:50:32.085,295.28,450.00,2655,10251,67,91,76,16610,P2,Not Active,Not Active,Not Active,Not Active
2026/10/07 14:50:32.588,295.63,450.00,2655,10251,67,91,90,16610,P2,Not Active,Not Active,Not Active,Not Active
2026/10/07 14:50:33.091,286.62,450.00,2655,10251,67,91,89,16610,P2,Not Active,Not Active,Not Active,Not Active
2026/10/07 14:50:33.594,286.64,450.00,2655,10251,67,91,89,16610,P2,Not Active,Not Active,Not Active,Not Active
2026/10/07 14:50:34.100,286.26,450.00,2655,10251,67,91,90,16610,P2,Not Active,Not Active,Not Active,Not Active
2026/10/07 14:50:34.603,294.65,450.00,2655,10251,67,91,76,16610,P2,Not Active,Not Active,Not Active,Not Active
2026/10/07 14:50:35.106,294.60,450.00,2655,10251,67,91,90,16610,P2,Not Active,Not Active,Not Active,Not Active
2026/10/07 14:50:35.610,292.77,450.00,2655,10251,67,86,85,16610,P2,Not Active,Not Active,Not Active,Not Active
2026/10/07 14:50:36.114,279.99,450.00,2655,10251,67,87,85,16610,P2,Not Active,Not Active,Not Active,Not Active
2026/10/07 14:50:36.622,279.08,450.00,2655,10251,67,90,89,16610,P2,Not Active,Not Active,Not Active,Not Active
2026/10/07 14:50:37.125,278.56,450.00,2655,10251,67,84,83,16610,P2,Not Active,Not Active,Not Active,Not Active
2026/10/07 14:50:37.629,285.15,450.00,2655,10251,69,86,85,16610,P2,Not Active,Not Active,Not Active,Not Active
2026/10/07 14:50:38.132,289.65,450.00,2655,10251,67,91,90,16610,P2,Not Active,Not Active,Not Active,Not Active
2026/10/07 14:50:38.636,284.60,450.00,2655,10251,67,91,90,16610,P2,Not Active,Not Active,Not Active,Not Active
2026/10/07 14:50:39.141,285.72,450.00,2655,10251,67,90,89,16610,P2,Not Active,Not Active,Not Active,Not Active
2026/10/07 14:50:39.644,285.48,450.00,2655,10251,67,91,90,16610,P2,Not Active,Not Active,Not Active,Not Active
2026/10/07 14:50:40.147,294.44,450.00,2655,10251,67,90,89,16610,P2,Not Active,Not Active,Not Active,Not Active
2026/10/07 14:50:40.651,294.51,450.00,2655,10251,67,91,89,16610,P2,Not Active,Not Active,Not Active,Not Active
2026/10/07 14:50:41.155,285.93,450.00,2655,10251,67,90,89,16610,P2,Not Active,Not Active,Not Active,Not Active
2026/10/07 14:50:41.660,286.27,450.00,2655,10251,67,91,89,16610,P2,Not Active,Not Active,Not Active,Not Active
2026/10/07 14:50:42.163,286.93,450.00,2655,10251,67,91,89,16610,P2,Not Active,Not Active,Not Active,Not Active
2026/10/07 14:50:42.667,293.92,450.00,2655,10251,67,91,76,16610,P2,Not Active,Not Active,Not Active,Not Active
2026/10/07 14:50:43.170,293.72,450.00,2655,10251,67,91,89,16610,P2,Not Active,Not Active,Not Active,Not Active
2026/10/07 14:50:43.673,285.95,450.00,2655,10251,67,91,90,16610,P2,Not Active,Not Active,Not Active,Not Active
2026/10/07 14:50:44.178,286.30,450.00,2655,10251,67,91,89,16610,P2,Not Active,Not Active,Not Active,Not Active
2026/10/07 14:50:44.681,286.07,450.00,2655,10251,67,91,90,16610,P2,Not Active,Not Active,Not Active,Not Active
2026/10/07 14:50:45.186,275.45,450.00,2655,10251,66,77,76,16610,P2,Active,Not Active,Not Active,Not Active
2026/10/07 14:50:45.703,271.19,450.00,2655,10251,68,69,68,16610,P2,Not Active,Not Active,Not Active,Not Active
2026/10/07 14:50:46.207,266.53,450.00,2655,10251,67,74,73,16610,P2,Not Active,Not Active,Not Active,Not Active
2026/10/07 14:50:46.710,261.81,450.00,2655,10251,66,85,84,16610,P2,Not Active,Not Active,Not Active,Not Active
2026/10/07 14:50:47.219,266.47,450.00,2655,10251,67,81,80,16610,P2,Not Active,Not Active,Not Active,Not Active
2026/10/07 14:50:47.722,258.15,450.00,2655,10251,66,77,76,16610,P2,Not Active,Not Active,Not Active,Not Active
2026/10/07 14:50:48.225,246.88,450.00,2655,10251,66,74,73,16610,P2,Not Active,Not Active,Not Active,Not Active
2026/10/07 14:50:48.729,253.67,450.00,2580,10251,71,68,67,16610,P2,Not Active,Not Active,Not Active,Not Active
2026/10/07 14:50:49.233,258.05,450.00,2655,10251,66,69,68,16610,P2,Not Active,Not Active,Not Active,Not Active
2026/10/07 14:50:49.738,264.62,450.00,2655,10251,66,88,87,16610,P2,Not Active,Not Active,Not Active,Not Active
2026/10/07 14:50:50.242,276.58,450.00,2655,10251,67,87,86,16610,P2,Not Active,Not Active,Not Active,Not Active
2026/10/07 14:50:50.746,277.65,450.00,2655,10251,67,86,85,16610,P2,Not Active,Not Active,Not Active,Not Active
2026/10/07 14:50:51.250,285.31,450.00,2655,10251,66,89,88,16610,P2,Not Active,Not Active,Not Active,Not Active
2026/10/07 14:50:51.789,283.50,450.00,2655,10251,67,87,86,16610,P2,Not Active,Not Active,Not Active,Not Active
2026/10/07 14:50:52.294,274.00,450.00,2655,10251,66,72,71,16610,P2,Not Active,Not Active,Not Active,Not Active
2026/10/07 14:50:52.797,253.01,450.00,2655,10251,66,75,74,16610,P2,Not Active,Not Active,Not Active,Not Active
2026/10/07 14:50:53.301,257.45,450.00,2655,10251,67,88,86,16610,P2,Not Active,Not Active,Not Active,Not Active
2026/10/07 14:50:53.804,263.15,450.00,2655,10251,66,70,69,16610,P2,Not Active,Not Active,Not Active,Not Active
2026/10/07 14:50:54.308,267.10,450.00,2655,10251,67,80,79,16610,P2,Not Active,Not Active,Not Active,Not Active
2026/10/07 14:50:54.813,272.67,450.00,2655,10251,66,83,81,16610,P2,Not Active,Not Active,Not Active,Not Active
2026/10/07 14:50:55.316,262.36,450.00,2655,10251,66,80,78,16610,P2,Not Active,Not Active,Not Active,Not Active
2026/10/07 14:50:55.820,255.03,450.00,2655,10251,65,72,71,16610,P2,Not Active,Not Active,Not Active,Not Active
2026/10/07 14:50:56.323,255.51,450.00,2655,10251,66,83,82,16610,P2,Not Active,Not Active,Not Active,Not Active
2026/10/07 14:50:56.828,254.49,450.00,2655,10251,66,76,75,16610,P2,Not Active,Not Active,Not Active,Not Active
2026/10/07 14:50:57.334,262.82,450.00,2655,10251,70,81,66,16610,P2,Not Active,Not Active,Not Active,Not Active
2026/10/07 14:50:57.888,259.89,450.00,2655,10251,65,78,77,16610,P2,Not Active,Not Active,Not Active,Not Active
2026/10/07 14:50:58.395,264.40,450.00,2655,10251,66,82,80,16610,P2,Not Active,Not Active,Not Active,Not Active
2026/10/07 14:50:58.899,257.83,450.00,2655,10251,66,81,79,16610,P2,Not Active,Not Active,Not Active,Not Active
2026/10/07 14:50:59.403,260.87,450.00,2655,10251,65,79,77,16610,P2,Not Active,Not Active,Not Active,Not Active
2026/10/07 14:50:59.907,260.25,450.00,2655,10251,65,79,78,16610,P2,Not Active,Not Active,Not Active,Not Active
2026/10/07 14:51:00.415,274.33,450.00,2655,10251,66,87,75,16610,P2,Not Active,Not Active,Not Active,Not Active
2026/10/07 14:51:00.918,279.35,450.00,2655,10251,66,82,81,16610,P2,Not Active,Not Active,Not Active,Not Active
2026/10/07 14:51:01.422,275.78,450.00,2655,10251,66,83,82,16610,P2,Not Active,Not Active,Not Active,Not Active
2026/10/07 14:51:01.925,265.19,450.00,2655,10251,66,81,80,16610,P2,Not Active,Not Active,Not Active,Not Active
2026/10/07 14:51:02.431,254.28,450.00,2655,10251,65,66,65,16610,P2,Not Active,Not Active,Not Active,Not Active
2026/10/07 14:51:02.935,250.34,450.00,2655,10251,65,71,70,16610,P2,Not Active,Not Active,Not Active,Not Active
2026/10/07 14:51:03.439,264.09,450.00,2655,10251,65,76,67,16610,P2,Not Active,Not Active,Not Active,Not Active
2026/10/07 14:51:03.943,263.14,450.00,2655,10251,66,71,70,16610,P2,Not Active,Not Active,Not Active,Not Active
2026/10/07 14:51:04.446,254.93,450.00,2655,10251,65,76,75,16610,P2,Not Active,Not Active,Not Active,Not Active
2026/10/07 14:51:04.951,248.63,450.00,2655,10251,66,78,76,16610,P2,Not Active,Not Active,Not Active,Not Active
2026/10/07 14:51:05.455,253.53,450.00,2655,10251,66,82,81,16610,P2,Not Active,Not Active,Not Active,Not Active
2026/10/07 14:51:05.959,246.84,450.00,2655,10251,65,71,69,16610,P2,Not Active,Not Active,Not Active,Not Active
2026/10/07 14:51:06.462,250.06,450.00,2655,10251,66,77,76,16610,P2,Not Active,Not Active,Not Active,Not Active
2026/10/07 14:51:06.965,268.44,450.00,2655,10251,65,82,81,16610,P2,Not Active,Not Active,Not Active,Not Active
2026/10/07 14:51:07.470,264.54,450.00,2655,10251,65,71,70,16610,P2,Not Active,Not Active,Not Active,Not Active
2026/10/07 14:51:07.974,265.02,450.00,2655,10251,66,90,89,16612,P2,Not Active,Not Active,Not Active,Not Active
2026/10/07 14:51:08.477,279.92,450.00,2655,10251,66,89,88,16612,P2,Not Active,Not Active,Not Active,Not Active
2026/10/07 14:51:08.981,281.96,450.00,2655,10251,66,89,88,16612,P2,Not Active,Not Active,Not Active,Not Active
2026/10/07 14:51:09.485,290.83,450.00,2655,10251,66,88,83,16612,P2,Not Active,Not Active,Not Active,Not Active
2026/10/07 14:51:09.990,290.74,450.00,2655,10251,66,88,86,16610,P2,Not Active,Not Active,Not Active,Not Active
2026/10/07 14:51:10.493,276.02,450.00,2655,10251,66,75,73,16610,P2,Not Active,Not Active,Not Active,Not Active
2026/10/07 14:51:10.997,250.95,450.00,2655,10251,65,70,69,16610,P2,Not Active,Not Active,Not Active,Not Active
2026/10/07 14:51:11.503,242.15,450.00,2655,10251,65,71,70,16610,P2,Not Active,Not Active,Not Active,Not Active
2026/10/07 14:51:12.011,242.89,450.00,2655,10251,64,77,76,16610,P2,Not Active,Not Active,Not Active,Not Active
2026/10/07 14:51:12.515,255.12,450.00,2655,10251,64,87,74,16610,P2,Not Active,Not Active,Not Active,Not Active
2026/10/07 14:51:13.062,255.55,450.00,2655,10251,65,71,70,16610,P2,Not Active,Not Active,Not Active,Not Active
2026/10/07 14:51:13.566,255.06,450.00,2655,10251,64,76,75,16610,P2,Not Active,Not Active,Not Active,Not Active
2026/10/07 14:51:14.070,241.46,450.00,2655,10251,65,71,70,16610,P2,Not Active,Not Active,Not Active,Not Active
2026/10/07 14:51:14.574,250.02,450.00,2655,10251,65,75,74,16610,P2,Not Active,Not Active,Not Active,Not Active
2026/10/07 14:51:15.078,263.44,450.00,2655,10251,65,90,89,16610,P2,Not Active,Not Active,Not Active,Not Active
2026/10/07 14:51:15.581,273.82,450.00,2655,10251,65,91,89,16610,P2,Active,Not Active,Not Active,Not Active
2026/10/07 14:51:16.086,290.94,450.00,2655,10251,66,91,90,16610,P2,Not Active,Not Active,Not Active,Not Active
2026/10/07 14:51:16.590,291.49,450.00,2655,10251,66,90,89,16610,P2,Not Active,Not Active,Not Active,Not Active
2026/10/07 14:51:17.093,284.07,450.00,2655,10251,66,91,90,16610,P2,Not Active,Not Active,Not Active,Not Active
2026/10/07 14:51:17.597,283.61,450.00,2655,10251,66,91,89,16610,P2,Not Active,Not Active,Not Active,Not Active
2026/10/07 14:51:18.100,283.96,450.00,2655,10251,66,91,89,16610,P2,Not Active,Not Active,Not Active,Not Active
2026/10/07 14:51:18.609,293.30,450.00,2655,10251,68,91,90,16610,P2,Not Active,Not Active,Not Active,Not Active
2026/10/07 14:51:19.113,293.26,450.00,2655,10251,66,90,89,16610,P2,Not Active,Not Active,Not Active,Not Active
2026/10/07 14:51:19.616,283.37,450.00,2655,10251,66,90,89,16610,P2,Not Active,Not Active,Not Active,Not Active
2026/10/07 14:51:20.120,283.28,450.00,2655,10251,66,90,89,16610,P2,Not Active,Not Active,Not Active,Not Active
2026/10/07 14:51:20.625,284.69,450.00,2655,10251,66,91,90,16610,P2,Not Active,Not Active,Not Active,Not Active
2026/10/07 14:51:21.128,292.30,450.00,2655,10251,66,91,89,16610,P2,Not Active,Not Active,Not Active,Not Active
2026/10/07 14:51:21.632,291.97,450.00,2655,10251,66,91,90,16610,P2,Not Active,Not Active,Not Active,Not Active
2026/10/07 14:51:22.136,284.27,450.00,2655,10251,66,90,89,16610,P2,Not Active,Not Active,Not Active,Not Active
2026/10/07 14:51:22.640,284.39,450.00,2655,10251,66,90,89,16610,P2,Not Active,Not Active,Not Active,Not Active
2026/10/07 14:51:23.146,284.63,450.00,2655,10251,66,91,90,16610,P2,Not Active,Not Active,Not Active,Not Active
2026/10/07 14:51:23.650,293.01,450.00,2655,10251,66,91,76,16610,P2,Not Active,Not Active,Not Active,Not Active
2026/10/07 14:51:24.153,293.28,450.00,2655,10251,66,91,90,16610,P2,Not Active,Not Active,Not Active,Not Active
2026/10/07 14:51:24.657,284.92,450.00,2655,10251,66,91,89,16610,P2,Not Active,Not Active,Not Active,Not Active
2026/10/07 14:51:25.161,284.40,450.00,2655,10251,66,90,89,16610,P2,Not Active,Not Active,Not Active,Not Active
2026/10/07 14:51:25.666,284.20,450.00,2655,10251,66,91,90,16610,P2,Not Active,Not Active,Not Active,Not Active
2026/10/07 14:51:26.170,292.49,450.00,2655,10251,66,91,76,16610,P2,Not Active,Not Active,Not Active,Not Active
2026/10/07 14:51:26.719,293.27,450.00,2655,10251,66,91,90,16610,P2,Not Active,Not Active,Not Active,Not Active
2026/10/07 14:51:27.226,285.53,450.00,2655,10251,66,90,89,16610,P2,Not Active,Not Active,Not Active,Not Active
2026/10/07 14:51:27.729,285.33,450.00,2655,10251,66,91,89,16610,P2,Not Active,Not Active,Not Active,Not Active
2026/10/07 14:51:28.234,285.52,450.00,2655,10251,66,91,89,16610,P2,Not Active,Not Active,Not Active,Not Active
2026/10/07 14:51:28.738,289.41,450.00,2655,10251,66,90,82,16610,P2,Active,Not Active,Not Active,Not Active
2026/10/07 14:51:29.243,293.48,450.00,2655,10251,69,91,90,16610,P2,Not Active,Not Active,Not Active,Not Active
2026/10/07 14:51:29.747,293.39,450.00,2655,10251,66,90,89,16610,P2,Not Active,Not Active,Not Active,Not Active
2026/10/07 14:51:30.250,285.13,450.00,2655,10251,66,91,90,16610,P2,Not Active,Not Active,Not Active,Not Active
2026/10/07 14:51:30.754,285.29,450.00,2655,10251,66,90,89,16610,P2,Not Active,Not Active,Not Active,Not Active
2026/10/07 14:51:31.257,285.54,450.00,2655,10251,66,91,89,16610,P2,Not Active,Not Active,Not Active,Not Active
2026/10/07 14:51:31.763,292.32,450.00,2655,10251,66,91,90,16610,P2,Not Active,Not Active,Not Active,Not Active
2026/10/07 14:51:32.267,292.61,450.00,2655,10251,66,91,90,16610,P2,Not Active,Not Active,Not Active,Not Active
2026/10/07 14:51:32.771,285.59,450.00,2655,10251,66,91,89,16610,P2,Not Active,Not Active,Not Active,Not Active
2026/10/07 14:51:33.275,285.59,450.00,2655,10251,66,91,90,16610,P2,Not Active,Not Active,Not Active,Not Active
2026/10/07 14:51:33.780,285.93,450.00,2655,10251,66,91,90,16610,P2,Not Active,Not Active,Not Active,Not Active
2026/10/07 14:51:34.283,294.15,450.00,2655,10251,66,91,76,16610,P2,Not Active,Not Active,Not Active,Not Active
2026/10/07 14:51:34.787,294.07,450.00,2655,10251,66,91,90,16610,P2,Not Active,Not Active,Not Active,Not Active
2026/10/07 14:51:35.291,285.61,450.00,2655,10251,66,90,89,16610,P2,Not Active,Not Active,Not Active,Not Active
2026/10/07 14:51:35.795,284.57,450.00,2655,10251,66,91,89,16610,P2,Not Active,Not Active,Not Active,Not Active
2026/10/07 14:51:36.300,284.85,450.00,2655,10251,66,91,89,16610,P2,Not Active,Not Active,Not Active,Not Active
2026/10/07 14:51:36.804,292.78,450.00,2655,10251,66,91,75,16610,P2,Not Active,Not Active,Not Active,Not Active
2026/10/07 14:51:37.308,292.46,450.00,2655,10251,66,91,89,16610,P2,Not Active,Not Active,Not Active,Not Active
2026/10/07 14:51:37.811,284.91,450.00,2655,10251,66,91,89,16610,P2,Not Active,Not Active,Not Active,Not Active
2026/10/07 14:51:38.315,284.80,450.00,2655,10251,66,91,89,16610,P2,Not Active,Not Active,Not Active,Not Active
2026/10/07 14:51:38.820,284.52,450.00,2655,10251,66,90,89,16610,P2,Not Active,Not Active,Not Active,Not Active
2026/10/07 14:51:39.323,289.90,450.00,2580,10251,73,89,73,16610,P2,Not Active,Not Active,Not Active,Not Active
2026/10/07 14:51:39.871,287.12,450.00,2655,10251,66,87,86,16610,P2,Not Active,Not Active,Not Active,Not Active
2026/10/07 14:51:40.377,286.89,450.00,2655,10251,66,90,89,16610,P2,Not Active,Not Active,Not Active,Not Active
2026/10/07 14:51:40.881,281.94,450.00,2655,10251,66,89,88,16610,P2,Not Active,Not Active,Not Active,Not Active
2026/10/07 14:51:41.384,278.90,450.00,2655,10251,66,86,85,16610,P2,Not Active,Not Active,Not Active,Not Active
2026/10/07 14:51:41.892,280.73,450.00,2655,10251,66,91,90,16610,P2,Not Active,Not Active,Not Active,Not Active
2026/10/07 14:51:42.398,291.33,450.00,2655,10251,66,91,89,16610,P2,Not Active,Not Active,Not Active,Not Active
2026/10/07 14:51:42.901,292.62,450.00,2655,10251,66,90,89,16610,P2,Not Active,Not Active,Not Active,Not Active
2026/10/07 14:51:43.405,284.40,450.00,2655,10251,66,91,90,16610,P2,Not Active,Not Active,Not Active,Not Active
2026/10/07 14:51:43.910,284.36,450.00,2655,10251,66,91,90,16610,P2,Not Active,Not Active,Not Active,Not Active
2026/10/07 14:51:44.413,284.41,450.00,2655,10251,66,91,90,16610,P2,Not Active,Not Active,Not Active,Not Active
2026/10/07 14:51:44.918,286.90,450.00,2655,10251,65,80,79,16610,P2,Not Active,Not Active,Not Active,Not Active
2026/10/07 14:51:45.422,273.37,450.00,2655,10251,66,82,81,16610,P2,Not Active,Not Active,Not Active,Not Active
2026/10/07 14:51:45.925,258.13,450.00,2655,10251,65,82,81,16610,P2,Not Active,Not Active,Not Active,Not Active
2026/10/07 14:51:46.431,255.76,450.00,2655,10251,65,71,70,16610,P2,Not Active,Not Active,Not Active,Not Active
2026/10/07 14:51:46.935,261.01,450.00,2655,10251,65,86,85,16610,P2,Not Active,Not Active,Not Active,Not Active
2026/10/07 14:51:47.440,269.53,450.00,2655,10251,66,87,86,16610,P2,Not Active,Not Active,Not Active,Not Active
2026/10/07 14:51:47.943,275.74,450.00,2655,10251,65,72,71,16610,P2,Not Active,Not Active,Not Active,Not Active
2026/10/07 14:51:48.447,270.67,450.00,2655,10251,65,79,77,16610,P2,Not Active,Not Active,Not Active,Not Active
2026/10/07 14:51:48.950,260.39,450.00,2655,10251,65,71,69,16610,P2,Not Active,Not Active,Not Active,Not Active
2026/10/07 14:51:49.456,257.30,450.00,2655,10251,64,74,72,16610,P2,Not Active,Not Active,Not Active,Not Active
2026/10/07 14:51:49.959,250.17,450.00,2655,10251,65,71,70,16610,P2,Not Active,Not Active,Not Active,Not Active
2026/10/07 14:51:50.462,247.60,450.00,2655,10251,64,67,66,16610,P2,Not Active,Not Active,Not Active,Not Active
2026/10/07 14:51:50.966,257.10,450.00,2655,10251,67,77,75,16610,P2,Not Active,Not Active,Not Active,Not Active
2026/10/07 14:51:51.470,262.37,450.00,2655,10251,65,71,69,16610,P2,Not Active,Not Active,Not Active,Not Active
2026/10/07 14:51:51.975,254.75,450.00,2655,10251,65,80,79,16610,P2,Not Active,Not Active,Not Active,Not Active
2026/10/07 14:51:52.479,254.81,450.00,2655,10251,65,77,76,16610,P2,Not Active,Not Active,Not Active,Not Active
2026/10/07 14:51:52.983,259.13,450.00,2655,10251,65,79,78,16610,P2,Not Active,Not Active,Not Active,Not Active
2026/10/07 14:51:53.486,266.96,450.00,2655,10251,65,89,88,16610,P2,Not Active,Not Active,Not Active,Not Active
2026/10/07 14:51:53.990,283.89,450.00,2655,10251,67,83,82,16610,P2,Not Active,Not Active,Not Active,Not Active
2026/10/07 14:51:54.496,285.66,450.00,2655,10251,66,85,84,16610,P2,Not Active,Not Active,Not Active,Not Active
2026/10/07 14:51:55.000,276.67,450.00,2655,10251,65,83,82,16610,P2,Not Active,Not Active,Not Active,Not Active
2026/10/07 14:51:55.504,276.68,450.00,2655,10251,66,88,87,16610,P2,Not Active,Not Active,Not Active,Not Active
2026/10/07 14:51:56.008,276.03,450.00,2655,10251,65,86,85,16610,P2,Not Active,Not Active,Not Active,Not Active
2026/10/07 14:51:56.512,282.89,450.00,2655,10251,65,88,73,16610,P2,Not Active,Not Active,Not Active,Not Active
2026/10/07 14:51:57.018,286.13,450.00,2655,10251,66,90,88,16610,P2,Not Active,Not Active,Not Active,Not Active
2026/10/07 14:51:57.522,285.23,450.00,2655,10251,65,88,87,16610,P2,Not Active,Not Active,Not Active,Not Active
2026/10/07 14:51:58.027,274.65,450.00,2655,10251,66,88,87,16610,P2,Not Active,Not Active,Not Active,Not Active
2026/10/07 14:51:58.532,278.71,450.00,2655,10251,65,88,87,16610,P2,Not Active,Not Active,Not Active,Not Active
2026/10/07 14:51:59.036,279.47,450.00,2655,10251,66,88,87,16610,P2,Not Active,Not Active,Not Active,Not Active
2026/10/07 14:51:59.540,279.46,450.00,2655,10251,67,74,73,16610,P2,Not Active,Not Active,Not Active,Not Active
2026/10/07 14:52:00.044,271.32,450.00,2655,10251,65,83,82,16610,P2,Not Active,Not Active,Not Active,Not Active
2026/10/07 14:52:00.547,259.45,450.00,2655,10251,65,75,73,16610,P2,Not Active,Not Active,Not Active,Not Active
2026/10/07 14:52:01.053,255.81,450.00,2655,10251,65,74,73,16610,P2,Not Active,Not Active,Not Active,Not Active
2026/10/07 14:52:01.557,263.65,450.00,2655,10251,66,86,85,16610,P2,Not Active,Not Active,Not Active,Not Active
2026/10/07 14:52:02.060,268.71,450.00,2655,10251,65,79,78,16610,P2,Not Active,Not Active,Not Active,Not Active
2026/10/07 14:52:02.564,274.07,450.00,2655,10251,66,68,67,16610,P2,Not Active,Not Active,Not Active,Not Active
2026/10/07 14:52:03.068,270.63,450.00,2655,10251,65,82,81,16610,P2,Not Active,Not Active,Not Active,Not Active
2026/10/07 14:52:03.572,255.33,450.00,2655,10251,65,70,69,16610,P2,Not Active,Not Active,Not Active,Not Active
2026/10/07 14:52:04.076,257.77,450.00,2655,10251,65,84,83,16610,P2,Not Active,Not Active,Not Active,Not Active
2026/10/07 14:52:04.580,252.90,450.00,2655,10251,64,68,67,16610,P2,Not Active,Not Active,Not Active,Not Active
2026/10/07 14:52:05.084,245.68,450.00,2655,10251,64,66,66,16610,P2,Not Active,Not Active,Not Active,Not Active
2026/10/07 14:52:05.588,261.91,450.00,2655,10251,65,83,80,16610,P2,Not Active,Not Active,Not Active,Not Active
2026/10/07 14:52:06.093,266.08,450.00,2655,10251,65,77,76,16610,P2,Not Active,Not Active,Not Active,Not Active
2026/10/07 14:52:06.598,260.14,450.00,2655,10251,65,81,80,16610,P2,Not Active,Not Active,Not Active,Not Active
2026/10/07 14:52:07.101,260.61,450.00,2655,10251,65,84,83,16610,P2,Not Active,Not Active,Not Active,Not Active
2026/10/07 14:52:07.605,256.49,450.00,2655,10251,65,81,80,16610,P2,Not Active,Not Active,Not Active,Not Active
2026/10/07 14:52:08.110,258.08,450.00,2655,10251,64,83,82,16610,P2,Not Active,Not Active,Not Active,Not Active
2026/10/07 14:52:08.614,260.03,450.00,2655,10251,64,80,66,16610,P2,Not Active,Not Active,Not Active,Not Active
2026/10/07 14:52:09.117,262.40,450.00,2655,10251,64,72,71,16610,P2,Not Active,Not Active,Not Active,Not Active
2026/10/07 14:52:09.621,251.48,450.00,2655,10251,64,73,72,16610,P2,Not Active,Not Active,Not Active,Not Active
2026/10/07 14:52:10.125,254.55,450.00,2655,10251,65,79,78,16610,P2,Not Active,Not Active,Not Active,Not Active
2026/10/07 14:52:10.631,259.22,450.00,2655,10251,65,75,74,16610,P2,Not Active,Not Active,Not Active,Not Active
2026/10/07 14:52:11.135,254.27,450.00,2655,10251,64,77,76,16610,P2,Not Active,Not Active,Not Active,Not Active
2026/10/07 14:52:11.639,264.21,450.00,2655,10251,65,77,62,16610,P2,Not Active,Not Active,Not Active,Not Active
2026/10/07 14:52:12.143,263.95,450.00,2655,10251,64,78,77,16610,P2,Not Active,Not Active,Not Active,Not Active
2026/10/07 14:52:12.647,251.85,450.00,2655,10251,64,70,69,16610,P2,Not Active,Not Active,Not Active,Not Active
2026/10/07 14:52:13.151,262.55,450.00,2655,10251,65,85,84,16610,P2,Not Active,Not Active,Not Active,Not Active
2026/10/07 14:52:13.656,275.53,450.00,2655,10251,65,86,84,16610,P2,Not Active,Not Active,Not Active,Not Active
2026/10/07 14:52:14.159,274.81,450.00,2655,10251,65,86,85,16610,P2,Not Active,Not Active,Not Active,Not Active
2026/10/07 14:52:14.663,283.58,450.00,2655,10251,65,90,75,16610,P2,Not Active,Not Active,Not Active,Not Active
2026/10/07 14:52:15.168,288.64,450.00,2655,10251,65,91,90,16610,P2,Not Active,Not Active,Not Active,Not Active
2026/10/07 14:52:15.672,282.67,450.00,2655,10251,65,91,90,16610,P2,Not Active,Not Active,Not Active,Not Active
2026/10/07 14:52:16.175,283.77,450.00,2655,10251,65,91,89,16610,P2,Not Active,Not Active,Not Active,Not Active
2026/10/07 14:52:16.679,284.16,450.00,2655,10251,65,91,90,16610,P2,Not Active,Not Active,Not Active,Not Active
2026/10/07 14:52:17.183,293.66,450.00,2655,10251,65,90,75,16610,P2,Not Active,Not Active,Not Active,Not Active
2026/10/07 14:52:17.688,293.08,450.00,2655,10251,66,89,88,16610,P2,Not Active,Not Active,Not Active,Not Active
2026/10/07 14:52:18.191,284.32,450.00,2655,10251,65,91,90,16610,P2,Not Active,Not Active,Not Active,Not Active
2026/10/07 14:52:18.695,284.38,450.00,2655,10251,65,91,90,16610,P2,Not Active,Not Active,Not Active,Not Active
2026/10/07 14:52:19.198,284.47,450.00,2655,10251,65,91,89,16610,P2,Not Active,Not Active,Not Active,Not Active
2026/10/07 14:52:19.702,292.72,450.00,2655,10251,65,91,76,16610,P2,Not Active,Not Active,Not Active,Not Active
2026/10/07 14:52:20.242,292.00,450.00,2655,10251,66,91,89,16610,P2,Not Active,Not Active,Not Active,Not Active
2026/10/07 14:52:20.747,291.02,450.00,2655,10251,66,90,88,16610,P2,Not Active,Not Active,Not Active,Not Active
2026/10/07 14:52:21.251,284.49,450.00,2655,10251,65,91,89,16610,P2,Not Active,Not Active,Not Active,Not Active
2026/10/07 14:52:21.754,284.59,450.00,2655,10251,66,91,89,16610,P2,Not Active,Not Active,Not Active,Not Active
2026/10/07 14:52:22.258,283.59,450.00,2655,10251,66,89,87,16610,P2,Active,Not Active,Not Active,Not Active
2026/10/07 14:52:22.761,292.04,450.00,2640,10251,70,91,90,16610,P2,Not Active,Not Active,Not Active,Not Active
2026/10/07 14:52:23.267,293.48,450.00,2655,10251,66,91,90,16610,P2,Not Active,Not Active,Not Active,Not Active
2026/10/07 14:52:23.770,285.24,450.00,2655,10251,66,91,90,16610,P2,Not Active,Not Active,Not Active,Not Active
2026/10/07 14:52:24.274,284.65,450.00,2655,10251,65,91,90,16610,P2,Not Active,Not Active,Not Active,Not Active
2026/10/07 14:52:24.778,283.98,450.00,2655,10251,65,90,89,16610,P2,Not Active,Not Active,Not Active,Not Active
2026/10/07 14:52:25.282,291.31,450.00,2655,10251,66,91,90,16610,P2,Not Active,Not Active,Not Active,Not Active
2026/10/07 14:52:25.788,291.45,450.00,2655,10251,66,91,89,16610,P2,Not Active,Not Active,Not Active,Not Active
2026/10/07 14:52:26.292,284.59,450.00,2655,10251,66,91,90,16610,P2,Not Active,Not Active,Not Active,Not Active
2026/10/07 14:52:26.795,284.08,450.00,2655,10251,66,90,89,16610,P2,Not Active,Not Active,Not Active,Not Active
2026/10/07 14:52:27.299,284.14,450.00,2655,10251,66,91,90,16610,P2,Not Active,Not Active,Not Active,Not Active
2026/10/07 14:52:27.804,291.73,450.00,2655,10251,66,91,79,16610,P2,Not Active,Not Active,Not Active,Not Active
2026/10/07 14:52:28.308,292.21,450.00,2655,10251,66,91,90,16610,P2,Not Active,Not Active,Not Active,Not Active
2026/10/07 14:52:28.811,284.25,450.00,2655,10251,66,90,88,16610,P2,Not Active,Not Active,Not Active,Not Active
2026/10/07 14:52:29.315,284.01,450.00,2655,10251,66,91,90,16610,P2,Not Active,Not Active,Not Active,Not Active
2026/10/07 14:52:29.819,284.12,450.00,2655,10251,66,90,89,16610,P2,Not Active,Not Active,Not Active,Not Active
2026/10/07 14:52:30.324,293.30,450.00,2655,10251,67,91,76,16610,P2,Not Active,Not Active,Not Active,Not Active
2026/10/07 14:52:30.828,293.48,450.00,2655,10251,66,91,90,16610,P2,Not Active,Not Active,Not Active,Not Active
2026/10/07 14:52:31.331,284.32,450.00,2655,10251,66,89,88,16610,P2,Not Active,Not Active,Not Active,Not Active
2026/10/07 14:52:31.834,283.57,450.00,2655,10251,65,90,88,16610,P2,Not Active,Not Active,Not Active,Not Active
2026/10/07 14:52:32.338,284.31,450.00,2655,10251,66,91,89,16610,P2,Not Active,Not Active,Not Active,Not Active
2026/10/07 14:52:32.843,292.12,450.00,2580,10251,66,90,89,16610,P2,Not Active,Not Active,Not Active,Not Active
2026/10/07 14:52:33.399,292.52,450.00,2655,10251,66,91,90,16610,P2,Not Active,Not Active,Not Active,Not Active
2026/10/07 14:52:33.904,285.31,450.00,2655,10251,66,91,89,16610,P2,Not Active,Not Active,Not Active,Not Active
2026/10/07 14:52:34.409,284.98,450.00,2655,10251,66,91,90,16610,P2,Not Active,Not Active,Not Active,Not Active
2026/10/07 14:52:34.913,285.06,450.00,2655,10251,66,91,90,16610,P2,Not Active,Not Active,Not Active,Not Active
2026/10/07 14:52:35.417,287.80,450.00,2655,10251,66,91,90,16610,P2,Active,Not Active,Not Active,Not Active
2026/10/07 14:52:35.923,293.27,450.00,2655,10251,66,89,88,16610,P2,Not Active,Not Active,Not Active,Not Active
2026/10/07 14:52:36.427,293.61,450.00,2655,10251,66,91,90,16610,P2,Not Active,Not Active,Not Active,Not Active
2026/10/07 14:52:36.930,284.08,450.00,2655,10251,66,91,90,16610,P2,Not Active,Not Active,Not Active,Not Active
2026/10/07 14:52:37.433,283.80,450.00,2655,10251,66,90,89,16610,P2,Not Active,Not Active,Not Active,Not Active
2026/10/07 14:52:37.937,284.49,450.00,2655,10251,66,91,89,16610,P2,Not Active,Not Active,Not Active,Not Active
2026/10/07 14:52:38.442,292.78,450.00,2655,10251,66,90,89,16610,P2,Not Active,Not Active,Not Active,Not Active
2026/10/07 14:52:38.945,292.47,450.00,2655,10251,66,91,89,16610,P2,Not Active,Not Active,Not Active,Not Active
2026/10/07 14:52:39.449,285.08,450.00,2655,10251,66,91,90,16610,P2,Not Active,Not Active,Not Active,Not Active
2026/10/07 14:52:39.952,285.36,450.00,2655,10251,66,91,90,16610,P2,Not Active,Not Active,Not Active,Not Active
2026/10/07 14:52:40.455,285.43,450.00,2655,10251,66,91,89,16610,P2,Not Active,Not Active,Not Active,Not Active
2026/10/07 14:52:40.960,293.31,450.00,2655,10251,67,90,89,16610,P2,Not Active,Not Active,Not Active,Not Active
2026/10/07 14:52:41.465,293.32,450.00,2655,10251,66,91,89,16610,P2,Not Active,Not Active,Not Active,Not Active
2026/10/07 14:52:41.968,284.89,450.00,2655,10251,66,90,89,16610,P2,Not Active,Not Active,Not Active,Not Active
2026/10/07 14:52:42.472,284.77,450.00,2655,10251,66,91,89,16610,P2,Not Active,Not Active,Not Active,Not Active
2026/10/07 14:52:42.975,281.90,450.00,2655,10251,66,89,88,16610,P2,Not Active,Not Active,Not Active,Not Active
2026/10/07 14:52:43.481,290.13,450.00,2655,10251,66,91,82,16610,P2,Not Active,Not Active,Not Active,Not Active
2026/10/07 14:52:43.984,289.80,450.00,2655,10251,66,88,86,16610,P2,Not Active,Not Active,Not Active,Not Active
2026/10/07 14:52:44.489,280.15,450.00,2655,10251,66,90,88,16610,P2,Not Active,Not Active,Not Active,Not Active
2026/10/07 14:52:44.992,281.09,450.00,2655,10251,66,90,89,16610,P2,Not Active,Not Active,Not Active,Not Active
2026/10/07 14:52:45.496,283.61,450.00,2655,10251,66,91,90,16610,P2,Not Active,Not Active,Not Active,Not Active
2026/10/07 14:52:46.000,293.84,450.00,2655,10251,66,89,88,16610,P2,Not Active,Not Active,Not Active,Not Active
2026/10/07 14:52:46.562,293.13,450.00,2655,10251,66,90,89,16610,P2,Not Active,Not Active,Not Active,Not Active
2026/10/07 14:52:47.066,293.63,450.00,2655,10251,66,90,89,16610,P2,Not Active,Not Active,Not Active,Not Active
2026/10/07 14:52:47.570,284.72,450.00,2655,10251,66,91,90,16610,P2,Not Active,Not Active,Not Active,Not Active
2026/10/07 14:52:48.075,285.03,450.00,2655,10251,66,91,90,16610,P2,Not Active,Not Active,Not Active,Not Active
2026/10/07 14:52:48.580,290.16,450.00,2655,10251,66,91,90,16610,P2,Active,Not Active,Not Active,Not Active
2026/10/07 14:52:49.084,278.87,450.00,2655,10251,65,81,80,16610,P2,Not Active,Not Active,Not Active,Not Active
2026/10/07 14:52:49.587,276.84,450.00,2655,10251,66,89,87,16610,P2,Not Active,Not Active,Not Active,Not Active
2026/10/07 14:52:50.091,280.55,450.00,2655,10251,66,89,88,16610,P2,Not Active,Not Active,Not Active,Not Active
2026/10/07 14:52:50.596,281.65,450.00,2655,10251,66,90,89,16610,P2,Not Active,Not Active,Not Active,Not Active
2026/10/07 14:52:51.100,284.11,450.00,2655,10251,66,91,90,16610,P2,Not Active,Not Active,Not Active,Not Active
2026/10/07 14:52:51.604,291.30,450.00,2655,10251,66,92,77,16610,P2,Not Active,Not Active,Not Active,Not Active
2026/10/07 14:52:52.108,289.59,450.00,2655,10251,66,90,88,16610,P2,Not Active,Not Active,Not Active,Not Active
2026/10/07 14:52:52.611,282.05,450.00,2655,10251,66,90,89,16610,P2,Not Active,Not Active,Not Active,Not Active
2026/10/07 14:52:53.118,284.94,450.00,2655,10251,66,91,89,16610,P2,Not Active,Not Active,Not Active,Not Active
2026/10/07 14:52:53.622,285.08,450.00,2655,10251,66,91,89,16610,P2,Not Active,Not Active,Not Active,Not Active
2026/10/07 14:52:54.126,292.39,450.00,2655,10251,66,91,75,16610,P2,Not Active,Not Active,Not Active,Not Active
2026/10/07 14:52:54.630,292.29,450.00,2655,10251,66,91,89,16610,P2,Not Active,Not Active,Not Active,Not Active
2026/10/07 14:52:55.136,284.73,450.00,2655,10251,66,90,88,16610,P2,Not Active,Not Active,Not Active,Not Active
2026/10/07 14:52:55.639,284.93,450.00,2655,10251,66,91,90,16610,P2,Not Active,Not Active,Not Active,Not Active
2026/10/07 14:52:56.143,285.05,450.00,2655,10251,66,91,90,16610,P2,Not Active,Not Active,Not Active,Not Active
2026/10/07 14:52:56.647,287.00,450.00,2655,10251,66,89,88,16610,P2,Not Active,Not Active,Not Active,Not Active
2026/10/07 14:52:57.192,288.86,450.00,2655,10251,66,86,85,16610,P2,Not Active,Not Active,Not Active,Not Active
2026/10/07 14:52:57.697,281.06,450.00,2655,10251,66,84,83,16610,P2,Not Active,Not Active,Not Active,Not Active
2026/10/07 14:52:58.201,274.29,450.00,2655,10251,66,86,85,16610,P2,Not Active,Not Active,Not Active,Not Active
2026/10/07 14:52:58.706,277.13,450.00,2655,10251,66,84,83,16610,P2,Not Active,Not Active,Not Active,Not Active
2026/10/07 14:52:59.210,277.67,450.00,2655,10251,66,89,88,16610,P2,Not Active,Not Active,Not Active,Not Active
2026/10/07 14:52:59.716,284.80,450.00,2655,10251,66,85,83,16610,P2,Not Active,Not Active,Not Active,Not Active
2026/10/07 14:53:00.219,286.40,450.00,2655,10251,66,85,84,16610,P2,Not Active,Not Active,Not Active,Not Active
2026/10/07 14:53:00.722,280.50,450.00,2655,10251,66,89,88,16610,P2,Not Active,Not Active,Not Active,Not Active
2026/10/07 14:53:01.226,282.46,450.00,2655,10251,66,88,86,16610,P2,Not Active,Not Active,Not Active,Not Active
2026/10/07 14:53:01.731,283.16,450.00,2655,10251,66,91,90,16610,P2,Not Active,Not Active,Not Active,Not Active
2026/10/07 14:53:02.236,291.27,450.00,2655,10251,66,91,76,16610,P2,Not Active,Not Active,Not Active,Not Active
2026/10/07 14:53:02.739,291.18,450.00,2655,10251,66,91,90,16610,P2,Not Active,Not Active,Not Active,Not Active
2026/10/07 14:53:03.242,283.64,450.00,2655,10251,66,90,88,16610,P2,Not Active,Not Active,Not Active,Not Active
2026/10/07 14:53:03.746,283.65,450.00,2655,10251,66,89,88,16610,P2,Not Active,Not Active,Not Active,Not Active
2026/10/07 14:53:04.251,283.66,450.00,2655,10251,66,90,89,16610,P2,Not Active,Not Active,Not Active,Not Active
2026/10/07 14:53:04.755,292.34,450.00,2655,10251,66,91,76,16610,P2,Not Active,Not Active,Not Active,Not Active
2026/10/07 14:53:05.259,291.70,450.00,2655,10251,68,90,89,16610,P2,Not Active,Not Active,Not Active,Not Active
2026/10/07 14:53:05.762,292.30,450.00,2655,10251,66,90,89,16610,P2,Not Active,Not Active,Not Active,Not Active
2026/10/07 14:53:06.265,284.14,450.00,2655,10251,66,90,88,16610,P2,Not Active,Not Active,Not Active,Not Active
2026/10/07 14:53:06.771,283.54,450.00,2655,10251,66,90,88,16610,P2,Not Active,Not Active,Not Active,Not Active
2026/10/07 14:53:07.275,284.93,450.00,2655,10251,66,89,84,16610,P2,Not Active,Not Active,Not Active,Not Active
2026/10/07 14:53:07.778,282.39,450.00,2655,10251,66,83,81,16610,P2,Not Active,Not Active,Not Active,Not Active
2026/10/07 14:53:08.282,282.84,450.00,2655,10251,65,91,89,16610,P2,Not Active,Not Active,Not Active,Not Active
2026/10/07 14:53:08.785,280.57,450.00,2655,10251,66,91,90,16610,P2,Not Active,Not Active,Not Active,Not Active
2026/10/07 14:53:09.290,280.86,450.00,2655,10251,66,91,90,16610,P2,Not Active,Not Active,Not Active,Not Active
2026/10/07 14:53:09.794,280.33,450.00,2655,10251,66,91,90,16610,P2,Not Active,Not Active,Not Active,Not Active
2026/10/07 14:53:10.298,293.73,450.00,2655,10251,66,91,90,16610,P2,Not Active,Not Active,Not Active,Not Active
2026/10/07 14:53:10.803,293.90,450.00,2655,10251,66,91,90,16610,P2,Not Active,Not Active,Not Active,Not Active
2026/10/07 14:53:11.307,285.46,450.00,2655,10251,66,91,90,16610,P2,Not Active,Not Active,Not Active,Not Active
2026/10/07 14:53:11.812,285.57,450.00,2655,10251,66,91,90,16610,P2,Not Active,Not Active,Not Active,Not Active
2026/10/07 14:53:12.316,283.73,450.00,2655,10251,66,91,90,16610,P2,Not Active,Not Active,Not Active,Not Active
2026/10/07 14:53:12.820,291.69,450.00,2655,10251,67,91,75,16610,P2,Not Active,Not Active,Not Active,Not Active
2026/10/07 14:53:13.323,293.49,450.00,2655,10251,66,91,89,16610,P2,Not Active,Not Active,Not Active,Not Active
2026/10/07 14:53:13.828,284.30,450.00,2655,10251,66,90,88,16610,P2,Not Active,Not Active,Not Active,Not Active
2026/10/07 14:53:14.332,282.67,450.00,2655,10251,66,91,89,16610,P2,Not Active,Not Active,Not Active,Not Active
2026/10/07 14:53:14.835,283.58,450.00,2655,10251,66,91,90,16610,P2,Not Active,Not Active,Not Active,Not Active
2026/10/07 14:53:15.339,287.77,450.00,2655,10251,66,90,84,16610,P2,Not Active,Not Active,Not Active,Not Active
2026/10/07 14:53:15.842,290.04,450.00,2655,10251,66,89,87,16610,P2,Not Active,Not Active,Not Active,Not Active
2026/10/07 14:53:16.347,289.16,450.00,2655,10251,66,91,89,16610,P2,Not Active,Not Active,Not Active,Not Active
2026/10/07 14:53:16.851,283.71,450.00,2655,10251,66,90,89,16610,P2,Not Active,Not Active,Not Active,Not Active
2026/10/07 14:53:17.355,284.19,450.00,2655,10251,66,91,89,16610,P2,Not Active,Not Active,Not Active,Not Active
2026/10/07 14:53:17.859,284.25,450.00,2655,10251,66,90,89,16610,P2,Not Active,Not Active,Not Active,Not Active
2026/10/07 14:53:18.363,291.08,450.00,2655,10251,66,90,89,16610,P2,Not Active,Not Active,Not Active,Not Active
2026/10/07 14:53:18.868,290.80,450.00,2655,10251,66,89,87,16610,P2,Not Active,Not Active,Not Active,Not Active
2026/10/07 14:53:19.372,283.76,450.00,2655,10251,66,91,90,16610,P2,Not Active,Not Active,Not Active,Not Active
2026/10/07 14:53:19.876,276.49,450.00,2655,10251,65,86,84,16610,P2,Not Active,Not Active,Not Active,Not Active
2026/10/07 14:53:20.380,277.20,450.00,2655,10251,66,91,89,16610,P2,Not Active,Not Active,Not Active,Not Active
2026/10/07 14:53:20.883,292.30,450.00,2655,10251,67,90,89,16610,P2,Not Active,Not Active,Not Active,Not Active
2026/10/07 14:53:21.388,292.15,450.00,2655,10251,66,90,89,16610,P2,Not Active,Not Active,Not Active,Not Active
2026/10/07 14:53:21.892,284.54,450.00,2655,10251,66,90,89,16610,P2,Not Active,Not Active,Not Active,Not Active
2026/10/07 14:53:22.396,284.21,450.00,2655,10251,66,90,89,16610,P2,Not Active,Not Active,Not Active,Not Active
2026/10/07 14:53:22.900,284.33,450.00,2655,10251,66,91,89,16610,P2,Not Active,Not Active,Not Active,Not Active
2026/10/07 14:53:23.405,292.39,450.00,2580,10251,66,90,80,16610,P2,Not Active,Not Active,Not Active,Not Active
2026/10/07 14:53:23.910,292.15,450.00,2655,10251,66,89,88,16610,P2,Not Active,Not Active,Not Active,Not Active
2026/10/07 14:53:24.414,287.62,450.00,2655,10251,66,91,90,16610,P2,Not Active,Not Active,Not Active,Not Active
2026/10/07 14:53:24.917,284.22,450.00,2655,10251,66,90,89,16610,P2,Not Active,Not Active,Not Active,Not Active
2026/10/07 14:53:25.420,283.05,450.00,2655,10251,66,90,88,16610,P2,Not Active,Not Active,Not Active,Not Active
2026/10/07 14:53:25.926,282.74,450.00,2655,10251,66,89,87,16610,P2,Active,Not Active,Not Active,Not Active
2026/10/07 14:53:26.430,290.11,450.00,2655,10251,66,89,88,16610,P2,Not Active,Not Active,Not Active,Not Active
2026/10/07 14:53:26.934,290.66,450.00,2655,10251,66,91,89,16610,P2,Not Active,Not Active,Not Active,Not Active
2026/10/07 14:53:27.438,283.96,450.00,2655,10251,66,91,90,16610,P2,Not Active,Not Active,Not Active,Not Active
2026/10/07 14:53:27.942,284.03,450.00,2655,10251,66,90,88,16610,P2,Not Active,Not Active,Not Active,Not Active
2026/10/07 14:53:28.447,284.08,450.00,2655,10251,66,91,90,16610,P2,Not Active,Not Active,Not Active,Not Active
2026/10/07 14:53:28.950,291.77,450.00,2655,10251,67,89,88,16610,P2,Not Active,Not Active,Not Active,Not Active
2026/10/07 14:53:29.454,290.95,450.00,2655,10251,66,90,89,16610,P2,Not Active,Not Active,Not Active,Not Active
2026/10/07 14:53:29.958,282.36,450.00,2655,10251,66,90,89,16610,P2,Not Active,Not Active,Not Active,Not Active
2026/10/07 14:53:30.462,283.30,450.00,2655,10251,66,91,89,16610,P2,Not Active,Not Active,Not Active,Not Active
2026/10/07 14:53:30.967,283.79,450.00,2655,10251,66,90,88,16610,P2,Not Active,Not Active,Not Active,Not Active
2026/10/07 14:53:31.470,283.83,450.00,2655,10251,68,67,66,16610,P2,Not Active,Not Active,Not Active,Not Active
2026/10/07 14:53:31.973,276.84,450.00,2655,10251,66,91,90,16610,P2,Not Active,Not Active,Not Active,Not Active
2026/10/07 14:53:32.476,259.47,450.00,2655,10251,65,85,84,16610,P2,Not Active,Not Active,Not Active,Not Active
2026/10/07 14:53:32.981,266.71,450.00,2655,10251,66,88,87,16610,P2,Not Active,Not Active,Not Active,Not Active
2026/10/07 14:53:33.485,282.54,450.00,2655,10251,66,91,90,16610,P2,Not Active,Not Active,Not Active,Not Active
2026/10/07 14:53:33.988,285.04,450.00,2655,10251,66,91,89,16610,P2,Not Active,Not Active,Not Active,Not Active
2026/10/07 14:53:34.492,291.62,450.00,2655,10251,66,90,89,16610,P2,Not Active,Not Active,Not Active,Not Active
2026/10/07 14:53:34.996,291.68,450.00,2655,10251,66,91,89,16610,P2,Not Active,Not Active,Not Active,Not Active
2026/10/07 14:53:35.499,285.23,450.00,2655,10251,66,91,90,16610,P2,Not Active,Not Active,Not Active,Not Active
2026/10/07 14:53:36.004,284.84,450.00,2655,10251,66,90,89,16610,P2,Not Active,Not Active,Not Active,Not Active
2026/10/07 14:53:36.507,284.46,450.00,2655,10251,66,91,89,16610,P2,Not Active,Not Active,Not Active,Not Active
2026/10/07 14:53:37.010,293.15,450.00,2655,10251,73,92,80,16610,P2,Not Active,Not Active,Not Active,Not Active
2026/10/07 14:53:37.514,292.94,450.00,2655,10251,66,90,89,16610,P2,Not Active,Not Active,Not Active,Not Active
2026/10/07 14:53:38.018,284.28,450.00,2655,10251,66,91,89,16610,P2,Not Active,Not Active,Not Active,Not Active
2026/10/07 14:53:38.523,283.80,450.00,2655,10251,66,89,88,16610,P2,Not Active,Not Active,Not Active,Not Active
2026/10/07 14:53:39.027,282.96,450.00,2655,10251,66,89,88,16610,P2,Not Active,Not Active,Not Active,Not Active
2026/10/07 14:53:39.531,292.19,450.00,2655,10251,66,90,75,16610,P2,Not Active,Not Active,Not Active,Not Active
2026/10/07 14:53:40.034,291.73,450.00,2655,10251,66,90,89,16610,P2,Not Active,Not Active,Not Active,Not Active
2026/10/07 14:53:40.540,278.10,450.00,2655,10251,66,77,76,16610,P2,Not Active,Not Active,Not Active,Not Active
2026/10/07 14:53:41.044,277.08,450.00,2655,10251,66,90,89,16610,P2,Not Active,Not Active,Not Active,Not Active
2026/10/07 14:53:41.548,282.39,450.00,2655,10251,66,91,90,16610,P2,Not Active,Not Active,Not Active,Not Active
2026/10/07 14:53:42.052,285.01,450.00,2655,10251,66,90,89,16610,P2,Not Active,Not Active,Not Active,Not Active
2026/10/07 14:53:42.555,294.20,450.00,2655,10251,66,91,89,16610,P2,Not Active,Not Active,Not Active,Not Active
2026/10/07 14:53:43.061,294.22,450.00,2655,10251,66,90,89,16610,P2,Not Active,Not Active,Not Active,Not Active
2026/10/07 14:53:43.564,285.15,450.00,2655,10251,66,91,89,16610,P2,Not Active,Not Active,Not Active,Not Active
2026/10/07 14:53:44.068,284.72,450.00,2655,10251,66,90,88,16610,P2,Not Active,Not Active,Not Active,Not Active
2026/10/07 14:53:44.572,282.88,450.00,2655,10251,66,90,89,16610,P2,Not Active,Not Active,Not Active,Not Active
2026/10/07 14:53:45.076,289.87,450.00,2655,10251,68,89,88,16610,P2,Not Active,Not Active,Not Active,Not Active
2026/10/07 14:53:45.581,291.06,450.00,2655,10251,66,90,89,16610,P2,Not Active,Not Active,Not Active,Not Active
2026/10/07 14:53:46.085,283.07,450.00,2655,10251,66,89,88,16610,P2,Not Active,Not Active,Not Active,Not Active
2026/10/07 14:53:46.590,279.03,450.00,2655,10251,66,87,85,16610,P2,Not Active,Not Active,Not Active,Not Active
2026/10/07 14:53:47.094,277.61,450.00,2655,10251,66,89,87,16610,P2,Not Active,Not Active,Not Active,Not Active
2026/10/07 14:53:47.602,287.17,450.00,2655,10251,66,90,75,16610,P2,Not Active,Not Active,Not Active,Not Active
2026/10/07 14:53:48.105,286.58,450.00,2655,10251,66,89,87,16610,P2,Not Active,Not Active,Not Active,Not Active
2026/10/07 14:53:48.609,279.56,450.00,2655,10251,66,90,89,16610,P2,Not Active,Not Active,Not Active,Not Active
2026/10/07 14:53:49.114,282.20,450.00,2655,10251,66,90,89,16610,P2,Not Active,Not Active,Not Active,Not Active
2026/10/07 14:53:49.619,283.19,450.00,2655,10251,66,89,88,16610,P2,Not Active,Not Active,Not Active,Not Active
2026/10/07 14:53:50.122,292.33,450.00,2655,10251,66,91,75,16610,P2,Not Active,Not Active,Not Active,Not Active
2026/10/07 14:53:50.653,291.91,450.00,2655,10251,66,90,89,16610,P2,Not Active,Not Active,Not Active,Not Active
2026/10/07 14:53:51.161,284.22,450.00,2655,10251,66,91,89,16610,P2,Not Active,Not Active,Not Active,Not Active
2026/10/07 14:53:51.664,284.77,450.00,2655,10251,66,90,89,16610,P2,Not Active,Not Active,Not Active,Not Active
2026/10/07 14:53:52.167,284.51,450.00,2655,10251,66,90,89,16610,P2,Not Active,Not Active,Not Active,Not Active
2026/10/07 14:53:52.671,285.53,450.00,2655,10251,66,90,84,16610,P2,Not Active,Not Active,Not Active,Not Active
2026/10/07 14:53:53.175,290.83,450.00,2565,10251,66,90,89,16610,P2,Not Active,Not Active,Not Active,Not Active
2026/10/07 14:53:53.679,290.91,450.00,2655,10251,66,89,88,16610,P2,Not Active,Not Active,Not Active,Not Active
2026/10/07 14:53:54.182,284.21,450.00,2655,10251,66,90,89,16610,P2,Not Active,Not Active,Not Active,Not Active
2026/10/07 14:53:54.687,284.30,450.00,2655,10251,66,90,89,16610,P2,Not Active,Not Active,Not Active,Not Active
2026/10/07 14:53:55.191,284.46,450.00,2655,10251,66,91,89,16610,P2,Not Active,Not Active,Not Active,Not Active
2026/10/07 14:53:55.696,292.75,450.00,2655,10251,70,91,89,16610,P2,Not Active,Not Active,Not Active,Not Active
2026/10/07 14:53:56.200,292.72,450.00,2655,10251,66,91,89,16610,P2,Not Active,Not Active,Not Active,Not Active
2026/10/07 14:53:56.703,284.77,450.00,2655,10251,66,91,89,16610,P2,Not Active,Not Active,Not Active,Not Active
2026/10/07 14:53:57.207,284.73,450.00,2655,10251,66,91,89,16610,P2,Not Active,Not Active,Not Active,Not Active
2026/10/07 14:53:57.712,284.92,450.00,2655,10251,66,91,89,16610,P2,Not Active,Not Active,Not Active,Not Active
2026/10/07 14:53:58.217,293.40,450.00,2655,10251,66,90,75,16610,P2,Not Active,Not Active,Not Active,Not Active
2026/10/07 14:53:58.721,293.11,450.00,2655,10251,66,90,88,16610,P2,Not Active,Not Active,Not Active,Not Active
2026/10/07 14:53:59.224,284.36,450.00,2655,10251,66,90,89,16610,P2,Not Active,Not Active,Not Active,Not Active
2026/10/07 14:53:59.728,284.05,450.00,2655,10251,66,91,89,16610,P2,Not Active,Not Active,Not Active,Not Active
2026/10/07 14:54:00.232,282.90,450.00,2655,10251,66,86,85,16610,P2,Not Active,Not Active,Not Active,Not Active
2026/10/07 14:54:00.737,285.69,450.00,2655,10251,66,85,70,16610,P2,Not Active,Not Active,Not Active,Not Active
2026/10/07 14:54:01.240,283.99,450.00,2655,10251,66,85,84,16610,P2,Not Active,Not Active,Not Active,Not Active
2026/10/07 14:54:01.743,282.47,450.00,2655,10251,65,84,83,16610,P2,Not Active,Not Active,Not Active,Not Active
2026/10/07 14:54:02.247,272.86,450.00,2655,10251,66,86,84,16610,P2,Not Active,Not Active,Not Active,Not Active
2026/10/07 14:54:02.752,277.54,450.00,2655,10251,66,90,89,16610,P2,Not Active,Not Active,Not Active,Not Active
2026/10/07 14:54:03.256,281.82,450.00,2655,10251,66,90,89,16610,P2,Not Active,Not Active,Not Active,Not Active
2026/10/07 14:54:03.759,292.57,450.00,2655,10251,66,90,89,16610,P2,Not Active,Not Active,Not Active,Not Active
2026/10/07 14:54:04.263,292.32,450.00,2655,10251,66,90,89,16610,P2,Not Active,Not Active,Not Active,Not Active
2026/10/07 14:54:04.766,283.55,450.00,2655,10251,66,91,90,16610,P2,Not Active,Not Active,Not Active,Not Active
2026/10/07 14:54:05.269,283.11,450.00,2655,10251,66,90,89,16610,P2,Not Active,Not Active,Not Active,Not Active
2026/10/07 14:54:05.774,283.35,450.00,2655,10251,66,90,89,16610,P2,Not Active,Not Active,Not Active,Not Active
2026/10/07 14:54:06.277,292.22,450.00,2655,10251,66,90,89,16610,P2,Not Active,Not Active,Not Active,Not Active
2026/10/07 14:54:06.780,292.17,450.00,2655,10251,66,90,89,16610,P2,Not Active,Not Active,Not Active,Not Active
2026/10/07 14:54:07.285,283.71,450.00,2655,10251,66,91,89,16610,P2,Not Active,Not Active,Not Active,Not Active
2026/10/07 14:54:07.789,283.80,450.00,2655,10251,66,90,89,16610,P2,Not Active,Not Active,Not Active,Not Active
2026/10/07 14:54:08.294,283.80,450.00,2655,10251,66,89,88,16610,P2,Not Active,Not Active,Not Active,Not Active
2026/10/07 14:54:08.798,292.39,450.00,2655,10251,67,90,82,16610,P2,Not Active,Not Active,Not Active,Not Active
2026/10/07 14:54:09.302,292.13,450.00,2655,10251,66,90,89,16610,P2,Not Active,Not Active,Not Active,Not Active
2026/10/07 14:54:09.804,290.10,450.00,2655,10251,66,91,89,16610,P2,Not Active,Not Active,Not Active,Not Active
2026/10/07 14:54:10.308,284.42,450.00,2655,10251,66,90,89,16610,P2,Not Active,Not Active,Not Active,Not Active
2026/10/07 14:54:10.814,284.62,450.00,2655,10251,66,91,90,16610,P2,Not Active,Not Active,Not Active,Not Active
2026/10/07 14:54:11.317,284.97,450.00,2655,10251,72,90,89,16610,P2,Not Active,Not Active,Not Active,Not Active
2026/10/07 14:54:11.868,292.17,450.00,2655,10251,66,90,89,16610,P2,Not Active,Not Active,Not Active,Not Active
2026/10/07 14:54:12.373,292.46,450.00,2655,10251,66,91,90,16610,P2,Not Active,Not Active,Not Active,Not Active
2026/10/07 14:54:12.877,284.86,450.00,2655,10251,66,91,89,16610,P2,Not Active,Not Active,Not Active,Not Active
2026/10/07 14:54:13.381,284.74,450.00,2655,10251,66,91,89,16610,P2,Not Active,Not Active,Not Active,Not Active
2026/10/07 14:54:13.885,284.77,450.00,2655,10251,66,90,89,16610,P2,Not Active,Not Active,Not Active,Not Active
2026/10/07 14:54:14.390,292.92,450.00,2655,10251,66,91,89,16610,P2,Not Active,Not Active,Not Active,Not Active
2026/10/07 14:54:14.893,291.50,450.00,2655,10251,66,90,89,16610,P2,Not Active,Not Active,Not Active,Not Active
2026/10/07 14:54:15.396,283.33,450.00,2655,10251,66,91,89,16610,P2,Not Active,Not Active,Not Active,Not Active
2026/10/07 14:54:15.900,284.66,450.00,2655,10251,66,90,89,16610,P2,Not Active,Not Active,Not Active,Not Active
2026/10/07 14:54:16.403,284.57,450.00,2655,10251,66,90,89,16610,P2,Not Active,Not Active,Not Active,Not Active
2026/10/07 14:54:16.908,292.72,450.00,2655,10251,66,91,90,16610,P2,Not Active,Not Active,Not Active,Not Active
2026/10/07 14:54:17.413,292.52,450.00,2655,10251,66,91,89,16610,P2,Not Active,Not Active,Not Active,Not Active
2026/10/07 14:54:17.916,284.35,450.00,2655,10251,66,90,88,16610,P2,Not Active,Not Active,Not Active,Not Active
2026/10/07 14:54:18.420,284.00,450.00,2655,10251,66,90,89,16610,P2,Not Active,Not Active,Not Active,Not Active
2026/10/07 14:54:18.923,283.81,450.00,2655,10251,66,90,88,16610,P2,Not Active,Not Active,Not Active,Not Active
2026/10/07 14:54:19.427,292.47,450.00,2655,10251,67,91,76,16610,P2,Not Active,Not Active,Not Active,Not Active
2026/10/07 14:54:19.932,292.25,450.00,2655,10251,66,91,89,16610,P2,Not Active,Not Active,Not Active,Not Active
2026/10/07 14:54:20.435,285.19,450.00,2655,10251,66,91,89,16610,P2,Not Active,Not Active,Not Active,Not Active
2026/10/07 14:54:20.938,284.43,450.00,2655,10251,66,91,89,16610,P2,Not Active,Not Active,Not Active,Not Active
2026/10/07 14:54:21.442,284.10,450.00,2655,10251,66,90,89,16610,P2,Not Active,Not Active,Not Active,Not Active
2026/10/07 14:54:21.947,293.92,450.00,2655,10251,66,91,76,16610,P2,Not Active,Not Active,Not Active,Not Active
2026/10/07 14:54:22.495,294.34,450.00,2655,10251,66,91,90,16610,P2,Not Active,Not Active,Not Active,Not Active
2026/10/07 14:54:22.998,285.20,450.00,2655,10251,66,90,89,16610,P2,Not Active,Not Active,Not Active,Not Active
2026/10/07 14:54:23.502,284.87,450.00,2655,10251,66,91,89,16610,P2,Not Active,Not Active,Not Active,Not Active
2026/10/07 14:54:24.007,285.36,450.00,2655,10251,66,90,89,16610,P2,Not Active,Not Active,Not Active,Not Active
2026/10/07 14:54:24.511,289.26,450.00,2655,10251,66,90,81,16610,P2,Not Active,Not Active,Not Active,Not Active
2026/10/07 14:54:25.035,291.55,450.00,2655,10251,66,90,89,16610,P2,Not Active,Not Active,Not Active,Not Active
2026/10/07 14:54:25.538,291.40,450.00,2655,10251,66,91,89,16610,P2,Not Active,Not Active,Not Active,Not Active
2026/10/07 14:54:26.041,285.35,450.00,2655,10251,66,91,89,16610,P2,Not Active,Not Active,Not Active,Not Active
2026/10/07 14:54:26.550,285.45,450.00,2655,10251,66,90,89,16610,P2,Not Active,Not Active,Not Active,Not Active
2026/10/07 14:54:27.056,284.66,450.00,2655,10251,66,90,89,16610,P2,Not Active,Not Active,Not Active,Not Active
2026/10/07 14:54:27.559,292.71,450.00,2655,10251,67,91,89,16610,P2,Not Active,Not Active,Not Active,Not Active
2026/10/07 14:54:28.063,293.07,450.00,2655,10251,66,91,90,16610,P2,Not Active,Not Active,Not Active,Not Active
2026/10/07 14:54:28.569,285.05,450.00,2655,10251,66,91,89,16610,P2,Not Active,Not Active,Not Active,Not Active
2026/10/07 14:54:29.072,285.04,450.00,2655,10251,66,91,89,16610,P2,Not Active,Not Active,Not Active,Not Active
2026/10/07 14:54:29.577,285.17,450.00,2655,10251,66,91,89,16610,P2,Not Active,Not Active,Not Active,Not Active
2026/10/07 14:54:30.080,294.35,450.00,2655,10251,68,91,89,16610,P2,Not Active,Not Active,Not Active,Not Active
2026/10/07 14:54:30.586,293.78,450.00,2655,10251,66,91,89,16610,P2,Not Active,Not Active,Not Active,Not Active
2026/10/07 14:54:31.090,284.45,450.00,2655,10251,66,90,89,16610,P2,Not Active,Not Active,Not Active,Not Active
2026/10/07 14:54:31.594,283.86,450.00,2655,10251,66,90,89,16610,P2,Not Active,Not Active,Not Active,Not Active
2026/10/07 14:54:32.097,284.70,450.00,2655,10251,66,90,88,16610,P2,Not Active,Not Active,Not Active,Not Active
2026/10/07 14:54:32.601,292.60,450.00,2655,10251,66,91,76,16610,P2,Not Active,Not Active,Not Active,Not Active
2026/10/07 14:54:33.107,291.12,450.00,2655,10251,66,91,89,16610,P2,Not Active,Not Active,Not Active,Not Active
2026/10/07 14:54:33.610,283.26,450.00,2655,10251,66,91,90,16610,P2,Not Active,Not Active,Not Active,Not Active
2026/10/07 14:54:34.113,284.26,450.00,2655,10251,66,91,90,16610,P2,Not Active,Not Active,Not Active,Not Active
2026/10/07 14:54:34.616,284.62,450.00,2655,10251,66,91,89,16610,P2,Not Active,Not Active,Not Active,Not Active
2026/10/07 14:54:35.120,292.92,450.00,2655,10251,66,91,76,16610,P2,Not Active,Not Active,Not Active,Not Active
2026/10/07 14:54:35.659,291.50,450.00,2655,10251,66,90,88,16610,P2,Not Active,Not Active,Not Active,Not Active
2026/10/07 14:54:36.166,283.71,450.00,2655,10251,66,91,89,16610,P2,Not Active,Not Active,Not Active,Not Active
2026/10/07 14:54:36.669,284.67,450.00,2655,10251,66,91,89,16610,P2,Not Active,Not Active,Not Active,Not Active
2026/10/07 14:54:37.173,284.53,450.00,2655,10251,66,90,88,16610,P2,Not Active,Not Active,Not Active,Not Active
2026/10/07 14:54:37.676,287.14,450.00,2655,10251,66,89,82,16610,P2,Active,Not Active,Not Active,Not Active
2026/10/07 14:54:38.181,293.26,450.00,2655,10251,67,91,89,16610,P2,Not Active,Not Active,Not Active,Not Active
2026/10/07 14:54:38.685,293.15,450.00,2655,10251,66,90,89,16610,P2,Not Active,Not Active,Not Active,Not Active
2026/10/07 14:54:39.188,284.39,450.00,2655,10251,66,90,88,16610,P2,Not Active,Not Active,Not Active,Not Active
2026/10/07 14:54:39.691,284.21,450.00,2655,10251,66,91,89,16610,P2,Not Active,Not Active,Not Active,Not Active
2026/10/07 14:54:40.195,284.45,450.00,2655,10251,66,89,88,16610,P2,Not Active,Not Active,Not Active,Not Active
2026/10/07 14:54:40.698,293.16,450.00,2655,10251,71,90,89,16610,P2,Not Active,Not Active,Not Active,Not Active
2026/10/07 14:54:41.206,293.08,450.00,2655,10251,66,90,89,16610,P2,Not Active,Not Active,Not Active,Not Active
2026/10/07 14:54:41.709,283.73,450.00,2655,10251,66,89,88,16610,P2,Not Active,Not Active,Not Active,Not Active
2026/10/07 14:54:42.212,284.06,450.00,2655,10251,66,90,89,16610,P2,Not Active,Not Active,Not Active,Not Active
2026/10/07 14:54:42.715,284.19,450.00,2655,10251,66,90,89,16610,P2,Not Active,Not Active,Not Active,Not Active
2026/10/07 14:54:43.220,292.08,450.00,2655,10251,66,90,75,16610,P2,Not Active,Not Active,Not Active,Not Active
2026/10/07 14:54:43.724,292.85,450.00,2655,10251,66,91,89,16610,P2,Not Active,Not Active,Not Active,Not Active
2026/10/07 14:54:44.227,284.85,450.00,2655,10251,66,90,88,16610,P2,Not Active,Not Active,Not Active,Not Active
2026/10/07 14:54:44.731,283.93,450.00,2655,10251,66,90,88,16610,P2,Not Active,Not Active,Not Active,Not Active
2026/10/07 14:54:45.234,283.05,450.00,2655,10251,66,90,89,16610,P2,Not Active,Not Active,Not Active,Not Active
2026/10/07 14:54:45.743,286.20,450.00,2655,10251,66,90,75,16610,P2,Not Active,Not Active,Not Active,Not Active
2026/10/07 14:54:46.246,287.11,450.00,2655,10251,66,90,89,16610,P2,Not Active,Not Active,Not Active,Not Active
2026/10/07 14:54:46.750,279.41,450.00,2655,10251,66,90,89,16610,P2,Not Active,Not Active,Not Active,Not Active
2026/10/07 14:54:47.253,283.07,450.00,2655,10251,66,90,89,16610,P2,Not Active,Not Active,Not Active,Not Active
2026/10/07 14:54:47.756,283.39,450.00,2655,10251,66,90,89,16610,P2,Not Active,Not Active,Not Active,Not Active
2026/10/07 14:54:48.261,287.51,450.00,2655,10251,66,90,82,16610,P2,Not Active,Not Active,Not Active,Not Active
2026/10/07 14:54:48.825,277.33,450.00,2655,10251,66,68,67,16610,P2,Not Active,Not Active,Not Active,Not Active
2026/10/07 14:54:49.328,276.16,450.00,2655,10251,66,90,89,16610,P2,Not Active,Not Active,Not Active,Not Active
2026/10/07 14:54:49.832,279.96,450.00,2655,10251,66,89,88,16610,P2,Not Active,Not Active,Not Active,Not Active
2026/10/07 14:54:50.335,277.41,450.00,2655,10251,66,88,87,16610,P2,Not Active,Not Active,Not Active,Not Active
2026/10/07 14:54:50.840,278.30,450.00,2655,10251,66,89,88,16610,P2,Not Active,Not Active,Not Active,Not Active
2026/10/07 14:54:51.344,289.30,450.00,2655,10251,66,87,83,16610,P2,Not Active,Not Active,Not Active,Not Active
2026/10/07 14:54:51.847,289.17,450.00,2655,10251,66,89,88,16610,P2,Not Active,Not Active,Not Active,Not Active
2026/10/07 14:54:52.350,277.18,450.00,2655,10251,66,89,88,16610,P2,Not Active,Not Active,Not Active,Not Active
2026/10/07 14:54:52.854,267.97,450.00,2655,10251,66,79,78,16610,P2,Not Active,Not Active,Not Active,Not Active
2026/10/07 14:54:53.360,273.38,450.00,2655,10251,66,89,88,16610,P2,Not Active,Not Active,Not Active,Not Active
2026/10/07 14:54:53.863,289.35,450.00,2655,10251,71,90,74,16610,P2,Not Active,Not Active,Not Active,Not Active
2026/10/07 14:54:54.413,287.41,450.00,2655,10251,66,91,90,16610,P2,Not Active,Not Active,Not Active,Not Active
2026/10/07 14:54:54.920,287.86,450.00,2655,10251,66,90,89,16610,P2,Not Active,Not Active,Not Active,Not Active
2026/10/07 14:54:55.423,282.82,450.00,2655,10251,66,91,90,16610,P2,Not Active,Not Active,Not Active,Not Active
2026/10/07 14:54:55.926,279.35,450.00,2655,10251,66,83,81,16610,P2,Not Active,Not Active,Not Active,Not Active
2026/10/07 14:54:56.430,277.85,450.00,2655,10251,66,85,84,16610,P2,Not Active,Not Active,Not Active,Not Active
2026/10/07 14:54:56.933,287.64,450.00,2655,10251,66,87,85,16610,P2,Not Active,Not Active,Not Active,Not Active
2026/10/07 14:54:57.439,290.50,450.00,2655,10251,66,89,87,16610,P2,Not Active,Not Active,Not Active,Not Active
2026/10/07 14:54:57.943,279.98,450.00,2655,10251,66,81,80,16610,P2,Not Active,Not Active,Not Active,Not Active
2026/10/07 14:54:58.446,279.41,450.00,2655,10251,66,90,89,16610,P2,Not Active,Not Active,Not Active,Not Active
2026/10/07 14:54:58.949,281.62,450.00,2655,10251,66,87,86,16610,P2,Not Active,Not Active,Not Active,Not Active
2026/10/07 14:54:59.453,290.98,450.00,2565,10251,67,90,89,16610,P2,Not Active,Not Active,Not Active,Not Active
2026/10/07 14:54:59.959,293.35,450.00,2655,10251,66,91,90,16610,P2,Not Active,Not Active,Not Active,Not Active
2026/10/07 14:55:00.463,283.82,450.00,2655,10251,66,86,85,16610,P2,Not Active,Not Active,Not Active,Not Active
2026/10/07 14:55:00.966,273.11,450.00,2655,10251,66,81,80,16610,P2,Not Active,Not Active,Not Active,Not Active
2026/10/07 14:55:01.469,273.25,450.00,2655,10251,66,89,88,16610,P2,Not Active,Not Active,Not Active,Not Active
2026/10/07 14:55:01.974,293.77,450.00,2655,10251,66,91,90,16610,P2,Not Active,Not Active,Not Active,Not Active
2026/10/07 14:55:02.534,293.44,450.00,2655,10251,66,91,89,16610,P2,Not Active,Not Active,Not Active,Not Active
2026/10/07 14:55:03.037,285.04,450.00,2655,10251,66,90,89,16610,P2,Not Active,Not Active,Not Active,Not Active
2026/10/07 14:55:03.540,281.67,450.00,2655,10251,66,90,89,16610,P2,Not Active,Not Active,Not Active,Not Active
2026/10/07 14:55:04.044,276.26,450.00,2655,10251,66,88,87,16610,P2,Not Active,Not Active,Not Active,Not Active
2026/10/07 14:55:04.547,272.69,450.00,2655,10251,66,89,88,16610,P2,Not Active,Not Active,Not Active,Not Active
2026/10/07 14:55:05.052,286.64,450.00,2655,10251,66,88,87,16610,P2,Not Active,Not Active,Not Active,Not Active
2026/10/07 14:55:05.556,286.34,450.00,2655,10251,66,87,85,16610,P2,Not Active,Not Active,Not Active,Not Active
2026/10/07 14:55:06.060,276.60,450.00,2655,10251,66,86,85,16610,P2,Not Active,Not Active,Not Active,Not Active
2026/10/07 14:55:06.564,280.08,450.00,2655,10251,66,91,89,16610,P2,Not Active,Not Active,Not Active,Not Active
2026/10/07 14:55:07.067,282.77,450.00,2655,10251,66,90,89,16610,P2,Not Active,Not Active,Not Active,Not Active
2026/10/07 14:55:07.572,291.86,450.00,2655,10251,66,90,75,16610,P2,Not Active,Not Active,Not Active,Not Active
2026/10/07 14:55:08.077,291.46,450.00,2655,10251,66,90,88,16610,P2,Not Active,Not Active,Not Active,Not Active
2026/10/07 14:55:08.581,284.89,450.00,2655,10251,66,91,89,16610,P2,Not Active,Not Active,Not Active,Not Active
2026/10/07 14:55:09.084,285.60,450.00,2655,10251,66,90,89,16610,P2,Not Active,Not Active,Not Active,Not Active
2026/10/07 14:55:09.588,285.88,450.00,2655,10251,66,91,90,16610,P2,Not Active,Not Active,Not Active,Not Active
2026/10/07 14:55:10.092,293.14,450.00,2655,10251,66,90,75,16610,P2,Not Active,Not Active,Not Active,Not Active
2026/10/07 14:55:10.596,292.92,450.00,2655,10251,66,91,89,16610,P2,Not Active,Not Active,Not Active,Not Active
2026/10/07 14:55:11.099,288.94,450.00,2655,10251,66,90,89,16610,P2,Not Active,Not Active,Not Active,Not Active
2026/10/07 14:55:11.602,285.36,450.00,2655,10251,66,90,89,16610,P2,Not Active,Not Active,Not Active,Not Active
2026/10/07 14:55:12.106,285.10,450.00,2655,10251,66,90,89,16610,P2,Not Active,Not Active,Not Active,Not Active
2026/10/07 14:55:12.611,284.62,450.00,2655,10251,66,91,89,16610,P2,Not Active,Not Active,Not Active,Not Active
2026/10/07 14:55:13.117,290.95,450.00,2655,10251,66,90,89,16610,P2,Not Active,Not Active,Not Active,Not Active
2026/10/07 14:55:13.620,290.04,450.00,2655,10251,66,91,89,16610,P2,Not Active,Not Active,Not Active,Not Active
2026/10/07 14:55:14.124,271.23,450.00,2655,10251,65,79,78,16610,P2,Not Active,Not Active,Not Active,Not Active
2026/10/07 14:55:14.628,260.21,450.00,2655,10251,66,77,76,16610,P2,Not Active,Not Active,Not Active,Not Active
2026/10/07 14:55:15.133,270.76,450.00,2655,10251,66,90,89,16610,P2,Not Active,Not Active,Not Active,Not Active
2026/10/07 14:55:15.637,283.90,450.00,2655,10251,66,86,84,16610,P2,Not Active,Not Active,Not Active,Not Active
2026/10/07 14:55:16.140,291.02,450.00,2655,10251,66,91,89,16610,P2,Not Active,Not Active,Not Active,Not Active
2026/10/07 14:55:16.644,283.40,450.00,2655,10251,66,91,89,16610,P2,Not Active,Not Active,Not Active,Not Active
2026/10/07 14:55:17.149,284.88,450.00,2655,10251,66,91,89,16610,P2,Not Active,Not Active,Not Active,Not Active
2026/10/07 14:55:17.653,285.08,450.00,2655,10251,66,91,89,16610,P2,Not Active,Not Active,Not Active,Not Active
2026/10/07 14:55:18.156,294.66,450.00,2655,10251,66,91,76,16610,P2,Not Active,Not Active,Not Active,Not Active
2026/10/07 14:55:18.661,293.80,450.00,2655,10251,66,91,90,16610,P2,Not Active,Not Active,Not Active,Not Active
2026/10/07 14:55:19.165,284.48,450.00,2655,10251,66,88,87,16610,P2,Not Active,Not Active,Not Active,Not Active
2026/10/07 14:55:19.670,284.45,450.00,2655,10251,66,91,90,16610,P2,Not Active,Not Active,Not Active,Not Active
2026/10/07 14:55:20.173,285.08,450.00,2655,10251,66,90,89,16610,P2,Not Active,Not Active,Not Active,Not Active
2026/10/07 14:55:20.677,288.08,450.00,2655,10251,66,90,83,16610,P2,Not Active,Not Active,Not Active,Not Active
2026/10/07 14:55:21.204,292.43,450.00,2655,10251,67,90,89,16610,P2,Not Active,Not Active,Not Active,Not Active
2026/10/07 14:55:21.709,291.29,450.00,2655,10251,66,90,89,16610,P2,Not Active,Not Active,Not Active,Not Active
2026/10/07 14:55:22.213,283.44,450.00,2655,10251,66,90,89,16610,P2,Not Active,Not Active,Not Active,Not Active
2026/10/07 14:55:22.716,284.03,450.00,2655,10251,66,91,89,16610,P2,Not Active,Not Active,Not Active,Not Active
2026/10/07 14:55:23.220,283.21,450.00,2655,10251,66,89,87,16610,P2,Not Active,Not Active,Not Active,Not Active
2026/10/07 14:55:23.723,291.89,450.00,2580,10251,70,91,90,16610,P2,Not Active,Not Active,Not Active,Not Active
2026/10/07 14:55:24.228,292.51,450.00,2655,10251,66,90,89,16610,P2,Not Active,Not Active,Not Active,Not Active
2026/10/07 14:55:24.732,284.11,450.00,2655,10251,66,90,89,16610,P2,Not Active,Not Active,Not Active,Not Active
2026/10/07 14:55:25.235,284.48,450.00,2655,10251,66,91,89,16610,P2,Not Active,Not Active,Not Active,Not Active
2026/10/07 14:55:25.739,284.07,450.00,2655,10251,66,89,88,16610,P2,Not Active,Not Active,Not Active,Not Active
2026/10/07 14:55:26.242,293.17,450.00,2655,10251,66,90,89,16610,P2,Not Active,Not Active,Not Active,Not Active
2026/10/07 14:55:26.747,294.15,450.00,2655,10251,66,91,89,16610,P2,Not Active,Not Active,Not Active,Not Active
2026/10/07 14:55:27.250,284.85,450.00,2655,10251,66,91,89,16610,P2,Not Active,Not Active,Not Active,Not Active
2026/10/07 14:55:27.754,285.12,450.00,2655,10251,66,91,90,16610,P2,Not Active,Not Active,Not Active,Not Active
2026/10/07 14:55:28.258,285.52,450.00,2655,10251,66,91,90,16610,P2,Not Active,Not Active,Not Active,Not Active
2026/10/07 14:55:28.761,292.52,450.00,2655,10251,66,91,76,16610,P2,Not Active,Not Active,Not Active,Not Active
2026/10/07 14:55:29.267,292.48,450.00,2655,10251,67,91,89,16610,P2,Not Active,Not Active,Not Active,Not Active
2026/10/07 14:55:29.770,285.58,450.00,2655,10251,66,91,90,16610,P2,Not Active,Not Active,Not Active,Not Active
2026/10/07 14:55:30.273,285.11,450.00,2655,10251,66,90,89,16610,P2,Not Active,Not Active,Not Active,Not Active
2026/10/07 14:55:30.777,284.88,450.00,2655,10251,66,91,90,16610,P2,Not Active,Not Active,Not Active,Not Active
2026/10/07 14:55:31.281,292.26,450.00,2655,10251,66,91,76,16610,P2,Not Active,Not Active,Not Active,Not Active
2026/10/07 14:55:31.786,293.07,450.00,2655,10251,67,91,89,16610,P2,Not Active,Not Active,Not Active,Not Active
2026/10/07 14:55:32.289,293.64,450.00,2655,10251,66,91,90,16610,P2,Not Active,Not Active,Not Active,Not Active
2026/10/07 14:55:32.793,284.86,450.00,2655,10251,66,90,89,16610,P2,Not Active,Not Active,Not Active,Not Active
2026/10/07 14:55:33.296,285.20,450.00,2655,10251,66,90,89,16610,P2,Not Active,Not Active,Not Active,Not Active
2026/10/07 14:55:33.799,285.03,450.00,2655,10251,66,91,89,16610,P2,Not Active,Not Active,Not Active,Not Active
2026/10/07 14:55:34.304,292.56,450.00,2655,10251,66,91,89,16610,P2,Not Active,Not Active,Not Active,Not Active
2026/10/07 14:55:34.808,292.42,450.00,2655,10251,66,90,88,16610,P2,Not Active,Not Active,Not Active,Not Active
2026/10/07 14:55:35.311,284.61,450.00,2655,10251,66,91,89,16610,P2,Not Active,Not Active,Not Active,Not Active
2026/10/07 14:55:35.815,285.05,450.00,2655,10251,66,91,90,16610,P2,Not Active,Not Active,Not Active,Not Active
2026/10/07 14:55:36.319,285.48,450.00,2655,10251,66,90,89,16610,P2,Not Active,Not Active,Not Active,Not Active
2026/10/07 14:55:36.824,293.68,450.00,2655,10251,67,91,90,16610,P2,Not Active,Not Active,Not Active,Not Active
2026/10/07 14:55:37.328,292.34,450.00,2655,10251,66,87,86,16610,P2,Not Active,Not Active,Not Active,Not Active
2026/10/07 14:55:37.831,284.27,450.00,2655,10251,66,91,89,16610,P2,Not Active,Not Active,Not Active,Not Active
2026/10/07 14:55:38.334,285.63,450.00,2655,10251,66,91,89,16610,P2,Not Active,Not Active,Not Active,Not Active
2026/10/07 14:55:38.837,285.45,450.00,2655,10251,66,91,89,16610,P2,Not Active,Not Active,Not Active,Not Active
2026/10/07 14:55:39.342,294.11,450.00,2655,10251,67,90,75,16610,P2,Not Active,Not Active,Not Active,Not Active
2026/10/07 14:55:39.847,294.01,450.00,2655,10251,66,90,89,16610,P2,Not Active,Not Active,Not Active,Not Active
2026/10/07 14:55:40.350,285.56,450.00,2655,10251,66,91,90,16610,P2,Not Active,Not Active,Not Active,Not Active
2026/10/07 14:55:40.855,285.36,450.00,2655,10251,66,91,90,16610,P2,Not Active,Not Active,Not Active,Not Active
2026/10/07 14:55:41.358,285.00,450.00,2655,10251,66,91,90,16610,P2,Not Active,Not Active,Not Active,Not Active
2026/10/07 14:55:41.863,293.31,450.00,2655,10251,68,91,76,16610,P2,Not Active,Not Active,Not Active,Not Active
2026/10/07 14:55:42.367,293.74,450.00,2655,10251,66,91,90,16610,P2,Not Active,Not Active,Not Active,Not Active
2026/10/07 14:55:42.870,285.77,450.00,2655,10251,66,91,89,16610,P2,Not Active,Not Active,Not Active,Not Active
2026/10/07 14:55:43.374,285.29,450.00,2655,10251,66,90,89,16610,P2,Not Active,Not Active,Not Active,Not Active
2026/10/07 14:55:43.877,285.43,450.00,2655,10251,66,91,90,16610,P2,Not Active,Not Active,Not Active,Not Active
2026/10/07 14:55:44.382,289.91,450.00,2655,10251,66,90,89,16610,P2,Not Active,Not Active,Not Active,Not Active
2026/10/07 14:55:44.886,294.12,450.00,2655,10251,66,91,89,16610,P2,Not Active,Not Active,Not Active,Not Active
2026/10/07 14:55:45.389,294.08,450.00,2655,10251,66,91,89,16610,P2,Not Active,Not Active,Not Active,Not Active
2026/10/07 14:55:45.892,285.48,450.00,2655,10251,66,91,89,16610,P2,Not Active,Not Active,Not Active,Not Active
2026/10/07 14:55:46.396,284.12,450.00,2655,10251,66,91,89,16610,P2,Not Active,Not Active,Not Active,Not Active
2026/10/07 14:55:46.901,284.91,450.00,2655,10251,66,91,89,16610,P2,Not Active,Not Active,Not Active,Not Active
2026/10/07 14:55:47.405,293.61,450.00,2655,10251,67,91,90,16610,P2,Not Active,Not Active,Not Active,Not Active
2026/10/07 14:55:47.909,293.93,450.00,2655,10251,66,91,89,16610,P2,Not Active,Not Active,Not Active,Not Active
2026/10/07 14:55:48.412,285.52,450.00,2655,10251,66,91,89,16610,P2,Not Active,Not Active,Not Active,Not Active
2026/10/07 14:55:48.916,285.54,450.00,2655,10251,66,91,90,16610,P2,Not Active,Not Active,Not Active,Not Active
2026/10/07 14:55:49.421,285.97,450.00,2655,10251,66,91,90,16610,P2,Not Active,Not Active,Not Active,Not Active
2026/10/07 14:55:49.925,294.18,450.00,2655,10251,67,91,90,16610,P2,Not Active,Not Active,Not Active,Not Active
2026/10/07 14:55:50.428,293.91,450.00,2655,10251,66,91,89,16610,P2,Not Active,Not Active,Not Active,Not Active
2026/10/07 14:55:50.931,285.10,450.00,2655,10251,66,90,89,16610,P2,Not Active,Not Active,Not Active,Not Active
2026/10/07 14:55:51.434,283.67,450.00,2655,10251,66,91,89,16610,P2,Not Active,Not Active,Not Active,Not Active
2026/10/07 14:55:51.939,283.89,450.00,2655,10251,66,91,90,16610,P2,Not Active,Not Active,Not Active,Not Active
2026/10/07 14:55:52.442,292.88,450.00,2565,10251,68,91,87,16610,P2,Not Active,Not Active,Not Active,Not Active
2026/10/07 14:55:52.946,291.68,450.00,2655,10251,66,90,88,16610,P2,Not Active,Not Active,Not Active,Not Active
2026/10/07 14:55:53.450,282.76,450.00,2655,10251,66,90,89,16610,P2,Not Active,Not Active,Not Active,Not Active
2026/10/07 14:55:53.954,280.77,450.00,2655,10251,66,87,86,16610,P2,Not Active,Not Active,Not Active,Not Active
2026/10/07 14:55:54.459,281.31,450.00,2655,10251,66,88,87,16610,P2,Not Active,Not Active,Not Active,Not Active
2026/10/07 14:55:54.962,290.63,450.00,2655,10251,66,89,87,16610,P2,Not Active,Not Active,Not Active,Not Active
2026/10/07 14:55:55.505,290.52,450.00,2655,10251,67,91,90,16610,P2,Not Active,Not Active,Not Active,Not Active
2026/10/07 14:55:56.009,293.10,450.00,2655,10251,66,91,90,16610,P2,Not Active,Not Active,Not Active,Not Active
2026/10/07 14:55:56.512,285.20,450.00,2655,10251,66,90,89,16610,P2,Not Active,Not Active,Not Active,Not Active
2026/10/07 14:55:57.018,285.23,450.00,2655,10251,66,91,90,16610,P2,Not Active,Not Active,Not Active,Not Active
2026/10/07 14:55:57.521,286.78,450.00,2655,10251,66,90,89,16610,P2,Active,Not Active,Not Active,Not Active
2026/10/07 14:55:58.025,293.29,450.00,2655,10251,67,91,90,16610,P2,Not Active,Not Active,Not Active,Not Active
2026/10/07 14:55:58.528,294.21,450.00,2655,10251,66,91,89,16610,P2,Not Active,Not Active,Not Active,Not Active
2026/10/07 14:55:59.031,285.42,450.00,2655,10251,66,91,89,16610,P2,Not Active,Not Active,Not Active,Not Active
2026/10/07 14:55:59.536,284.94,450.00,2655,10251,66,91,90,16610,P2,Not Active,Not Active,Not Active,Not Active
2026/10/07 14:56:00.040,285.35,450.00,2655,10251,66,91,89,16610,P2,Not Active,Not Active,Not Active,Not Active
2026/10/07 14:56:00.543,293.41,450.00,2655,10251,67,91,89,16610,P2,Not Active,Not Active,Not Active,Not Active
2026/10/07 14:56:01.048,293.22,450.00,2655,10251,66,91,89,16610,P2,Not Active,Not Active,Not Active,Not Active
2026/10/07 14:56:01.551,284.91,450.00,2655,10251,66,91,89,16610,P2,Not Active,Not Active,Not Active,Not Active
2026/10/07 14:56:02.057,285.11,450.00,2655,10251,66,90,89,16610,P2,Not Active,Not Active,Not Active,Not Active
2026/10/07 14:56:02.560,285.05,450.00,2655,10251,66,90,89,16610,P2,Not Active,Not Active,Not Active,Not Active
2026/10/07 14:56:03.063,293.59,450.00,2655,10251,66,90,89,16610,P2,Not Active,Not Active,Not Active,Not Active
2026/10/07 14:56:03.566,294.10,450.00,2655,10251,67,91,90,16610,P2,Not Active,Not Active,Not Active,Not Active
2026/10/07 14:56:04.070,285.57,450.00,2655,10251,66,91,90,16610,P2,Not Active,Not Active,Not Active,Not Active
2026/10/07 14:56:04.575,285.64,450.00,2655,10251,66,90,89,16610,P2,Not Active,Not Active,Not Active,Not Active
2026/10/07 14:56:05.078,285.54,450.00,2655,10251,66,91,90,16610,P2,Not Active,Not Active,Not Active,Not Active
2026/10/07 14:56:05.582,292.86,450.00,2655,10251,66,90,81,16610,P2,Not Active,Not Active,Not Active,Not Active
2026/10/07 14:56:06.085,292.56,450.00,2655,10251,67,91,89,16610,P2,Not Active,Not Active,Not Active,Not Active
2026/10/07 14:56:06.589,289.65,450.00,2655,10251,66,91,89,16610,P2,Not Active,Not Active,Not Active,Not Active
2026/10/07 14:56:07.093,285.98,450.00,2655,10251,67,91,89,16610,P2,Not Active,Not Active,Not Active,Not Active
2026/10/07 14:56:07.597,283.04,450.00,2655,10251,66,87,86,16610,P2,Not Active,Not Active,Not Active,Not Active
2026/10/07 14:56:08.101,279.85,450.00,2655,10251,66,87,85,16610,P2,Active,Not Active,Not Active,Not Active
2026/10/07 14:56:08.605,285.43,450.00,2655,10251,67,89,87,16610,P2,Not Active,Not Active,Not Active,Not Active
2026/10/07 14:56:09.108,283.34,450.00,2655,10251,66,89,88,16610,P2,Not Active,Not Active,Not Active,Not Active
2026/10/07 14:56:09.616,275.62,450.00,2655,10251,66,89,87,16610,P2,Not Active,Not Active,Not Active,Not Active
2026/10/07 14:56:10.119,276.77,450.00,2655,10251,66,88,87,16610,P2,Not Active,Not Active,Not Active,Not Active
2026/10/07 14:56:10.623,279.73,450.00,2655,10251,66,90,89,16610,P2,Not Active,Not Active,Not Active,Not Active
2026/10/07 14:56:11.127,287.62,450.00,2655,10251,66,87,80,16610,P2,Not Active,Not Active,Not Active,Not Active
2026/10/07 14:56:11.632,288.64,450.00,2655,10251,66,89,88,16610,P2,Not Active,Not Active,Not Active,Not Active
2026/10/07 14:56:12.136,282.24,450.00,2655,10251,66,90,88,16610,P2,Not Active,Not Active,Not Active,Not Active
2026/10/07 14:56:12.639,282.09,450.00,2655,10251,66,89,88,16610,P2,Not Active,Not Active,Not Active,Not Active
2026/10/07 14:56:13.145,281.45,450.00,2655,10251,66,87,86,16610,P2,Not Active,Not Active,Not Active,Not Active
2026/10/07 14:56:13.648,290.08,450.00,2655,10251,66,88,73,16610,P2,Not Active,Not Active,Not Active,Not Active
2026/10/07 14:56:14.153,290.33,450.00,2655,10251,66,90,89,16610,P2,Not Active,Not Active,Not Active,Not Active
2026/10/07 14:56:14.657,285.01,450.00,2655,10251,66,91,90,16610,P2,Not Active,Not Active,Not Active,Not Active
2026/10/07 14:56:15.160,284.86,450.00,2655,10251,66,91,90,16610,P2,Not Active,Not Active,Not Active,Not Active
2026/10/07 14:56:15.663,285.69,450.00,2655,10251,66,91,90,16610,P2,Not Active,Not Active,Not Active,Not Active
2026/10/07 14:56:16.167,285.01,450.00,2655,10251,66,90,88,16610,P2,Not Active,Not Active,Not Active,Not Active
2026/10/07 14:56:16.707,292.72,450.00,2655,10251,67,91,90,16610,P2,Not Active,Not Active,Not Active,Not Active
2026/10/07 14:56:17.214,293.00,450.00,2655,10251,66,91,90,16610,P2,Not Active,Not Active,Not Active,Not Active
2026/10/07 14:56:17.717,284.79,450.00,2655,10251,66,90,89,16610,P2,Not Active,Not Active,Not Active,Not Active
2026/10/07 14:56:18.221,285.06,450.00,2655,10251,66,91,90,16610,P2,Not Active,Not Active,Not Active,Not Active
2026/10/07 14:56:18.724,285.20,450.00,2655,10251,66,90,89,16610,P2,Not Active,Not Active,Not Active,Not Active
2026/10/07 14:56:19.228,293.26,450.00,2595,10251,70,91,89,16610,P2,Not Active,Not Active,Not Active,Not Active
2026/10/07 14:56:19.733,292.19,450.00,2655,10251,66,91,89,16610,P2,Not Active,Not Active,Not Active,Not Active
2026/10/07 14:56:20.236,284.41,450.00,2655,10251,66,91,89,16610,P2,Not Active,Not Active,Not Active,Not Active
2026/10/07 14:56:20.739,285.56,450.00,2655,10251,66,91,89,16610,P2,Not Active,Not Active,Not Active,Not Active
2026/10/07 14:56:21.243,285.57,450.00,2655,10251,66,91,89,16610,P2,Not Active,Not Active,Not Active,Not Active
2026/10/07 14:56:21.746,291.83,450.00,2655,10251,66,89,84,16610,P2,Not Active,Not Active,Not Active,Not Active
2026/10/07 14:56:22.253,290.88,450.00,2655,10251,66,90,89,16610,P2,Not Active,Not Active,Not Active,Not Active
2026/10/07 14:56:22.757,283.57,450.00,2655,10251,66,90,89,16610,P2,Not Active,Not Active,Not Active,Not Active
2026/10/07 14:56:23.260,284.76,450.00,2655,10251,66,90,89,16610,P2,Not Active,Not Active,Not Active,Not Active
2026/10/07 14:56:23.763,284.18,450.00,2655,10251,66,90,89,16610,P2,Not Active,Not Active,Not Active,Not Active
2026/10/07 14:56:24.268,291.62,450.00,2655,10251,66,90,75,16610,P2,Not Active,Not Active,Not Active,Not Active
2026/10/07 14:56:24.772,292.03,450.00,2655,10251,67,91,90,16610,P2,Not Active,Not Active,Not Active,Not Active
2026/10/07 14:56:25.275,284.78,450.00,2655,10251,66,90,89,16610,P2,Not Active,Not Active,Not Active,Not Active
2026/10/07 14:56:25.779,285.19,450.00,2655,10251,66,91,90,16610,P2,Not Active,Not Active,Not Active,Not Active
2026/10/07 14:56:26.282,285.01,450.00,2655,10251,66,91,90,16610,P2,Not Active,Not Active,Not Active,Not Active
2026/10/07 14:56:26.787,293.27,450.00,2655,10251,66,90,89,16610,P2,Not Active,Not Active,Not Active,Not Active
2026/10/07 14:56:27.292,293.73,450.00,2655,10251,68,91,89,16610,P2,Not Active,Not Active,Not Active,Not Active
2026/10/07 14:56:27.795,293.72,450.00,2655,10251,67,90,88,16610,P2,Not Active,Not Active,Not Active,Not Active
2026/10/07 14:56:28.298,285.30,450.00,2655,10251,66,90,89,16610,P2,Not Active,Not Active,Not Active,Not Active
2026/10/07 14:56:28.802,285.59,450.00,2655,10251,66,91,90,16610,P2,Not Active,Not Active,Not Active,Not Active
2026/10/07 14:56:29.310,289.97,450.00,2655,10251,66,91,89,16610,P2,Not Active,Not Active,Not Active,Not Active
2026/10/07 14:56:29.862,294.48,450.00,2655,10251,67,91,89,16610,P2,Not Active,Not Active,Not Active,Not Active
2026/10/07 14:56:30.369,294.52,450.00,2655,10251,66,90,89,16610,P2,Not Active,Not Active,Not Active,Not Active
2026/10/07 14:56:30.873,285.37,450.00,2655,10251,66,91,89,16610,P2,Not Active,Not Active,Not Active,Not Active
2026/10/07 14:56:31.376,285.42,450.00,2655,10251,66,91,90,16610,P2,Not Active,Not Active,Not Active,Not Active
2026/10/07 14:56:31.879,285.23,450.00,2655,10251,66,91,90,16610,P2,Not Active,Not Active,Not Active,Not Active
2026/10/07 14:56:32.382,234.38,450.00,2670,10251,61,0,0,16610,P2,Not Active,Not Active,Not Active,Not Active
2026/10/07 14:56:32.890,234.37,450.00,2670,10251,66,90,89,16610,P2,Not Active,Not Active,Not Active,Not Active
2026/10/07 14:56:33.393,280.25,450.00,2670,10251,66,91,90,16610,P2,Not Active,Not Active,Not Active,Not Active
2026/10/07 14:56:33.897,284.62,450.00,2670,10251,66,91,90,16610,P2,Not Active,Not Active,Not Active,Not Active
2026/10/07 14:56:34.401,284.75,450.00,2670,10251,66,91,89,16610,P2,Not Active,Not Active,Not Active,Not Active
2026/10/07 14:56:34.908,291.92,450.00,2670,10251,66,91,90,16610,P2,Not Active,Not Active,Not Active,Not Active
2026/10/07 14:56:35.461,292.70,450.00,2655,10251,66,91,90,16610,P2,Not Active,Not Active,Not Active,Not Active
2026/10/07 14:56:35.968,292.17,450.00,2655,10251,66,91,90,16610,P2,Not Active,Not Active,Not Active,Not Active
2026/10/07 14:56:36.471,284.66,450.00,2655,10251,66,91,90,16610,P2,Not Active,Not Active,Not Active,Not Active
2026/10/07 14:56:36.975,284.84,450.00,2655,10251,66,90,89,16610,P2,Not Active,Not Active,Not Active,Not Active
2026/10/07 14:56:37.478,284.92,450.00,2655,10251,66,91,90,16610,P2,Not Active,Not Active,Not Active,Not Active
2026/10/07 14:56:37.983,293.45,450.00,2655,10251,67,91,90,16610,P2,Not Active,Not Active,Not Active,Not Active
2026/10/07 14:56:38.487,293.36,450.00,2655,10251,66,90,89,16610,P2,Not Active,Not Active,Not Active,Not Active
2026/10/07 14:56:38.990,284.86,450.00,2655,10251,66,90,89,16610,P2,Not Active,Not Active,Not Active,Not Active
2026/10/07 14:56:39.494,284.66,450.00,2655,10251,66,91,89,16610,P2,Not Active,Not Active,Not Active,Not Active
2026/10/07 14:56:39.997,284.70,450.00,2655,10251,66,91,89,16610,P2,Not Active,Not Active,Not Active,Not Active
2026/10/07 14:56:40.502,292.25,450.00,2655,10251,67,90,89,16610,P2,Not Active,Not Active,Not Active,Not Active
2026/10/07 14:56:41.008,292.38,450.00,2655,10251,66,91,88,16610,P2,Not Active,Not Active,Not Active,Not Active
2026/10/07 14:56:41.511,281.86,450.00,2655,10251,66,91,87,16610,P2,Not Active,Not Active,Not Active,Not Active
2026/10/07 14:56:42.015,280.28,450.00,2655,10251,66,91,86,16610,P2,Not Active,Not Active,Not Active,Not Active
2026/10/07 14:56:42.518,282.04,450.00,2655,10251,66,89,88,16610,P2,Not Active,Not Active,Not Active,Not Active
2026/10/07 14:56:43.024,290.79,450.00,2655,10251,66,92,76,16610,P2,Not Active,Not Active,Not Active,Not Active
2026/10/07 14:56:43.528,290.63,450.00,2655,10251,66,91,90,16610,P2,Not Active,Not Active,Not Active,Not Active
2026/10/07 14:56:44.031,282.36,450.00,2655,10251,66,90,89,16610,P2,Not Active,Not Active,Not Active,Not Active
2026/10/07 14:56:44.535,282.53,450.00,2655,10251,66,91,88,16610,P2,Not Active,Not Active,Not Active,Not Active
2026/10/07 14:56:45.040,272.58,450.00,2655,10251,66,76,75,16610,P2,Not Active,Not Active,Not Active,Not Active
2026/10/07 14:56:45.545,268.87,450.00,2655,10251,66,90,87,16610,P2,Not Active,Not Active,Not Active,Not Active
2026/10/07 14:56:46.049,197.21,450.00,2670,10251,61,1,0,16610,P2,Not Active,Not Active,Not Active,Not Active
