timestamp,power_w,power_limit_w,clock_sm_mhz,clock_mem_mhz,temp_c,util_gpu_pct,util_mem_pct,mem_used_mib,pstate,throttle_sw_power_cap,throttle_hw_thermal,throttle_sw_thermal,throttle_hw_slowdown
2026/10/07 14:57:29.570,21.67,450.00,210,405,48,3,5,16760,P8,Not Active,Not Active,Not Active,Not Active
2026/10/07 14:57:30.181,22.00,450.00,210,405,48,4,5,16760,P8,Not Active,Not Active,Not Active,Not Active
2026/10/07 14:57:30.808,22.36,450.00,210,405,47,4,5,16760,P8,Not Active,Not Active,Not Active,Not Active
2026/10/07 14:57:31.442,22.41,450.00,210,405,47,0,5,16760,P8,Not Active,Not Active,Not Active,Not Active
2026/10/07 14:57:32.075,21.94,450.00,210,405,47,0,5,16760,P8,Not Active,Not Active,Not Active,Not Active
2026/10/07 14:57:32.692,21.45,450.00,210,405,47,0,5,16760,P8,Not Active,Not Active,Not Active,Not Active
2026/10/07 14:57:33.307,21.59,450.00,210,405,47,0,5,16760,P8,Not Active,Not Active,Not Active,Not Active
2026/10/07 14:57:33.916,21.51,450.00,210,405,47,1,5,16760,P8,Not Active,Not Active,Not Active,Not Active
2026/10/07 14:57:34.519,21.35,450.00,210,405,47,1,5,16760,P8,Not Active,Not Active,Not Active,Not Active
2026/10/07 14:57:35.130,21.20,450.00,210,405,47,1,5,16760,P8,Not Active,Not Active,Not Active,Not Active
2026/10/07 14:57:35.736,21.38,450.00,210,405,47,0,5,16760,P8,Not Active,Not Active,Not Active,Not Active
2026/10/07 14:57:36.352,21.43,450.00,210,405,47,0,5,16760,P8,Not Active,Not Active,Not Active,Not Active
2026/10/07 14:57:36.970,21.61,450.00,210,405,46,0,5,16760,P8,Not Active,Not Active,Not Active,Not Active
2026/10/07 14:57:37.574,21.82,450.00,210,405,46,0,5,16760,P8,Not Active,Not Active,Not Active,Not Active
2026/10/07 14:57:38.173,21.79,450.00,210,405,46,0,5,16760,P8,Not Active,Not Active,Not Active,Not Active
2026/10/07 14:57:38.775,21.31,450.00,210,405,46,1,5,16760,P8,Not Active,Not Active,Not Active,Not Active
2026/10/07 14:57:39.410,21.11,450.00,210,405,46,0,5,16760,P8,Not Active,Not Active,Not Active,Not Active
2026/10/07 14:57:40.029,23.53,450.00,210,405,46,68,46,16760,P8,Not Active,Not Active,Not Active,Not Active
2026/10/07 14:57:40.722,135.46,450.00,2685,10251,52,90,89,16760,P2,Not Active,Not Active,Not Active,Not Active
2026/10/07 14:57:41.227,245.85,450.00,2670,10251,54,90,89,16760,P2,Not Active,Not Active,Not Active,Not Active
2026/10/07 14:57:41.730,273.35,450.00,2670,10251,55,91,90,16760,P2,Not Active,Not Active,Not Active,Not Active
2026/10/07 14:57:42.234,272.74,450.00,2670,10251,55,90,89,16760,P2,Not Active,Not Active,Not Active,Not Active
2026/10/07 14:57:42.738,273.17,450.00,2670,10251,55,91,90,16760,P2,Not Active,Not Active,Not Active,Not Active
2026/10/07 14:57:43.243,334.71,450.00,2580,10251,55,98,37,17410,P2,Not Active,Not Active,Not Active,Not Active
2026/10/07 14:57:43.770,321.34,450.00,2670,10251,56,88,84,17410,P2,Not Active,Not Active,Not Active,Not Active
2026/10/07 14:57:44.274,267.61,450.00,2670,10251,55,89,84,17410,P2,Not Active,Not Active,Not Active,Not Active
2026/10/07 14:57:44.777,247.60,450.00,2670,10251,55,86,82,17410,P2,Not Active,Not Active,Not Active,Not Active
2026/10/07 14:57:45.286,241.01,450.00,2670,10251,55,79,75,17410,P2,Not Active,Not Active,Not Active,Not Active
2026/10/07 14:57:45.790,236.62,450.00,2670,10251,55,88,84,17410,P2,Not Active,Not Active,Not Active,Not Active
2026/10/07 14:57:46.295,247.03,450.00,2670,10251,55,84,75,17410,P2,Not Active,Not Active,Not Active,Not Active
2026/10/07 14:57:46.830,255.40,450.00,2670,10251,57,79,77,17410,P2,Not Active,Not Active,Not Active,Not Active
2026/10/07 14:57:47.334,255.77,450.00,2670,10251,56,74,73,17410,P2,Not Active,Not Active,Not Active,Not Active
2026/10/07 14:57:47.838,258.36,450.00,2670,10251,56,90,89,17410,P2,Not Active,Not Active,Not Active,Not Active
2026/10/07 14:57:48.343,274.07,450.00,2670,10251,57,90,89,17410,P2,Not Active,Not Active,Not Active,Not Active
2026/10/07 14:57:48.847,274.35,450.00,2670,10251,57,90,89,17410,P2,Not Active,Not Active,Not Active,Not Active
2026/10/07 14:57:49.350,334.99,450.00,2670,10251,57,100,37,17410,P2,Not Active,Not Active,Not Active,Not Active
2026/10/07 14:57:49.854,315.04,450.00,2670,10251,61,73,69,17410,P2,Not Active,Not Active,Not Active,Not Active
2026/10/07 14:57:50.359,252.13,450.00,2670,10251,56,75,71,17410,P2,Not Active,Not Active,Not Active,Not Active
2026/10/07 14:57:50.863,227.71,450.00,2670,10251,55,82,77,17410,P2,Not Active,Not Active,Not Active,Not Active
2026/10/07 14:57:51.367,222.07,450.00,2670,10251,55,71,67,17410,P2,Not Active,Not Active,Not Active,Not Active
2026/10/07 14:57:51.871,223.28,450.00,2670,10251,56,73,69,17410,P2,Not Active,Not Active,Not Active,Not Active
2026/10/07 14:57:52.375,228.16,450.00,2670,10251,56,78,74,17410,P2,Not Active,Not Active,Not Active,Not Active
2026/10/07 14:57:52.884,243.29,450.00,2670,10251,56,79,63,17410,P2,Not Active,Not Active,Not Active,Not Active
2026/10/07 14:57:53.387,258.18,450.00,2670,10251,57,84,83,17410,P2,Not Active,Not Active,Not Active,Not Active
2026/10/07 14:57:53.890,252.18,450.00,2670,10251,57,77,76,17410,P2,Not Active,Not Active,Not Active,Not Active
2026/10/07 14:57:54.394,253.34,450.00,2670,10251,56,82,81,17410,P2,Not Active,Not Active,Not Active,Not Active
2026/10/07 14:57:54.903,258.06,450.00,2670,10251,57,78,77,17410,P2,Not Active,Not Active,Not Active,Not Active
2026/10/07 14:57:55.407,265.29,450.00,2670,10251,58,88,87,17410,P2,Not Active,Not Active,Not Active,Not Active
2026/10/07 14:57:55.912,332.00,450.00,2670,10251,58,100,37,17410,P2,Not Active,Not Active,Not Active,Not Active
2026/10/07 14:57:56.418,320.52,450.00,2670,10251,57,84,80,17410,P2,Not Active,Not Active,Not Active,Not Active
2026/10/07 14:57:56.922,260.93,450.00,2670,10251,57,78,74,17410,P2,Not Active,Not Active,Not Active,Not Active
2026/10/07 14:57:57.426,240.19,450.00,2670,10251,57,84,80,17410,P2,Not Active,Not Active,Not Active,Not Active
2026/10/07 14:57:57.930,241.82,450.00,2670,10251,57,86,81,17410,P2,Not Active,Not Active,Not Active,Not Active
2026/10/07 14:57:58.434,244.00,450.00,2670,10251,57,87,82,17410,P2,Not Active,Not Active,Not Active,Not Active
2026/10/07 14:57:58.939,243.82,450.00,2670,10251,57,86,81,17410,P2,Active,Not Active,Not Active,Not Active
2026/10/07 14:57:59.443,262.92,450.00,2670,10251,58,85,84,17410,P2,Not Active,Not Active,Not Active,Not Active
2026/10/07 14:57:59.948,267.80,450.00,2670,10251,58,80,79,17410,P2,Not Active,Not Active,Not Active,Not Active
2026/10/07 14:58:00.452,261.40,450.00,2670,10251,58,88,87,17410,P2,Not Active,Not Active,Not Active,Not Active
2026/10/07 14:58:00.958,267.61,450.00,2670,10251,59,89,88,17410,P2,Not Active,Not Active,Not Active,Not Active
2026/10/07 14:58:01.462,271.28,450.00,2670,10251,59,89,88,17410,P2,Not Active,Not Active,Not Active,Not Active
2026/10/07 14:58:01.966,313.12,450.00,2535,10251,70,94,55,17410,P2,Not Active,Not Active,Not Active,Not Active
2026/10/07 14:58:02.523,326.52,450.00,2670,10251,58,86,82,17410,P2,Not Active,Not Active,Not Active,Not Active
2026/10/07 14:58:03.027,269.02,450.00,2670,10251,58,72,68,17410,P2,Not Active,Not Active,Not Active,Not Active
2026/10/07 14:58:03.552,232.85,450.00,2670,10251,57,73,69,17410,P2,Not Active,Not Active,Not Active,Not Active
2026/10/07 14:58:04.058,231.95,450.00,2670,10251,58,83,78,17410,P2,Not Active,Not Active,Not Active,Not Active
2026/10/07 14:58:04.567,235.36,450.00,2670,10251,58,85,81,17410,P2,Not Active,Not Active,Not Active,Not Active
2026/10/07 14:58:05.071,230.21,450.00,2670,10251,58,81,77,17410,P2,Not Active,Not Active,Not Active,Not Active
2026/10/07 14:58:05.576,249.39,450.00,2670,10251,59,72,70,17410,P2,Not Active,Not Active,Not Active,Not Active
2026/10/07 14:58:06.081,266.69,450.00,2670,10251,60,83,82,17410,P2,Not Active,Not Active,Not Active,Not Active
2026/10/07 14:58:06.584,265.89,450.00,2670,10251,60,81,80,17410,P2,Not Active,Not Active,Not Active,Not Active
2026/10/07 14:58:07.087,259.16,450.00,2670,10251,60,87,86,17410,P2,Not Active,Not Active,Not Active,Not Active
2026/10/07 14:58:07.591,246.60,450.00,2670,10251,59,80,79,17410,P2,Not Active,Not Active,Not Active,Not Active
2026/10/07 14:58:08.099,252.95,450.00,2670,10251,59,81,80,17410,P2,Not Active,Not Active,Not Active,Not Active
2026/10/07 14:58:08.602,333.25,450.00,2550,10251,70,90,60,17410,P2,Not Active,Not Active,Not Active,Not Active
2026/10/07 14:58:09.110,315.24,450.00,2670,10251,59,84,80,17410,P2,Not Active,Not Active,Not Active,Not Active
2026/10/07 14:58:09.616,236.03,450.00,2670,10251,59,75,71,17410,P2,Not Active,Not Active,Not Active,Not Active
2026/10/07 14:58:10.120,237.41,450.00,2670,10251,59,85,80,17410,P2,Not Active,Not Active,Not Active,Not Active
2026/10/07 14:58:10.623,234.45,450.00,2670,10251,59,77,72,17410,P2,Not Active,Not Active,Not Active,Not Active
2026/10/07 14:58:11.127,235.08,450.00,2670,10251,59,87,83,17410,P2,Not Active,Not Active,Not Active,Not Active
2026/10/07 14:58:11.631,234.41,450.00,2670,10251,59,79,74,17410,P2,Not Active,Not Active,Not Active,Not Active
2026/10/07 14:58:12.136,254.01,450.00,2670,10251,61,89,87,17410,P2,Not Active,Not Active,Not Active,Not Active
2026/10/07 14:58:12.640,267.57,450.00,2670,10251,60,82,81,17410,P2,Not Active,Not Active,Not Active,Not Active
2026/10/07 14:58:13.145,259.10,450.00,2670,10251,60,84,83,17410,P2,Not Active,Not Active,Not Active,Not Active
2026/10/07 14:58:13.648,264.23,450.00,2670,10251,60,83,82,17410,P2,Not Active,Not Active,Not Active,Not Active
2026/10/07 14:58:14.153,267.11,450.00,2670,10251,61,85,83,17410,P2,Not Active,Not Active,Not Active,Not Active
2026/10/07 14:58:14.656,278.27,450.00,2670,10251,61,91,67,17410,P2,Active,Not Active,Not Active,Not Active
2026/10/07 14:58:15.159,326.59,450.00,2655,10251,63,93,68,17410,P2,Not Active,Not Active,Not Active,Not Active
2026/10/07 14:58:15.663,320.29,450.00,2655,10251,60,86,81,17410,P2,Not Active,Not Active,Not Active,Not Active
2026/10/07 14:58:16.167,246.54,450.00,2655,10251,60,84,79,17410,P2,Not Active,Not Active,Not Active,Not Active
2026/10/07 14:58:16.676,244.51,450.00,2655,10251,60,80,75,17410,P2,Not Active,Not Active,Not Active,Not Active
2026/10/07 14:58:17.180,243.86,450.00,2655,10251,60,86,81,17410,P2,Not Active,Not Active,Not Active,Not Active
2026/10/07 14:58:17.685,243.01,450.00,2655,10251,60,82,77,17410,P2,Not Active,Not Active,Not Active,Not Active
2026/10/07 14:58:18.189,261.00,450.00,2580,10251,64,91,89,17410,P2,Not Active,Not Active,Not Active,Not Active
2026/10/07 14:58:18.696,277.14,450.00,2655,10251,61,90,89,17410,P2,Not Active,Not Active,Not Active,Not Active
2026/10/07 14:58:19.200,278.46,450.00,2655,10251,62,89,88,17410,P2,Not Active,Not Active,Not Active,Not Active
2026/10/07 14:58:19.704,278.15,450.00,2655,10251,61,90,89,17410,P2,Not Active,Not Active,Not Active,Not Active
2026/10/07 14:58:20.208,279.24,450.00,2655,10251,62,91,90,17410,P2,Not Active,Not Active,Not Active,Not Active
2026/10/07 14:58:20.713,315.07,450.00,2655,10251,62,94,64,17410,P2,Active,Not Active,Not Active,Not Active
2026/10/07 14:58:21.217,332.59,450.00,2655,10251,63,88,83,17410,P2,Not Active,Not Active,Not Active,Not Active
2026/10/07 14:58:21.721,302.28,450.00,2655,10251,61,89,84,17410,P2,Not Active,Not Active,Not Active,Not Active
2026/10/07 14:58:22.224,251.25,450.00,2655,10251,61,89,84,17410,P2,Not Active,Not Active,Not Active,Not Active
2026/10/07 14:58:22.728,250.79,450.00,2655,10251,61,89,84,17410,P2,Not Active,Not Active,Not Active,Not Active
2026/10/07 14:58:23.233,247.98,450.00,2655,10251,61,88,83,17410,P2,Not Active,Not Active,Not Active,Not Active
2026/10/07 14:58:23.736,246.87,450.00,2655,10251,61,86,82,17410,P2,Active,Not Active,Not Active,Not Active
2026/10/07 14:58:24.264,271.42,450.00,2655,10251,62,91,89,17410,P2,Not Active,Not Active,Not Active,Not Active
2026/10/07 14:58:24.769,284.84,450.00,2655,10251,62,90,89,17410,P2,Not Active,Not Active,Not Active,Not Active
2026/10/07 14:58:25.273,277.30,450.00,2655,10251,62,90,89,17410,P2,Not Active,Not Active,Not Active,Not Active
2026/10/07 14:58:25.776,279.11,450.00,2655,10251,62,90,89,17410,P2,Not Active,Not Active,Not Active,Not Active
2026/10/07 14:58:26.280,278.90,450.00,2655,10251,62,90,89,17410,P2,Not Active,Not Active,Not Active,Not Active
2026/10/07 14:58:26.783,345.66,450.00,2655,10251,71,95,57,17410,P2,Not Active,Not Active,Not Active,Not Active
2026/10/07 14:58:27.303,328.39,450.00,2655,10251,62,89,84,17410,P2,Not Active,Not Active,Not Active,Not Active
2026/10/07 14:58:27.808,257.79,450.00,2655,10251,62,89,84,17410,P2,Not Active,Not Active,Not Active,Not Active
2026/10/07 14:58:28.312,254.43,450.00,2655,10251,61,89,84,17410,P2,Not Active,Not Active,Not Active,Not Active
2026/10/07 14:58:28.815,253.51,450.00,2655,10251,61,88,83,17410,P2,Not Active,Not Active,Not Active,Not Active
2026/10/07 14:58:29.319,253.10,450.00,2655,10251,61,88,84,17410,P2,Not Active,Not Active,Not Active,Not Active
2026/10/07 14:58:29.822,266.65,450.00,2655,10251,61,91,83,17410,P2,Not Active,Not Active,Not Active,Not Active
2026/10/07 14:58:30.326,279.36,450.00,2655,10251,63,90,89,17410,P2,Not Active,Not Active,Not Active,Not Active
2026/10/07 14:58:30.831,280.53,450.00,2655,10251,63,91,90,17410,P2,Not Active,Not Active,Not Active,Not Active
2026/10/07 14:58:31.335,279.52,450.00,2655,10251,63,89,88,17410,P2,Not Active,Not Active,Not Active,Not Active
2026/10/07 14:58:31.838,279.74,450.00,2655,10251,63,91,90,17410,P2,Not Active,Not Active,Not Active,Not Active
2026/10/07 14:58:32.341,298.69,450.00,2655,10251,63,91,89,17410,P2,Active,Not Active,Not Active,Not Active
2026/10/07 14:58:32.845,337.28,450.00,2550,10251,73,89,84,17410,P2,Not Active,Not Active,Not Active,Not Active
2026/10/07 14:58:33.349,325.71,450.00,2655,10251,62,89,84,17410,P2,Not Active,Not Active,Not Active,Not Active
2026/10/07 14:58:33.853,255.05,450.00,2655,10251,62,89,84,17410,P2,Not Active,Not Active,Not Active,Not Active
2026/10/07 14:58:34.356,254.76,450.00,2655,10251,62,89,84,17410,P2,Not Active,Not Active,Not Active,Not Active
2026/10/07 14:58:34.861,254.63,450.00,2655,10251,62,89,84,17410,P2,Not Active,Not Active,Not Active,Not Active
2026/10/07 14:58:35.365,254.17,450.00,2655,10251,62,88,82,17410,P2,Not Active,Not Active,Not Active,Not Active
2026/10/07 14:58:35.870,275.51,450.00,2655,10251,69,91,90,17410,P2,Not Active,Not Active,Not Active,Not Active
2026/10/07 14:58:36.373,287.73,450.00,2655,10251,63,91,90,17410,P2,Not Active,Not Active,Not Active,Not Active
2026/10/07 14:58:36.877,281.19,450.00,2655,10251,63,91,89,17410,P2,Not Active,Not Active,Not Active,Not Active
2026/10/07 14:58:37.381,281.15,450.00,2655,10251,63,90,89,17410,P2,Not Active,Not Active,Not Active,Not Active
2026/10/07 14:58:37.886,280.29,450.00,2655,10251,63,90,89,17410,P2,Not Active,Not Active,Not Active,Not Active
2026/10/07 14:58:38.389,339.80,450.00,2655,10251,63,96,42,17410,P2,Not Active,Not Active,Not Active,Not Active
2026/10/07 14:58:38.893,328.77,450.00,2655,10251,65,89,84,17410,P2,Not Active,Not Active,Not Active,Not Active
2026/10/07 14:58:39.397,270.01,450.00,2655,10251,63,90,85,17410,P2,Not Active,Not Active,Not Active,Not Active
2026/10/07 14:58:39.900,255.80,450.00,2655,10251,63,88,84,17410,P2,Not Active,Not Active,Not Active,Not Active
2026/10/07 14:58:40.406,255.08,450.00,2655,10251,63,89,84,17410,P2,Not Active,Not Active,Not Active,Not Active
2026/10/07 14:58:40.910,255.38,450.00,2655,10251,62,89,85,17410,P2,Not Active,Not Active,Not Active,Not Active
2026/10/07 14:58:41.413,267.66,450.00,2655,10251,62,90,74,17410,P2,Not Active,Not Active,Not Active,Not Active
2026/10/07 14:58:41.917,279.71,450.00,2655,10251,64,91,89,17410,P2,Not Active,Not Active,Not Active,Not Active
2026/10/07 14:58:42.420,281.04,450.00,2655,10251,64,89,88,17410,P2,Not Active,Not Active,Not Active,Not Active
2026/10/07 14:58:42.926,280.21,450.00,2655,10251,64,91,89,17410,P2,Not Active,Not Active,Not Active,Not Active
2026/10/07 14:58:43.429,280.58,450.00,2655,10251,64,91,89,17410,P2,Not Active,Not Active,Not Active,Not Active
2026/10/07 14:58:43.932,287.32,450.00,2550,10251,72,90,89,17410,P2,Active,Not Active,Not Active,Not Active
2026/10/07 14:58:44.436,338.61,450.00,2655,10251,64,89,82,17410,P2,Not Active,Not Active,Not Active,Not Active
2026/10/07 14:58:44.939,326.93,450.00,2655,10251,63,88,84,17410,P2,Not Active,Not Active,Not Active,Not Active
2026/10/07 14:58:45.445,255.63,450.00,2655,10251,63,89,84,17410,P2,Not Active,Not Active,Not Active,Not Active
2026/10/07 14:58:45.948,255.55,450.00,2655,10251,63,89,84,17410,P2,Not Active,Not Active,Not Active,Not Active
2026/10/07 14:58:46.452,256.30,450.00,2655,10251,63,89,84,17410,P2,Not Active,Not Active,Not Active,Not Active
2026/10/07 14:58:46.955,255.17,450.00,2655,10251,63,89,84,17410,P2,Not Active,Not Active,Not Active,Not Active
2026/10/07 14:58:47.459,271.23,450.00,2655,10251,64,91,89,17410,P2,Not Active,Not Active,Not Active,Not Active
2026/10/07 14:58:47.964,281.69,450.00,2655,10251,64,89,88,17410,P2,Not Active,Not Active,Not Active,Not Active
2026/10/07 14:58:48.468,277.68,450.00,2655,10251,64,91,89,17410,P2,Not Active,Not Active,Not Active,Not Active
2026/10/07 14:58:48.971,280.92,450.00,2655,10251,64,90,88,17410,P2,Not Active,Not Active,Not Active,Not Active
2026/10/07 14:58:49.474,281.01,450.00,2655,10251,64,91,90,17410,P2,Not Active,Not Active,Not Active,Not Active
2026/10/07 14:58:49.978,329.01,450.00,2535,10251,75,100,37,17410,P2,Active,Not Active,Not Active,Not Active
2026/10/07 14:58:50.518,330.34,450.00,2655,10251,63,88,83,17410,P2,Not Active,Not Active,Not Active,Not Active
2026/10/07 14:58:51.025,287.00,450.00,2655,10251,63,89,84,17410,P2,Not Active,Not Active,Not Active,Not Active
2026/10/07 14:58:51.529,252.08,450.00,2655,10251,63,89,84,17410,P2,Not Active,Not Active,Not Active,Not Active
2026/10/07 14:58:52.033,256.53,450.00,2655,10251,63,89,84,17410,P2,Not Active,Not Active,Not Active,Not Active
2026/10/07 14:58:52.536,256.48,450.00,2655,10251,63,89,84,17410,P2,Not Active,Not Active,Not Active,Not Active
2026/10/07 14:58:53.042,251.84,450.00,2655,10251,63,74,70,17412,P2,Not Active,Not Active,Not Active,Not Active
2026/10/07 14:58:53.545,173.90,450.00,2670,10251,59,0,0,17412,P2,Not Active,Not Active,Not Active,Not Active
2026/10/07 14:58:54.053,96.14,450.00,2670,10251,58,0,0,17412,P2,Not Active,Not Active,Not Active,Not Active
2026/10/07 14:58:54.562,84.07,450.00,2670,10251,58,0,0,17412,P2,Not Active,Not Active,Not Active,Not Active
2026/10/07 14:58:55.069,75.59,450.00,555,10251,57,0,0,17410,P2,Not Active,Not Active,Not Active,Not Active
2026/10/07 14:58:55.654,53.07,450.00,420,5001,56,1,0,17410,P3,Not Active,Not Active,Not Active,Not Active
2026/10/07 14:58:56.235,41.98,450.00,345,5001,56,0,0,17412,P3,Not Active,Not Active,Not Active,Not Active
2026/10/07 14:58:56.815,41.44,450.00,270,5001,55,0,0,17412,P3,Not Active,Not Active,Not Active,Not Active
2026/10/07 14:58:57.395,37.58,450.00,225,5001,55,0,3,17412,P5,Not Active,Not Active,Not Active,Not Active
2026/10/07 14:58:57.981,32.12,450.00,210,810,55,0,3,17411,P5,Not Active,Not Active,Not Active,Not Active
2026/10/07 14:58:58.562,31.41,450.00,210,810,54,0,3,17411,P5,Not Active,Not Active,Not Active,Not Active
2026/10/07 14:58:59.140,29.40,450.00,210,405,54,0,5,17411,P8,Not Active,Not Active,Not Active,Not Active
2026/10/07 14:58:59.747,24.17,450.00,210,405,54,0,5,17411,P8,Not Active,Not Active,Not Active,Not Active
2026/10/07 14:59:00.360,21.93,450.00,210,405,54,2,6,17411,P8,Not Active,Not Active,Not Active,Not Active
2026/10/07 14:59:00.972,21.93,450.00,210,405,53,0,5,17411,P8,Not Active,Not Active,Not Active,Not Active
2026/10/07 14:59:01.583,22.11,450.00,210,405,53,0,5,17411,P8,Not Active,Not Active,Not Active,Not Active
2026/10/07 14:59:02.193,22.15,450.00,210,405,53,0,5,17411,P8,Not Active,Not Active,Not Active,Not Active
2026/10/07 14:59:02.811,22.00,450.00,210,405,53,0,5,17411,P8,Not Active,Not Active,Not Active,Not Active
2026/10/07 14:59:03.433,22.11,450.00,210,405,53,1,5,17411,P8,Not Active,Not Active,Not Active,Not Active
2026/10/07 14:59:04.058,22.16,450.00,210,405,52,1,5,17411,P8,Not Active,Not Active,Not Active,Not Active
2026/10/07 14:59:04.670,22.44,450.00,210,405,52,1,5,17411,P8,Not Active,Not Active,Not Active,Not Active
2026/10/07 14:59:05.279,22.44,450.00,210,405,52,0,5,17411,P8,Not Active,Not Active,Not Active,Not Active
2026/10/07 14:59:05.881,22.44,450.00,210,405,52,0,5,17411,P8,Not Active,Not Active,Not Active,Not Active
2026/10/07 14:59:06.504,58.33,450.00,2520,10251,58,100,76,17411,P2,Not Active,Not Active,Not Active,Not Active
2026/10/07 14:59:07.124,186.40,450.00,2670,10251,59,90,85,17411,P2,Not Active,Not Active,Not Active,Not Active
2026/10/07 14:59:07.628,253.45,450.00,2670,10251,59,90,86,17411,P2,Not Active,Not Active,Not Active,Not Active
2026/10/07 14:59:08.131,248.33,450.00,2670,10251,59,90,86,17411,P2,Not Active,Not Active,Not Active,Not Active
2026/10/07 14:59:08.636,249.10,450.00,2670,10251,59,90,86,17411,P2,Not Active,Not Active,Not Active,Not Active
2026/10/07 14:59:09.140,249.25,450.00,2670,10251,59,89,84,17411,P2,Not Active,Not Active,Not Active,Not Active
2026/10/07 14:59:09.643,298.21,450.00,2535,10251,69,97,43,17411,P2,Not Active,Not Active,Not Active,Not Active
2026/10/07 14:59:10.147,288.59,450.00,2655,10251,60,77,73,17411,P2,Not Active,Not Active,Not Active,Not Active
2026/10/07 14:59:10.651,239.84,450.00,2655,10251,60,90,85,17411,P2,Not Active,Not Active,Not Active,Not Active
2026/10/07 14:59:11.157,250.37,450.00,2655,10251,60,89,85,17411,P2,Not Active,Not Active,Not Active,Not Active
2026/10/07 14:59:11.660,251.33,450.00,2655,10251,60,90,85,17411,P2,Not Active,Not Active,Not Active,Not Active
2026/10/07 14:59:12.164,251.04,450.00,2655,10251,60,90,85,17411,P2,Not Active,Not Active,Not Active,Not Active
2026/10/07 14:59:12.667,277.51,450.00,2655,10251,64,91,46,17411,P2,Not Active,Not Active,Not Active,Not Active
2026/10/07 14:59:13.170,276.90,450.00,2670,10251,60,90,85,17411,P2,Not Active,Not Active,Not Active,Not Active
2026/10/07 14:59:13.675,248.53,450.00,2670,10251,60,91,86,17411,P2,Not Active,Not Active,Not Active,Not Active
2026/10/07 14:59:14.179,249.89,450.00,2670,10251,60,90,85,17411,P2,Not Active,Not Active,Not Active,Not Active
2026/10/07 14:59:14.682,249.22,450.00,2670,10251,60,90,85,17411,P2,Not Active,Not Active,Not Active,Not Active
2026/10/07 14:59:15.187,249.51,450.00,2670,10251,60,90,85,17411,P2,Not Active,Not Active,Not Active,Not Active
2026/10/07 14:59:15.691,295.35,450.00,2550,10251,70,98,38,17411,P2,Not Active,Not Active,Not Active,Not Active
2026/10/07 14:59:16.196,295.12,450.00,2655,10251,61,90,85,17411,P2,Not Active,Not Active,Not Active,Not Active
2026/10/07 14:59:16.700,246.59,450.00,2655,10251,60,89,85,17411,P2,Not Active,Not Active,Not Active,Not Active
2026/10/07 14:59:17.203,251.15,450.00,2655,10251,60,89,84,17411,P2,Not Active,Not Active,Not Active,Not Active
2026/10/07 14:59:17.706,251.07,450.00,2655,10251,60,90,85,17411,P2,Not Active,Not Active,Not Active,Not Active
2026/10/07 14:59:18.210,250.79,450.00,2655,10251,60,90,85,17411,P2,Not Active,Not Active,Not Active,Not Active
2026/10/07 14:59:18.715,276.66,450.00,2535,10251,67,94,48,17411,P2,Not Active,Not Active,Not Active,Not Active
2026/10/07 14:59:19.219,274.55,450.00,2670,10251,61,86,81,17411,P2,Not Active,Not Active,Not Active,Not Active
2026/10/07 14:59:19.723,239.20,450.00,2670,10251,60,79,75,17411,P2,Not Active,Not Active,Not Active,Not Active
2026/10/07 14:59:20.226,240.07,450.00,2670,10251,60,87,83,17411,P2,Not Active,Not Active,Not Active,Not Active
2026/10/07 14:59:20.731,242.54,450.00,2670,10251,60,86,82,17411,P2,Not Active,Not Active,Not Active,Not Active
2026/10/07 14:59:21.235,242.66,450.00,2670,10251,60,83,79,17411,P2,Not Active,Not Active,Not Active,Not Active
2026/10/07 14:59:21.739,289.30,450.00,2670,10251,61,93,54,17411,P2,Not Active,Not Active,Not Active,Not Active
2026/10/07 14:59:22.283,299.77,450.00,2655,10251,62,90,85,17411,P2,Not Active,Not Active,Not Active,Not Active
2026/10/07 14:59:22.788,256.41,450.00,2655,10251,61,86,82,17411,P2,Not Active,Not Active,Not Active,Not Active
2026/10/07 14:59:23.293,250.52,450.00,2655,10251,61,90,85,17411,P2,Not Active,Not Active,Not Active,Not Active
2026/10/07 14:59:23.797,251.66,450.00,2655,10251,61,89,85,17411,P2,Not Active,Not Active,Not Active,Not Active
2026/10/07 14:59:24.300,251.92,450.00,2655,10251,61,90,85,17410,P2,Not Active,Not Active,Not Active,Not Active
2026/10/07 14:59:24.804,274.68,450.00,2655,10251,61,84,52,17410,P2,Not Active,Not Active,Not Active,Not Active
2026/10/07 14:59:25.308,274.52,450.00,2655,10251,62,89,85,17410,P2,Not Active,Not Active,Not Active,Not Active
2026/10/07 14:59:25.813,246.64,450.00,2655,10251,61,90,86,17410,P2,Not Active,Not Active,Not Active,Not Active
2026/10/07 14:59:26.317,251.26,450.00,2655,10251,61,90,85,17410,P2,Not Active,Not Active,Not Active,Not Active
2026/10/07 14:59:26.821,251.51,450.00,2655,10251,61,90,85,17410,P2,Not Active,Not Active,Not Active,Not Active
2026/10/07 14:59:27.324,251.62,450.00,2655,10251,61,90,85,17410,P2,Not Active,Not Active,Not Active,Not Active
2026/10/07 14:59:27.828,298.81,450.00,2655,10251,61,89,52,17410,P2,Not Active,Not Active,Not Active,Not Active
2026/10/07 14:59:28.334,297.56,450.00,2670,10251,62,90,85,17410,P2,Not Active,Not Active,Not Active,Not Active
2026/10/07 14:59:28.837,251.42,450.00,2670,10251,62,90,85,17410,P2,Not Active,Not Active,Not Active,Not Active
2026/10/07 14:59:29.340,253.25,450.00,2670,10251,61,90,85,17410,P2,Not Active,Not Active,Not Active,Not Active
2026/10/07 14:59:29.844,253.83,450.00,2670,10251,62,90,86,17410,P2,Not Active,Not Active,Not Active,Not Active
2026/10/07 14:59:30.352,253.70,450.00,2670,10251,62,90,86,17410,P2,Not Active,Not Active,Not Active,Not Active
2026/10/07 14:59:30.856,279.30,450.00,2670,10251,62,85,63,17410,P2,Not Active,Not Active,Not Active,Not Active
2026/10/07 14:59:31.359,278.80,450.00,2655,10251,62,90,85,17410,P2,Not Active,Not Active,Not Active,Not Active
2026/10/07 14:59:31.862,248.95,450.00,2655,10251,62,87,82,17410,P2,Not Active,Not Active,Not Active,Not Active
2026/10/07 14:59:32.367,247.41,450.00,2655,10251,61,88,84,17413,P2,Not Active,Not Active,Not Active,Not Active
2026/10/07 14:59:32.871,247.62,450.00,2655,10251,62,88,83,17410,P2,Not Active,Not Active,Not Active,Not Active
2026/10/07 14:59:33.375,249.94,450.00,2655,10251,62,89,85,17413,P2,Not Active,Not Active,Not Active,Not Active
2026/10/07 14:59:33.880,299.41,450.00,2655,10251,62,95,55,17410,P2,Not Active,Not Active,Not Active,Not Active
2026/10/07 14:59:34.385,299.48,450.00,2655,10251,63,89,85,17413,P2,Not Active,Not Active,Not Active,Not Active
2026/10/07 14:59:34.890,251.21,450.00,2655,10251,62,89,84,17417,P2,Not Active,Not Active,Not Active,Not Active
2026/10/07 14:59:35.394,251.62,450.00,2655,10251,62,88,83,17413,P2,Not Active,Not Active,Not Active,Not Active
2026/10/07 14:59:35.897,251.69,450.00,2655,10251,62,89,84,17410,P2,Not Active,Not Active,Not Active,Not Active
2026/10/07 14:59:36.401,252.60,450.00,2655,10251,62,89,84,17410,P2,Not Active,Not Active,Not Active,Not Active
2026/10/07 14:59:36.907,282.11,450.00,2655,10251,62,93,64,17410,P2,Not Active,Not Active,Not Active,Not Active
2026/10/07 14:59:37.411,281.39,450.00,2655,10251,63,89,84,17410,P2,Not Active,Not Active,Not Active,Not Active
2026/10/07 14:59:37.915,251.75,450.00,2655,10251,62,90,85,17410,P2,Not Active,Not Active,Not Active,Not Active
2026/10/07 14:59:38.418,251.78,450.00,2655,10251,62,90,85,17410,P2,Not Active,Not Active,Not Active,Not Active
2026/10/07 14:59:38.922,251.55,450.00,2655,10251,62,91,86,17410,P2,Not Active,Not Active,Not Active,Not Active
2026/10/07 14:59:39.427,251.15,450.00,2655,10251,62,89,84,17410,P2,Active,Not Active,Not Active,Not Active
2026/10/07 14:59:39.932,295.21,450.00,2655,10251,62,87,54,17410,P2,Not Active,Not Active,Not Active,Not Active
2026/10/07 14:59:40.436,296.82,450.00,2655,10251,63,89,85,17410,P2,Not Active,Not Active,Not Active,Not Active
2026/10/07 14:59:40.941,253.01,450.00,2655,10251,63,88,84,17410,P2,Not Active,Not Active,Not Active,Not Active
2026/10/07 14:59:41.450,253.34,450.00,2655,10251,62,89,85,17410,P2,Not Active,Not Active,Not Active,Not Active
2026/10/07 14:59:41.954,253.35,450.00,2655,10251,63,89,85,17410,P2,Not Active,Not Active,Not Active,Not Active
2026/10/07 14:59:42.457,253.08,450.00,2655,10251,63,89,84,17410,P2,Not Active,Not Active,Not Active,Not Active
2026/10/07 14:59:42.961,280.41,450.00,2655,10251,63,85,80,17410,P2,Not Active,Not Active,Not Active,Not Active
2026/10/07 14:59:43.466,280.45,450.00,2655,10251,63,90,85,17410,P2,Not Active,Not Active,Not Active,Not Active
2026/10/07 14:59:43.969,251.74,450.00,2655,10251,63,88,83,17410,P2,Not Active,Not Active,Not Active,Not Active
2026/10/07 14:59:44.472,252.14,450.00,2655,10251,63,90,85,17410,P2,Not Active,Not Active,Not Active,Not Active
2026/10/07 14:59:44.976,252.14,450.00,2655,10251,63,90,85,17410,P2,Not Active,Not Active,Not Active,Not Active
2026/10/07 14:59:45.480,262.99,450.00,2535,10251,63,89,84,17410,P2,Active,Not Active,Not Active,Not Active
2026/10/07 14:59:45.999,302.11,450.00,2655,10251,64,89,85,17410,P2,Not Active,Not Active,Not Active,Not Active
2026/10/07 14:59:46.505,302.84,450.00,2655,10251,63,89,84,17410,P2,Not Active,Not Active,Not Active,Not Active
2026/10/07 14:59:47.009,253.28,450.00,2655,10251,63,89,85,17410,P2,Not Active,Not Active,Not Active,Not Active
2026/10/07 14:59:47.512,253.14,450.00,2655,10251,63,89,84,17410,P2,Not Active,Not Active,Not Active,Not Active
2026/10/07 14:59:48.016,253.77,450.00,2655,10251,63,89,85,17410,P2,Not Active,Not Active,Not Active,Not Active
2026/10/07 14:59:48.519,255.35,450.00,2655,10251,63,89,85,17410,P2,Active,Not Active,Not Active,Not Active
2026/10/07 14:59:49.083,283.36,450.00,2655,10251,63,89,84,17410,P2,Not Active,Not Active,Not Active,Not Active
2026/10/07 14:59:49.587,281.69,450.00,2655,10251,63,90,85,17410,P2,Not Active,Not Active,Not Active,Not Active
2026/10/07 14:59:50.090,252.43,450.00,2655,10251,63,89,85,17410,P2,Not Active,Not Active,Not Active,Not Active
2026/10/07 14:59:50.593,251.91,450.00,2655,10251,63,90,85,17410,P2,Not Active,Not Active,Not Active,Not Active
2026/10/07 14:59:51.097,250.52,450.00,2655,10251,63,87,82,17410,P2,Not Active,Not Active,Not Active,Not Active
2026/10/07 14:59:51.601,291.36,450.00,2535,10251,71,100,35,17410,P2,Not Active,Not Active,Not Active,Not Active
2026/10/07 14:59:52.108,302.38,450.00,2655,10251,64,90,85,17410,P2,Not Active,Not Active,Not Active,Not Active
2026/10/07 14:59:52.612,282.63,450.00,2655,10251,63,89,85,17410,P2,Not Active,Not Active,Not Active,Not Active
2026/10/07 14:59:53.115,253.56,450.00,2655,10251,63,89,85,17410,P2,Not Active,Not Active,Not Active,Not Active
2026/10/07 14:59:53.618,253.86,450.00,2655,10251,63,89,85,17410,P2,Not Active,Not Active,Not Active,Not Active
2026/10/07 14:59:54.123,253.84,450.00,2655,10251,63,89,85,17410,P2,Not Active,Not Active,Not Active,Not Active
2026/10/07 14:59:54.626,286.70,450.00,2655,10251,63,94,49,17410,P2,Not Active,Not Active,Not Active,Not Active
2026/10/07 14:59:55.170,283.09,450.00,2655,10251,64,90,85,17410,P2,Not Active,Not Active,Not Active,Not Active
2026/10/07 14:59:55.673,252.80,450.00,2655,10251,63,89,85,17410,P2,Not Active,Not Active,Not Active,Not Active
2026/10/07 14:59:56.176,253.03,450.00,2655,10251,63,90,86,17410,P2,Not Active,Not Active,Not Active,Not Active
2026/10/07 14:59:56.682,253.51,450.00,2655,10251,63,90,85,17410,P2,Not Active,Not Active,Not Active,Not Active
2026/10/07 14:59:57.185,253.67,450.00,2655,10251,63,90,85,17410,P2,Not Active,Not Active,Not Active,Not Active
2026/10/07 14:59:57.688,302.26,450.00,2535,10251,73,98,39,17410,P2,Not Active,Not Active,Not Active,Not Active
2026/10/07 14:59:58.192,301.34,450.00,2655,10251,64,88,84,17410,P2,Not Active,Not Active,Not Active,Not Active
2026/10/07 14:59:58.695,253.25,450.00,2655,10251,64,90,85,17410,P2,Not Active,Not Active,Not Active,Not Active
2026/10/07 14:59:59.200,254.77,450.00,2655,10251,64,90,86,17410,P2,Not Active,Not Active,Not Active,Not Active
2026/10/07 14:59:59.704,255.25,450.00,2655,10251,64,90,85,17410,P2,Not Active,Not Active,Not Active,Not Active
2026/10/07 15:00:00.208,255.28,450.00,2655,10251,64,89,84,17410,P2,Not Active,Not Active,Not Active,Not Active
2026/10/07 15:00:00.712,282.99,450.00,2535,10251,72,95,55,17410,P2,Not Active,Not Active,Not Active,Not Active
2026/10/07 15:00:01.216,282.18,450.00,2655,10251,64,88,83,17410,P2,Not Active,Not Active,Not Active,Not Active
2026/10/07 15:00:01.721,253.15,450.00,2655,10251,64,89,84,17410,P2,Not Active,Not Active,Not Active,Not Active
2026/10/07 15:00:02.225,252.42,450.00,2655,10251,64,88,84,17410,P2,Not Active,Not Active,Not Active,Not Active
2026/10/07 15:00:02.729,252.58,450.00,2655,10251,64,89,85,17410,P2,Not Active,Not Active,Not Active,Not Active
2026/10/07 15:00:03.233,254.13,450.00,2655,10251,64,89,84,17410,P2,Not Active,Not Active,Not Active,Not Active
2026/10/07 15:00:03.738,299.83,450.00,2520,10251,74,80,76,17410,P2,Not Active,Not Active,Not Active,Not Active
2026/10/07 15:00:04.243,299.90,450.00,2655,10251,64,89,85,17410,P2,Not Active,Not Active,Not Active,Not Active
2026/10/07 15:00:04.747,253.76,450.00,2655,10251,64,89,85,17410,P2,Not Active,Not Active,Not Active,Not Active
2026/10/07 15:00:05.251,253.46,450.00,2655,10251,64,89,84,17410,P2,Not Active,Not Active,Not Active,Not Active
2026/10/07 15:00:05.755,253.41,450.00,2655,10251,64,89,85,17410,P2,Not Active,Not Active,Not Active,Not Active
2026/10/07 15:00:06.260,254.17,450.00,2655,10251,64,90,86,17410,P2,Not Active,Not Active,Not Active,Not Active
2026/10/07 15:00:06.764,282.56,450.00,2535,10251,73,88,83,17410,P2,Not Active,Not Active,Not Active,Not Active
2026/10/07 15:00:07.268,281.30,450.00,2655,10251,64,87,82,17410,P2,Not Active,Not Active,Not Active,Not Active
2026/10/07 15:00:07.772,248.11,450.00,2655,10251,64,84,79,17410,P2,Not Active,Not Active,Not Active,Not Active
2026/10/07 15:00:08.280,245.18,450.00,2655,10251,64,86,82,17410,P2,Not Active,Not Active,Not Active,Not Active
2026/10/07 15:00:08.784,246.03,450.00,2655,10251,64,83,79,17410,P2,Not Active,Not Active,Not Active,Not Active
2026/10/07 15:00:09.288,246.89,450.00,2655,10251,64,85,81,17410,P2,Not Active,Not Active,Not Active,Not Active
2026/10/07 15:00:09.791,295.70,450.00,2520,10251,73,81,71,17410,P2,Not Active,Not Active,Not Active,Not Active
2026/10/07 15:00:10.297,299.98,450.00,2655,10251,65,89,85,17410,P2,Not Active,Not Active,Not Active,Not Active
2026/10/07 15:00:10.800,252.74,450.00,2655,10251,64,89,85,17410,P2,Not Active,Not Active,Not Active,Not Active
2026/10/07 15:00:11.304,254.49,450.00,2655,10251,64,90,86,17410,P2,Not Active,Not Active,Not Active,Not Active
2026/10/07 15:00:11.808,255.05,450.00,2655,10251,64,88,84,17410,P2,Not Active,Not Active,Not Active,Not Active
2026/10/07 15:00:12.311,255.18,450.00,2655,10251,64,90,85,17410,P2,Not Active,Not Active,Not Active,Not Active
2026/10/07 15:00:12.817,283.27,450.00,2655,10251,64,90,85,17410,P2,Not Active,Not Active,Not Active,Not Active
2026/10/07 15:00:13.321,283.70,450.00,2655,10251,64,90,86,17410,P2,Not Active,Not Active,Not Active,Not Active
2026/10/07 15:00:13.825,255.11,450.00,2655,10251,64,90,85,17410,P2,Not Active,Not Active,Not Active,Not Active
2026/10/07 15:00:14.328,254.88,450.00,2655,10251,64,90,85,17410,P2,Not Active,Not Active,Not Active,Not Active
2026/10/07 15:00:14.833,254.87,450.00,2655,10251,64,90,85,17410,P2,Not Active,Not Active,Not Active,Not Active
2026/10/07 15:00:15.338,268.09,450.00,2655,10251,64,92,67,17410,P2,Active,Not Active,Not Active,Not Active
2026/10/07 15:00:15.891,302.90,450.00,2520,10251,74,88,84,17410,P2,Not Active,Not Active,Not Active,Not Active
2026/10/07 15:00:16.399,266.14,450.00,2655,10251,65,62,59,17410,P2,Not Active,Not Active,Not Active,Not Active
2026/10/07 15:00:16.903,218.53,450.00,2670,10251,64,90,85,17410,P2,Not Active,Not Active,Not Active,Not Active
2026/10/07 15:00:17.406,256.27,450.00,2670,10251,64,89,85,17410,P2,Not Active,Not Active,Not Active,Not Active
2026/10/07 15:00:17.910,256.50,450.00,2670,10251,65,89,85,17410,P2,Not Active,Not Active,Not Active,Not Active
2026/10/07 15:00:18.415,256.04,450.00,2670,10251,64,88,84,17410,P2,Not Active,Not Active,Not Active,Not Active
2026/10/07 15:00:18.919,285.71,450.00,2670,10251,64,95,49,17410,P2,Not Active,Not Active,Not Active,Not Active
2026/10/07 15:00:19.423,285.29,450.00,2655,10251,65,90,86,17410,P2,Not Active,Not Active,Not Active,Not Active
2026/10/07 15:00:19.928,254.98,450.00,2655,10251,64,89,84,17410,P2,Not Active,Not Active,Not Active,Not Active
2026/10/07 15:00:20.433,254.69,450.00,2655,10251,64,90,85,17410,P2,Not Active,Not Active,Not Active,Not Active
2026/10/07 15:00:20.936,255.02,450.00,2655,10251,64,90,85,17410,P2,Not Active,Not Active,Not Active,Not Active
2026/10/07 15:00:21.440,254.24,450.00,2655,10251,64,90,85,17410,P2,Not Active,Not Active,Not Active,Not Active
2026/10/07 15:00:21.944,304.38,450.00,2655,10251,64,89,85,17410,P2,Not Active,Not Active,Not Active,Not Active
2026/10/07 15:00:22.447,305.38,450.00,2655,10251,65,89,84,17410,P2,Not Active,Not Active,Not Active,Not Active
2026/10/07 15:00:22.952,252.67,450.00,2655,10251,64,84,80,17410,P2,Not Active,Not Active,Not Active,Not Active
2026/10/07 15:00:23.456,247.77,450.00,2655,10251,64,83,79,17410,P2,Not Active,Not Active,Not Active,Not Active
2026/10/07 15:00:23.960,248.27,450.00,2655,10251,64,87,82,17410,P2,Not Active,Not Active,Not Active,Not Active
2026/10/07 15:00:24.465,250.21,450.00,2655,10251,64,85,81,17410,P2,Not Active,Not Active,Not Active,Not Active
2026/10/07 15:00:24.970,279.27,450.00,2655,10251,65,88,81,17410,P2,Not Active,Not Active,Not Active,Not Active
2026/10/07 15:00:25.476,280.99,450.00,2655,10251,65,88,83,17410,P2,Not Active,Not Active,Not Active,Not Active
2026/10/07 15:00:25.980,253.35,450.00,2655,10251,64,87,82,17410,P2,Not Active,Not Active,Not Active,Not Active
2026/10/07 15:00:26.483,254.11,450.00,2655,10251,64,89,84,17410,P2,Not Active,Not Active,Not Active,Not Active
2026/10/07 15:00:26.988,253.65,450.00,2655,10251,64,89,84,17410,P2,Not Active,Not Active,Not Active,Not Active
2026/10/07 15:00:27.493,254.59,450.00,2655,10251,64,90,86,17410,P2,Not Active,Not Active,Not Active,Not Active
2026/10/07 15:00:27.997,304.40,450.00,2655,10251,66,91,78,17410,P2,Not Active,Not Active,Not Active,Not Active
2026/10/07 15:00:28.501,304.58,450.00,2655,10251,65,89,84,17410,P2,Not Active,Not Active,Not Active,Not Active
2026/10/07 15:00:29.004,255.96,450.00,2655,10251,65,89,85,17410,P2,Not Active,Not Active,Not Active,Not Active
2026/10/07 15:00:29.509,256.05,450.00,2655,10251,65,89,85,17410,P2,Not Active,Not Active,Not Active,Not Active
2026/10/07 15:00:30.014,255.60,450.00,2655,10251,65,90,85,17410,P2,Not Active,Not Active,Not Active,Not Active
2026/10/07 15:00:30.517,256.24,450.00,2655,10251,65,90,85,17410,P2,Not Active,Not Active,Not Active,Not Active
2026/10/07 15:00:31.021,286.36,450.00,2655,10251,65,90,85,17410,P2,Not Active,Not Active,Not Active,Not Active
2026/10/07 15:00:31.558,285.76,450.00,2655,10251,65,90,85,17410,P2,Not Active,Not Active,Not Active,Not Active
2026/10/07 15:00:32.061,255.44,450.00,2655,10251,64,90,85,17410,P2,Not Active,Not Active,Not Active,Not Active
2026/10/07 15:00:32.565,254.95,450.00,2655,10251,64,90,85,17410,P2,Not Active,Not Active,Not Active,Not Active
2026/10/07 15:00:33.070,254.66,450.00,2655,10251,64,90,85,17410,P2,Not Active,Not Active,Not Active,Not Active
2026/10/07 15:00:33.573,268.81,450.00,2655,10251,64,92,66,17410,P2,Active,Not Active,Not Active,Not Active
2026/10/07 15:00:34.086,303.99,450.00,2655,10251,66,89,85,17410,P2,Not Active,Not Active,Not Active,Not Active
2026/10/07 15:00:34.593,305.13,450.00,2655,10251,65,89,85,17410,P2,Not Active,Not Active,Not Active,Not Active
2026/10/07 15:00:35.097,257.13,450.00,2655,10251,65,89,85,17410,P2,Not Active,Not Active,Not Active,Not Active
2026/10/07 15:00:35.600,256.66,450.00,2655,10251,65,90,85,17410,P2,Not Active,Not Active,Not Active,Not Active
2026/10/07 15:00:36.104,256.13,450.00,2655,10251,65,89,85,17410,P2,Not Active,Not Active,Not Active,Not Active
2026/10/07 15:00:36.609,263.90,450.00,2655,10251,65,89,73,17410,P2,Active,Not Active,Not Active,Not Active
2026/10/07 15:00:37.156,283.95,450.00,2655,10251,65,90,86,17410,P2,Not Active,Not Active,Not Active,Not Active
2026/10/07 15:00:37.661,275.65,450.00,2655,10251,65,90,86,17410,P2,Not Active,Not Active,Not Active,Not Active
2026/10/07 15:00:38.166,255.50,450.00,2655,10251,65,90,85,17410,P2,Not Active,Not Active,Not Active,Not Active
2026/10/07 15:00:38.671,255.65,450.00,2655,10251,65,90,86,17410,P2,Not Active,Not Active,Not Active,Not Active
2026/10/07 15:00:39.174,255.65,450.00,2655,10251,65,90,85,17410,P2,Not Active,Not Active,Not Active,Not Active
2026/10/07 15:00:39.678,304.21,450.00,2655,10251,64,95,49,17410,P2,Not Active,Not Active,Not Active,Not Active
2026/10/07 15:00:40.181,305.35,450.00,2655,10251,66,90,85,17410,P2,Not Active,Not Active,Not Active,Not Active
2026/10/07 15:00:40.686,277.92,450.00,2655,10251,65,89,85,17410,P2,Not Active,Not Active,Not Active,Not Active
2026/10/07 15:00:41.190,257.14,450.00,2655,10251,65,90,85,17410,P2,Not Active,Not Active,Not Active,Not Active
2026/10/07 15:00:41.693,256.47,450.00,2655,10251,65,88,83,17410,P2,Not Active,Not Active,Not Active,Not Active
2026/10/07 15:00:42.197,256.17,450.00,2655,10251,65,89,85,17410,P2,Not Active,Not Active,Not Active,Not Active
2026/10/07 15:00:42.700,284.81,450.00,2655,10251,65,93,58,17410,P2,Not Active,Not Active,Not Active,Not Active
2026/10/07 15:00:43.205,284.62,450.00,2655,10251,65,89,84,17410,P2,Not Active,Not Active,Not Active,Not Active
2026/10/07 15:00:43.709,262.92,450.00,2655,10251,65,90,85,17410,P2,Not Active,Not Active,Not Active,Not Active
2026/10/07 15:00:44.212,254.65,450.00,2655,10251,65,89,84,17410,P2,Not Active,Not Active,Not Active,Not Active
2026/10/07 15:00:44.715,255.45,450.00,2655,10251,65,89,85,17410,P2,Not Active,Not Active,Not Active,Not Active
2026/10/07 15:00:45.219,244.74,450.00,2655,10251,64,75,71,17410,P2,Not Active,Not Active,Not Active,Not Active
2026/10/07 15:00:45.723,292.64,450.00,2655,10251,64,87,46,17410,P2,Not Active,Not Active,Not Active,Not Active
2026/10/07 15:00:46.275,302.14,450.00,2655,10251,66,90,86,17410,P2,Not Active,Not Active,Not Active,Not Active
2026/10/07 15:00:46.778,258.76,450.00,2655,10251,65,89,85,17410,P2,Not Active,Not Active,Not Active,Not Active
2026/10/07 15:00:47.282,256.67,450.00,2655,10251,65,89,85,17410,P2,Not Active,Not Active,Not Active,Not Active
2026/10/07 15:00:47.788,251.74,450.00,2655,10251,65,79,75,17410,P2,Not Active,Not Active,Not Active,Not Active
2026/10/07 15:00:48.291,249.51,450.00,2655,10251,65,89,85,17410,P2,Not Active,Not Active,Not Active,Not Active
2026/10/07 15:00:48.795,279.36,450.00,2655,10251,65,88,47,17410,P2,Not Active,Not Active,Not Active,Not Active
2026/10/07 15:00:49.299,272.50,450.00,2655,10251,65,83,78,17410,P2,Not Active,Not Active,Not Active,Not Active
2026/10/07 15:00:49.804,243.18,450.00,2655,10251,64,90,85,17410,P2,Not Active,Not Active,Not Active,Not Active
2026/10/07 15:00:50.308,245.99,450.00,2655,10251,65,90,86,17410,P2,Not Active,Not Active,Not Active,Not Active
2026/10/07 15:00:50.811,244.51,450.00,2655,10251,64,90,85,17410,P2,Not Active,Not Active,Not Active,Not Active
2026/10/07 15:00:51.315,242.29,450.00,2655,10251,64,89,84,17410,P2,Not Active,Not Active,Not Active,Not Active
2026/10/07 15:00:51.819,269.27,450.00,2655,10251,64,94,56,17410,P2,Active,Not Active,Not Active,Not Active
2026/10/07 15:00:52.338,297.18,450.00,2520,10251,72,89,85,17410,P2,Not Active,Not Active,Not Active,Not Active
2026/10/07 15:00:52.844,271.28,450.00,2655,10251,65,72,68,17410,P2,Not Active,Not Active,Not Active,Not Active
2026/10/07 15:00:53.347,237.02,450.00,2655,10251,64,84,80,17410,P2,Not Active,Not Active,Not Active,Not Active
2026/10/07 15:00:53.850,244.11,450.00,2655,10251,65,88,84,17410,P2,Not Active,Not Active,Not Active,Not Active
2026/10/07 15:00:54.354,255.41,450.00,2655,10251,65,90,85,17410,P2,Not Active,Not Active,Not Active,Not Active
2026/10/07 15:00:54.858,252.21,450.00,2655,10251,65,88,84,17410,P2,Not Active,Not Active,Not Active,Not Active
2026/10/07 15:00:55.363,279.24,450.00,2520,10251,72,89,84,17410,P2,Not Active,Not Active,Not Active,Not Active
2026/10/07 15:00:55.918,283.17,450.00,2655,10251,65,90,85,17410,P2,Not Active,Not Active,Not Active,Not Active
2026/10/07 15:00:56.426,242.89,450.00,2655,10251,65,73,69,17410,P2,Not Active,Not Active,Not Active,Not Active
2026/10/07 15:00:56.929,237.01,450.00,2655,10251,64,90,85,17410,P2,Not Active,Not Active,Not Active,Not Active
2026/10/07 15:00:57.433,247.23,450.00,2655,10251,65,89,84,17410,P2,Not Active,Not Active,Not Active,Not Active
2026/10/07 15:00:57.936,257.03,450.00,2655,10251,65,86,73,17410,P2,Active,Not Active,Not Active,Not Active
2026/10/07 15:00:58.441,292.64,450.00,2550,10251,64,82,74,17410,P2,Not Active,Not Active,Not Active,Not Active
2026/10/07 15:00:58.946,293.87,450.00,2655,10251,65,89,85,17410,P2,Not Active,Not Active,Not Active,Not Active
2026/10/07 15:00:59.450,247.53,450.00,2655,10251,65,89,85,17410,P2,Not Active,Not Active,Not Active,Not Active
2026/10/07 15:00:59.953,253.53,450.00,2655,10251,64,89,84,17410,P2,Not Active,Not Active,Not Active,Not Active
2026/10/07 15:01:00.456,252.88,450.00,2655,10251,65,89,85,17410,P2,Not Active,Not Active,Not Active,Not Active
2026/10/07 15:01:00.962,244.65,450.00,2655,10251,64,77,73,17410,P2,Not Active,Not Active,Not Active,Not Active
2026/10/07 15:01:01.465,269.81,450.00,2655,10251,65,88,61,17410,P2,Not Active,Not Active,Not Active,Not Active
2026/10/07 15:01:01.969,276.80,450.00,2655,10251,65,89,84,17410,P2,Not Active,Not Active,Not Active,Not Active
2026/10/07 15:01:02.473,251.03,450.00,2655,10251,65,90,86,17410,P2,Not Active,Not Active,Not Active,Not Active
2026/10/07 15:01:02.978,250.18,450.00,2655,10251,65,91,86,17410,P2,Not Active,Not Active,Not Active,Not Active
2026/10/07 15:01:03.483,244.65,450.00,2655,10251,64,83,79,17410,P2,Not Active,Not Active,Not Active,Not Active
2026/10/07 15:01:03.986,241.46,450.00,2655,10251,64,90,86,17410,P2,Not Active,Not Active,Not Active,Not Active
2026/10/07 15:01:04.490,296.35,450.00,2655,10251,71,100,35,17410,P2,Not Active,Not Active,Not Active,Not Active
2026/10/07 15:01:04.993,305.86,450.00,2655,10251,65,90,85,17410,P2,Not Active,Not Active,Not Active,Not Active
2026/10/07 15:01:05.497,258.86,450.00,2655,10251,65,88,83,17410,P2,Not Active,Not Active,Not Active,Not Active
2026/10/07 15:01:06.002,252.36,450.00,2655,10251,64,81,77,17410,P2,Not Active,Not Active,Not Active,Not Active
2026/10/07 15:01:06.505,252.88,450.00,2655,10251,65,89,85,17410,P2,Not Active,Not Active,Not Active,Not Active
2026/10/07 15:01:07.008,251.85,450.00,2655,10251,65,90,85,17410,P2,Not Active,Not Active,Not Active,Not Active
2026/10/07 15:01:07.512,281.21,450.00,2655,10251,71,92,55,17410,P2,Not Active,Not Active,Not Active,Not Active
2026/10/07 15:01:08.023,283.94,450.00,2655,10251,65,90,85,17410,P2,Not Active,Not Active,Not Active,Not Active
2026/10/07 15:01:08.526,246.59,450.00,2655,10251,64,66,63,17410,P2,Not Active,Not Active,Not Active,Not Active
2026/10/07 15:01:09.029,241.88,450.00,2655,10251,64,90,85,17410,P2,Not Active,Not Active,Not Active,Not Active
2026/10/07 15:01:09.533,245.72,450.00,2655,10251,64,90,85,17410,P2,Not Active,Not Active,Not Active,Not Active
2026/10/07 15:01:10.038,253.14,450.00,2655,10251,65,90,85,17410,P2,Not Active,Not Active,Not Active,Not Active
2026/10/07 15:01:10.541,301.65,450.00,2520,10251,75,90,40,17410,P2,Not Active,Not Active,Not Active,Not Active
2026/10/07 15:01:11.045,293.76,450.00,2655,10251,65,88,84,17410,P2,Not Active,Not Active,Not Active,Not Active
2026/10/07 15:01:11.549,257.64,450.00,2655,10251,65,87,82,17410,P2,Not Active,Not Active,Not Active,Not Active
2026/10/07 15:01:12.052,252.76,450.00,2655,10251,65,89,84,17410,P2,Not Active,Not Active,Not Active,Not Active
2026/10/07 15:01:12.558,252.75,450.00,2655,10251,65,87,83,17410,P2,Not Active,Not Active,Not Active,Not Active
2026/10/07 15:01:13.062,250.97,450.00,2655,10251,65,85,81,17410,P2,Not Active,Not Active,Not Active,Not Active
2026/10/07 15:01:13.566,281.89,450.00,2520,10251,64,94,48,17410,P2,Not Active,Not Active,Not Active,Not Active
2026/10/07 15:01:14.104,274.31,450.00,2655,10251,65,78,74,17410,P2,Not Active,Not Active,Not Active,Not Active
2026/10/07 15:01:14.608,261.80,450.00,2655,10251,64,90,85,17410,P2,Not Active,Not Active,Not Active,Not Active
2026/10/07 15:01:15.111,254.10,450.00,2655,10251,64,90,85,17410,P2,Not Active,Not Active,Not Active,Not Active
2026/10/07 15:01:15.619,253.22,450.00,2655,10251,64,87,83,17410,P2,Not Active,Not Active,Not Active,Not Active
2026/10/07 15:01:16.123,253.82,450.00,2655,10251,64,90,85,17410,P2,Not Active,Not Active,Not Active,Not Active
2026/10/07 15:01:16.626,304.61,450.00,2655,10251,71,98,37,17410,P2,Not Active,Not Active,Not Active,Not Active
2026/10/07 15:01:17.130,305.51,450.00,2655,10251,65,90,85,17410,P2,Not Active,Not Active,Not Active,Not Active
2026/10/07 15:01:17.635,266.82,450.00,2655,10251,65,89,85,17410,P2,Not Active,Not Active,Not Active,Not Active
2026/10/07 15:01:18.138,255.97,450.00,2655,10251,65,89,85,17410,P2,Not Active,Not Active,Not Active,Not Active
2026/10/07 15:01:18.642,255.89,450.00,2655,10251,65,90,86,17410,P2,Not Active,Not Active,Not Active,Not Active
2026/10/07 15:01:19.145,256.16,450.00,2655,10251,65,90,86,17410,P2,Not Active,Not Active,Not Active,Not Active
2026/10/07 15:01:19.648,287.85,450.00,2535,10251,65,95,49,17410,P2,Not Active,Not Active,Not Active,Not Active
2026/10/07 15:01:20.153,283.98,450.00,2655,10251,65,90,85,17410,P2,Not Active,Not Active,Not Active,Not Active
2026/10/07 15:01:20.657,253.70,450.00,2655,10251,65,90,85,17410,P2,Not Active,Not Active,Not Active,Not Active
2026/10/07 15:01:21.161,254.02,450.00,2655,10251,65,90,86,17410,P2,Not Active,Not Active,Not Active,Not Active
2026/10/07 15:01:21.664,253.58,450.00,2655,10251,65,89,84,17410,P2,Not Active,Not Active,Not Active,Not Active
2026/10/07 15:01:22.168,253.60,450.00,2655,10251,64,90,86,17410,P2,Not Active,Not Active,Not Active,Not Active
2026/10/07 15:01:22.672,308.14,450.00,2520,10251,75,99,39,17410,P2,Not Active,Not Active,Not Active,Not Active
2026/10/07 15:01:23.178,304.94,450.00,2655,10251,65,89,85,17410,P2,Not Active,Not Active,Not Active,Not Active
2026/10/07 15:01:23.682,256.21,450.00,2655,10251,65,89,85,17410,P2,Not Active,Not Active,Not Active,Not Active
2026/10/07 15:01:24.185,256.48,450.00,2655,10251,65,90,86,17410,P2,Not Active,Not Active,Not Active,Not Active
2026/10/07 15:01:24.689,256.38,450.00,2655,10251,65,89,85,17410,P2,Not Active,Not Active,Not Active,Not Active
2026/10/07 15:01:25.194,256.29,450.00,2655,10251,65,89,85,17410,P2,Not Active,Not Active,Not Active,Not Active
2026/10/07 15:01:25.698,284.78,450.00,2580,10251,69,95,57,17410,P2,Not Active,Not Active,Not Active,Not Active
2026/10/07 15:01:26.202,281.98,450.00,2655,10251,65,88,83,17410,P2,Not Active,Not Active,Not Active,Not Active
2026/10/07 15:01:26.706,249.16,450.00,2655,10251,64,87,82,17410,P2,Not Active,Not Active,Not Active,Not Active
2026/10/07 15:01:27.216,246.76,450.00,2655,10251,64,88,83,17410,P2,Not Active,Not Active,Not Active,Not Active
2026/10/07 15:01:27.720,245.41,450.00,2655,10251,64,85,80,17410,P2,Not Active,Not Active,Not Active,Not Active
2026/10/07 15:01:28.223,245.13,450.00,2655,10251,64,85,80,17410,P2,Not Active,Not Active,Not Active,Not Active
2026/10/07 15:01:28.727,295.72,450.00,2520,10251,75,87,79,17410,P2,Not Active,Not Active,Not Active,Not Active
2026/10/07 15:01:29.232,300.73,450.00,2655,10251,65,90,85,17410,P2,Not Active,Not Active,Not Active,Not Active
2026/10/07 15:01:29.735,255.36,450.00,2655,10251,65,90,85,17410,P2,Not Active,Not Active,Not Active,Not Active
2026/10/07 15:01:30.238,254.84,450.00,2655,10251,65,89,85,17410,P2,Not Active,Not Active,Not Active,Not Active
2026/10/07 15:01:30.743,256.11,450.00,2655,10251,65,90,85,17410,P2,Not Active,Not Active,Not Active,Not Active
2026/10/07 15:01:31.246,256.54,450.00,2655,10251,65,89,85,17410,P2,Not Active,Not Active,Not Active,Not Active
2026/10/07 15:01:31.751,284.53,450.00,2520,10251,75,90,85,17410,P2,Not Active,Not Active,Not Active,Not Active
2026/10/07 15:01:32.256,283.47,450.00,2655,10251,65,89,84,17410,P2,Not Active,Not Active,Not Active,Not Active
2026/10/07 15:01:32.759,254.46,450.00,2655,10251,65,90,85,17410,P2,Not Active,Not Active,Not Active,Not Active
2026/10/07 15:01:33.262,254.49,450.00,2655,10251,65,90,85,17410,P2,Not Active,Not Active,Not Active,Not Active
2026/10/07 15:01:33.765,254.66,450.00,2655,10251,65,90,86,17410,P2,Not Active,Not Active,Not Active,Not Active
2026/10/07 15:01:34.271,254.31,450.00,2655,10251,65,90,85,17410,P2,Active,Not Active,Not Active,Not Active
2026/10/07 15:01:34.833,303.58,450.00,2535,10251,77,90,85,17410,P2,Not Active,Not Active,Not Active,Not Active
2026/10/07 15:01:35.336,304.84,450.00,2655,10251,65,90,85,17410,P2,Not Active,Not Active,Not Active,Not Active
2026/10/07 15:01:35.841,256.41,450.00,2655,10251,65,89,85,17410,P2,Not Active,Not Active,Not Active,Not Active
2026/10/07 15:01:36.344,256.07,450.00,2655,10251,65,90,86,17410,P2,Not Active,Not Active,Not Active,Not Active
2026/10/07 15:01:36.850,256.14,450.00,2655,10251,65,90,85,17410,P2,Not Active,Not Active,Not Active,Not Active
2026/10/07 15:01:37.353,268.55,450.00,2655,10251,65,90,72,17410,P2,Active,Not Active,Not Active,Not Active
2026/10/07 15:01:37.905,283.71,450.00,2520,10251,67,90,85,17410,P2,Not Active,Not Active,Not Active,Not Active
2026/10/07 15:01:38.412,271.83,450.00,2655,10251,65,89,85,17410,P2,Not Active,Not Active,Not Active,Not Active
2026/10/07 15:01:38.916,254.91,450.00,2655,10251,65,90,85,17410,P2,Not Active,Not Active,Not Active,Not Active
2026/10/07 15:01:39.419,255.28,450.00,2655,10251,65,90,86,17410,P2,Not Active,Not Active,Not Active,Not Active
2026/10/07 15:01:39.923,256.04,450.00,2655,10251,65,90,86,17410,P2,Not Active,Not Active,Not Active,Not Active
2026/10/07 15:01:40.428,304.53,450.00,2655,10251,65,97,45,17410,P2,Not Active,Not Active,Not Active,Not Active
2026/10/07 15:01:40.977,304.48,450.00,2655,10251,65,89,85,17410,P2,Not Active,Not Active,Not Active,Not Active
2026/10/07 15:01:41.480,273.98,450.00,2655,10251,65,90,85,17410,P2,Not Active,Not Active,Not Active,Not Active
2026/10/07 15:01:41.984,256.69,450.00,2655,10251,65,88,84,17410,P2,Not Active,Not Active,Not Active,Not Active
2026/10/07 15:01:42.489,256.13,450.00,2655,10251,65,90,86,17410,P2,Not Active,Not Active,Not Active,Not Active
2026/10/07 15:01:42.992,256.07,450.00,2655,10251,65,90,85,17410,P2,Not Active,Not Active,Not Active,Not Active
2026/10/07 15:01:43.495,284.40,450.00,2655,10251,65,93,53,17410,P2,Not Active,Not Active,Not Active,Not Active
2026/10/07 15:01:43.999,278.82,450.00,2655,10251,65,88,83,17410,P2,Not Active,Not Active,Not Active,Not Active
2026/10/07 15:01:44.503,251.48,450.00,2655,10251,65,89,84,17410,P2,Not Active,Not Active,Not Active,Not Active
2026/10/07 15:01:45.010,253.76,450.00,2655,10251,65,89,85,17410,P2,Not Active,Not Active,Not Active,Not Active
2026/10/07 15:01:45.513,254.89,450.00,2655,10251,65,91,86,17410,P2,Not Active,Not Active,Not Active,Not Active
2026/10/07 15:01:46.017,255.87,450.00,2655,10251,65,90,86,17410,P2,Not Active,Not Active,Not Active,Not Active
2026/10/07 15:01:46.521,306.79,450.00,2655,10251,66,84,64,17410,P2,Not Active,Not Active,Not Active,Not Active
2026/10/07 15:01:47.026,301.29,450.00,2655,10251,65,89,85,17410,P2,Not Active,Not Active,Not Active,Not Active
2026/10/07 15:01:47.529,252.49,450.00,2655,10251,65,89,85,17410,P2,Not Active,Not Active,Not Active,Not Active
2026/10/07 15:01:48.033,254.68,450.00,2655,10251,65,90,86,17410,P2,Not Active,Not Active,Not Active,Not Active
2026/10/07 15:01:48.537,255.06,450.00,2655,10251,65,90,86,17410,P2,Not Active,Not Active,Not Active,Not Active
2026/10/07 15:01:49.040,255.18,450.00,2655,10251,65,90,86,17410,P2,Not Active,Not Active,Not Active,Not Active
2026/10/07 15:01:49.546,283.21,450.00,2655,10251,65,88,83,17410,P2,Not Active,Not Active,Not Active,Not Active
2026/10/07 15:01:50.050,283.65,450.00,2655,10251,65,91,86,17410,P2,Not Active,Not Active,Not Active,Not Active
2026/10/07 15:01:50.553,255.77,450.00,2655,10251,65,90,86,17410,P2,Not Active,Not Active,Not Active,Not Active
2026/10/07 15:01:51.057,256.39,450.00,2655,10251,65,90,85,17410,P2,Not Active,Not Active,Not Active,Not Active
2026/10/07 15:01:51.561,256.31,450.00,2655,10251,65,90,85,17410,P2,Not Active,Not Active,Not Active,Not Active
2026/10/07 15:01:52.066,255.39,450.00,2655,10251,65,89,84,17410,P2,Not Active,Not Active,Not Active,Not Active
2026/10/07 15:01:52.569,307.94,450.00,2655,10251,66,90,85,17410,P2,Not Active,Not Active,Not Active,Not Active
2026/10/07 15:01:53.073,304.88,450.00,2655,10251,65,90,85,17410,P2,Not Active,Not Active,Not Active,Not Active
2026/10/07 15:01:53.576,257.06,450.00,2655,10251,65,89,85,17410,P2,Not Active,Not Active,Not Active,Not Active
2026/10/07 15:01:54.080,255.93,450.00,2655,10251,65,88,84,17410,P2,Not Active,Not Active,Not Active,Not Active
2026/10/07 15:01:54.585,256.12,450.00,2655,10251,65,90,85,17410,P2,Not Active,Not Active,Not Active,Not Active
2026/10/07 15:01:55.088,256.61,450.00,2655,10251,65,89,85,17410,P2,Not Active,Not Active,Not Active,Not Active
2026/10/07 15:01:55.591,281.44,450.00,2655,10251,65,90,85,17410,P2,Not Active,Not Active,Not Active,Not Active
2026/10/07 15:01:56.095,280.77,450.00,2655,10251,65,90,85,17410,P2,Not Active,Not Active,Not Active,Not Active
2026/10/07 15:01:56.598,254.73,450.00,2655,10251,65,89,84,17410,P2,Not Active,Not Active,Not Active,Not Active
2026/10/07 15:01:57.104,255.25,450.00,2655,10251,65,91,86,17410,P2,Not Active,Not Active,Not Active,Not Active
2026/10/07 15:01:57.607,255.92,450.00,2655,10251,65,91,86,17410,P2,Not Active,Not Active,Not Active,Not Active
2026/10/07 15:01:58.110,281.74,450.00,2655,10251,65,95,54,17410,P2,Active,Not Active,Not Active,Not Active
2026/10/07 15:01:58.636,309.25,450.00,2655,10251,66,90,86,17410,P2,Not Active,Not Active,Not Active,Not Active
2026/10/07 15:01:59.141,301.77,450.00,2655,10251,65,89,85,17410,P2,Not Active,Not Active,Not Active,Not Active
2026/10/07 15:01:59.645,257.25,450.00,2655,10251,65,90,85,17410,P2,Not Active,Not Active,Not Active,Not Active
2026/10/07 15:02:00.149,256.77,450.00,2655,10251,65,89,85,17410,P2,Not Active,Not Active,Not Active,Not Active
2026/10/07 15:02:00.653,256.88,450.00,2655,10251,65,90,85,17410,P2,Not Active,Not Active,Not Active,Not Active
2026/10/07 15:02:01.157,279.57,450.00,2655,10251,65,93,60,17410,P2,Active,Not Active,Not Active,Not Active
2026/10/07 15:02:01.662,281.67,450.00,2655,10251,65,89,85,17410,P2,Not Active,Not Active,Not Active,Not Active
2026/10/07 15:02:02.166,280.53,450.00,2655,10251,65,90,85,17410,P2,Not Active,Not Active,Not Active,Not Active
2026/10/07 15:02:02.669,225.54,450.00,2655,10251,65,47,44,17410,P2,Not Active,Not Active,Not Active,Not Active
2026/10/07 15:02:03.338,219.12,450.00,2670,10251,64,89,84,17410,P2,Not Active,Not Active,Not Active,Not Active
2026/10/07 15:02:03.842,233.49,450.00,2670,10251,65,90,85,17410,P2,Not Active,Not Active,Not Active,Not Active
2026/10/07 15:02:04.346,281.67,450.00,2670,10251,65,95,51,17410,P2,Active,Not Active,Not Active,Not Active
2026/10/07 15:02:04.850,304.12,450.00,2520,10251,69,89,84,17410,P2,Not Active,Not Active,Not Active,Not Active
2026/10/07 15:02:05.355,298.71,450.00,2655,10251,65,90,85,17410,P2,Not Active,Not Active,Not Active,Not Active
2026/10/07 15:02:05.860,256.83,450.00,2655,10251,65,90,85,17410,P2,Not Active,Not Active,Not Active,Not Active
2026/10/07 15:02:06.364,257.11,450.00,2655,10251,65,90,86,17410,P2,Not Active,Not Active,Not Active,Not Active
2026/10/07 15:02:06.867,257.68,450.00,2655,10251,65,90,86,17410,P2,Not Active,Not Active,Not Active,Not Active
2026/10/07 15:02:07.371,279.08,450.00,2655,10251,65,94,57,17410,P2,Not Active,Not Active,Not Active,Not Active
2026/10/07 15:02:07.915,285.31,450.00,2655,10251,66,89,84,17410,P2,Not Active,Not Active,Not Active,Not Active
2026/10/07 15:02:08.420,263.08,450.00,2655,10251,65,91,86,17410,P2,Not Active,Not Active,Not Active,Not Active
2026/10/07 15:02:08.924,256.75,450.00,2655,10251,65,91,86,17410,P2,Not Active,Not Active,Not Active,Not Active
2026/10/07 15:02:09.427,256.80,450.00,2655,10251,65,90,85,17410,P2,Not Active,Not Active,Not Active,Not Active
2026/10/07 15:02:09.931,256.72,450.00,2655,10251,65,90,85,17410,P2,Not Active,Not Active,Not Active,Not Active
2026/10/07 15:02:10.435,305.83,450.00,2655,10251,65,100,35,17410,P2,Not Active,Not Active,Not Active,Not Active
2026/10/07 15:02:10.993,306.45,450.00,2655,10251,65,90,86,17410,P2,Not Active,Not Active,Not Active,Not Active
2026/10/07 15:02:11.498,258.30,450.00,2655,10251,65,90,85,17410,P2,Not Active,Not Active,Not Active,Not Active
2026/10/07 15:02:12.002,257.86,450.00,2655,10251,65,90,85,17410,P2,Not Active,Not Active,Not Active,Not Active
2026/10/07 15:02:12.506,257.25,450.00,2655,10251,65,90,86,17410,P2,Not Active,Not Active,Not Active,Not Active
2026/10/07 15:02:13.009,256.93,450.00,2655,10251,65,89,85,17410,P2,Not Active,Not Active,Not Active,Not Active
2026/10/07 15:02:13.513,285.66,450.00,2655,10251,66,91,86,17410,P2,Not Active,Not Active,Not Active,Not Active
2026/10/07 15:02:14.017,285.44,450.00,2655,10251,65,90,86,17410,P2,Not Active,Not Active,Not Active,Not Active
2026/10/07 15:02:14.521,254.65,450.00,2655,10251,65,89,85,17410,P2,Not Active,Not Active,Not Active,Not Active
2026/10/07 15:02:15.025,251.17,450.00,2655,10251,65,85,81,17410,P2,Not Active,Not Active,Not Active,Not Active
2026/10/07 15:02:15.528,249.98,450.00,2655,10251,65,86,82,17410,P2,Not Active,Not Active,Not Active,Not Active
2026/10/07 15:02:16.032,248.32,450.00,2655,10251,65,84,80,17410,P2,Not Active,Not Active,Not Active,Not Active
2026/10/07 15:02:16.537,302.62,450.00,2655,10251,66,88,84,17410,P2,Not Active,Not Active,Not Active,Not Active
2026/10/07 15:02:17.041,303.10,450.00,2655,10251,65,90,85,17410,P2,Not Active,Not Active,Not Active,Not Active
2026/10/07 15:02:17.544,256.01,450.00,2655,10251,65,87,83,17410,P2,Not Active,Not Active,Not Active,Not Active
2026/10/07 15:02:18.048,255.52,450.00,2655,10251,65,89,85,17410,P2,Not Active,Not Active,Not Active,Not Active
2026/10/07 15:02:18.551,255.25,450.00,2655,10251,65,89,85,17410,P2,Not Active,Not Active,Not Active,Not Active
2026/10/07 15:02:19.056,256.57,450.00,2655,10251,65,90,85,17410,P2,Not Active,Not Active,Not Active,Not Active
2026/10/07 15:02:19.559,283.63,450.00,2655,10251,65,90,85,17410,P2,Not Active,Not Active,Not Active,Not Active
2026/10/07 15:02:20.062,283.10,450.00,2655,10251,65,90,85,17410,P2,Not Active,Not Active,Not Active,Not Active
2026/10/07 15:02:20.565,254.67,450.00,2655,10251,65,89,85,17410,P2,Not Active,Not Active,Not Active,Not Active
2026/10/07 15:02:21.068,254.85,450.00,2655,10251,65,91,86,17410,P2,Not Active,Not Active,Not Active,Not Active
2026/10/07 15:02:21.573,255.59,450.00,2655,10251,65,89,85,17410,P2,Not Active,Not Active,Not Active,Not Active
2026/10/07 15:02:22.078,255.07,450.00,2655,10251,65,90,85,17410,P2,Active,Not Active,Not Active,Not Active
2026/10/07 15:02:22.621,308.96,450.00,2655,10251,66,89,84,17410,P2,Not Active,Not Active,Not Active,Not Active
2026/10/07 15:02:23.126,304.92,450.00,2655,10251,65,90,86,17410,P2,Not Active,Not Active,Not Active,Not Active
2026/10/07 15:02:23.629,256.50,450.00,2655,10251,65,90,86,17410,P2,Not Active,Not Active,Not Active,Not Active
2026/10/07 15:02:24.135,256.54,450.00,2655,10251,65,89,85,17410,P2,Not Active,Not Active,Not Active,Not Active
2026/10/07 15:02:24.638,255.82,450.00,2655,10251,65,88,84,17410,P2,Not Active,Not Active,Not Active,Not Active
2026/10/07 15:02:25.141,269.36,450.00,2655,10251,65,91,66,17410,P2,Active,Not Active,Not Active,Not Active
2026/10/07 15:02:25.689,283.23,450.00,2655,10251,65,90,85,17410,P2,Not Active,Not Active,Not Active,Not Active
2026/10/07 15:02:26.197,268.79,450.00,2655,10251,65,91,86,17410,P2,Not Active,Not Active,Not Active,Not Active
2026/10/07 15:02:26.701,254.35,450.00,2655,10251,65,90,85,17410,P2,Not Active,Not Active,Not Active,Not Active
2026/10/07 15:02:27.203,254.70,450.00,2655,10251,65,90,85,17410,P2,Not Active,Not Active,Not Active,Not Active
2026/10/07 15:02:27.707,254.85,450.00,2655,10251,65,90,85,17410,P2,Not Active,Not Active,Not Active,Not Active
2026/10/07 15:02:28.211,302.99,450.00,2655,10251,69,97,41,17410,P2,Not Active,Not Active,Not Active,Not Active
2026/10/07 15:02:28.717,304.32,450.00,2655,10251,65,89,85,17410,P2,Not Active,Not Active,Not Active,Not Active
2026/10/07 15:02:29.220,271.56,450.00,2655,10251,65,89,85,17410,P2,Not Active,Not Active,Not Active,Not Active
2026/10/07 15:02:29.725,255.66,450.00,2655,10251,65,87,83,17410,P2,Not Active,Not Active,Not Active,Not Active
2026/10/07 15:02:30.230,249.32,450.00,2655,10251,64,87,82,17410,P2,Not Active,Not Active,Not Active,Not Active
2026/10/07 15:02:30.735,246.15,450.00,2655,10251,65,86,82,17410,P2,Not Active,Not Active,Not Active,Not Active
2026/10/07 15:02:31.239,276.67,450.00,2655,10251,64,84,67,17410,P2,Not Active,Not Active,Not Active,Not Active
2026/10/07 15:02:31.779,279.16,450.00,2655,10251,65,88,83,17410,P2,Not Active,Not Active,Not Active,Not Active
2026/10/07 15:02:32.283,269.39,450.00,2655,10251,65,85,81,17410,P2,Not Active,Not Active,Not Active,Not Active
2026/10/07 15:02:32.788,251.90,450.00,2655,10251,65,90,85,17410,P2,Not Active,Not Active,Not Active,Not Active
2026/10/07 15:02:33.293,252.74,450.00,2655,10251,64,90,85,17410,P2,Not Active,Not Active,Not Active,Not Active
2026/10/07 15:02:33.797,250.71,450.00,2655,10251,65,88,84,17410,P2,Not Active,Not Active,Not Active,Not Active
2026/10/07 15:02:34.300,300.04,450.00,2655,10251,65,97,44,17410,P2,Not Active,Not Active,Not Active,Not Active
2026/10/07 15:02:34.804,302.55,450.00,2655,10251,66,89,85,17410,P2,Not Active,Not Active,Not Active,Not Active
2026/10/07 15:02:35.308,268.39,450.00,2655,10251,65,90,86,17410,P2,Not Active,Not Active,Not Active,Not Active
2026/10/07 15:02:35.813,256.22,450.00,2655,10251,65,90,85,17410,P2,Not Active,Not Active,Not Active,Not Active
2026/10/07 15:02:36.316,256.54,450.00,2655,10251,65,89,85,17410,P2,Not Active,Not Active,Not Active,Not Active
2026/10/07 15:02:36.821,256.73,450.00,2655,10251,65,90,86,17410,P2,Not Active,Not Active,Not Active,Not Active
2026/10/07 15:02:37.325,287.41,450.00,2655,10251,64,94,62,17410,P2,Not Active,Not Active,Not Active,Not Active
2026/10/07 15:02:37.830,284.32,450.00,2655,10251,65,89,85,17410,P2,Not Active,Not Active,Not Active,Not Active
2026/10/07 15:02:38.334,254.14,450.00,2655,10251,65,90,86,17410,P2,Not Active,Not Active,Not Active,Not Active
2026/10/07 15:02:38.837,254.65,450.00,2655,10251,65,91,86,17410,P2,Not Active,Not Active,Not Active,Not Active
2026/10/07 15:02:39.340,255.23,450.00,2655,10251,64,89,85,17410,P2,Not Active,Not Active,Not Active,Not Active
2026/10/07 15:02:39.844,254.12,450.00,2655,10251,64,88,83,17410,P2,Not Active,Not Active,Not Active,Not Active
2026/10/07 15:02:40.350,305.18,450.00,2655,10251,64,94,60,17410,P2,Not Active,Not Active,Not Active,Not Active
2026/10/07 15:02:40.853,303.24,450.00,2655,10251,66,90,85,17410,P2,Not Active,Not Active,Not Active,Not Active
2026/10/07 15:02:41.357,256.68,450.00,2655,10251,65,89,84,17410,P2,Not Active,Not Active,Not Active,Not Active
2026/10/07 15:02:41.860,256.66,450.00,2655,10251,65,90,86,17410,P2,Not Active,Not Active,Not Active,Not Active
2026/10/07 15:02:42.364,256.16,450.00,2655,10251,65,90,85,17410,P2,Not Active,Not Active,Not Active,Not Active
2026/10/07 15:02:42.869,256.13,450.00,2655,10251,65,89,85,17410,P2,Not Active,Not Active,Not Active,Not Active
2026/10/07 15:02:43.372,283.44,450.00,2655,10251,65,91,77,17410,P2,Not Active,Not Active,Not Active,Not Active
2026/10/07 15:02:43.875,281.79,450.00,2655,10251,65,90,85,17410,P2,Not Active,Not Active,Not Active,Not Active
2026/10/07 15:02:44.379,252.68,450.00,2655,10251,65,90,86,17410,P2,Not Active,Not Active,Not Active,Not Active
2026/10/07 15:02:44.883,249.69,450.00,2655,10251,65,82,77,17410,P2,Not Active,Not Active,Not Active,Not Active
2026/10/07 15:02:45.391,240.82,450.00,2655,10251,64,81,77,17410,P2,Not Active,Not Active,Not Active,Not Active
2026/10/07 15:02:45.894,226.99,450.00,2655,10251,64,72,68,17410,P2,Not Active,Not Active,Not Active,Not Active
2026/10/07 15:02:46.398,283.42,450.00,2655,10251,63,100,35,17410,P2,Not Active,Not Active,Not Active,Not Active
2026/10/07 15:02:46.903,283.38,450.00,2520,10251,65,81,78,17410,P2,Not Active,Not Active,Not Active,Not Active
2026/10/07 15:02:47.409,242.26,450.00,2655,10251,64,75,71,17410,P2,Not Active,Not Active,Not Active,Not Active
2026/10/07 15:02:47.913,235.68,450.00,2655,10251,64,85,81,17410,P2,Not Active,Not Active,Not Active,Not Active
2026/10/07 15:02:48.417,231.27,450.00,2655,10251,64,66,63,17410,P2,Not Active,Not Active,Not Active,Not Active
2026/10/07 15:02:48.921,232.08,450.00,2655,10251,64,85,81,17410,P2,Not Active,Not Active,Not Active,Not Active
2026/10/07 15:02:49.427,239.47,450.00,2655,10251,64,82,78,17410,P2,Not Active,Not Active,Not Active,Not Active
2026/10/07 15:02:49.930,269.29,450.00,2655,10251,64,73,69,17410,P2,Not Active,Not Active,Not Active,Not Active
2026/10/07 15:02:50.434,267.16,450.00,2655,10251,64,77,73,17410,P2,Not Active,Not Active,Not Active,Not Active
2026/10/07 15:02:50.938,233.53,450.00,2655,10251,64,73,69,17410,P2,Not Active,Not Active,Not Active,Not Active
2026/10/07 15:02:51.442,235.51,450.00,2655,10251,64,78,74,17410,P2,Not Active,Not Active,Not Active,Not Active
2026/10/07 15:02:51.947,234.32,450.00,2655,10251,64,76,72,17410,P2,Not Active,Not Active,Not Active,Not Active
2026/10/07 15:02:52.450,233.63,450.00,2655,10251,64,76,72,17410,P2,Not Active,Not Active,Not Active,Not Active
2026/10/07 15:02:52.954,271.51,450.00,2655,10251,64,92,54,17410,P2,Active,Not Active,Not Active,Not Active
2026/10/07 15:02:53.459,297.31,450.00,2655,10251,64,81,77,17410,P2,Not Active,Not Active,Not Active,Not Active
2026/10/07 15:02:53.965,291.08,450.00,2655,10251,64,80,76,17410,P2,Not Active,Not Active,Not Active,Not Active
2026/10/07 15:02:54.469,240.38,450.00,2655,10251,64,82,78,17410,P2,Not Active,Not Active,Not Active,Not Active
2026/10/07 15:02:54.972,235.78,450.00,2655,10251,63,68,64,17410,P2,Not Active,Not Active,Not Active,Not Active
2026/10/07 15:02:55.476,227.47,450.00,2655,10251,63,70,67,17410,P2,Not Active,Not Active,Not Active,Not Active
2026/10/07 15:02:55.979,223.68,450.00,2655,10251,63,73,69,17410,P2,Not Active,Not Active,Not Active,Not Active
2026/10/07 15:02:56.485,258.27,450.00,2550,10251,74,93,47,17410,P2,Not Active,Not Active,Not Active,Not Active
2026/10/07 15:02:56.992,259.92,450.00,2655,10251,64,76,72,17410,P2,Not Active,Not Active,Not Active,Not Active
2026/10/07 15:02:57.495,238.02,450.00,2655,10251,64,72,68,17410,P2,Not Active,Not Active,Not Active,Not Active
2026/10/07 15:02:58.000,223.80,450.00,2655,10251,64,74,71,17410,P2,Not Active,Not Active,Not Active,Not Active
2026/10/07 15:02:58.506,221.64,450.00,2655,10251,63,72,68,17410,P2,Not Active,Not Active,Not Active,Not Active
2026/10/07 15:02:59.010,222.66,450.00,2655,10251,63,72,68,17410,P2,Not Active,Not Active,Not Active,Not Active
2026/10/07 15:02:59.515,229.43,450.00,2655,10251,63,69,66,17410,P2,Not Active,Not Active,Not Active,Not Active
2026/10/07 15:03:00.019,270.46,450.00,2520,10251,74,82,53,17410,P2,Active,Not Active,Not Active,Not Active
2026/10/07 15:03:00.537,282.67,450.00,2655,10251,64,77,73,17410,P2,Not Active,Not Active,Not Active,Not Active
2026/10/07 15:03:01.043,272.39,450.00,2655,10251,64,83,79,17410,P2,Not Active,Not Active,Not Active,Not Active
2026/10/07 15:03:01.547,239.21,450.00,2655,10251,64,85,81,17410,P2,Not Active,Not Active,Not Active,Not Active
2026/10/07 15:03:02.050,238.91,450.00,2655,10251,64,78,74,17410,P2,Not Active,Not Active,Not Active,Not Active
2026/10/07 15:03:02.554,239.22,450.00,2655,10251,63,74,70,17410,P2,Not Active,Not Active,Not Active,Not Active
2026/10/07 15:03:03.058,235.46,450.00,2655,10251,64,77,74,17410,P2,Not Active,Not Active,Not Active,Not Active
2026/10/07 15:03:03.563,265.89,450.00,2655,10251,64,75,65,17410,P2,Not Active,Not Active,Not Active,Not Active
2026/10/07 15:03:04.067,266.65,450.00,2655,10251,64,78,73,17410,P2,Not Active,Not Active,Not Active,Not Active
2026/10/07 15:03:04.571,232.76,450.00,2655,10251,64,84,80,17410,P2,Not Active,Not Active,Not Active,Not Active
2026/10/07 15:03:05.074,232.74,450.00,2655,10251,63,80,75,17410,P2,Not Active,Not Active,Not Active,Not Active
2026/10/07 15:03:05.579,231.92,450.00,2655,10251,63,70,67,17410,P2,Not Active,Not Active,Not Active,Not Active
2026/10/07 15:03:06.084,229.49,450.00,2655,10251,63,74,70,17410,P2,Not Active,Not Active,Not Active,Not Active
2026/10/07 15:03:06.588,249.53,450.00,2655,10251,63,83,78,17410,P2,Active,Not Active,Not Active,Not Active
2026/10/07 15:03:07.116,285.17,450.00,2655,10251,65,71,68,17410,P2,Not Active,Not Active,Not Active,Not Active
2026/10/07 15:03:07.622,287.25,450.00,2655,10251,64,86,82,17410,P2,Not Active,Not Active,Not Active,Not Active
2026/10/07 15:03:08.126,232.35,450.00,2655,10251,63,75,72,17410,P2,Not Active,Not Active,Not Active,Not Active
2026/10/07 15:03:08.630,230.42,450.00,2655,10251,63,71,68,17410,P2,Not Active,Not Active,Not Active,Not Active
2026/10/07 15:03:09.133,229.21,450.00,2655,10251,63,68,65,17410,P2,Not Active,Not Active,Not Active,Not Active
2026/10/07 15:03:09.636,226.46,450.00,2655,10251,63,73,69,17410,P2,Not Active,Not Active,Not Active,Not Active
2026/10/07 15:03:10.142,226.85,450.00,2655,10251,63,76,69,17410,P2,Active,Not Active,Not Active,Not Active
2026/10/07 15:03:10.694,257.67,450.00,2655,10251,64,75,71,17410,P2,Not Active,Not Active,Not Active,Not Active
2026/10/07 15:03:11.202,248.87,450.00,2655,10251,63,66,63,17410,P2,Not Active,Not Active,Not Active,Not Active
2026/10/07 15:03:11.707,217.28,450.00,2655,10251,63,73,70,17410,P2,Not Active,Not Active,Not Active,Not Active
2026/10/07 15:03:12.210,219.26,450.00,2655,10251,63,74,70,17410,P2,Not Active,Not Active,Not Active,Not Active
2026/10/07 15:03:12.713,223.36,450.00,2655,10251,63,76,72,17410,P2,Not Active,Not Active,Not Active,Not Active
2026/10/07 15:03:13.218,221.06,450.00,2655,10251,63,69,65,17410,P2,Not Active,Not Active,Not Active,Not Active
2026/10/07 15:03:13.722,221.36,450.00,2655,10251,63,67,60,17410,P2,Active,Not Active,Not Active,Not Active
2026/10/07 15:03:14.253,278.36,450.00,2655,10251,72,76,62,17410,P2,Not Active,Not Active,Not Active,Not Active
2026/10/07 15:03:14.759,280.37,450.00,2655,10251,64,70,67,17410,P2,Not Active,Not Active,Not Active,Not Active
2026/10/07 15:03:15.262,237.51,450.00,2655,10251,64,90,85,17410,P2,Not Active,Not Active,Not Active,Not Active
2026/10/07 15:03:15.765,248.78,450.00,2655,10251,64,90,85,17410,P2,Not Active,Not Active,Not Active,Not Active
2026/10/07 15:03:16.269,255.32,450.00,2655,10251,64,89,85,17410,P2,Not Active,Not Active,Not Active,Not Active
2026/10/07 15:03:16.772,254.61,450.00,2655,10251,64,89,85,17410,P2,Not Active,Not Active,Not Active,Not Active
2026/10/07 15:03:17.277,278.87,450.00,2520,10251,72,86,82,17410,P2,Not Active,Not Active,Not Active,Not Active
2026/10/07 15:03:17.782,277.74,450.00,2655,10251,64,88,83,17410,P2,Not Active,Not Active,Not Active,Not Active
2026/10/07 15:03:18.286,252.31,450.00,2655,10251,64,89,85,17410,P2,Not Active,Not Active,Not Active,Not Active
2026/10/07 15:03:18.790,251.93,450.00,2655,10251,64,89,85,17410,P2,Not Active,Not Active,Not Active,Not Active
2026/10/07 15:03:19.295,250.95,450.00,2655,10251,64,88,84,17410,P2,Not Active,Not Active,Not Active,Not Active
2026/10/07 15:03:19.799,249.25,450.00,2655,10251,64,85,81,17410,P2,Not Active,Not Active,Not Active,Not Active
2026/10/07 15:03:20.302,299.09,450.00,2520,10251,74,84,80,17410,P2,Not Active,Not Active,Not Active,Not Active
2026/10/07 15:03:20.807,302.49,450.00,2655,10251,64,89,85,17410,P2,Not Active,Not Active,Not Active,Not Active
2026/10/07 15:03:21.310,255.29,450.00,2655,10251,64,89,85,17410,P2,Not Active,Not Active,Not Active,Not Active
2026/10/07 15:03:21.814,255.35,450.00,2655,10251,64,90,86,17410,P2,Not Active,Not Active,Not Active,Not Active
2026/10/07 15:03:22.318,255.93,450.00,2655,10251,64,89,85,17410,P2,Not Active,Not Active,Not Active,Not Active
2026/10/07 15:03:22.822,255.69,450.00,2655,10251,64,89,85,17410,P2,Not Active,Not Active,Not Active,Not Active
2026/10/07 15:03:23.326,284.03,450.00,2535,10251,72,91,86,17410,P2,Not Active,Not Active,Not Active,Not Active
2026/10/07 15:03:23.830,283.87,450.00,2655,10251,64,91,86,17410,P2,Not Active,Not Active,Not Active,Not Active
2026/10/07 15:03:24.335,254.38,450.00,2655,10251,64,89,84,17410,P2,Not Active,Not Active,Not Active,Not Active
2026/10/07 15:03:24.838,254.22,450.00,2655,10251,64,90,85,17410,P2,Not Active,Not Active,Not Active,Not Active
2026/10/07 15:03:25.342,254.62,450.00,2655,10251,64,90,85,17410,P2,Not Active,Not Active,Not Active,Not Active
2026/10/07 15:03:25.846,255.89,450.00,2655,10251,64,90,85,17410,P2,Active,Not Active,Not Active,Not Active
2026/10/07 15:03:26.362,303.56,450.00,2520,10251,75,90,85,17410,P2,Not Active,Not Active,Not Active,Not Active
2026/10/07 15:03:26.866,304.43,450.00,2655,10251,64,90,86,17410,P2,Not Active,Not Active,Not Active,Not Active
2026/10/07 15:03:27.369,256.52,450.00,2655,10251,64,90,86,17410,P2,Not Active,Not Active,Not Active,Not Active
2026/10/07 15:03:27.875,256.57,450.00,2655,10251,64,89,85,17410,P2,Not Active,Not Active,Not Active,Not Active
2026/10/07 15:03:28.379,256.12,450.00,2655,10251,64,89,85,17410,P2,Not Active,Not Active,Not Active,Not Active
2026/10/07 15:03:28.882,275.46,450.00,2655,10251,64,93,61,17410,P2,Active,Not Active,Not Active,Not Active
2026/10/07 15:03:29.386,288.36,450.00,2640,10251,74,90,85,17410,P2,Not Active,Not Active,Not Active,Not Active
2026/10/07 15:03:29.890,284.85,450.00,2655,10251,64,90,85,17410,P2,Not Active,Not Active,Not Active,Not Active
2026/10/07 15:03:30.395,254.96,450.00,2655,10251,64,90,86,17410,P2,Not Active,Not Active,Not Active,Not Active
2026/10/07 15:03:30.899,254.69,450.00,2655,10251,64,90,86,17410,P2,Not Active,Not Active,Not Active,Not Active
2026/10/07 15:03:31.403,254.87,450.00,2655,10251,64,90,85,17410,P2,Not Active,Not Active,Not Active,Not Active
2026/10/07 15:03:31.907,298.47,450.00,2655,10251,64,100,35,17410,P2,Active,Not Active,Not Active,Not Active
2026/10/07 15:03:32.412,304.66,450.00,2655,10251,71,90,85,17410,P2,Not Active,Not Active,Not Active,Not Active
2026/10/07 15:03:32.916,281.12,450.00,2655,10251,64,88,84,17410,P2,Not Active,Not Active,Not Active,Not Active
2026/10/07 15:03:33.420,254.11,450.00,2655,10251,64,88,84,17410,P2,Not Active,Not Active,Not Active,Not Active
2026/10/07 15:03:33.924,250.78,450.00,2655,10251,64,83,79,17410,P2,Not Active,Not Active,Not Active,Not Active
2026/10/07 15:03:34.428,247.99,450.00,2655,10251,64,84,79,17410,P2,Not Active,Not Active,Not Active,Not Active
2026/10/07 15:03:34.935,270.56,450.00,2655,10251,64,91,59,17410,P2,Active,Not Active,Not Active,Not Active
2026/10/07 15:03:35.439,278.46,450.00,2595,10251,74,87,82,17410,P2,Not Active,Not Active,Not Active,Not Active
2026/10/07 15:03:35.942,277.76,450.00,2655,10251,64,88,83,17410,P2,Not Active,Not Active,Not Active,Not Active
2026/10/07 15:03:36.445,250.29,450.00,2655,10251,64,89,84,17410,P2,Not Active,Not Active,Not Active,Not Active
2026/10/07 15:03:36.953,253.28,450.00,2655,10251,64,89,84,17410,P2,Not Active,Not Active,Not Active,Not Active
2026/10/07 15:03:37.456,254.06,450.00,2655,10251,64,90,85,17410,P2,Not Active,Not Active,Not Active,Not Active
2026/10/07 15:03:37.961,285.03,450.00,2535,10251,75,95,46,17410,P2,Active,Not Active,Not Active,Not Active
2026/10/07 15:03:38.466,304.75,450.00,2655,10251,64,90,85,17410,P2,Not Active,Not Active,Not Active,Not Active
2026/10/07 15:03:38.973,275.32,450.00,2655,10251,64,90,86,17410,P2,Not Active,Not Active,Not Active,Not Active
2026/10/07 15:03:39.477,256.79,450.00,2655,10251,64,90,85,17410,P2,Not Active,Not Active,Not Active,Not Active
2026/10/07 15:03:39.981,256.99,450.00,2655,10251,64,90,86,17410,P2,Not Active,Not Active,Not Active,Not Active
2026/10/07 15:03:40.484,257.14,450.00,2655,10251,64,89,85,17410,P2,Not Active,Not Active,Not Active,Not Active
2026/10/07 15:03:40.992,287.63,450.00,2655,10251,68,94,52,17410,P2,Not Active,Not Active,Not Active,Not Active
2026/10/07 15:03:41.496,284.77,450.00,2655,10251,64,90,85,17410,P2,Not Active,Not Active,Not Active,Not Active
2026/10/07 15:03:42.000,259.18,450.00,2655,10251,64,91,86,17410,P2,Not Active,Not Active,Not Active,Not Active
2026/10/07 15:03:42.504,255.87,450.00,2655,10251,64,91,86,17410,P2,Not Active,Not Active,Not Active,Not Active
2026/10/07 15:03:43.009,255.34,450.00,2655,10251,64,89,85,17410,P2,Not Active,Not Active,Not Active,Not Active
2026/10/07 15:03:43.512,255.51,450.00,2655,10251,64,91,86,17410,P2,Not Active,Not Active,Not Active,Not Active
2026/10/07 15:03:44.016,303.90,450.00,2655,10251,67,99,35,17410,P2,Not Active,Not Active,Not Active,Not Active
2026/10/07 15:03:44.520,299.88,450.00,2655,10251,64,89,85,17410,P2,Not Active,Not Active,Not Active,Not Active
2026/10/07 15:03:45.023,243.52,450.00,2655,10251,64,72,68,17410,P2,Not Active,Not Active,Not Active,Not Active
2026/10/07 15:03:45.529,237.20,450.00,2655,10251,64,82,77,17410,P2,Not Active,Not Active,Not Active,Not Active
2026/10/07 15:03:46.033,236.03,450.00,2655,10251,64,77,73,17410,P2,Not Active,Not Active,Not Active,Not Active
2026/10/07 15:03:46.537,235.44,450.00,2655,10251,63,72,68,17410,P2,Not Active,Not Active,Not Active,Not Active
2026/10/07 15:03:47.040,230.77,450.00,2655,10251,64,73,70,17410,P2,Not Active,Not Active,Not Active,Not Active
2026/10/07 15:03:47.544,259.83,450.00,2655,10251,64,73,69,17410,P2,Not Active,Not Active,Not Active,Not Active
2026/10/07 15:03:48.050,262.57,450.00,2655,10251,64,72,68,17410,P2,Not Active,Not Active,Not Active,Not Active
2026/10/07 15:03:48.554,227.41,450.00,2655,10251,63,73,69,17410,P2,Not Active,Not Active,Not Active,Not Active
2026/10/07 15:03:49.059,230.86,450.00,2655,10251,63,75,71,17410,P2,Not Active,Not Active,Not Active,Not Active
2026/10/07 15:03:49.562,230.59,450.00,2655,10251,63,80,76,17410,P2,Not Active,Not Active,Not Active,Not Active
2026/10/07 15:03:50.067,233.34,450.00,2655,10251,64,79,75,17410,P2,Not Active,Not Active,Not Active,Not Active
2026/10/07 15:03:50.571,267.59,450.00,2655,10251,63,81,64,17410,P2,Active,Not Active,Not Active,Not Active
2026/10/07 15:03:51.074,287.02,450.00,2655,10251,64,79,75,17410,P2,Not Active,Not Active,Not Active,Not Active
2026/10/07 15:03:51.578,272.82,450.00,2655,10251,63,69,66,17410,P2,Not Active,Not Active,Not Active,Not Active
2026/10/07 15:03:52.081,229.01,450.00,2655,10251,64,78,74,17410,P2,Not Active,Not Active,Not Active,Not Active
2026/10/07 15:03:52.586,232.51,450.00,2655,10251,64,83,79,17410,P2,Not Active,Not Active,Not Active,Not Active
2026/10/07 15:03:53.090,236.32,450.00,2655,10251,64,79,75,17410,P2,Not Active,Not Active,Not Active,Not Active
2026/10/07 15:03:53.593,238.49,450.00,2655,10251,64,88,84,17410,P2,Not Active,Not Active,Not Active,Not Active
2026/10/07 15:03:54.097,268.74,450.00,2535,10251,63,94,48,17410,P2,Not Active,Not Active,Not Active,Not Active
2026/10/07 15:03:54.643,267.11,450.00,2655,10251,63,81,76,17410,P2,Not Active,Not Active,Not Active,Not Active
2026/10/07 15:03:55.148,255.28,450.00,2655,10251,63,81,77,17410,P2,Not Active,Not Active,Not Active,Not Active
2026/10/07 15:03:55.652,238.90,450.00,2655,10251,63,81,76,17410,P2,Not Active,Not Active,Not Active,Not Active
2026/10/07 15:03:56.155,236.66,450.00,2655,10251,63,71,67,17410,P2,Not Active,Not Active,Not Active,Not Active
2026/10/07 15:03:56.659,230.03,450.00,2655,10251,63,75,71,17410,P2,Not Active,Not Active,Not Active,Not Active
2026/10/07 15:03:57.167,232.19,450.00,2655,10251,63,80,76,17410,P2,Not Active,Not Active,Not Active,Not Active
2026/10/07 15:03:57.671,289.55,450.00,2655,10251,75,82,78,17410,P2,Not Active,Not Active,Not Active,Not Active
2026/10/07 15:03:58.175,294.44,450.00,2655,10251,64,81,77,17410,P2,Not Active,Not Active,Not Active,Not Active
2026/10/07 15:03:58.679,247.89,450.00,2655,10251,64,88,84,17410,P2,Not Active,Not Active,Not Active,Not Active
2026/10/07 15:03:59.184,248.14,450.00,2655,10251,64,84,80,17410,P2,Not Active,Not Active,Not Active,Not Active
2026/10/07 15:03:59.688,243.97,450.00,2655,10251,63,78,74,17410,P2,Not Active,Not Active,Not Active,Not Active
2026/10/07 15:04:00.192,242.41,450.00,2655,10251,64,85,81,17410,P2,Not Active,Not Active,Not Active,Not Active
2026/10/07 15:04:00.695,270.07,450.00,2655,10251,63,88,51,17410,P2,Not Active,Not Active,Not Active,Not Active
2026/10/07 15:04:01.216,259.79,450.00,2655,10251,64,72,68,17410,P2,Not Active,Not Active,Not Active,Not Active
2026/10/07 15:04:01.720,228.51,450.00,2655,10251,63,78,74,17410,P2,Not Active,Not Active,Not Active,Not Active
2026/10/07 15:04:02.226,227.09,450.00,2655,10251,63,76,72,17410,P2,Not Active,Not Active,Not Active,Not Active
2026/10/07 15:04:02.729,226.43,450.00,2655,10251,63,74,70,17410,P2,Not Active,Not Active,Not Active,Not Active
2026/10/07 15:04:03.233,225.62,450.00,2655,10251,63,73,69,17410,P2,Not Active,Not Active,Not Active,Not Active
2026/10/07 15:04:03.736,235.80,450.00,2655,10251,63,87,83,17410,P2,Not Active,Not Active,Not Active,Not Active
2026/10/07 15:04:04.240,296.33,450.00,2520,10251,73,100,35,17410,P2,Not Active,Not Active,Not Active,Not Active
2026/10/07 15:04:04.747,294.35,450.00,2655,10251,64,84,79,17410,P2,Not Active,Not Active,Not Active,Not Active
2026/10/07 15:04:05.250,246.09,450.00,2655,10251,64,87,83,17410,P2,Not Active,Not Active,Not Active,Not Active
2026/10/07 15:04:05.754,238.90,450.00,2655,10251,63,77,74,17410,P2,Not Active,Not Active,Not Active,Not Active
2026/10/07 15:04:06.258,239.35,450.00,2655,10251,64,85,81,17410,P2,Not Active,Not Active,Not Active,Not Active
2026/10/07 15:04:06.764,245.32,450.00,2655,10251,64,83,79,17410,P2,Not Active,Not Active,Not Active,Not Active
2026/10/07 15:04:07.269,273.57,450.00,2655,10251,64,94,50,17410,P2,Active,Not Active,Not Active,Not Active
2026/10/07 15:04:07.772,275.77,450.00,2655,10251,64,77,73,17410,P2,Not Active,Not Active,Not Active,Not Active
2026/10/07 15:04:08.276,267.74,450.00,2655,10251,64,90,85,17410,P2,Not Active,Not Active,Not Active,Not Active
2026/10/07 15:04:08.782,249.00,450.00,2655,10251,64,81,77,17410,P2,Not Active,Not Active,Not Active,Not Active
2026/10/07 15:04:09.285,247.77,450.00,2655,10251,64,87,82,17410,P2,Not Active,Not Active,Not Active,Not Active
2026/10/07 15:04:09.789,246.89,450.00,2655,10251,63,85,80,17410,P2,Not Active,Not Active,Not Active,Not Active
2026/10/07 15:04:10.294,255.37,450.00,2655,10251,63,82,61,17410,P2,Active,Not Active,Not Active,Not Active
2026/10/07 15:04:10.800,286.48,450.00,2520,10251,74,71,68,17410,P2,Not Active,Not Active,Not Active,Not Active
2026/10/07 15:04:11.304,281.49,450.00,2655,10251,64,75,71,17410,P2,Not Active,Not Active,Not Active,Not Active
2026/10/07 15:04:11.807,228.62,450.00,2655,10251,63,72,69,17410,P2,Not Active,Not Active,Not Active,Not Active
2026/10/07 15:04:12.311,229.21,450.00,2655,10251,63,78,74,17410,P2,Not Active,Not Active,Not Active,Not Active
2026/10/07 15:04:12.815,228.28,450.00,2655,10251,63,69,65,17410,P2,Not Active,Not Active,Not Active,Not Active
2026/10/07 15:04:13.321,228.42,450.00,2655,10251,63,81,77,17410,P2,Not Active,Not Active,Not Active,Not Active
2026/10/07 15:04:13.825,233.91,450.00,2655,10251,63,73,70,17410,P2,Active,Not Active,Not Active,Not Active
2026/10/07 15:04:14.377,267.80,450.00,2655,10251,74,81,77,17410,P2,Not Active,Not Active,Not Active,Not Active
2026/10/07 15:04:14.882,268.03,450.00,2655,10251,63,90,85,17410,P2,Not Active,Not Active,Not Active,Not Active
2026/10/07 15:04:15.385,243.75,450.00,2655,10251,63,91,86,17410,P2,Not Active,Not Active,Not Active,Not Active
2026/10/07 15:04:15.889,252.10,450.00,2655,10251,63,90,85,17410,P2,Not Active,Not Active,Not Active,Not Active
2026/10/07 15:04:16.392,251.87,450.00,2655,10251,63,90,85,17410,P2,Not Active,Not Active,Not Active,Not Active
2026/10/07 15:04:16.897,276.81,450.00,2655,10251,64,94,57,17410,P2,Active,Not Active,Not Active,Not Active
2026/10/07 15:04:17.403,302.75,450.00,2520,10251,74,90,86,17410,P2,Not Active,Not Active,Not Active,Not Active
2026/10/07 15:04:17.906,303.66,450.00,2655,10251,64,89,85,17410,P2,Not Active,Not Active,Not Active,Not Active
2026/10/07 15:04:18.409,255.21,450.00,2655,10251,64,89,85,17410,P2,Not Active,Not Active,Not Active,Not Active
2026/10/07 15:04:18.913,255.65,450.00,2655,10251,64,90,85,17410,P2,Not Active,Not Active,Not Active,Not Active
2026/10/07 15:04:19.418,255.73,450.00,2655,10251,64,90,85,17410,P2,Not Active,Not Active,Not Active,Not Active
2026/10/07 15:04:19.921,270.52,450.00,2655,10251,64,91,65,17410,P2,Active,Not Active,Not Active,Not Active
2026/10/07 15:04:20.424,283.99,450.00,2625,10251,74,89,84,17410,P2,Not Active,Not Active,Not Active,Not Active
2026/10/07 15:04:20.927,282.01,450.00,2655,10251,64,86,82,17410,P2,Not Active,Not Active,Not Active,Not Active
2026/10/07 15:04:21.430,251.48,450.00,2655,10251,63,90,85,17410,P2,Not Active,Not Active,Not Active,Not Active
2026/10/07 15:04:21.935,250.79,450.00,2655,10251,64,87,82,17410,P2,Not Active,Not Active,Not Active,Not Active
2026/10/07 15:04:22.439,249.93,450.00,2655,10251,64,86,82,17410,P2,Not Active,Not Active,Not Active,Not Active
2026/10/07 15:04:22.942,276.03,450.00,2655,10251,64,93,53,17410,P2,Active,Not Active,Not Active,Not Active
2026/10/07 15:04:23.472,302.32,450.00,2655,10251,64,89,85,17410,P2,Not Active,Not Active,Not Active,Not Active
2026/10/07 15:04:23.979,279.67,450.00,2655,10251,64,90,86,17410,P2,Not Active,Not Active,Not Active,Not Active
2026/10/07 15:04:24.482,256.21,450.00,2655,10251,64,88,84,17410,P2,Not Active,Not Active,Not Active,Not Active
2026/10/07 15:04:24.986,255.76,450.00,2655,10251,64,90,86,17410,P2,Not Active,Not Active,Not Active,Not Active
2026/10/07 15:04:25.489,256.36,450.00,2655,10251,64,90,86,17410,P2,Not Active,Not Active,Not Active,Not Active
2026/10/07 15:04:25.993,284.89,450.00,2655,10251,74,91,64,17410,P2,Not Active,Not Active,Not Active,Not Active
2026/10/07 15:04:26.542,284.51,450.00,2655,10251,64,91,86,17410,P2,Not Active,Not Active,Not Active,Not Active
2026/10/07 15:04:27.046,268.20,450.00,2655,10251,64,90,85,17410,P2,Not Active,Not Active,Not Active,Not Active
2026/10/07 15:04:27.550,254.84,450.00,2655,10251,64,90,85,17410,P2,Not Active,Not Active,Not Active,Not Active
2026/10/07 15:04:28.055,254.28,450.00,2655,10251,64,89,84,17410,P2,Not Active,Not Active,Not Active,Not Active
2026/10/07 15:04:28.558,254.15,450.00,2655,10251,64,90,85,17410,P2,Not Active,Not Active,Not Active,Not Active
2026/10/07 15:04:29.062,303.10,450.00,2565,10251,75,92,70,17410,P2,Not Active,Not Active,Not Active,Not Active
2026/10/07 15:04:29.565,303.94,450.00,2655,10251,64,90,85,17410,P2,Not Active,Not Active,Not Active,Not Active
2026/10/07 15:04:30.069,255.01,450.00,2655,10251,64,89,85,17410,P2,Not Active,Not Active,Not Active,Not Active
2026/10/07 15:04:30.574,256.19,450.00,2655,10251,64,90,85,17410,P2,Not Active,Not Active,Not Active,Not Active
2026/10/07 15:04:31.077,256.10,450.00,2655,10251,64,89,85,17410,P2,Not Active,Not Active,Not Active,Not Active
2026/10/07 15:04:31.581,256.16,450.00,2655,10251,64,90,85,17410,P2,Not Active,Not Active,Not Active,Not Active
2026/10/07 15:04:32.084,285.79,450.00,2655,10251,66,89,84,17410,P2,Not Active,Not Active,Not Active,Not Active
2026/10/07 15:04:32.588,285.70,450.00,2655,10251,64,91,86,17410,P2,Not Active,Not Active,Not Active,Not Active
2026/10/07 15:04:33.093,254.25,450.00,2655,10251,64,89,84,17410,P2,Not Active,Not Active,Not Active,Not Active
2026/10/07 15:04:33.596,253.85,450.00,2655,10251,64,90,86,17410,P2,Not Active,Not Active,Not Active,Not Active
2026/10/07 15:04:34.100,254.76,450.00,2655,10251,64,89,85,17410,P2,Not Active,Not Active,Not Active,Not Active
2026/10/07 15:04:34.604,255.11,450.00,2655,10251,64,91,86,17410,P2,Active,Not Active,Not Active,Not Active
2026/10/07 15:04:35.147,304.49,450.00,2655,10251,67,90,85,17410,P2,Not Active,Not Active,Not Active,Not Active
2026/10/07 15:04:35.653,304.82,450.00,2655,10251,64,90,85,17410,P2,Not Active,Not Active,Not Active,Not Active
2026/10/07 15:04:36.156,255.94,450.00,2655,10251,64,90,85,17410,P2,Not Active,Not Active,Not Active,Not Active
2026/10/07 15:04:36.659,255.31,450.00,2655,10251,64,89,84,17410,P2,Not Active,Not Active,Not Active,Not Active
2026/10/07 15:04:37.163,252.96,450.00,2655,10251,64,86,82,17410,P2,Not Active,Not Active,Not Active,Not Active
2026/10/07 15:04:37.667,249.84,450.00,2655,10251,64,84,80,17410,P2,Not Active,Not Active,Not Active,Not Active
2026/10/07 15:04:38.172,277.31,450.00,2655,10251,65,83,79,17410,P2,Not Active,Not Active,Not Active,Not Active
2026/10/07 15:04:38.676,276.25,450.00,2655,10251,64,83,78,17410,P2,Not Active,Not Active,Not Active,Not Active
2026/10/07 15:04:39.180,248.21,450.00,2655,10251,63,87,82,17410,P2,Not Active,Not Active,Not Active,Not Active
2026/10/07 15:04:39.683,251.16,450.00,2655,10251,64,91,86,17410,P2,Not Active,Not Active,Not Active,Not Active
2026/10/07 15:04:40.187,253.66,450.00,2655,10251,64,89,84,17410,P2,Not Active,Not Active,Not Active,Not Active
2026/10/07 15:04:40.692,254.95,450.00,2655,10251,64,88,80,17410,P2,Active,Not Active,Not Active,Not Active
2026/10/07 15:04:41.245,302.78,450.00,2655,10251,71,90,86,17410,P2,Not Active,Not Active,Not Active,Not Active
2026/10/07 15:04:41.755,302.24,450.00,2655,10251,64,90,85,17410,P2,Not Active,Not Active,Not Active,Not Active
2026/10/07 15:04:42.259,255.03,450.00,2655,10251,64,90,86,17410,P2,Not Active,Not Active,Not Active,Not Active
2026/10/07 15:04:42.762,254.70,450.00,2655,10251,64,89,85,17410,P2,Not Active,Not Active,Not Active,Not Active
2026/10/07 15:04:43.265,254.07,450.00,2655,10251,64,90,85,17410,P2,Not Active,Not Active,Not Active,Not Active
2026/10/07 15:04:43.770,271.80,450.00,2655,10251,64,90,85,17410,P2,Active,Not Active,Not Active,Not Active
2026/10/07 15:04:44.275,286.79,450.00,2655,10251,66,90,85,17410,P2,Not Active,Not Active,Not Active,Not Active
2026/10/07 15:04:44.778,284.15,450.00,2655,10251,64,90,85,17410,P2,Not Active,Not Active,Not Active,Not Active
2026/10/07 15:04:45.282,254.76,450.00,2655,10251,64,90,85,17410,P2,Not Active,Not Active,Not Active,Not Active
2026/10/07 15:04:45.785,252.10,450.00,2655,10251,64,84,79,17410,P2,Not Active,Not Active,Not Active,Not Active
2026/10/07 15:04:46.291,252.37,450.00,2655,10251,64,90,85,17410,P2,Not Active,Not Active,Not Active,Not Active
2026/10/07 15:04:46.794,288.96,450.00,2655,10251,64,92,66,17410,P2,Active,Not Active,Not Active,Not Active
2026/10/07 15:04:47.298,298.89,450.00,2655,10251,66,89,85,17410,P2,Not Active,Not Active,Not Active,Not Active
2026/10/07 15:04:47.803,284.70,450.00,2655,10251,64,90,85,17410,P2,Not Active,Not Active,Not Active,Not Active
2026/10/07 15:04:48.309,256.02,450.00,2655,10251,64,90,86,17410,P2,Not Active,Not Active,Not Active,Not Active
2026/10/07 15:04:48.813,255.73,450.00,2655,10251,64,89,85,17410,P2,Not Active,Not Active,Not Active,Not Active
2026/10/07 15:04:49.316,255.50,450.00,2655,10251,64,90,85,17410,P2,Not Active,Not Active,Not Active,Not Active
2026/10/07 15:04:49.820,277.64,450.00,2655,10251,64,90,85,17410,P2,Active,Not Active,Not Active,Not Active
2026/10/07 15:04:50.325,280.71,450.00,2655,10251,65,90,85,17410,P2,Not Active,Not Active,Not Active,Not Active
2026/10/07 15:04:50.830,279.59,450.00,2655,10251,64,89,84,17410,P2,Not Active,Not Active,Not Active,Not Active
2026/10/07 15:04:51.334,253.35,450.00,2655,10251,64,89,84,17410,P2,Not Active,Not Active,Not Active,Not Active
2026/10/07 15:04:51.837,254.09,450.00,2655,10251,64,90,85,17410,P2,Not Active,Not Active,Not Active,Not Active
2026/10/07 15:04:52.341,251.04,450.00,2655,10251,63,90,85,17410,P2,Not Active,Not Active,Not Active,Not Active
2026/10/07 15:04:52.846,296.76,450.00,2655,10251,64,100,35,17410,P2,Active,Not Active,Not Active,Not Active
2026/10/07 15:04:53.356,301.55,450.00,2655,10251,69,90,85,17410,P2,Not Active,Not Active,Not Active,Not Active
2026/10/07 15:04:53.860,275.70,450.00,2655,10251,64,89,85,17410,P2,Not Active,Not Active,Not Active,Not Active
2026/10/07 15:04:54.364,254.09,450.00,2655,10251,64,90,85,17410,P2,Not Active,Not Active,Not Active,Not Active
2026/10/07 15:04:54.869,254.15,450.00,2655,10251,64,90,86,17410,P2,Not Active,Not Active,Not Active,Not Active
2026/10/07 15:04:55.372,253.76,450.00,2655,10251,64,90,85,17410,P2,Not Active,Not Active,Not Active,Not Active
2026/10/07 15:04:55.876,282.10,450.00,2655,10251,64,92,45,17410,P2,Not Active,Not Active,Not Active,Not Active
2026/10/07 15:04:56.420,274.07,450.00,2655,10251,66,84,79,17410,P2,Not Active,Not Active,Not Active,Not Active
2026/10/07 15:04:56.926,258.03,450.00,2655,10251,64,85,80,17410,P2,Not Active,Not Active,Not Active,Not Active
2026/10/07 15:04:57.429,252.98,450.00,2655,10251,64,91,86,17410,P2,Not Active,Not Active,Not Active,Not Active
2026/10/07 15:04:57.933,252.65,450.00,2655,10251,64,90,85,17410,P2,Not Active,Not Active,Not Active,Not Active
2026/10/07 15:04:58.437,254.96,450.00,2655,10251,64,91,86,17410,P2,Not Active,Not Active,Not Active,Not Active
2026/10/07 15:04:58.941,303.45,450.00,2655,10251,64,100,35,17410,P2,Not Active,Not Active,Not Active,Not Active
2026/10/07 15:04:59.447,302.68,450.00,2655,10251,76,90,86,17410,P2,Not Active,Not Active,Not Active,Not Active
2026/10/07 15:04:59.950,261.81,450.00,2655,10251,65,89,85,17410,P2,Not Active,Not Active,Not Active,Not Active
2026/10/07 15:05:00.453,255.80,450.00,2655,10251,64,90,85,17410,P2,Not Active,Not Active,Not Active,Not Active
2026/10/07 15:05:00.957,255.76,450.00,2655,10251,64,89,85,17410,P2,Not Active,Not Active,Not Active,Not Active
2026/10/07 15:05:01.460,254.47,450.00,2655,10251,64,90,85,17410,P2,Not Active,Not Active,Not Active,Not Active
2026/10/07 15:05:01.965,285.60,450.00,2655,10251,67,95,49,17410,P2,Not Active,Not Active,Not Active,Not Active
2026/10/07 15:05:02.469,281.64,450.00,2655,10251,64,90,85,17410,P2,Not Active,Not Active,Not Active,Not Active
2026/10/07 15:05:02.974,253.03,450.00,2655,10251,64,91,85,17410,P2,Not Active,Not Active,Not Active,Not Active
2026/10/07 15:05:03.477,255.16,450.00,2655,10251,64,90,85,17410,P2,Not Active,Not Active,Not Active,Not Active
2026/10/07 15:05:03.982,254.66,450.00,2655,10251,64,89,84,17410,P2,Not Active,Not Active,Not Active,Not Active
2026/10/07 15:05:04.486,254.09,450.00,2655,10251,64,90,85,17410,P2,Not Active,Not Active,Not Active,Not Active
2026/10/07 15:05:04.990,305.82,450.00,2655,10251,68,100,35,17410,P2,Not Active,Not Active,Not Active,Not Active
2026/10/07 15:05:05.494,297.87,450.00,2655,10251,64,89,85,17410,P2,Not Active,Not Active,Not Active,Not Active
2026/10/07 15:05:05.998,251.23,450.00,2655,10251,64,89,84,17410,P2,Not Active,Not Active,Not Active,Not Active
2026/10/07 15:05:06.504,255.60,450.00,2655,10251,64,89,85,17410,P2,Not Active,Not Active,Not Active,Not Active
2026/10/07 15:05:07.007,255.82,450.00,2655,10251,64,90,86,17410,P2,Not Active,Not Active,Not Active,Not Active
2026/10/07 15:05:07.511,256.73,450.00,2655,10251,64,89,84,17410,P2,Not Active,Not Active,Not Active,Not Active
2026/10/07 15:05:08.015,283.33,450.00,2655,10251,66,93,47,17410,P2,Not Active,Not Active,Not Active,Not Active
2026/10/07 15:05:08.519,275.02,450.00,2655,10251,64,76,72,17410,P2,Not Active,Not Active,Not Active,Not Active
2026/10/07 15:05:09.024,234.05,450.00,2655,10251,63,82,78,17410,P2,Not Active,Not Active,Not Active,Not Active
2026/10/07 15:05:09.527,241.32,450.00,2655,10251,64,88,83,17410,P2,Not Active,Not Active,Not Active,Not Active
2026/10/07 15:05:10.030,251.98,450.00,2655,10251,64,89,84,17410,P2,Not Active,Not Active,Not Active,Not Active
2026/10/07 15:05:10.534,254.00,450.00,2655,10251,64,89,85,17410,P2,Not Active,Not Active,Not Active,Not Active
2026/10/07 15:05:11.038,300.02,450.00,2520,10251,75,87,41,17410,P2,Not Active,Not Active,Not Active,Not Active
2026/10/07 15:05:11.546,299.14,450.00,2655,10251,65,89,85,17410,P2,Not Active,Not Active,Not Active,Not Active
2026/10/07 15:05:12.049,258.16,450.00,2655,10251,64,89,85,17410,P2,Not Active,Not Active,Not Active,Not Active
2026/10/07 15:05:12.552,253.38,450.00,2655,10251,64,90,86,17410,P2,Not Active,Not Active,Not Active,Not Active
2026/10/07 15:05:13.056,252.62,450.00,2655,10251,64,89,85,17410,P2,Not Active,Not Active,Not Active,Not Active
2026/10/07 15:05:13.561,252.34,450.00,2655,10251,64,89,85,17410,P2,Not Active,Not Active,Not Active,Not Active
2026/10/07 15:05:14.065,283.74,450.00,2520,10251,73,95,58,17410,P2,Not Active,Not Active,Not Active,Not Active
2026/10/07 15:05:14.573,280.33,450.00,2655,10251,64,90,85,17410,P2,Not Active,Not Active,Not Active,Not Active
2026/10/07 15:05:15.078,256.10,450.00,2655,10251,64,90,85,17410,P2,Not Active,Not Active,Not Active,Not Active
2026/10/07 15:05:15.582,254.40,450.00,2655,10251,64,89,84,17410,P2,Not Active,Not Active,Not Active,Not Active
2026/10/07 15:05:16.086,254.34,450.00,2655,10251,64,90,85,17410,P2,Not Active,Not Active,Not Active,Not Active
2026/10/07 15:05:16.589,254.91,450.00,2655,10251,64,90,85,17410,P2,Not Active,Not Active,Not Active,Not Active
2026/10/07 15:05:17.093,305.65,450.00,2520,10251,75,90,50,17410,P2,Not Active,Not Active,Not Active,Not Active
2026/10/07 15:05:17.598,300.40,450.00,2655,10251,65,89,85,17410,P2,Not Active,Not Active,Not Active,Not Active
2026/10/07 15:05:18.102,255.84,450.00,2655,10251,64,89,85,17410,P2,Not Active,Not Active,Not Active,Not Active
2026/10/07 15:05:18.606,254.75,450.00,2655,10251,64,89,85,17410,P2,Not Active,Not Active,Not Active,Not Active
2026/10/07 15:05:19.109,255.32,450.00,2655,10251,64,89,85,17410,P2,Not Active,Not Active,Not Active,Not Active
2026/10/07 15:05:19.613,255.89,450.00,2655,10251,64,90,85,17410,P2,Not Active,Not Active,Not Active,Not Active
2026/10/07 15:05:20.118,282.88,450.00,2535,10251,74,93,64,17410,P2,Not Active,Not Active,Not Active,Not Active
2026/10/07 15:05:20.622,281.90,450.00,2655,10251,64,90,85,17410,P2,Not Active,Not Active,Not Active,Not Active
2026/10/07 15:05:21.126,252.62,450.00,2655,10251,64,89,85,17410,P2,Not Active,Not Active,Not Active,Not Active
2026/10/07 15:05:21.630,254.36,450.00,2655,10251,64,90,86,17410,P2,Not Active,Not Active,Not Active,Not Active
2026/10/07 15:05:22.134,254.63,450.00,2655,10251,64,90,86,17410,P2,Not Active,Not Active,Not Active,Not Active
2026/10/07 15:05:22.640,255.37,450.00,2655,10251,64,90,85,17410,P2,Not Active,Not Active,Not Active,Not Active
2026/10/07 15:05:23.143,307.75,450.00,2655,10251,75,91,60,17410,P2,Not Active,Not Active,Not Active,Not Active
2026/10/07 15:05:23.669,303.59,450.00,2655,10251,65,89,85,17410,P2,Not Active,Not Active,Not Active,Not Active
2026/10/07 15:05:24.172,255.70,450.00,2655,10251,64,88,84,17410,P2,Not Active,Not Active,Not Active,Not Active
2026/10/07 15:05:24.677,253.85,450.00,2655,10251,64,88,84,17410,P2,Not Active,Not Active,Not Active,Not Active
2026/10/07 15:05:25.181,253.43,450.00,2655,10251,64,89,84,17410,P2,Not Active,Not Active,Not Active,Not Active
2026/10/07 15:05:25.685,253.63,450.00,2655,10251,64,87,82,17410,P2,Not Active,Not Active,Not Active,Not Active
2026/10/07 15:05:26.189,280.20,450.00,2655,10251,74,88,64,17410,P2,Not Active,Not Active,Not Active,Not Active
2026/10/07 15:05:26.693,278.15,450.00,2655,10251,64,87,83,17410,P2,Not Active,Not Active,Not Active,Not Active
2026/10/07 15:05:27.199,250.24,450.00,2655,10251,64,89,84,17410,P2,Not Active,Not Active,Not Active,Not Active
2026/10/07 15:05:27.703,251.27,450.00,2655,10251,64,89,84,17410,P2,Not Active,Not Active,Not Active,Not Active
2026/10/07 15:05:28.207,251.96,450.00,2655,10251,64,90,85,17410,P2,Not Active,Not Active,Not Active,Not Active
2026/10/07 15:05:28.711,253.76,450.00,2655,10251,64,89,84,17410,P2,Not Active,Not Active,Not Active,Not Active
2026/10/07 15:05:29.216,300.48,450.00,2520,10251,75,85,49,17410,P2,Not Active,Not Active,Not Active,Not Active
2026/10/07 15:05:29.734,301.43,450.00,2655,10251,65,90,85,17410,P2,Not Active,Not Active,Not Active,Not Active
2026/10/07 15:05:30.238,253.06,450.00,2655,10251,65,89,85,17410,P2,Not Active,Not Active,Not Active,Not Active
2026/10/07 15:05:30.741,252.85,450.00,2655,10251,64,89,85,17410,P2,Not Active,Not Active,Not Active,Not Active
2026/10/07 15:05:31.246,255.92,450.00,2655,10251,64,89,84,17410,P2,Not Active,Not Active,Not Active,Not Active
2026/10/07 15:05:31.757,254.94,450.00,2655,10251,64,89,84,17410,P2,Not Active,Not Active,Not Active,Not Active
2026/10/07 15:05:32.260,281.40,450.00,2655,10251,74,89,85,17410,P2,Not Active,Not Active,Not Active,Not Active
2026/10/07 15:05:32.764,281.85,450.00,2655,10251,64,90,85,17410,P2,Not Active,Not Active,Not Active,Not Active
2026/10/07 15:05:33.268,254.32,450.00,2655,10251,64,89,85,17410,P2,Not Active,Not Active,Not Active,Not Active
2026/10/07 15:05:33.772,248.62,450.00,2655,10251,64,75,71,17410,P2,Not Active,Not Active,Not Active,Not Active
2026/10/07 15:05:34.276,240.92,450.00,2655,10251,64,91,86,17410,P2,Not Active,Not Active,Not Active,Not Active
2026/10/07 15:05:34.780,242.16,450.00,2655,10251,64,78,74,17410,P2,Not Active,Not Active,Not Active,Not Active
2026/10/07 15:05:35.284,297.81,450.00,2520,10251,73,84,74,17410,P2,Not Active,Not Active,Not Active,Not Active
2026/10/07 15:05:35.787,301.43,450.00,2655,10251,65,90,85,17410,P2,Not Active,Not Active,Not Active,Not Active
2026/10/07 15:05:36.291,255.85,450.00,2655,10251,65,90,85,17410,P2,Not Active,Not Active,Not Active,Not Active
2026/10/07 15:05:36.796,257.35,450.00,2655,10251,64,90,85,17410,P2,Not Active,Not Active,Not Active,Not Active
2026/10/07 15:05:37.300,257.17,450.00,2655,10251,64,90,85,17410,P2,Not Active,Not Active,Not Active,Not Active
2026/10/07 15:05:37.803,256.45,450.00,2655,10251,64,89,85,17410,P2,Not Active,Not Active,Not Active,Not Active
2026/10/07 15:05:38.306,283.90,450.00,2520,10251,74,90,85,17410,P2,Not Active,Not Active,Not Active,Not Active
2026/10/07 15:05:38.811,283.22,450.00,2655,10251,65,90,85,17410,P2,Not Active,Not Active,Not Active,Not Active
2026/10/07 15:05:39.315,255.02,450.00,2655,10251,64,90,85,17410,P2,Not Active,Not Active,Not Active,Not Active
2026/10/07 15:05:39.818,253.85,450.00,2655,10251,64,90,85,17410,P2,Not Active,Not Active,Not Active,Not Active
2026/10/07 15:05:40.322,251.42,450.00,2655,10251,64,88,83,17410,P2,Not Active,Not Active,Not Active,Not Active
2026/10/07 15:05:40.826,246.24,450.00,2655,10251,64,84,80,17410,P2,Not Active,Not Active,Not Active,Not Active
2026/10/07 15:05:41.334,293.49,450.00,2520,10251,75,84,66,17410,P2,Not Active,Not Active,Not Active,Not Active
2026/10/07 15:05:41.838,294.25,450.00,2655,10251,64,81,77,17410,P2,Not Active,Not Active,Not Active,Not Active
2026/10/07 15:05:42.341,240.32,450.00,2655,10251,64,83,79,17410,P2,Not Active,Not Active,Not Active,Not Active
2026/10/07 15:05:42.845,242.13,450.00,2655,10251,64,84,80,17410,P2,Not Active,Not Active,Not Active,Not Active
2026/10/07 15:05:43.350,248.98,450.00,2655,10251,64,89,85,17410,P2,Not Active,Not Active,Not Active,Not Active
2026/10/07 15:05:43.854,252.90,450.00,2655,10251,64,87,83,17410,P2,Not Active,Not Active,Not Active,Not Active
2026/10/07 15:05:44.357,282.04,450.00,2655,10251,64,92,47,17410,P2,Not Active,Not Active,Not Active,Not Active
2026/10/07 15:05:44.862,280.11,450.00,2655,10251,65,89,85,17410,P2,Not Active,Not Active,Not Active,Not Active
2026/10/07 15:05:45.366,251.04,450.00,2655,10251,64,89,84,17410,P2,Not Active,Not Active,Not Active,Not Active
2026/10/07 15:05:45.871,255.02,450.00,2655,10251,64,90,85,17410,P2,Not Active,Not Active,Not Active,Not Active
2026/10/07 15:05:46.375,255.37,450.00,2655,10251,64,90,85,17410,P2,Not Active,Not Active,Not Active,Not Active
2026/10/07 15:05:46.879,255.39,450.00,2655,10251,64,90,85,17410,P2,Not Active,Not Active,Not Active,Not Active
2026/10/07 15:05:47.382,302.28,450.00,2655,10251,64,99,37,17410,P2,Not Active,Not Active,Not Active,Not Active
2026/10/07 15:05:47.886,303.40,450.00,2655,10251,66,90,85,17410,P2,Not Active,Not Active,Not Active,Not Active
2026/10/07 15:05:48.391,256.51,450.00,2655,10251,65,89,85,17410,P2,Not Active,Not Active,Not Active,Not Active
2026/10/07 15:05:48.894,256.99,450.00,2655,10251,64,89,85,17410,P2,Not Active,Not Active,Not Active,Not Active
2026/10/07 15:05:49.398,256.30,450.00,2655,10251,64,90,85,17410,P2,Not Active,Not Active,Not Active,Not Active
2026/10/07 15:05:49.901,256.32,450.00,2655,10251,64,89,85,17410,P2,Not Active,Not Active,Not Active,Not Active
2026/10/07 15:05:50.406,285.89,450.00,2655,10251,64,96,55,17410,P2,Not Active,Not Active,Not Active,Not Active
2026/10/07 15:05:50.912,285.28,450.00,2655,10251,65,89,85,17410,P2,Not Active,Not Active,Not Active,Not Active
2026/10/07 15:05:51.416,255.10,450.00,2655,10251,64,91,86,17410,P2,Not Active,Not Active,Not Active,Not Active
2026/10/07 15:05:51.920,255.46,450.00,2655,10251,64,91,86,17410,P2,Not Active,Not Active,Not Active,Not Active
2026/10/07 15:05:52.423,255.64,450.00,2655,10251,64,91,86,17410,P2,Not Active,Not Active,Not Active,Not Active
2026/10/07 15:05:52.931,261.42,450.00,2655,10251,64,90,86,17410,P2,Active,Not Active,Not Active,Not Active
2026/10/07 15:05:53.455,305.11,450.00,2535,10251,74,89,84,17410,P2,Not Active,Not Active,Not Active,Not Active
2026/10/07 15:05:53.960,305.37,450.00,2655,10251,65,90,85,17410,P2,Not Active,Not Active,Not Active,Not Active
2026/10/07 15:05:54.500,256.75,450.00,2655,10251,65,90,86,17410,P2,Not Active,Not Active,Not Active,Not Active
2026/10/07 15:05:55.006,256.95,450.00,2655,10251,64,90,85,17410,P2,Not Active,Not Active,Not Active,Not Active
2026/10/07 15:05:55.510,257.02,450.00,2655,10251,64,90,86,17410,P2,Not Active,Not Active,Not Active,Not Active
2026/10/07 15:05:56.013,256.11,450.00,2535,10251,72,89,85,17410,P2,Active,Not Active,Not Active,Not Active
2026/10/07 15:05:56.553,284.30,450.00,2655,10251,65,90,86,17410,P2,Not Active,Not Active,Not Active,Not Active
2026/10/07 15:05:57.057,284.04,450.00,2655,10251,64,89,85,17410,P2,Not Active,Not Active,Not Active,Not Active
2026/10/07 15:05:57.561,254.88,450.00,2655,10251,64,90,85,17410,P2,Not Active,Not Active,Not Active,Not Active
2026/10/07 15:05:58.067,255.37,450.00,2655,10251,64,90,85,17410,P2,Not Active,Not Active,Not Active,Not Active
2026/10/07 15:05:58.570,255.87,450.00,2655,10251,64,90,85,17410,P2,Not Active,Not Active,Not Active,Not Active
2026/10/07 15:05:59.074,297.55,450.00,2535,10251,75,100,35,17410,P2,Active,Not Active,Not Active,Not Active
2026/10/07 15:05:59.577,304.28,450.00,2655,10251,65,89,85,17410,P2,Not Active,Not Active,Not Active,Not Active
2026/10/07 15:06:00.081,283.24,450.00,2655,10251,65,89,85,17410,P2,Not Active,Not Active,Not Active,Not Active
2026/10/07 15:06:00.586,256.16,450.00,2655,10251,64,90,85,17410,P2,Not Active,Not Active,Not Active,Not Active
2026/10/07 15:06:01.089,256.34,450.00,2655,10251,64,90,85,17410,P2,Not Active,Not Active,Not Active,Not Active
2026/10/07 15:06:01.593,255.71,450.00,2655,10251,64,90,85,17410,P2,Not Active,Not Active,Not Active,Not Active
2026/10/07 15:06:02.096,284.93,450.00,2655,10251,75,94,48,17410,P2,Not Active,Not Active,Not Active,Not Active
2026/10/07 15:06:02.624,284.17,450.00,2655,10251,65,89,84,17410,P2,Not Active,Not Active,Not Active,Not Active
2026/10/07 15:06:03.128,254.14,450.00,2655,10251,65,90,86,17410,P2,Not Active,Not Active,Not Active,Not Active
2026/10/07 15:06:03.632,255.06,450.00,2655,10251,64,90,85,17410,P2,Not Active,Not Active,Not Active,Not Active
2026/10/07 15:06:04.135,254.64,450.00,2655,10251,64,90,85,17410,P2,Not Active,Not Active,Not Active,Not Active
2026/10/07 15:06:04.639,254.85,450.00,2655,10251,64,91,86,17410,P2,Not Active,Not Active,Not Active,Not Active
2026/10/07 15:06:05.144,308.12,450.00,2520,10251,76,97,45,17410,P2,Not Active,Not Active,Not Active,Not Active
2026/10/07 15:06:05.651,302.98,450.00,2655,10251,65,90,86,17410,P2,Not Active,Not Active,Not Active,Not Active
2026/10/07 15:06:06.155,253.86,450.00,2655,10251,65,89,85,17410,P2,Not Active,Not Active,Not Active,Not Active
2026/10/07 15:06:06.658,254.91,450.00,2655,10251,64,90,86,17410,P2,Not Active,Not Active,Not Active,Not Active
2026/10/07 15:06:07.164,254.95,450.00,2655,10251,64,90,85,17410,P2,Not Active,Not Active,Not Active,Not Active
2026/10/07 15:06:07.667,254.02,450.00,2655,10251,64,90,86,17410,P2,Not Active,Not Active,Not Active,Not Active
2026/10/07 15:06:08.170,282.54,450.00,2595,10251,67,94,62,17410,P2,Not Active,Not Active,Not Active,Not Active
2026/10/07 15:06:08.674,283.96,450.00,2655,10251,65,91,86,17410,P2,Not Active,Not Active,Not Active,Not Active
2026/10/07 15:06:09.178,255.28,450.00,2655,10251,64,89,84,17410,P2,Not Active,Not Active,Not Active,Not Active
2026/10/07 15:06:09.684,254.05,450.00,2655,10251,64,88,83,17410,P2,Not Active,Not Active,Not Active,Not Active
2026/10/07 15:06:10.187,253.79,450.00,2655,10251,64,89,85,17410,P2,Not Active,Not Active,Not Active,Not Active
2026/10/07 15:06:10.691,254.42,450.00,2655,10251,64,90,86,17410,P2,Active,Not Active,Not Active,Not Active
2026/10/07 15:06:11.236,305.33,450.00,2655,10251,68,90,85,17410,P2,Not Active,Not Active,Not Active,Not Active
2026/10/07 15:06:11.740,306.45,450.00,2655,10251,65,90,85,17410,P2,Not Active,Not Active,Not Active,Not Active
2026/10/07 15:06:12.244,256.94,450.00,2655,10251,65,90,85,17410,P2,Not Active,Not Active,Not Active,Not Active
2026/10/07 15:06:12.748,256.72,450.00,2655,10251,65,90,85,17410,P2,Not Active,Not Active,Not Active,Not Active
2026/10/07 15:06:13.252,256.56,450.00,2655,10251,65,89,85,17410,P2,Not Active,Not Active,Not Active,Not Active
2026/10/07 15:06:13.756,258.75,450.00,2655,10251,65,86,82,17410,P2,Active,Not Active,Not Active,Not Active
2026/10/07 15:06:14.316,283.55,450.00,2655,10251,66,90,85,17410,P2,Not Active,Not Active,Not Active,Not Active
2026/10/07 15:06:14.824,280.91,450.00,2655,10251,65,90,85,17410,P2,Not Active,Not Active,Not Active,Not Active
2026/10/07 15:06:15.327,255.63,450.00,2655,10251,64,90,85,17410,P2,Not Active,Not Active,Not Active,Not Active
2026/10/07 15:06:15.830,255.40,450.00,2655,10251,64,91,85,17410,P2,Not Active,Not Active,Not Active,Not Active
2026/10/07 15:06:16.333,255.50,450.00,2655,10251,64,90,85,17410,P2,Not Active,Not Active,Not Active,Not Active
2026/10/07 15:06:16.838,300.83,450.00,2655,10251,64,100,35,17410,P2,Not Active,Not Active,Not Active,Not Active
2026/10/07 15:06:17.396,303.51,450.00,2655,10251,66,89,85,17410,P2,Not Active,Not Active,Not Active,Not Active
2026/10/07 15:06:17.902,278.45,450.00,2655,10251,65,90,85,17410,P2,Not Active,Not Active,Not Active,Not Active
2026/10/07 15:06:18.406,256.06,450.00,2655,10251,65,90,86,17410,P2,Not Active,Not Active,Not Active,Not Active
2026/10/07 15:06:18.909,256.33,450.00,2655,10251,65,90,85,17410,P2,Not Active,Not Active,Not Active,Not Active
2026/10/07 15:06:19.413,256.36,450.00,2655,10251,65,90,85,17410,P2,Not Active,Not Active,Not Active,Not Active
2026/10/07 15:06:19.917,284.47,450.00,2655,10251,65,94,48,17410,P2,Not Active,Not Active,Not Active,Not Active
2026/10/07 15:06:20.424,282.52,450.00,2655,10251,65,90,85,17410,P2,Not Active,Not Active,Not Active,Not Active
2026/10/07 15:06:20.927,252.53,450.00,2655,10251,64,90,85,17410,P2,Not Active,Not Active,Not Active,Not Active
2026/10/07 15:06:21.430,252.92,450.00,2655,10251,64,90,86,17410,P2,Not Active,Not Active,Not Active,Not Active
2026/10/07 15:06:21.934,253.12,450.00,2655,10251,64,91,86,17410,P2,Not Active,Not Active,Not Active,Not Active
2026/10/07 15:06:22.439,252.78,450.00,2655,10251,64,90,85,17410,P2,Not Active,Not Active,Not Active,Not Active
2026/10/07 15:06:22.943,302.38,450.00,2655,10251,64,97,47,17410,P2,Not Active,Not Active,Not Active,Not Active
2026/10/07 15:06:23.446,304.44,450.00,2655,10251,66,89,85,17410,P2,Not Active,Not Active,Not Active,Not Active
2026/10/07 15:06:23.951,256.48,450.00,2655,10251,65,89,85,17410,P2,Not Active,Not Active,Not Active,Not Active
2026/10/07 15:06:24.455,255.93,450.00,2655,10251,64,89,85,17410,P2,Not Active,Not Active,Not Active,Not Active
2026/10/07 15:06:24.960,255.86,450.00,2655,10251,65,90,86,17410,P2,Not Active,Not Active,Not Active,Not Active
2026/10/07 15:06:25.464,255.87,450.00,2655,10251,65,89,85,17410,P2,Not Active,Not Active,Not Active,Not Active
2026/10/07 15:06:25.967,284.25,450.00,2655,10251,64,94,63,17410,P2,Not Active,Not Active,Not Active,Not Active
2026/10/07 15:06:26.471,284.16,450.00,2655,10251,65,90,86,17410,P2,Not Active,Not Active,Not Active,Not Active
2026/10/07 15:06:26.976,255.11,450.00,2655,10251,64,89,85,17410,P2,Not Active,Not Active,Not Active,Not Active
2026/10/07 15:06:27.479,254.92,450.00,2655,10251,64,90,85,17410,P2,Not Active,Not Active,Not Active,Not Active
2026/10/07 15:06:27.982,253.50,450.00,2655,10251,64,86,82,17410,P2,Not Active,Not Active,Not Active,Not Active
2026/10/07 15:06:28.486,251.52,450.00,2655,10251,64,87,83,17410,P2,Not Active,Not Active,Not Active,Not Active
2026/10/07 15:06:28.989,298.90,450.00,2655,10251,65,94,55,17410,P2,Not Active,Not Active,Not Active,Not Active
2026/10/07 15:06:29.494,298.86,450.00,2655,10251,65,88,83,17410,P2,Not Active,Not Active,Not Active,Not Active
2026/10/07 15:06:29.998,250.47,450.00,2655,10251,65,87,83,17410,P2,Not Active,Not Active,Not Active,Not Active
2026/10/07 15:06:30.502,253.19,450.00,2655,10251,64,90,85,17410,P2,Not Active,Not Active,Not Active,Not Active
2026/10/07 15:06:31.005,254.67,450.00,2655,10251,64,90,85,17410,P2,Not Active,Not Active,Not Active,Not Active
2026/10/07 15:06:31.509,255.79,450.00,2655,10251,65,89,85,17410,P2,Not Active,Not Active,Not Active,Not Active
2026/10/07 15:06:32.014,284.07,450.00,2655,10251,65,90,85,17410,P2,Not Active,Not Active,Not Active,Not Active
2026/10/07 15:06:32.524,283.64,450.00,2655,10251,65,89,84,17410,P2,Not Active,Not Active,Not Active,Not Active
2026/10/07 15:06:33.027,254.65,450.00,2655,10251,65,90,86,17410,P2,Not Active,Not Active,Not Active,Not Active
2026/10/07 15:06:33.531,254.21,450.00,2655,10251,65,89,84,17410,P2,Not Active,Not Active,Not Active,Not Active
2026/10/07 15:06:34.036,254.62,450.00,2655,10251,64,90,85,17410,P2,Not Active,Not Active,Not Active,Not Active
2026/10/07 15:06:34.540,263.16,450.00,2655,10251,64,90,85,17410,P2,Active,Not Active,Not Active,Not Active
2026/10/07 15:06:35.086,303.73,450.00,2655,10251,65,90,85,17410,P2,Not Active,Not Active,Not Active,Not Active
2026/10/07 15:06:35.589,304.37,450.00,2655,10251,65,89,85,17410,P2,Not Active,Not Active,Not Active,Not Active
2026/10/07 15:06:36.097,256.27,450.00,2655,10251,65,89,85,17410,P2,Not Active,Not Active,Not Active,Not Active
2026/10/07 15:06:36.600,256.33,450.00,2655,10251,65,90,86,17410,P2,Not Active,Not Active,Not Active,Not Active
2026/10/07 15:06:37.104,256.23,450.00,2655,10251,65,90,85,17410,P2,Not Active,Not Active,Not Active,Not Active
2026/10/07 15:06:37.607,258.50,450.00,2655,10251,65,94,56,17410,P2,Not Active,Not Active,Not Active,Not Active
2026/10/07 15:06:38.183,282.29,450.00,2655,10251,65,89,85,17410,P2,Not Active,Not Active,Not Active,Not Active
2026/10/07 15:06:38.687,279.02,450.00,2655,10251,65,90,85,17412,P2,Not Active,Not Active,Not Active,Not Active
2026/10/07 15:06:39.191,253.66,450.00,2655,10251,65,90,85,17412,P2,Not Active,Not Active,Not Active,Not Active
2026/10/07 15:06:39.695,254.52,450.00,2655,10251,64,90,85,17412,P2,Not Active,Not Active,Not Active,Not Active
2026/10/07 15:06:40.199,254.05,450.00,2655,10251,64,90,85,17412,P2,Not Active,Not Active,Not Active,Not Active
2026/10/07 15:06:40.703,293.91,450.00,2520,10251,72,100,35,17411,P2,Not Active,Not Active,Not Active,Not Active
2026/10/07 15:06:41.249,303.22,450.00,2655,10251,65,89,84,17412,P2,Not Active,Not Active,Not Active,Not Active
2026/10/07 15:06:41.754,263.69,450.00,2655,10251,65,89,85,17412,P2,Not Active,Not Active,Not Active,Not Active
2026/10/07 15:06:42.257,254.45,450.00,2655,10251,65,89,85,17412,P2,Not Active,Not Active,Not Active,Not Active
2026/10/07 15:06:42.761,254.71,450.00,2655,10251,65,90,86,17412,P2,Not Active,Not Active,Not Active,Not Active
2026/10/07 15:06:43.264,255.81,450.00,2655,10251,64,89,85,17411,P2,Not Active,Not Active,Not Active,Not Active
2026/10/07 15:06:43.768,284.04,450.00,2655,10251,65,94,48,17411,P2,Not Active,Not Active,Not Active,Not Active
2026/10/07 15:06:44.273,280.46,450.00,2655,10251,65,86,82,17411,P2,Not Active,Not Active,Not Active,Not Active
2026/10/07 15:06:44.777,248.34,450.00,2655,10251,64,84,79,17411,P2,Not Active,Not Active,Not Active,Not Active
2026/10/07 15:06:45.281,247.50,450.00,2655,10251,64,86,82,17411,P2,Not Active,Not Active,Not Active,Not Active
2026/10/07 15:06:45.784,244.83,450.00,2655,10251,64,79,74,17411,P2,Not Active,Not Active,Not Active,Not Active
2026/10/07 15:06:46.290,242.72,450.00,2655,10251,64,85,80,17411,P2,Not Active,Not Active,Not Active,Not Active
2026/10/07 15:06:46.793,287.84,450.00,2655,10251,64,93,59,17411,P2,Not Active,Not Active,Not Active,Not Active
2026/10/07 15:06:47.342,301.73,450.00,2655,10251,65,89,84,17411,P2,Not Active,Not Active,Not Active,Not Active
2026/10/07 15:06:47.845,261.47,450.00,2655,10251,65,88,84,17411,P2,Not Active,Not Active,Not Active,Not Active
2026/10/07 15:06:48.350,254.43,450.00,2655,10251,65,90,85,17411,P2,Not Active,Not Active,Not Active,Not Active
2026/10/07 15:06:48.854,255.55,450.00,2655,10251,65,89,85,17411,P2,Not Active,Not Active,Not Active,Not Active
2026/10/07 15:06:49.357,255.76,450.00,2655,10251,65,89,84,17411,P2,Not Active,Not Active,Not Active,Not Active
2026/10/07 15:06:49.861,282.01,450.00,2655,10251,65,87,54,17411,P2,Not Active,Not Active,Not Active,Not Active
2026/10/07 15:06:50.365,281.29,450.00,2655,10251,65,90,85,17411,P2,Not Active,Not Active,Not Active,Not Active
2026/10/07 15:06:50.871,249.98,450.00,2655,10251,65,85,81,17411,P2,Not Active,Not Active,Not Active,Not Active
2026/10/07 15:06:51.374,248.96,450.00,2655,10251,64,86,81,17411,P2,Not Active,Not Active,Not Active,Not Active
2026/10/07 15:06:51.877,244.04,450.00,2655,10251,64,81,77,17411,P2,Not Active,Not Active,Not Active,Not Active
2026/10/07 15:06:52.381,248.08,450.00,2655,10251,64,90,85,17411,P2,Not Active,Not Active,Not Active,Not Active
2026/10/07 15:06:52.885,298.94,450.00,2655,10251,64,99,36,17411,P2,Not Active,Not Active,Not Active,Not Active
2026/10/07 15:06:53.424,296.06,450.00,2655,10251,65,88,84,17411,P2,Not Active,Not Active,Not Active,Not Active
2026/10/07 15:06:53.929,247.32,450.00,2655,10251,65,89,85,17411,P2,Not Active,Not Active,Not Active,Not Active
2026/10/07 15:06:54.432,251.69,450.00,2655,10251,64,88,84,17411,P2,Not Active,Not Active,Not Active,Not Active
2026/10/07 15:06:54.936,252.54,450.00,2655,10251,64,90,86,17411,P2,Not Active,Not Active,Not Active,Not Active
2026/10/07 15:06:55.440,253.16,450.00,2655,10251,65,89,85,17411,P2,Not Active,Not Active,Not Active,Not Active
2026/10/07 15:06:55.943,281.05,450.00,2655,10251,64,95,48,17411,P2,Not Active,Not Active,Not Active,Not Active
2026/10/07 15:06:56.449,280.04,450.00,2655,10251,65,89,85,17411,P2,Not Active,Not Active,Not Active,Not Active
2026/10/07 15:06:56.952,250.26,450.00,2655,10251,65,90,86,17411,P2,Not Active,Not Active,Not Active,Not Active
2026/10/07 15:06:57.455,237.83,450.00,2655,10251,64,69,66,17411,P2,Not Active,Not Active,Not Active,Not Active
2026/10/07 15:06:57.959,222.81,450.00,2655,10251,64,75,71,17411,P2,Not Active,Not Active,Not Active,Not Active
2026/10/07 15:06:58.462,233.66,450.00,2655,10251,64,90,85,17411,P2,Not Active,Not Active,Not Active,Not Active
2026/10/07 15:06:58.968,273.68,450.00,2655,10251,64,89,80,17411,P2,Active,Not Active,Not Active,Not Active
2026/10/07 15:06:59.472,303.46,450.00,2655,10251,65,83,79,17411,P2,Not Active,Not Active,Not Active,Not Active
2026/10/07 15:06:59.975,292.31,450.00,2655,10251,64,76,72,17411,P2,Not Active,Not Active,Not Active,Not Active
2026/10/07 15:07:00.479,242.22,450.00,2655,10251,64,88,84,17411,P2,Not Active,Not Active,Not Active,Not Active
2026/10/07 15:07:00.984,243.92,450.00,2655,10251,64,77,74,17411,P2,Not Active,Not Active,Not Active,Not Active
2026/10/07 15:07:01.489,244.18,450.00,2655,10251,64,88,83,17411,P2,Not Active,Not Active,Not Active,Not Active
2026/10/07 15:07:01.993,246.37,450.00,2655,10251,64,89,85,17411,P2,Not Active,Not Active,Not Active,Not Active
2026/10/07 15:07:02.497,271.94,450.00,2655,10251,64,79,74,17411,P2,Not Active,Not Active,Not Active,Not Active
2026/10/07 15:07:03.001,273.14,450.00,2655,10251,64,88,83,17411,P2,Not Active,Not Active,Not Active,Not Active
2026/10/07 15:07:03.509,251.19,450.00,2655,10251,64,89,84,17411,P2,Not Active,Not Active,Not Active,Not Active
2026/10/07 15:07:04.012,251.93,450.00,2655,10251,64,87,82,17411,P2,Not Active,Not Active,Not Active,Not Active
2026/10/07 15:07:04.517,248.92,450.00,2655,10251,64,80,76,17411,P2,Not Active,Not Active,Not Active,Not Active
2026/10/07 15:07:05.020,243.54,450.00,2655,10251,63,75,71,17411,P2,Not Active,Not Active,Not Active,Not Active
2026/10/07 15:07:05.525,293.09,450.00,2655,10251,66,87,49,17411,P2,Not Active,Not Active,Not Active,Not Active
2026/10/07 15:07:06.029,299.42,450.00,2655,10251,65,90,85,17411,P2,Not Active,Not Active,Not Active,Not Active
2026/10/07 15:07:06.533,254.81,450.00,2655,10251,64,90,86,17411,P2,Not Active,Not Active,Not Active,Not Active
2026/10/07 15:07:07.036,255.46,450.00,2655,10251,64,89,85,17411,P2,Not Active,Not Active,Not Active,Not Active
2026/10/07 15:07:07.540,255.79,450.00,2655,10251,64,89,85,17411,P2,Not Active,Not Active,Not Active,Not Active
2026/10/07 15:07:08.045,255.07,450.00,2655,10251,64,87,83,17411,P2,Not Active,Not Active,Not Active,Not Active
2026/10/07 15:07:08.549,277.79,450.00,2655,10251,64,83,58,17411,P2,Not Active,Not Active,Not Active,Not Active
2026/10/07 15:07:09.053,270.02,450.00,2655,10251,64,90,85,17411,P2,Not Active,Not Active,Not Active,Not Active
2026/10/07 15:07:09.557,244.40,450.00,2655,10251,64,90,85,17410,P2,Not Active,Not Active,Not Active,Not Active
2026/10/07 15:07:10.061,251.07,450.00,2655,10251,64,79,75,17410,P2,Not Active,Not Active,Not Active,Not Active
2026/10/07 15:07:10.566,247.38,450.00,2655,10251,64,89,84,17410,P2,Not Active,Not Active,Not Active,Not Active
2026/10/07 15:07:11.070,243.00,450.00,2655,10251,64,75,71,17410,P2,Not Active,Not Active,Not Active,Not Active
2026/10/07 15:07:11.574,296.67,450.00,2535,10251,76,99,35,17410,P2,Not Active,Not Active,Not Active,Not Active
2026/10/07 15:07:12.077,295.65,450.00,2655,10251,64,80,76,17410,P2,Not Active,Not Active,Not Active,Not Active
2026/10/07 15:07:12.582,258.27,450.00,2655,10251,65,90,86,17410,P2,Not Active,Not Active,Not Active,Not Active
2026/10/07 15:07:13.087,248.00,450.00,2655,10251,64,71,67,17410,P2,Not Active,Not Active,Not Active,Not Active
2026/10/07 15:07:13.590,244.95,450.00,2655,10251,64,89,85,17410,P2,Not Active,Not Active,Not Active,Not Active
2026/10/07 15:07:14.094,245.95,450.00,2655,10251,64,86,82,17410,P2,Not Active,Not Active,Not Active,Not Active
2026/10/07 15:07:14.598,272.56,450.00,2535,10251,73,88,47,17410,P2,Not Active,Not Active,Not Active,Not Active
2026/10/07 15:07:15.121,276.56,450.00,2655,10251,65,91,86,17410,P2,Not Active,Not Active,Not Active,Not Active
2026/10/07 15:07:15.624,257.80,450.00,2655,10251,64,90,85,17410,P2,Not Active,Not Active,Not Active,Not Active
2026/10/07 15:07:16.127,254.66,450.00,2655,10251,64,90,85,17410,P2,Not Active,Not Active,Not Active,Not Active
2026/10/07 15:07:16.632,254.40,450.00,2655,10251,64,89,84,17410,P2,Not Active,Not Active,Not Active,Not Active
2026/10/07 15:07:17.136,254.67,450.00,2655,10251,64,91,86,17410,P2,Not Active,Not Active,Not Active,Not Active
2026/10/07 15:07:17.642,303.81,450.00,2520,10251,75,96,50,17410,P2,Not Active,Not Active,Not Active,Not Active
2026/10/07 15:07:18.148,304.10,450.00,2655,10251,65,89,84,17410,P2,Not Active,Not Active,Not Active,Not Active
2026/10/07 15:07:18.652,264.49,450.00,2655,10251,65,90,86,17410,P2,Not Active,Not Active,Not Active,Not Active
2026/10/07 15:07:19.155,256.63,450.00,2655,10251,64,90,85,17410,P2,Not Active,Not Active,Not Active,Not Active
2026/10/07 15:07:19.661,256.67,450.00,2655,10251,64,90,86,17410,P2,Not Active,Not Active,Not Active,Not Active
2026/10/07 15:07:20.165,256.38,450.00,2655,10251,64,89,85,17410,P2,Not Active,Not Active,Not Active,Not Active
2026/10/07 15:07:20.668,284.69,450.00,2520,10251,74,93,69,17410,P2,Not Active,Not Active,Not Active,Not Active
2026/10/07 15:07:21.172,284.41,450.00,2655,10251,65,91,86,17410,P2,Not Active,Not Active,Not Active,Not Active
2026/10/07 15:07:21.675,255.85,450.00,2655,10251,64,90,85,17410,P2,Not Active,Not Active,Not Active,Not Active
2026/10/07 15:07:22.181,255.42,450.00,2655,10251,64,90,85,17410,P2,Not Active,Not Active,Not Active,Not Active
2026/10/07 15:07:22.684,255.06,450.00,2655,10251,64,90,85,17410,P2,Not Active,Not Active,Not Active,Not Active
2026/10/07 15:07:23.188,254.92,450.00,2655,10251,64,90,86,17410,P2,Not Active,Not Active,Not Active,Not Active
2026/10/07 15:07:23.691,301.45,450.00,2520,10251,76,85,66,17410,P2,Not Active,Not Active,Not Active,Not Active
2026/10/07 15:07:24.196,300.81,450.00,2655,10251,65,90,86,17410,P2,Not Active,Not Active,Not Active,Not Active
2026/10/07 15:07:24.701,254.37,450.00,2655,10251,65,89,85,17410,P2,Not Active,Not Active,Not Active,Not Active
2026/10/07 15:07:25.205,254.28,450.00,2655,10251,64,90,86,17410,P2,Not Active,Not Active,Not Active,Not Active
2026/10/07 15:07:25.709,253.78,450.00,2655,10251,64,89,85,17410,P2,Not Active,Not Active,Not Active,Not Active
2026/10/07 15:07:26.212,253.56,450.00,2655,10251,64,88,84,17410,P2,Not Active,Not Active,Not Active,Not Active
2026/10/07 15:07:26.717,282.42,450.00,2535,10251,67,91,86,17410,P2,Not Active,Not Active,Not Active,Not Active
2026/10/07 15:07:27.222,283.74,450.00,2655,10251,65,91,86,17410,P2,Not Active,Not Active,Not Active,Not Active
2026/10/07 15:07:27.726,255.71,450.00,2655,10251,64,90,86,17410,P2,Not Active,Not Active,Not Active,Not Active
2026/10/07 15:07:28.230,255.68,450.00,2655,10251,64,91,86,17410,P2,Not Active,Not Active,Not Active,Not Active
2026/10/07 15:07:28.734,255.55,450.00,2655,10251,64,90,85,17410,P2,Not Active,Not Active,Not Active,Not Active
2026/10/07 15:07:29.239,267.90,450.00,2655,10251,64,91,67,17410,P2,Active,Not Active,Not Active,Not Active
2026/10/07 15:07:29.755,301.11,450.00,2655,10251,67,82,78,17410,P2,Not Active,Not Active,Not Active,Not Active
2026/10/07 15:07:30.262,301.80,450.00,2655,10251,65,90,85,17410,P2,Not Active,Not Active,Not Active,Not Active
2026/10/07 15:07:30.765,256.57,450.00,2655,10251,65,90,85,17410,P2,Not Active,Not Active,Not Active,Not Active
2026/10/07 15:07:31.269,256.44,450.00,2655,10251,65,89,84,17410,P2,Not Active,Not Active,Not Active,Not Active
2026/10/07 15:07:31.773,255.44,450.00,2655,10251,64,89,85,17410,P2,Not Active,Not Active,Not Active,Not Active
2026/10/07 15:07:32.279,253.87,450.00,2655,10251,64,88,83,17410,P2,Active,Not Active,Not Active,Not Active
2026/10/07 15:07:32.831,281.79,450.00,2655,10251,66,89,84,17410,P2,Not Active,Not Active,Not Active,Not Active
2026/10/07 15:07:33.339,280.75,450.00,2655,10251,64,88,83,17410,P2,Not Active,Not Active,Not Active,Not Active
2026/10/07 15:07:33.843,250.90,450.00,2655,10251,64,89,85,17410,P2,Not Active,Not Active,Not Active,Not Active
2026/10/07 15:07:34.347,250.28,450.00,2655,10251,64,88,83,17410,P2,Not Active,Not Active,Not Active,Not Active
2026/10/07 15:07:34.851,250.83,450.00,2655,10251,64,89,84,17410,P2,Not Active,Not Active,Not Active,Not Active
2026/10/07 15:07:35.356,285.76,450.00,2655,10251,64,92,67,17410,P2,Active,Not Active,Not Active,Not Active
2026/10/07 15:07:35.861,303.62,450.00,2655,10251,67,90,85,17410,P2,Not Active,Not Active,Not Active,Not Active
2026/10/07 15:07:36.365,291.29,450.00,2655,10251,65,90,86,17410,P2,Not Active,Not Active,Not Active,Not Active
2026/10/07 15:07:36.868,256.70,450.00,2655,10251,65,89,84,17410,P2,Not Active,Not Active,Not Active,Not Active
2026/10/07 15:07:37.373,255.75,450.00,2655,10251,64,89,85,17410,P2,Not Active,Not Active,Not Active,Not Active
2026/10/07 15:07:37.877,255.85,450.00,2655,10251,64,90,86,17410,P2,Not Active,Not Active,Not Active,Not Active
2026/10/07 15:07:38.380,282.65,450.00,2655,10251,65,89,75,17410,P2,Not Active,Not Active,Not Active,Not Active
2026/10/07 15:07:38.912,284.05,450.00,2655,10251,66,90,85,17410,P2,Not Active,Not Active,Not Active,Not Active
2026/10/07 15:07:39.416,257.00,450.00,2655,10251,65,89,84,17410,P2,Not Active,Not Active,Not Active,Not Active
2026/10/07 15:07:39.920,254.80,450.00,2655,10251,65,90,85,17410,P2,Not Active,Not Active,Not Active,Not Active
2026/10/07 15:07:40.424,254.53,450.00,2655,10251,64,90,86,17410,P2,Not Active,Not Active,Not Active,Not Active
2026/10/07 15:07:40.927,254.63,450.00,2655,10251,64,90,85,17410,P2,Not Active,Not Active,Not Active,Not Active
2026/10/07 15:07:41.433,306.18,450.00,2655,10251,64,94,58,17410,P2,Not Active,Not Active,Not Active,Not Active
2026/10/07 15:07:41.940,307.09,450.00,2655,10251,66,90,86,17410,P2,Not Active,Not Active,Not Active,Not Active
2026/10/07 15:07:42.444,258.15,450.00,2655,10251,65,90,85,17410,P2,Not Active,Not Active,Not Active,Not Active
2026/10/07 15:07:42.948,256.48,450.00,2655,10251,65,90,86,17410,P2,Not Active,Not Active,Not Active,Not Active
2026/10/07 15:07:43.453,256.78,450.00,2655,10251,65,90,86,17410,P2,Not Active,Not Active,Not Active,Not Active
2026/10/07 15:07:43.956,256.94,450.00,2655,10251,65,90,86,17410,P2,Not Active,Not Active,Not Active,Not Active
2026/10/07 15:07:44.460,284.94,450.00,2655,10251,65,91,77,17410,P2,Not Active,Not Active,Not Active,Not Active
2026/10/07 15:07:44.963,284.28,450.00,2655,10251,65,90,85,17410,P2,Not Active,Not Active,Not Active,Not Active
2026/10/07 15:07:45.466,255.72,450.00,2655,10251,65,90,85,17410,P2,Not Active,Not Active,Not Active,Not Active
2026/10/07 15:07:45.971,254.98,450.00,2655,10251,65,89,84,17410,P2,Not Active,Not Active,Not Active,Not Active
2026/10/07 15:07:46.475,254.44,450.00,2655,10251,64,90,85,17410,P2,Not Active,Not Active,Not Active,Not Active
2026/10/07 15:07:46.979,254.80,450.00,2655,10251,64,90,85,17410,P2,Not Active,Not Active,Not Active,Not Active
2026/10/07 15:07:47.482,302.16,450.00,2655,10251,65,87,76,17410,P2,Not Active,Not Active,Not Active,Not Active
2026/10/07 15:07:47.989,299.45,450.00,2655,10251,64,86,82,17410,P2,Not Active,Not Active,Not Active,Not Active
2026/10/07 15:07:48.495,247.41,450.00,2655,10251,64,82,78,17410,P2,Not Active,Not Active,Not Active,Not Active
2026/10/07 15:07:48.998,247.95,450.00,2655,10251,64,86,82,17410,P2,Not Active,Not Active,Not Active,Not Active
2026/10/07 15:07:49.502,247.96,450.00,2655,10251,64,85,81,17410,P2,Not Active,Not Active,Not Active,Not Active
2026/10/07 15:07:50.005,245.77,450.00,2655,10251,64,89,85,17410,P2,Not Active,Not Active,Not Active,Not Active
2026/10/07 15:07:50.509,279.31,450.00,2655,10251,65,95,58,17410,P2,Not Active,Not Active,Not Active,Not Active
2026/10/07 15:07:51.014,284.34,450.00,2655,10251,65,89,85,17410,P2,Not Active,Not Active,Not Active,Not Active
2026/10/07 15:07:51.517,254.14,450.00,2655,10251,65,90,85,17410,P2,Not Active,Not Active,Not Active,Not Active
2026/10/07 15:07:52.022,254.96,450.00,2655,10251,64,90,85,17410,P2,Not Active,Not Active,Not Active,Not Active
2026/10/07 15:07:52.527,254.75,450.00,2655,10251,64,90,85,17410,P2,Not Active,Not Active,Not Active,Not Active
2026/10/07 15:07:53.032,254.53,450.00,2655,10251,64,90,85,17410,P2,Not Active,Not Active,Not Active,Not Active
2026/10/07 15:07:53.535,302.66,450.00,2655,10251,66,92,56,17410,P2,Not Active,Not Active,Not Active,Not Active
2026/10/07 15:07:54.039,303.61,450.00,2655,10251,65,89,85,17410,P2,Not Active,Not Active,Not Active,Not Active
2026/10/07 15:07:54.542,256.91,450.00,2655,10251,65,90,86,17410,P2,Not Active,Not Active,Not Active,Not Active
2026/10/07 15:07:55.048,257.08,450.00,2655,10251,65,90,85,17410,P2,Not Active,Not Active,Not Active,Not Active
2026/10/07 15:07:55.551,256.95,450.00,2655,10251,65,90,86,17410,P2,Not Active,Not Active,Not Active,Not Active
2026/10/07 15:07:56.054,256.91,450.00,2655,10251,65,90,86,17410,P2,Not Active,Not Active,Not Active,Not Active
2026/10/07 15:07:56.557,285.26,450.00,2655,10251,65,92,78,17410,P2,Not Active,Not Active,Not Active,Not Active
2026/10/07 15:07:57.060,284.65,450.00,2655,10251,65,90,86,17410,P2,Not Active,Not Active,Not Active,Not Active
2026/10/07 15:07:57.564,255.69,450.00,2655,10251,64,90,85,17410,P2,Not Active,Not Active,Not Active,Not Active
2026/10/07 15:07:58.069,255.96,450.00,2655,10251,64,90,86,17410,P2,Not Active,Not Active,Not Active,Not Active
2026/10/07 15:07:58.572,254.45,450.00,2655,10251,64,85,81,17410,P2,Not Active,Not Active,Not Active,Not Active
2026/10/07 15:07:59.075,255.66,450.00,2655,10251,64,88,79,17410,P2,Active,Not Active,Not Active,Not Active
2026/10/07 15:07:59.620,305.89,450.00,2655,10251,65,89,85,17410,P2,Not Active,Not Active,Not Active,Not Active
2026/10/07 15:08:00.125,304.69,450.00,2655,10251,65,89,85,17410,P2,Not Active,Not Active,Not Active,Not Active
2026/10/07 15:08:00.630,256.29,450.00,2655,10251,65,90,86,17410,P2,Not Active,Not Active,Not Active,Not Active
2026/10/07 15:08:01.134,256.24,450.00,2655,10251,65,90,86,17410,P2,Not Active,Not Active,Not Active,Not Active
2026/10/07 15:08:01.637,256.82,450.00,2655,10251,65,90,86,17410,P2,Not Active,Not Active,Not Active,Not Active
2026/10/07 15:08:02.141,273.64,450.00,2655,10251,65,90,86,17410,P2,Not Active,Not Active,Not Active,Not Active
2026/10/07 15:08:02.710,281.44,450.00,2655,10251,65,89,85,17410,P2,Not Active,Not Active,Not Active,Not Active
2026/10/07 15:08:03.213,262.68,450.00,2655,10251,64,90,86,17410,P2,Not Active,Not Active,Not Active,Not Active
2026/10/07 15:08:03.717,252.82,450.00,2655,10251,64,91,86,17410,P2,Not Active,Not Active,Not Active,Not Active
2026/10/07 15:08:04.220,252.52,450.00,2655,10251,64,89,85,17410,P2,Not Active,Not Active,Not Active,Not Active
2026/10/07 15:08:04.724,251.38,450.00,2655,10251,64,90,85,17410,P2,Not Active,Not Active,Not Active,Not Active
2026/10/07 15:08:05.228,301.41,450.00,2535,10251,71,97,45,17410,P2,Not Active,Not Active,Not Active,Not Active
2026/10/07 15:08:05.731,303.54,450.00,2655,10251,65,89,85,17410,P2,Not Active,Not Active,Not Active,Not Active
2026/10/07 15:08:06.234,267.73,450.00,2655,10251,65,89,84,17410,P2,Not Active,Not Active,Not Active,Not Active
2026/10/07 15:08:06.738,255.71,450.00,2655,10251,65,90,85,17410,P2,Not Active,Not Active,Not Active,Not Active
2026/10/07 15:08:07.242,256.07,450.00,2655,10251,65,89,84,17410,P2,Not Active,Not Active,Not Active,Not Active
2026/10/07 15:08:07.747,257.12,450.00,2655,10251,64,90,86,17410,P2,Not Active,Not Active,Not Active,Not Active
2026/10/07 15:08:08.251,286.19,450.00,2655,10251,65,94,63,17410,P2,Not Active,Not Active,Not Active,Not Active
2026/10/07 15:08:08.755,284.80,450.00,2655,10251,65,89,85,17410,P2,Not Active,Not Active,Not Active,Not Active
2026/10/07 15:08:09.259,253.59,450.00,2655,10251,65,89,85,17410,P2,Not Active,Not Active,Not Active,Not Active
2026/10/07 15:08:09.764,255.29,450.00,2655,10251,65,90,85,17410,P2,Not Active,Not Active,Not Active,Not Active
2026/10/07 15:08:10.268,255.26,450.00,2655,10251,64,89,84,17410,P2,Not Active,Not Active,Not Active,Not Active
2026/10/07 15:08:10.772,255.61,450.00,2655,10251,64,90,85,17410,P2,Not Active,Not Active,Not Active,Not Active
2026/10/07 15:08:11.275,304.85,450.00,2520,10251,74,94,61,17410,P2,Not Active,Not Active,Not Active,Not Active
2026/10/07 15:08:11.799,305.65,450.00,2655,10251,65,89,85,17410,P2,Not Active,Not Active,Not Active,Not Active
2026/10/07 15:08:12.305,257.31,450.00,2655,10251,65,90,86,17410,P2,Not Active,Not Active,Not Active,Not Active
2026/10/07 15:08:12.809,256.81,450.00,2655,10251,65,90,86,17410,P2,Not Active,Not Active,Not Active,Not Active
2026/10/07 15:08:13.313,257.04,450.00,2655,10251,65,90,86,17410,P2,Not Active,Not Active,Not Active,Not Active
2026/10/07 15:08:13.818,257.79,450.00,2655,10251,65,90,86,17410,P2,Not Active,Not Active,Not Active,Not Active
2026/10/07 15:08:14.323,284.80,450.00,2520,10251,73,90,79,17410,P2,Not Active,Not Active,Not Active,Not Active
2026/10/07 15:08:14.827,284.08,450.00,2655,10251,65,90,86,17410,P2,Not Active,Not Active,Not Active,Not Active
2026/10/07 15:08:15.330,256.02,450.00,2655,10251,65,90,85,17410,P2,Not Active,Not Active,Not Active,Not Active
2026/10/07 15:08:15.834,255.77,450.00,2655,10251,65,90,85,17410,P2,Not Active,Not Active,Not Active,Not Active
2026/10/07 15:08:16.337,255.34,450.00,2655,10251,65,90,85,17410,P2,Not Active,Not Active,Not Active,Not Active
2026/10/07 15:08:16.842,261.13,450.00,2655,10251,64,90,76,17410,P2,Active,Not Active,Not Active,Not Active
2026/10/07 15:08:17.396,306.01,450.00,2520,10251,75,89,85,17410,P2,Not Active,Not Active,Not Active,Not Active
2026/10/07 15:08:17.902,301.00,450.00,2655,10251,65,89,85,17410,P2,Not Active,Not Active,Not Active,Not Active
2026/10/07 15:08:18.405,257.01,450.00,2655,10251,65,89,85,17410,P2,Not Active,Not Active,Not Active,Not Active
2026/10/07 15:08:18.908,256.72,450.00,2655,10251,65,90,85,17410,P2,Not Active,Not Active,Not Active,Not Active
2026/10/07 15:08:19.412,256.83,450.00,2655,10251,65,89,85,17410,P2,Not Active,Not Active,Not Active,Not Active
2026/10/07 15:08:19.916,277.85,450.00,2655,10251,65,88,82,17410,P2,Active,Not Active,Not Active,Not Active
2026/10/07 15:08:20.427,283.75,450.00,2520,10251,75,89,84,17410,P2,Not Active,Not Active,Not Active,Not Active
2026/10/07 15:08:20.931,282.20,450.00,2655,10251,65,91,86,17410,P2,Not Active,Not Active,Not Active,Not Active
2026/10/07 15:08:21.434,253.81,450.00,2655,10251,64,90,86,17410,P2,Not Active,Not Active,Not Active,Not Active
2026/10/07 15:08:21.939,253.75,450.00,2655,10251,64,89,84,17410,P2,Not Active,Not Active,Not Active,Not Active
2026/10/07 15:08:22.443,253.37,450.00,2655,10251,64,90,85,17410,P2,Not Active,Not Active,Not Active,Not Active
2026/10/07 15:08:22.946,297.20,450.00,2655,10251,64,94,55,17410,P2,Not Active,Not Active,Not Active,Not Active
2026/10/07 15:08:23.513,303.84,450.00,2655,10251,65,89,85,17410,P2,Not Active,Not Active,Not Active,Not Active
2026/10/07 15:08:24.018,261.85,450.00,2655,10251,65,90,86,17410,P2,Not Active,Not Active,Not Active,Not Active
2026/10/07 15:08:24.522,257.11,450.00,2655,10251,65,90,85,17410,P2,Not Active,Not Active,Not Active,Not Active
2026/10/07 15:08:25.025,256.77,450.00,2655,10251,65,89,85,17410,P2,Not Active,Not Active,Not Active,Not Active
2026/10/07 15:08:25.528,256.75,450.00,2655,10251,65,90,85,17410,P2,Not Active,Not Active,Not Active,Not Active
2026/10/07 15:08:26.032,284.45,450.00,2655,10251,66,91,70,17410,P2,Not Active,Not Active,Not Active,Not Active
2026/10/07 15:08:26.536,284.06,450.00,2655,10251,65,90,85,17410,P2,Not Active,Not Active,Not Active,Not Active
2026/10/07 15:08:27.041,255.12,450.00,2655,10251,65,90,86,17410,P2,Not Active,Not Active,Not Active,Not Active
2026/10/07 15:08:27.545,255.33,450.00,2655,10251,65,90,85,17410,P2,Not Active,Not Active,Not Active,Not Active
2026/10/07 15:08:28.049,255.78,450.00,2655,10251,64,90,85,17410,P2,Not Active,Not Active,Not Active,Not Active
2026/10/07 15:08:28.553,255.76,450.00,2655,10251,64,90,85,17410,P2,Not Active,Not Active,Not Active,Not Active
2026/10/07 15:08:29.058,304.38,450.00,2655,10251,67,92,72,17410,P2,Not Active,Not Active,Not Active,Not Active
2026/10/07 15:08:29.562,304.80,450.00,2655,10251,65,89,85,17410,P2,Not Active,Not Active,Not Active,Not Active
2026/10/07 15:08:30.065,256.51,450.00,2655,10251,65,90,86,17410,P2,Not Active,Not Active,Not Active,Not Active
2026/10/07 15:08:30.569,256.38,450.00,2655,10251,65,89,85,17410,P2,Not Active,Not Active,Not Active,Not Active
2026/10/07 15:08:31.072,256.82,450.00,2655,10251,65,90,86,17410,P2,Not Active,Not Active,Not Active,Not Active
2026/10/07 15:08:31.578,256.51,450.00,2655,10251,65,89,84,17410,P2,Not Active,Not Active,Not Active,Not Active
2026/10/07 15:08:32.081,283.55,450.00,2655,10251,65,90,85,17410,P2,Not Active,Not Active,Not Active,Not Active
2026/10/07 15:08:32.585,282.74,450.00,2655,10251,65,89,84,17410,P2,Not Active,Not Active,Not Active,Not Active
2026/10/07 15:08:33.088,254.97,450.00,2655,10251,65,90,85,17410,P2,Not Active,Not Active,Not Active,Not Active
2026/10/07 15:08:33.591,255.25,450.00,2655,10251,65,90,85,17410,P2,Not Active,Not Active,Not Active,Not Active
2026/10/07 15:08:34.096,254.93,450.00,2655,10251,64,89,85,17410,P2,Not Active,Not Active,Not Active,Not Active
2026/10/07 15:08:34.599,267.57,450.00,2655,10251,65,92,68,17410,P2,Active,Not Active,Not Active,Not Active
2026/10/07 15:08:35.122,302.57,450.00,2655,10251,66,88,84,17410,P2,Not Active,Not Active,Not Active,Not Active
2026/10/07 15:08:35.626,299.79,450.00,2655,10251,64,84,80,17410,P2,Not Active,Not Active,Not Active,Not Active
2026/10/07 15:08:36.129,251.16,450.00,2655,10251,65,87,83,17410,P2,Not Active,Not Active,Not Active,Not Active
2026/10/07 15:08:36.633,250.76,450.00,2655,10251,65,83,79,17410,P2,Not Active,Not Active,Not Active,Not Active
2026/10/07 15:08:37.138,249.78,450.00,2655,10251,64,86,81,17410,P2,Not Active,Not Active,Not Active,Not Active
2026/10/07 15:08:37.642,252.31,450.00,2655,10251,65,89,85,17410,P2,Not Active,Not Active,Not Active,Not Active
2026/10/07 15:08:38.145,282.54,450.00,2655,10251,65,89,84,17410,P2,Not Active,Not Active,Not Active,Not Active
2026/10/07 15:08:38.649,282.30,450.00,2655,10251,65,89,84,17410,P2,Not Active,Not Active,Not Active,Not Active
2026/10/07 15:08:39.153,255.06,450.00,2655,10251,65,90,85,17410,P2,Not Active,Not Active,Not Active,Not Active
2026/10/07 15:08:39.657,255.51,450.00,2655,10251,65,90,85,17410,P2,Not Active,Not Active,Not Active,Not Active
2026/10/07 15:08:40.161,255.88,450.00,2655,10251,65,91,86,17410,P2,Not Active,Not Active,Not Active,Not Active
2026/10/07 15:08:40.665,266.46,450.00,2655,10251,64,91,71,17410,P2,Active,Not Active,Not Active,Not Active
2026/10/07 15:08:41.169,305.10,450.00,2655,10251,66,89,85,17410,P2,Not Active,Not Active,Not Active,Not Active
2026/10/07 15:08:41.679,295.09,450.00,2655,10251,65,89,85,17410,P2,Not Active,Not Active,Not Active,Not Active
2026/10/07 15:08:42.182,256.83,450.00,2655,10251,65,89,84,17410,P2,Not Active,Not Active,Not Active,Not Active
2026/10/07 15:08:42.686,255.92,450.00,2655,10251,65,90,85,17410,P2,Not Active,Not Active,Not Active,Not Active
2026/10/07 15:08:43.190,256.15,450.00,2655,10251,65,90,85,17410,P2,Not Active,Not Active,Not Active,Not Active
2026/10/07 15:08:43.695,280.96,450.00,2655,10251,65,89,77,17410,P2,Active,Not Active,Not Active,Not Active
2026/10/07 15:08:44.198,283.44,450.00,2655,10251,65,89,84,17410,P2,Not Active,Not Active,Not Active,Not Active
2026/10/07 15:08:44.702,274.33,450.00,2655,10251,65,90,85,17410,P2,Not Active,Not Active,Not Active,Not Active
2026/10/07 15:08:45.205,233.80,450.00,2655,10251,64,73,69,17410,P2,Not Active,Not Active,Not Active,Not Active
2026/10/07 15:08:45.709,218.11,450.00,2655,10251,63,66,63,17410,P2,Not Active,Not Active,Not Active,Not Active
2026/10/07 15:08:46.215,220.38,450.00,2655,10251,63,81,77,17410,P2,Not Active,Not Active,Not Active,Not Active
2026/10/07 15:08:46.719,220.20,450.00,2655,10251,63,67,63,17410,P2,Not Active,Not Active,Not Active,Not Active
2026/10/07 15:08:47.222,269.86,450.00,2655,10251,63,100,35,17410,P2,Not Active,Not Active,Not Active,Not Active
2026/10/07 15:08:47.768,281.02,450.00,2655,10251,64,76,72,17410,P2,Not Active,Not Active,Not Active,Not Active
2026/10/07 15:08:48.275,228.93,450.00,2655,10251,64,67,64,17410,P2,Not Active,Not Active,Not Active,Not Active
2026/10/07 15:08:48.779,217.62,450.00,2655,10251,64,70,67,17410,P2,Not Active,Not Active,Not Active,Not Active
2026/10/07 15:08:49.283,223.67,450.00,2655,10251,64,77,73,17410,P2,Not Active,Not Active,Not Active,Not Active
2026/10/07 15:08:49.786,235.32,450.00,2655,10251,64,85,81,17410,P2,Not Active,Not Active,Not Active,Not Active
2026/10/07 15:08:50.291,239.99,450.00,2655,10251,64,82,78,17410,P2,Not Active,Not Active,Not Active,Not Active
2026/10/07 15:08:50.794,269.88,450.00,2655,10251,64,85,57,17410,P2,Not Active,Not Active,Not Active,Not Active
2026/10/07 15:08:51.298,271.94,450.00,2655,10251,64,86,81,17410,P2,Not Active,Not Active,Not Active,Not Active
2026/10/07 15:08:51.802,244.69,450.00,2655,10251,64,82,78,17410,P2,Not Active,Not Active,Not Active,Not Active
2026/10/07 15:08:52.306,246.81,450.00,2655,10251,64,84,79,17410,P2,Not Active,Not Active,Not Active,Not Active
2026/10/07 15:08:52.812,248.18,450.00,2655,10251,64,86,81,17410,P2,Not Active,Not Active,Not Active,Not Active
2026/10/07 15:08:53.315,248.59,450.00,2655,10251,64,84,79,17410,P2,Not Active,Not Active,Not Active,Not Active
2026/10/07 15:08:53.818,299.74,450.00,2655,10251,64,100,35,17410,P2,Not Active,Not Active,Not Active,Not Active
2026/10/07 15:08:54.322,295.69,450.00,2655,10251,66,79,75,17410,P2,Not Active,Not Active,Not Active,Not Active
2026/10/07 15:08:54.825,265.97,450.00,2655,10251,64,89,85,17410,P2,Not Active,Not Active,Not Active,Not Active
2026/10/07 15:08:55.330,233.55,450.00,2655,10251,64,75,71,17410,P2,Not Active,Not Active,Not Active,Not Active
2026/10/07 15:08:55.834,231.18,450.00,2655,10251,63,78,74,17410,P2,Not Active,Not Active,Not Active,Not Active
2026/10/07 15:08:56.337,234.26,450.00,2655,10251,64,83,79,17410,P2,Not Active,Not Active,Not Active,Not Active
2026/10/07 15:08:56.840,241.61,450.00,2655,10251,64,81,77,17410,P2,Not Active,Not Active,Not Active,Not Active
2026/10/07 15:08:57.344,265.55,450.00,2655,10251,64,91,44,17410,P2,Not Active,Not Active,Not Active,Not Active
2026/10/07 15:08:57.849,260.01,450.00,2655,10251,64,73,69,17410,P2,Not Active,Not Active,Not Active,Not Active
2026/10/07 15:08:58.353,227.36,450.00,2655,10251,63,77,70,17410,P2,Not Active,Not Active,Not Active,Not Active
2026/10/07 15:08:58.857,234.42,450.00,2655,10251,64,85,80,17410,P2,Not Active,Not Active,Not Active,Not Active
2026/10/07 15:08:59.361,235.49,450.00,2655,10251,64,69,62,17410,P2,Not Active,Not Active,Not Active,Not Active
2026/10/07 15:08:59.867,224.87,450.00,2655,10251,63,74,68,17410,P2,Not Active,Not Active,Not Active,Not Active
2026/10/07 15:09:00.372,227.24,450.00,2655,10251,63,75,71,17410,P2,Not Active,Not Active,Not Active,Not Active
2026/10/07 15:09:00.876,285.30,450.00,2655,10251,64,82,50,17410,P2,Not Active,Not Active,Not Active,Not Active
2026/10/07 15:09:01.380,289.57,450.00,2655,10251,64,75,70,17410,P2,Not Active,Not Active,Not Active,Not Active
2026/10/07 15:09:01.884,237.93,450.00,2655,10251,64,78,74,17410,P2,Not Active,Not Active,Not Active,Not Active
2026/10/07 15:09:02.389,234.95,450.00,2655,10251,64,80,76,17410,P2,Not Active,Not Active,Not Active,Not Active
2026/10/07 15:09:02.893,232.86,450.00,2655,10251,64,74,71,17410,P2,Not Active,Not Active,Not Active,Not Active
2026/10/07 15:09:03.396,229.70,450.00,2655,10251,63,76,72,17410,P2,Not Active,Not Active,Not Active,Not Active
2026/10/07 15:09:03.900,227.58,450.00,2655,10251,63,75,71,17410,P2,Not Active,Not Active,Not Active,Not Active
2026/10/07 15:09:04.404,259.13,450.00,2655,10251,63,72,68,17410,P2,Not Active,Not Active,Not Active,Not Active
2026/10/07 15:09:04.911,254.10,450.00,2655,10251,64,67,63,17410,P2,Not Active,Not Active,Not Active,Not Active
2026/10/07 15:09:05.414,218.58,450.00,2655,10251,63,68,65,17410,P2,Not Active,Not Active,Not Active,Not Active
2026/10/07 15:09:05.917,220.62,450.00,2655,10251,64,70,66,17410,P2,Not Active,Not Active,Not Active,Not Active
2026/10/07 15:09:06.421,226.74,450.00,2655,10251,63,74,70,17410,P2,Not Active,Not Active,Not Active,Not Active
2026/10/07 15:09:06.926,225.07,450.00,2655,10251,63,70,66,17410,P2,Not Active,Not Active,Not Active,Not Active
2026/10/07 15:09:07.430,217.73,450.00,2655,10251,63,71,67,17410,P2,Not Active,Not Active,Not Active,Not Active
2026/10/07 15:09:07.933,278.49,450.00,2655,10251,63,100,35,17410,P2,Not Active,Not Active,Not Active,Not Active
2026/10/07 15:09:08.437,282.25,450.00,2655,10251,65,73,69,17410,P2,Not Active,Not Active,Not Active,Not Active
2026/10/07 15:09:08.941,229.74,450.00,2655,10251,63,75,71,17410,P2,Not Active,Not Active,Not Active,Not Active
2026/10/07 15:09:09.446,225.57,450.00,2655,10251,63,71,67,17410,P2,Not Active,Not Active,Not Active,Not Active
2026/10/07 15:09:09.950,222.12,450.00,2655,10251,63,71,67,17410,P2,Not Active,Not Active,Not Active,Not Active
2026/10/07 15:09:10.453,224.24,450.00,2655,10251,63,76,72,17410,P2,Not Active,Not Active,Not Active,Not Active
2026/10/07 15:09:10.956,226.24,450.00,2655,10251,63,73,69,17410,P2,Not Active,Not Active,Not Active,Not Active
2026/10/07 15:09:11.460,244.32,450.00,2655,10251,63,83,54,17410,P2,Not Active,Not Active,Not Active,Not Active
2026/10/07 15:09:11.982,254.93,450.00,2655,10251,63,68,64,17410,P2,Not Active,Not Active,Not Active,Not Active
2026/10/07 15:09:12.486,239.53,450.00,2655,10251,63,79,75,17410,P2,Not Active,Not Active,Not Active,Not Active
2026/10/07 15:09:12.990,228.27,450.00,2655,10251,63,75,71,17410,P2,Not Active,Not Active,Not Active,Not Active
2026/10/07 15:09:13.495,231.50,450.00,2655,10251,63,79,75,17410,P2,Not Active,Not Active,Not Active,Not Active
2026/10/07 15:09:13.999,239.33,450.00,2655,10251,63,85,80,17410,P2,Not Active,Not Active,Not Active,Not Active
2026/10/07 15:09:14.505,240.46,450.00,2655,10251,63,79,75,17410,P2,Not Active,Not Active,Not Active,Not Active
2026/10/07 15:09:15.009,292.50,450.00,2655,10251,66,92,63,17410,P2,Not Active,Not Active,Not Active,Not Active
2026/10/07 15:09:15.512,298.04,450.00,2655,10251,64,90,86,17410,P2,Not Active,Not Active,Not Active,Not Active
2026/10/07 15:09:16.015,255.30,450.00,2655,10251,64,90,85,17410,P2,Not Active,Not Active,Not Active,Not Active
2026/10/07 15:09:16.519,256.27,450.00,2655,10251,64,90,86,17410,P2,Not Active,Not Active,Not Active,Not Active
2026/10/07 15:09:17.025,256.19,450.00,2655,10251,64,90,85,17410,P2,Not Active,Not Active,Not Active,Not Active
2026/10/07 15:09:17.528,255.74,450.00,2655,10251,64,89,85,17410,P2,Not Active,Not Active,Not Active,Not Active
2026/10/07 15:09:18.031,203.99,450.00,2670,10251,60,0,0,17410,P2,Not Active,Not Active,Not Active,Not Active
