timestamp,power_w,power_limit_w,clock_sm_mhz,clock_mem_mhz,temp_c,util_gpu_pct,util_mem_pct,mem_used_mib,pstate,throttle_sw_power_cap,throttle_hw_thermal,throttle_sw_thermal,throttle_hw_slowdown
2026/10/07 10:15:03.415,75.09,450.00,2685,10251,42,0,0,16423,P2,Not Active,Not Active,Not Active,Not Active
2026/10/07 10:15:03.919,75.09,450.00,2685,10251,42,0,0,16423,P2,Not Active,Not Active,Not Active,Not Active
2026/10/07 10:15:04.482,69.79,450.00,2520,10251,42,0,0,16423,P2,Not Active,Not Active,Not Active,Not Active
2026/10/07 10:15:05.037,65.37,450.00,2520,10251,42,0,0,16423,P2,Not Active,Not Active,Not Active,Not Active
2026/10/07 10:15:05.597,61.62,450.00,2520,10251,42,0,0,16423,P2,Not Active,Not Active,Not Active,Not Active
2026/10/07 10:15:06.177,61.75,450.00,2520,10251,42,0,0,16423,P2,Not Active,Not Active,Not Active,Not Active
2026/10/07 10:15:06.756,62.03,450.00,2520,10251,42,0,0,16423,P2,Not Active,Not Active,Not Active,Not Active
2026/10/07 10:15:07.329,62.03,450.00,2520,10251,42,0,3,16423,P5,Not Active,Not Active,Not Active,Not Active
2026/10/07 10:15:07.903,40.54,450.00,420,810,41,0,3,16423,P5,Not Active,Not Active,Not Active,Not Active
2026/10/07 10:15:08.481,32.45,450.00,420,810,41,0,3,16423,P8,Not Active,Not Active,Not Active,Not Active
2026/10/07 10:15:09.077,32.45,450.00,270,405,41,0,5,16423,P8,Not Active,Not Active,Not Active,Not Active
2026/10/07 10:15:09.698,23.82,450.00,210,405,40,0,5,16423,P8,Not Active,Not Active,Not Active,Not Active
2026/10/07 10:15:10.290,23.82,450.00,210,405,40,0,5,16423,P8,Not Active,Not Active,Not Active,Not Active
2026/10/07 10:15:10.892,21.16,450.00,210,405,40,0,5,16423,P8,Not Active,Not Active,Not Active,Not Active
2026/10/07 10:15:11.487,20.73,450.00,210,405,40,0,5,16423,P8,Not Active,Not Active,Not Active,Not Active
2026/10/07 10:15:12.110,22.78,450.00,210,405,40,44,31,16549,P8,Not Active,Not Active,Not Active,Not Active
2026/10/07 10:15:12.721,105.34,450.00,2685,10251,46,60,59,16561,P2,Not Active,Not Active,Not Active,Not Active
2026/10/07 10:15:13.236,203.42,450.00,2685,10251,48,77,76,16561,P2,Not Active,Not Active,Not Active,Not Active
2026/10/07 10:15:13.741,241.27,450.00,2685,10251,48,78,77,16563,P2,Not Active,Not Active,Not Active,Not Active
2026/10/07 10:15:14.244,244.51,450.00,2685,10251,49,91,90,16563,P2,Not Active,Not Active,Not Active,Not Active
2026/10/07 10:15:14.748,243.71,450.00,2685,10251,49,80,80,16563,P2,Not Active,Not Active,Not Active,Not Active
2026/10/07 10:15:15.252,257.73,450.00,2685,10251,50,91,90,16563,P2,Not Active,Not Active,Not Active,Not Active
2026/10/07 10:15:15.755,278.91,450.00,2670,10251,50,91,90,16563,P2,Not Active,Not Active,Not Active,Not Active
2026/10/07 10:15:16.263,280.39,450.00,2670,10251,51,91,90,16563,P2,Not Active,Not Active,Not Active,Not Active
2026/10/07 10:15:16.766,271.28,450.00,2670,10251,51,91,90,16563,P2,Not Active,Not Active,Not Active,Not Active
2026/10/07 10:15:17.270,271.23,450.00,2670,10251,51,91,90,16563,P2,Not Active,Not Active,Not Active,Not Active
2026/10/07 10:15:17.773,271.77,450.00,2670,10251,51,91,90,16563,P2,Not Active,Not Active,Not Active,Not Active
2026/10/07 10:15:18.278,281.01,450.00,2670,10251,51,91,90,16563,P2,Not Active,Not Active,Not Active,Not Active
2026/10/07 10:15:18.783,280.89,450.00,2670,10251,51,91,90,16563,P2,Not Active,Not Active,Not Active,Not Active
2026/10/07 10:15:19.286,272.25,450.00,2670,10251,52,91,90,16563,P2,Not Active,Not Active,Not Active,Not Active
2026/10/07 10:15:19.790,272.63,450.00,2670,10251,52,91,90,16563,P2,Not Active,Not Active,Not Active,Not Active
2026/10/07 10:15:20.293,272.56,450.00,2670,10251,52,91,90,16563,P2,Not Active,Not Active,Not Active,Not Active
2026/10/07 10:15:20.799,280.70,450.00,2670,10251,53,91,90,16563,P2,Not Active,Not Active,Not Active,Not Active
2026/10/07 10:15:21.303,280.44,450.00,2670,10251,52,90,89,16563,P2,Not Active,Not Active,Not Active,Not Active
2026/10/07 10:15:21.806,272.79,450.00,2670,10251,52,91,90,16563,P2,Not Active,Not Active,Not Active,Not Active
2026/10/07 10:15:22.310,273.55,450.00,2670,10251,52,91,90,16563,P2,Not Active,Not Active,Not Active,Not Active
2026/10/07 10:15:22.814,273.71,450.00,2670,10251,52,91,90,16563,P2,Not Active,Not Active,Not Active,Not Active
2026/10/07 10:15:23.319,282.71,450.00,2670,10251,57,91,76,16563,P2,Not Active,Not Active,Not Active,Not Active
2026/10/07 10:15:23.822,282.84,450.00,2670,10251,53,91,90,16563,P2,Not Active,Not Active,Not Active,Not Active
2026/10/07 10:15:24.326,274.06,450.00,2670,10251,53,91,90,16563,P2,Not Active,Not Active,Not Active,Not Active
2026/10/07 10:15:24.829,273.39,450.00,2670,10251,53,91,90,16563,P2,Not Active,Not Active,Not Active,Not Active
2026/10/07 10:15:25.334,272.90,450.00,2670,10251,53,90,89,16563,P2,Not Active,Not Active,Not Active,Not Active
2026/10/07 10:15:25.838,280.68,450.00,2670,10251,53,90,75,16563,P2,Not Active,Not Active,Not Active,Not Active
2026/10/07 10:15:26.342,279.23,450.00,2670,10251,54,89,88,16563,P2,Not Active,Not Active,Not Active,Not Active
2026/10/07 10:15:26.845,279.37,450.00,2670,10251,54,90,89,16563,P2,Not Active,Not Active,Not Active,Not Active
2026/10/07 10:15:27.349,273.40,450.00,2670,10251,54,91,90,16563,P2,Not Active,Not Active,Not Active,Not Active
2026/10/07 10:15:27.853,274.65,450.00,2670,10251,54,91,90,16563,P2,Not Active,Not Active,Not Active,Not Active
2026/10/07 10:15:28.358,279.79,450.00,2670,10251,54,90,80,16563,P2,Active,Not Active,Not Active,Not Active
2026/10/07 10:15:28.862,282.72,450.00,2670,10251,55,90,89,16563,P2,Not Active,Not Active,Not Active,Not Active
2026/10/07 10:15:29.366,282.43,450.00,2670,10251,54,91,90,16563,P2,Not Active,Not Active,Not Active,Not Active
2026/10/07 10:15:29.869,274.62,450.00,2670,10251,54,91,90,16563,P2,Not Active,Not Active,Not Active,Not Active
2026/10/07 10:15:30.373,275.23,450.00,2670,10251,55,91,90,16563,P2,Not Active,Not Active,Not Active,Not Active
2026/10/07 10:15:30.877,274.62,450.00,2670,10251,55,89,88,16563,P2,Not Active,Not Active,Not Active,Not Active
2026/10/07 10:15:31.381,283.70,450.00,2670,10251,56,91,90,16563,P2,Not Active,Not Active,Not Active,Not Active
2026/10/07 10:15:31.886,284.04,450.00,2670,10251,55,91,90,16563,P2,Not Active,Not Active,Not Active,Not Active
2026/10/07 10:15:32.389,274.83,450.00,2670,10251,55,91,90,16563,P2,Not Active,Not Active,Not Active,Not Active
2026/10/07 10:15:32.895,275.45,450.00,2670,10251,55,91,90,16563,P2,Not Active,Not Active,Not Active,Not Active
2026/10/07 10:15:33.398,275.82,450.00,2670,10251,55,91,90,16563,P2,Not Active,Not Active,Not Active,Not Active
2026/10/07 10:15:33.902,284.08,450.00,2670,10251,62,93,80,16563,P2,Not Active,Not Active,Not Active,Not Active
2026/10/07 10:15:34.406,284.27,450.00,2670,10251,56,91,90,16563,P2,Not Active,Not Active,Not Active,Not Active
2026/10/07 10:15:34.909,275.44,450.00,2670,10251,56,89,88,16563,P2,Not Active,Not Active,Not Active,Not Active
2026/10/07 10:15:35.415,275.29,450.00,2670,10251,56,90,89,16563,P2,Not Active,Not Active,Not Active,Not Active
2026/10/07 10:15:35.919,276.22,450.00,2670,10251,56,91,90,16563,P2,Not Active,Not Active,Not Active,Not Active
2026/10/07 10:15:36.423,284.39,450.00,2670,10251,56,91,76,16563,P2,Not Active,Not Active,Not Active,Not Active
2026/10/07 10:15:36.926,283.48,450.00,2670,10251,56,88,87,16563,P2,Not Active,Not Active,Not Active,Not Active
2026/10/07 10:15:37.431,275.36,450.00,2670,10251,56,91,90,16563,P2,Not Active,Not Active,Not Active,Not Active
2026/10/07 10:15:37.935,276.78,450.00,2670,10251,56,91,90,16563,P2,Not Active,Not Active,Not Active,Not Active
2026/10/07 10:15:38.439,277.09,450.00,2670,10251,57,91,90,16563,P2,Not Active,Not Active,Not Active,Not Active
2026/10/07 10:15:38.943,285.17,450.00,2670,10251,57,89,88,16563,P2,Not Active,Not Active,Not Active,Not Active
2026/10/07 10:15:39.482,285.44,450.00,2670,10251,57,91,90,16563,P2,Not Active,Not Active,Not Active,Not Active
2026/10/07 10:15:39.985,277.64,450.00,2670,10251,57,91,90,16563,P2,Not Active,Not Active,Not Active,Not Active
2026/10/07 10:15:40.490,277.07,450.00,2670,10251,57,91,90,16563,P2,Not Active,Not Active,Not Active,Not Active
2026/10/07 10:15:40.994,276.92,450.00,2670,10251,57,91,90,16563,P2,Not Active,Not Active,Not Active,Not Active
2026/10/07 10:15:41.498,284.95,450.00,2670,10251,57,91,90,16563,P2,Not Active,Not Active,Not Active,Not Active
2026/10/07 10:15:42.002,285.11,450.00,2670,10251,58,91,90,16563,P2,Not Active,Not Active,Not Active,Not Active
2026/10/07 10:15:42.506,285.61,450.00,2670,10251,58,91,90,16563,P2,Not Active,Not Active,Not Active,Not Active
2026/10/07 10:15:43.011,277.50,450.00,2670,10251,58,91,90,16563,P2,Not Active,Not Active,Not Active,Not Active
2026/10/07 10:15:43.514,277.74,450.00,2670,10251,58,91,90,16563,P2,Not Active,Not Active,Not Active,Not Active
2026/10/07 10:15:44.017,277.82,450.00,2670,10251,58,91,90,16563,P2,Active,Not Active,Not Active,Not Active
2026/10/07 10:15:44.521,285.56,450.00,2670,10251,59,91,90,16563,P2,Not Active,Not Active,Not Active,Not Active
2026/10/07 10:15:45.025,284.51,450.00,2670,10251,58,91,90,16563,P2,Not Active,Not Active,Not Active,Not Active
2026/10/07 10:15:45.530,274.72,450.00,2670,10251,58,91,90,16563,P2,Not Active,Not Active,Not Active,Not Active
2026/10/07 10:15:46.033,267.73,450.00,2670,10251,58,77,76,16563,P2,Not Active,Not Active,Not Active,Not Active
2026/10/07 10:15:46.537,259.01,450.00,2670,10251,58,77,76,16563,P2,Not Active,Not Active,Not Active,Not Active
2026/10/07 10:15:47.040,261.32,450.00,2670,10251,57,81,66,16563,P2,Not Active,Not Active,Not Active,Not Active
2026/10/07 10:15:47.544,256.19,450.00,2670,10251,58,71,70,16563,P2,Not Active,Not Active,Not Active,Not Active
2026/10/07 10:15:48.053,245.01,450.00,2670,10251,58,71,70,16563,P2,Not Active,Not Active,Not Active,Not Active
2026/10/07 10:15:48.557,250.21,450.00,2670,10251,57,82,81,16563,P2,Not Active,Not Active,Not Active,Not Active
2026/10/07 10:15:49.061,248.00,450.00,2670,10251,58,75,74,16563,P2,Not Active,Not Active,Not Active,Not Active
2026/10/07 10:15:49.565,244.09,450.00,2670,10251,57,82,81,16563,P2,Not Active,Not Active,Not Active,Not Active
2026/10/07 10:15:50.071,253.18,450.00,2670,10251,58,74,74,16563,P2,Not Active,Not Active,Not Active,Not Active
2026/10/07 10:15:50.605,260.91,450.00,2670,10251,60,82,81,16563,P2,Not Active,Not Active,Not Active,Not Active
2026/10/07 10:15:51.110,264.55,450.00,2670,10251,59,73,72,16563,P2,Not Active,Not Active,Not Active,Not Active
2026/10/07 10:15:51.613,256.42,450.00,2670,10251,58,84,83,16563,P2,Not Active,Not Active,Not Active,Not Active
2026/10/07 10:15:52.118,270.53,450.00,2670,10251,59,89,88,16563,P2,Not Active,Not Active,Not Active,Not Active
2026/10/07 10:15:52.622,275.47,450.00,2670,10251,59,91,90,16563,P2,Not Active,Not Active,Not Active,Not Active
2026/10/07 10:15:53.127,277.21,450.00,2670,10251,59,79,64,16563,P2,Not Active,Not Active,Not Active,Not Active
2026/10/07 10:15:53.632,263.70,450.00,2670,10251,58,80,79,16563,P2,Not Active,Not Active,Not Active,Not Active
2026/10/07 10:15:54.136,254.88,450.00,2670,10251,59,84,83,16563,P2,Not Active,Not Active,Not Active,Not Active
2026/10/07 10:15:54.640,268.61,450.00,2670,10251,59,89,88,16563,P2,Not Active,Not Active,Not Active,Not Active
2026/10/07 10:15:55.145,271.37,450.00,2670,10251,60,84,83,16563,P2,Not Active,Not Active,Not Active,Not Active
2026/10/07 10:15:55.651,261.11,450.00,2670,10251,59,79,78,16563,P2,Not Active,Not Active,Not Active,Not Active
2026/10/07 10:15:56.154,263.63,450.00,2670,10251,59,75,74,16563,P2,Not Active,Not Active,Not Active,Not Active
2026/10/07 10:15:56.658,272.13,450.00,2670,10251,59,88,86,16563,P2,Not Active,Not Active,Not Active,Not Active
2026/10/07 10:15:57.162,266.61,450.00,2670,10251,60,89,88,16563,P2,Not Active,Not Active,Not Active,Not Active
2026/10/07 10:15:57.667,270.60,450.00,2670,10251,60,85,84,16563,P2,Not Active,Not Active,Not Active,Not Active
2026/10/07 10:15:58.171,274.94,450.00,2670,10251,60,88,87,16563,P2,Not Active,Not Active,Not Active,Not Active
2026/10/07 10:15:58.675,280.91,450.00,2670,10251,60,81,66,16563,P2,Not Active,Not Active,Not Active,Not Active
2026/10/07 10:15:59.179,271.18,450.00,2670,10251,60,87,86,16563,P2,Not Active,Not Active,Not Active,Not Active
2026/10/07 10:15:59.685,255.69,450.00,2670,10251,60,74,73,16563,P2,Not Active,Not Active,Not Active,Not Active
2026/10/07 10:16:00.189,252.45,450.00,2670,10251,59,74,73,16563,P2,Not Active,Not Active,Not Active,Not Active
2026/10/07 10:16:00.693,249.34,450.00,2670,10251,60,77,76,16563,P2,Not Active,Not Active,Not Active,Not Active
2026/10/07 10:16:01.198,243.40,450.00,2670,10251,59,76,75,16563,P2,Not Active,Not Active,Not Active,Not Active
2026/10/07 10:16:01.702,260.46,450.00,2595,10251,66,76,75,16563,P2,Not Active,Not Active,Not Active,Not Active
2026/10/07 10:16:02.221,259.98,450.00,2670,10251,60,69,68,16563,P2,Not Active,Not Active,Not Active,Not Active
2026/10/07 10:16:02.726,263.91,450.00,2670,10251,61,77,76,16563,P2,Not Active,Not Active,Not Active,Not Active
2026/10/07 10:16:03.230,252.66,450.00,2670,10251,61,74,73,16563,P2,Not Active,Not Active,Not Active,Not Active
2026/10/07 10:16:03.733,248.39,450.00,2670,10251,60,70,69,16563,P2,Not Active,Not Active,Not Active,Not Active
2026/10/07 10:16:04.237,249.14,450.00,2670,10251,60,77,76,16563,P2,Not Active,Not Active,Not Active,Not Active
2026/10/07 10:16:04.742,264.92,450.00,2670,10251,60,78,63,16563,P2,Not Active,Not Active,Not Active,Not Active
2026/10/07 10:16:05.252,262.68,450.00,2670,10251,61,87,86,16563,P2,Not Active,Not Active,Not Active,Not Active
2026/10/07 10:16:05.755,265.82,450.00,2670,10251,61,75,74,16563,P2,Not Active,Not Active,Not Active,Not Active
2026/10/07 10:16:06.258,247.87,450.00,2670,10251,60,64,63,16563,P2,Not Active,Not Active,Not Active,Not Active
2026/10/07 10:16:06.763,244.01,450.00,2670,10251,61,71,70,16563,P2,Not Active,Not Active,Not Active,Not Active
2026/10/07 10:16:07.267,247.60,450.00,2670,10251,60,66,65,16563,P2,Not Active,Not Active,Not Active,Not Active
2026/10/07 10:16:07.770,248.50,450.00,2670,10251,61,79,79,16563,P2,Not Active,Not Active,Not Active,Not Active
2026/10/07 10:16:08.274,268.32,450.00,2670,10251,62,74,73,16563,P2,Not Active,Not Active,Not Active,Not Active
2026/10/07 10:16:08.777,269.88,450.00,2670,10251,61,83,82,16563,P2,Not Active,Not Active,Not Active,Not Active
2026/10/07 10:16:09.283,270.86,450.00,2670,10251,62,84,83,16563,P2,Not Active,Not Active,Not Active,Not Active
2026/10/07 10:16:09.786,274.50,450.00,2670,10251,62,88,87,16563,P2,Not Active,Not Active,Not Active,Not Active
2026/10/07 10:16:10.290,274.52,450.00,2670,10251,61,89,88,16563,P2,Not Active,Not Active,Not Active,Not Active
2026/10/07 10:16:10.793,279.17,450.00,2595,10251,63,86,71,16563,P2,Not Active,Not Active,Not Active,Not Active
2026/10/07 10:16:11.296,277.80,450.00,2655,10251,62,83,81,16563,P2,Not Active,Not Active,Not Active,Not Active
2026/10/07 10:16:11.803,268.30,450.00,2655,10251,61,81,80,16563,P2,Not Active,Not Active,Not Active,Not Active
2026/10/07 10:16:12.306,268.00,450.00,2655,10251,62,84,82,16563,P2,Not Active,Not Active,Not Active,Not Active
2026/10/07 10:16:12.809,266.98,450.00,2655,10251,62,87,86,16563,P2,Not Active,Not Active,Not Active,Not Active
2026/10/07 10:16:13.313,266.05,450.00,2655,10251,62,85,84,16563,P2,Not Active,Not Active,Not Active,Not Active
2026/10/07 10:16:13.816,279.27,450.00,2655,10251,62,88,87,16563,P2,Not Active,Not Active,Not Active,Not Active
2026/10/07 10:16:14.321,271.13,450.00,2655,10251,62,73,72,16563,P2,Not Active,Not Active,Not Active,Not Active
2026/10/07 10:16:14.824,259.49,450.00,2655,10251,62,87,86,16563,P2,Not Active,Not Active,Not Active,Not Active
2026/10/07 10:16:15.327,269.85,450.00,2655,10251,63,86,85,16563,P2,Not Active,Not Active,Not Active,Not Active
2026/10/07 10:16:15.830,279.49,450.00,2655,10251,63,91,90,16563,P2,Not Active,Not Active,Not Active,Not Active
2026/10/07 10:16:16.334,290.26,450.00,2655,10251,66,90,89,16563,P2,Not Active,Not Active,Not Active,Not Active
2026/10/07 10:16:16.839,289.72,450.00,2655,10251,63,91,90,16563,P2,Not Active,Not Active,Not Active,Not Active
2026/10/07 10:16:17.342,281.17,450.00,2655,10251,63,91,90,16563,P2,Not Active,Not Active,Not Active,Not Active
2026/10/07 10:16:17.846,280.81,450.00,2655,10251,63,91,90,16563,P2,Not Active,Not Active,Not Active,Not Active
2026/10/07 10:16:18.349,280.17,450.00,2655,10251,63,90,89,16563,P2,Not Active,Not Active,Not Active,Not Active
2026/10/07 10:16:18.852,287.68,450.00,2655,10251,63,91,90,16563,P2,Not Active,Not Active,Not Active,Not Active
2026/10/07 10:16:19.375,290.58,450.00,2655,10251,63,91,90,16563,P2,Not Active,Not Active,Not Active,Not Active
2026/10/07 10:16:19.882,290.58,450.00,2655,10251,63,91,90,16563,P2,Not Active,Not Active,Not Active,Not Active
2026/10/07 10:16:20.386,282.24,450.00,2655,10251,63,91,90,16563,P2,Not Active,Not Active,Not Active,Not Active
2026/10/07 10:16:20.889,282.32,450.00,2655,10251,63,91,90,16563,P2,Not Active,Not Active,Not Active,Not Active
2026/10/07 10:16:21.392,282.26,450.00,2655,10251,64,91,90,16563,P2,Not Active,Not Active,Not Active,Not Active
2026/10/07 10:16:21.896,290.65,450.00,2655,10251,64,91,90,16563,P2,Not Active,Not Active,Not Active,Not Active
2026/10/07 10:16:22.401,290.29,450.00,2655,10251,64,91,90,16563,P2,Not Active,Not Active,Not Active,Not Active
2026/10/07 10:16:22.905,282.21,450.00,2655,10251,64,91,90,16563,P2,Not Active,Not Active,Not Active,Not Active
2026/10/07 10:16:23.408,282.33,450.00,2655,10251,64,91,90,16563,P2,Not Active,Not Active,Not Active,Not Active
2026/10/07 10:16:23.911,282.50,450.00,2655,10251,64,91,90,16563,P2,Not Active,Not Active,Not Active,Not Active
2026/10/07 10:16:24.415,290.89,450.00,2655,10251,65,91,90,16563,P2,Not Active,Not Active,Not Active,Not Active
2026/10/07 10:16:24.922,290.88,450.00,2655,10251,64,91,89,16563,P2,Not Active,Not Active,Not Active,Not Active
2026/10/07 10:16:25.425,282.97,450.00,2655,10251,64,91,90,16563,P2,Not Active,Not Active,Not Active,Not Active
2026/10/07 10:16:25.928,283.02,450.00,2655,10251,64,91,90,16563,P2,Not Active,Not Active,Not Active,Not Active
2026/10/07 10:16:26.432,282.59,450.00,2655,10251,64,90,89,16563,P2,Not Active,Not Active,Not Active,Not Active
2026/10/07 10:16:26.937,290.78,450.00,2655,10251,69,91,90,16563,P2,Not Active,Not Active,Not Active,Not Active
2026/10/07 10:16:27.441,290.84,450.00,2655,10251,64,91,90,16563,P2,Not Active,Not Active,Not Active,Not Active
2026/10/07 10:16:27.944,283.11,450.00,2655,10251,64,91,90,16563,P2,Not Active,Not Active,Not Active,Not Active
2026/10/07 10:16:28.448,283.81,450.00,2655,10251,65,91,90,16563,P2,Not Active,Not Active,Not Active,Not Active
2026/10/07 10:16:28.951,283.87,450.00,2655,10251,65,91,90,16563,P2,Not Active,Not Active,Not Active,Not Active
2026/10/07 10:16:29.456,291.37,450.00,2655,10251,65,92,77,16563,P2,Not Active,Not Active,Not Active,Not Active
2026/10/07 10:16:29.960,291.35,450.00,2655,10251,65,91,90,16563,P2,Not Active,Not Active,Not Active,Not Active
2026/10/07 10:16:30.464,283.37,450.00,2655,10251,65,91,90,16563,P2,Not Active,Not Active,Not Active,Not Active
2026/10/07 10:16:30.969,283.96,450.00,2655,10251,65,91,90,16563,P2,Not Active,Not Active,Not Active,Not Active
2026/10/07 10:16:31.473,283.84,450.00,2655,10251,65,91,90,16563,P2,Not Active,Not Active,Not Active,Not Active
2026/10/07 10:16:31.978,292.54,450.00,2655,10251,65,91,76,16563,P2,Not Active,Not Active,Not Active,Not Active
2026/10/07 10:16:32.523,291.22,450.00,2655,10251,65,91,90,16563,P2,Not Active,Not Active,Not Active,Not Active
2026/10/07 10:16:33.027,291.05,450.00,2655,10251,65,90,89,16563,P2,Not Active,Not Active,Not Active,Not Active
2026/10/07 10:16:33.531,282.66,450.00,2655,10251,65,90,89,16563,P2,Not Active,Not Active,Not Active,Not Active
2026/10/07 10:16:34.038,282.94,450.00,2655,10251,65,91,90,16563,P2,Not Active,Not Active,Not Active,Not Active
2026/10/07 10:16:34.542,288.83,450.00,2655,10251,65,91,80,16563,P2,Active,Not Active,Not Active,Not Active
2026/10/07 10:16:35.045,290.92,450.00,2655,10251,65,89,88,16563,P2,Not Active,Not Active,Not Active,Not Active
2026/10/07 10:16:35.548,291.48,450.00,2655,10251,65,91,90,16563,P2,Not Active,Not Active,Not Active,Not Active
2026/10/07 10:16:36.052,283.67,450.00,2655,10251,65,90,89,16563,P2,Not Active,Not Active,Not Active,Not Active
2026/10/07 10:16:36.557,283.60,450.00,2655,10251,65,91,90,16563,P2,Not Active,Not Active,Not Active,Not Active
2026/10/07 10:16:37.060,283.34,450.00,2655,10251,65,90,89,16563,P2,Not Active,Not Active,Not Active,Not Active
2026/10/07 10:16:37.564,291.97,450.00,2655,10251,70,90,89,16563,P2,Not Active,Not Active,Not Active,Not Active
2026/10/07 10:16:38.067,292.89,450.00,2655,10251,65,91,90,16563,P2,Not Active,Not Active,Not Active,Not Active
2026/10/07 10:16:38.573,284.66,450.00,2655,10251,65,91,90,16563,P2,Not Active,Not Active,Not Active,Not Active
2026/10/07 10:16:39.076,284.78,450.00,2655,10251,65,91,90,16563,P2,Not Active,Not Active,Not Active,Not Active
2026/10/07 10:16:39.579,284.83,450.00,2655,10251,66,90,89,16563,P2,Not Active,Not Active,Not Active,Not Active
2026/10/07 10:16:40.083,231.89,450.00,2655,10251,66,1,1,16563,P2,Not Active,Not Active,Not Active,Not Active
2026/10/07 10:16:40.590,141.47,450.00,2670,10251,60,0,0,16563,P2,Not Active,Not Active,Not Active,Not Active
2026/10/07 10:16:41.098,105.35,450.00,2670,10251,59,0,0,16563,P2,Not Active,Not Active,Not Active,Not Active
2026/10/07 10:16:41.606,105.35,450.00,2670,10251,59,0,0,16563,P2,Not Active,Not Active,Not Active,Not Active
2026/10/07 10:16:42.165,79.82,450.00,2670,10251,58,0,0,16563,P3,Not Active,Not Active,Not Active,Not Active
2026/10/07 10:16:42.724,62.56,450.00,345,5001,57,0,0,16563,P3,Not Active,Not Active,Not Active,Not Active
2026/10/07 10:16:43.307,42.59,450.00,270,5001,56,0,0,16563,P3,Not Active,Not Active,Not Active,Not Active
2026/10/07 10:16:43.872,42.59,450.00,270,5001,56,0,0,16563,P3,Not Active,Not Active,Not Active,Not Active
2026/10/07 10:16:44.432,40.10,450.00,270,5001,56,0,0,16563,P5,Not Active,Not Active,Not Active,Not Active
2026/10/07 10:16:45.008,40.10,450.00,210,5001,56,0,2,16563,P5,Not Active,Not Active,Not Active,Not Active
2026/10/07 10:16:45.581,36.06,450.00,210,5001,56,0,2,16563,P5,Not Active,Not Active,Not Active,Not Active
2026/10/07 10:16:46.159,36.06,450.00,210,810,56,0,2,16563,P8,Not Active,Not Active,Not Active,Not Active
2026/10/07 10:16:46.800,31.55,450.00,210,405,55,0,5,16563,P8,Not Active,Not Active,Not Active,Not Active
2026/10/07 10:16:47.400,26.56,450.00,210,405,55,0,5,16563,P8,Not Active,Not Active,Not Active,Not Active
2026/10/07 10:16:47.992,26.56,450.00,210,405,55,0,5,16563,P8,Not Active,Not Active,Not Active,Not Active
2026/10/07 10:16:48.596,22.08,450.00,210,405,55,0,5,16563,P8,Not Active,Not Active,Not Active,Not Active
2026/10/07 10:16:49.198,22.08,450.00,210,405,54,0,5,16563,P8,Not Active,Not Active,Not Active,Not Active
2026/10/07 10:16:49.796,22.06,450.00,210,405,54,0,5,16563,P8,Not Active,Not Active,Not Active,Not Active
2026/10/07 10:16:50.406,22.37,450.00,210,405,54,0,5,16563,P8,Not Active,Not Active,Not Active,Not Active
2026/10/07 10:16:51.010,22.37,450.00,210,405,54,0,5,16563,P8,Not Active,Not Active,Not Active,Not Active
2026/10/07 10:16:51.619,22.80,450.00,210,405,54,0,5,16563,P8,Not Active,Not Active,Not Active,Not Active
2026/10/07 10:16:52.303,59.77,450.00,2670,10251,60,87,72,16563,P2,Not Active,Not Active,Not Active,Not Active
2026/10/07 10:16:52.808,210.87,450.00,2670,10251,62,85,83,16563,P2,Not Active,Not Active,Not Active,Not Active
2026/10/07 10:16:53.312,274.72,450.00,2670,10251,62,88,87,16563,P2,Not Active,Not Active,Not Active,Not Active
2026/10/07 10:16:53.816,275.96,450.00,2670,10251,62,91,90,16563,P2,Not Active,Not Active,Not Active,Not Active
2026/10/07 10:16:54.320,276.82,450.00,2670,10251,62,91,90,16563,P2,Not Active,Not Active,Not Active,Not Active
2026/10/07 10:16:54.824,270.77,450.00,2670,10251,61,69,66,16563,P2,Not Active,Not Active,Not Active,Not Active
2026/10/07 10:16:55.345,270.05,450.00,2670,10251,63,90,89,16563,P2,Not Active,Not Active,Not Active,Not Active
2026/10/07 10:16:55.850,285.61,450.00,2670,10251,63,91,89,16563,P2,Not Active,Not Active,Not Active,Not Active
2026/10/07 10:16:56.354,280.30,450.00,2670,10251,63,91,89,16563,P2,Not Active,Not Active,Not Active,Not Active
2026/10/07 10:16:56.859,280.83,450.00,2670,10251,63,91,90,16563,P2,Not Active,Not Active,Not Active,Not Active
2026/10/07 10:16:57.362,274.76,450.00,2670,10251,62,80,79,16563,P2,Not Active,Not Active,Not Active,Not Active
2026/10/07 10:16:57.868,273.57,450.00,2655,10251,63,80,79,16563,P2,Not Active,Not Active,Not Active,Not Active
2026/10/07 10:16:58.372,276.06,450.00,2655,10251,63,91,90,16563,P2,Not Active,Not Active,Not Active,Not Active
2026/10/07 10:16:58.875,275.23,450.00,2655,10251,63,88,87,16563,P2,Not Active,Not Active,Not Active,Not Active
2026/10/07 10:16:59.378,280.27,450.00,2655,10251,63,90,88,16563,P2,Not Active,Not Active,Not Active,Not Active
2026/10/07 10:16:59.882,281.07,450.00,2655,10251,63,90,89,16563,P2,Not Active,Not Active,Not Active,Not Active
2026/10/07 10:17:00.387,288.65,450.00,2655,10251,70,91,76,16563,P2,Not Active,Not Active,Not Active,Not Active
2026/10/07 10:17:00.891,286.86,450.00,2655,10251,63,84,83,16563,P2,Not Active,Not Active,Not Active,Not Active
2026/10/07 10:17:01.395,277.61,450.00,2655,10251,64,90,89,16563,P2,Not Active,Not Active,Not Active,Not Active
2026/10/07 10:17:01.898,280.29,450.00,2655,10251,64,90,89,16563,P2,Not Active,Not Active,Not Active,Not Active
2026/10/07 10:17:02.401,282.64,450.00,2655,10251,64,91,90,16563,P2,Not Active,Not Active,Not Active,Not Active
2026/10/07 10:17:02.906,289.51,450.00,2655,10251,64,91,90,16563,P2,Not Active,Not Active,Not Active,Not Active
2026/10/07 10:17:03.454,284.60,450.00,2655,10251,63,83,81,16563,P2,Not Active,Not Active,Not Active,Not Active
2026/10/07 10:17:03.959,277.73,450.00,2655,10251,64,91,90,16563,P2,Not Active,Not Active,Not Active,Not Active
2026/10/07 10:17:04.463,282.11,450.00,2655,10251,64,90,89,16563,P2,Not Active,Not Active,Not Active,Not Active
2026/10/07 10:17:04.967,282.95,450.00,2655,10251,64,91,90,16563,P2,Not Active,Not Active,Not Active,Not Active
2026/10/07 10:17:05.470,277.28,450.00,2655,10251,64,78,77,16563,P2,Not Active,Not Active,Not Active,Not Active
2026/10/07 10:17:05.973,285.49,450.00,2655,10251,65,91,90,16563,P2,Not Active,Not Active,Not Active,Not Active
2026/10/07 10:17:06.477,289.98,450.00,2655,10251,64,91,90,16563,P2,Not Active,Not Active,Not Active,Not Active
2026/10/07 10:17:06.980,283.09,450.00,2655,10251,64,91,90,16563,P2,Not Active,Not Active,Not Active,Not Active
2026/10/07 10:17:07.485,277.38,450.00,2655,10251,64,76,75,16563,P2,Not Active,Not Active,Not Active,Not Active
2026/10/07 10:17:07.988,271.46,450.00,2655,10251,64,82,81,16563,P2,Not Active,Not Active,Not Active,Not Active
2026/10/07 10:17:08.492,282.41,450.00,2655,10251,67,84,69,16563,P2,Not Active,Not Active,Not Active,Not Active
2026/10/07 10:17:08.995,286.12,450.00,2655,10251,65,91,89,16563,P2,Not Active,Not Active,Not Active,Not Active
2026/10/07 10:17:09.499,283.47,450.00,2655,10251,65,91,89,16563,P2,Not Active,Not Active,Not Active,Not Active
2026/10/07 10:17:10.004,283.54,450.00,2655,10251,65,91,90,16563,P2,Not Active,Not Active,Not Active,Not Active
2026/10/07 10:17:10.507,284.00,450.00,2655,10251,65,91,90,16563,P2,Not Active,Not Active,Not Active,Not Active
2026/10/07 10:17:11.011,293.72,450.00,2655,10251,65,91,76,16563,P2,Not Active,Not Active,Not Active,Not Active
2026/10/07 10:17:11.515,279.45,450.00,2655,10251,64,86,84,16563,P2,Not Active,Not Active,Not Active,Not Active
2026/10/07 10:17:12.018,268.44,450.00,2655,10251,65,91,90,16563,P2,Not Active,Not Active,Not Active,Not Active
2026/10/07 10:17:12.523,270.57,450.00,2655,10251,64,80,78,16563,P2,Not Active,Not Active,Not Active,Not Active
2026/10/07 10:17:13.026,262.37,450.00,2655,10251,63,84,82,16563,P2,Not Active,Not Active,Not Active,Not Active
2026/10/07 10:17:13.530,272.36,450.00,2655,10251,65,91,90,16563,P2,Not Active,Not Active,Not Active,Not Active
2026/10/07 10:17:14.033,291.38,450.00,2655,10251,71,90,89,16563,P2,Not Active,Not Active,Not Active,Not Active
2026/10/07 10:17:14.537,289.48,450.00,2655,10251,65,86,85,16563,P2,Not Active,Not Active,Not Active,Not Active
2026/10/07 10:17:15.041,277.25,450.00,2655,10251,65,86,85,16563,P2,Not Active,Not Active,Not Active,Not Active
2026/10/07 10:17:15.545,269.07,450.00,2655,10251,65,85,84,16563,P2,Not Active,Not Active,Not Active,Not Active
2026/10/07 10:17:16.049,261.72,450.00,2655,10251,65,73,72,16563,P2,Not Active,Not Active,Not Active,Not Active
2026/10/07 10:17:16.555,270.98,450.00,2655,10251,65,82,67,16563,P2,Not Active,Not Active,Not Active,Not Active
2026/10/07 10:17:17.097,276.32,450.00,2655,10251,65,86,85,16563,P2,Not Active,Not Active,Not Active,Not Active
2026/10/07 10:17:17.602,284.14,450.00,2655,10251,65,85,84,16563,P2,Not Active,Not Active,Not Active,Not Active
2026/10/07 10:17:18.106,279.57,450.00,2655,10251,65,91,90,16563,P2,Not Active,Not Active,Not Active,Not Active
2026/10/07 10:17:18.610,282.77,450.00,2655,10251,65,89,88,16563,P2,Not Active,Not Active,Not Active,Not Active
2026/10/07 10:17:19.113,283.28,450.00,2655,10251,65,91,90,16563,P2,Not Active,Not Active,Not Active,Not Active
2026/10/07 10:17:19.617,282.06,450.00,2655,10251,72,79,78,16563,P2,Not Active,Not Active,Not Active,Not Active
2026/10/07 10:17:20.122,280.53,450.00,2655,10251,65,89,88,16563,P2,Not Active,Not Active,Not Active,Not Active
2026/10/07 10:17:20.625,279.65,450.00,2655,10251,65,91,90,16563,P2,Not Active,Not Active,Not Active,Not Active
2026/10/07 10:17:21.129,283.87,450.00,2655,10251,65,91,90,16563,P2,Not Active,Not Active,Not Active,Not Active
2026/10/07 10:17:21.632,279.06,450.00,2655,10251,66,85,84,16563,P2,Not Active,Not Active,Not Active,Not Active
2026/10/07 10:17:22.136,282.60,450.00,2655,10251,65,78,77,16563,P2,Not Active,Not Active,Not Active,Not Active
2026/10/07 10:17:22.641,286.82,450.00,2655,10251,66,91,89,16563,P2,Not Active,Not Active,Not Active,Not Active
2026/10/07 10:17:23.144,278.17,450.00,2655,10251,66,82,81,16563,P2,Not Active,Not Active,Not Active,Not Active
2026/10/07 10:17:23.649,279.22,450.00,2655,10251,65,87,86,16563,P2,Not Active,Not Active,Not Active,Not Active
2026/10/07 10:17:24.152,280.43,450.00,2655,10251,66,91,89,16563,P2,Not Active,Not Active,Not Active,Not Active
2026/10/07 10:17:24.658,292.56,450.00,2655,10251,66,90,87,16563,P2,Not Active,Not Active,Not Active,Not Active
2026/10/07 10:17:25.162,293.22,450.00,2655,10251,67,91,90,16563,P2,Not Active,Not Active,Not Active,Not Active
2026/10/07 10:17:25.666,293.57,450.00,2655,10251,66,90,89,16563,P2,Not Active,Not Active,Not Active,Not Active
2026/10/07 10:17:26.170,284.76,450.00,2655,10251,66,91,90,16563,P2,Not Active,Not Active,Not Active,Not Active
2026/10/07 10:17:26.673,284.53,450.00,2655,10251,66,91,90,16563,P2,Not Active,Not Active,Not Active,Not Active
2026/10/07 10:17:27.179,279.19,450.00,2655,10251,65,91,90,16563,P2,Not Active,Not Active,Not Active,Not Active
2026/10/07 10:17:27.682,279.10,450.00,2655,10251,66,73,72,16563,P2,Not Active,Not Active,Not Active,Not Active
2026/10/07 10:17:28.186,269.23,450.00,2655,10251,65,72,71,16563,P2,Not Active,Not Active,Not Active,Not Active
2026/10/07 10:17:28.689,260.90,450.00,2655,10251,65,84,83,16563,P2,Not Active,Not Active,Not Active,Not Active
2026/10/07 10:17:29.193,271.17,450.00,2655,10251,66,91,90,16563,P2,Not Active,Not Active,Not Active,Not Active
2026/10/07 10:17:29.698,281.84,450.00,2655,10251,66,91,90,16563,P2,Not Active,Not Active,Not Active,Not Active
2026/10/07 10:17:30.202,292.62,450.00,2655,10251,66,91,76,16563,P2,Not Active,Not Active,Not Active,Not Active
2026/10/07 10:17:30.706,288.52,450.00,2655,10251,66,86,85,16563,P2,Not Active,Not Active,Not Active,Not Active
2026/10/07 10:17:31.209,279.01,450.00,2655,10251,66,90,89,16563,P2,Not Active,Not Active,Not Active,Not Active
2026/10/07 10:17:31.714,283.23,450.00,2655,10251,66,91,90,16563,P2,Not Active,Not Active,Not Active,Not Active
2026/10/07 10:17:32.220,284.77,450.00,2655,10251,66,91,90,16563,P2,Not Active,Not Active,Not Active,Not Active
2026/10/07 10:17:32.724,292.86,450.00,2655,10251,66,90,75,16563,P2,Not Active,Not Active,Not Active,Not Active
2026/10/07 10:17:33.227,284.08,450.00,2655,10251,69,87,86,16563,P2,Not Active,Not Active,Not Active,Not Active
2026/10/07 10:17:33.731,282.11,450.00,2655,10251,66,85,84,16563,P2,Not Active,Not Active,Not Active,Not Active
2026/10/07 10:17:34.236,276.85,450.00,2655,10251,66,91,90,16563,P2,Not Active,Not Active,Not Active,Not Active
2026/10/07 10:17:34.740,268.74,450.00,2655,10251,66,90,89,16563,P2,Not Active,Not Active,Not Active,Not Active
2026/10/07 10:17:35.244,276.36,450.00,2655,10251,66,91,90,16563,P2,Not Active,Not Active,Not Active,Not Active
2026/10/07 10:17:35.747,287.49,450.00,2655,10251,66,75,74,16563,P2,Not Active,Not Active,Not Active,Not Active
2026/10/07 10:17:36.251,282.10,450.00,2655,10251,66,90,89,16563,P2,Not Active,Not Active,Not Active,Not Active
2026/10/07 10:17:36.756,272.15,450.00,2655,10251,66,89,88,16563,P2,Not Active,Not Active,Not Active,Not Active
2026/10/07 10:17:37.260,276.53,450.00,2655,10251,66,91,90,16563,P2,Not Active,Not Active,Not Active,Not Active
2026/10/07 10:17:37.764,279.07,450.00,2655,10251,66,90,89,16563,P2,Not Active,Not Active,Not Active,Not Active
2026/10/07 10:17:38.268,286.39,450.00,2595,10251,66,91,90,16563,P2,Not Active,Not Active,Not Active,Not Active
2026/10/07 10:17:38.771,283.31,450.00,2655,10251,66,78,77,16563,P2,Not Active,Not Active,Not Active,Not Active
2026/10/07 10:17:39.277,269.14,450.00,2655,10251,66,66,65,16563,P2,Not Active,Not Active,Not Active,Not Active
2026/10/07 10:17:39.781,253.57,450.00,2655,10251,65,68,67,16563,P2,Not Active,Not Active,Not Active,Not Active
2026/10/07 10:17:40.284,264.74,450.00,2655,10251,66,90,89,16563,P2,Not Active,Not Active,Not Active,Not Active
2026/10/07 10:17:40.788,268.83,450.00,2655,10251,66,91,90,16563,P2,Not Active,Not Active,Not Active,Not Active
2026/10/07 10:17:41.294,287.17,450.00,2655,10251,73,89,85,16563,P2,Not Active,Not Active,Not Active,Not Active
2026/10/07 10:17:41.797,292.81,450.00,2655,10251,67,91,90,16563,P2,Not Active,Not Active,Not Active,Not Active
2026/10/07 10:17:42.300,291.91,450.00,2655,10251,66,89,88,16563,P2,Not Active,Not Active,Not Active,Not Active
2026/10/07 10:17:42.804,284.42,450.00,2655,10251,67,91,90,16563,P2,Not Active,Not Active,Not Active,Not Active
2026/10/07 10:17:43.308,279.80,450.00,2655,10251,66,91,90,16563,P2,Not Active,Not Active,Not Active,Not Active
2026/10/07 10:17:43.816,285.01,450.00,2655,10251,66,87,86,16563,P2,Active,Not Active,Not Active,Not Active
2026/10/07 10:17:44.320,281.30,450.00,2655,10251,66,73,72,16563,P2,Not Active,Not Active,Not Active,Not Active
2026/10/07 10:17:44.824,280.64,450.00,2655,10251,67,90,89,16563,P2,Not Active,Not Active,Not Active,Not Active
2026/10/07 10:17:45.327,279.88,450.00,2655,10251,67,90,89,16563,P2,Not Active,Not Active,Not Active,Not Active
2026/10/07 10:17:45.833,283.82,450.00,2655,10251,67,89,88,16563,P2,Not Active,Not Active,Not Active,Not Active
2026/10/07 10:17:46.336,284.50,450.00,2655,10251,67,91,90,16563,P2,Not Active,Not Active,Not Active,Not Active
2026/10/07 10:17:46.840,293.97,450.00,2655,10251,67,91,84,16563,P2,Not Active,Not Active,Not Active,Not Active
2026/10/07 10:17:47.345,294.00,450.00,2655,10251,67,90,89,16563,P2,Not Active,Not Active,Not Active,Not Active
2026/10/07 10:17:47.850,285.24,450.00,2655,10251,67,89,88,16563,P2,Not Active,Not Active,Not Active,Not Active
2026/10/07 10:17:48.354,285.40,450.00,2655,10251,67,91,90,16563,P2,Not Active,Not Active,Not Active,Not Active
2026/10/07 10:17:48.858,286.04,450.00,2655,10251,67,91,90,16563,P2,Not Active,Not Active,Not Active,Not Active
2026/10/07 10:17:49.361,293.10,450.00,2655,10251,73,92,79,16563,P2,Not Active,Not Active,Not Active,Not Active
2026/10/07 10:17:49.865,292.93,450.00,2655,10251,67,91,89,16563,P2,Not Active,Not Active,Not Active,Not Active
2026/10/07 10:17:50.370,285.47,450.00,2655,10251,67,90,89,16563,P2,Not Active,Not Active,Not Active,Not Active
2026/10/07 10:17:50.874,285.86,450.00,2655,10251,67,91,90,16563,P2,Not Active,Not Active,Not Active,Not Active
2026/10/07 10:17:51.377,285.87,450.00,2655,10251,67,91,90,16563,P2,Not Active,Not Active,Not Active,Not Active
2026/10/07 10:17:51.881,295.64,450.00,2655,10251,67,90,89,16563,P2,Not Active,Not Active,Not Active,Not Active
2026/10/07 10:17:52.385,294.60,450.00,2655,10251,67,91,90,16563,P2,Not Active,Not Active,Not Active,Not Active
2026/10/07 10:17:52.890,294.98,450.00,2655,10251,67,91,90,16563,P2,Not Active,Not Active,Not Active,Not Active
2026/10/07 10:17:53.394,286.17,450.00,2655,10251,67,91,90,16563,P2,Not Active,Not Active,Not Active,Not Active
2026/10/07 10:17:53.898,285.37,450.00,2655,10251,67,89,87,16563,P2,Not Active,Not Active,Not Active,Not Active
2026/10/07 10:17:54.401,284.78,450.00,2655,10251,67,91,90,16563,P2,Active,Not Active,Not Active,Not Active
2026/10/07 10:17:54.905,293.02,450.00,2655,10251,67,90,89,16563,P2,Not Active,Not Active,Not Active,Not Active
2026/10/07 10:17:55.412,292.20,450.00,2655,10251,67,90,89,16563,P2,Not Active,Not Active,Not Active,Not Active
2026/10/07 10:17:55.915,284.10,450.00,2655,10251,67,90,89,16563,P2,Not Active,Not Active,Not Active,Not Active
2026/10/07 10:17:56.419,283.57,450.00,2655,10251,67,88,87,16563,P2,Not Active,Not Active,Not Active,Not Active
2026/10/07 10:17:56.922,283.07,450.00,2655,10251,67,90,89,16563,P2,Not Active,Not Active,Not Active,Not Active
2026/10/07 10:17:57.426,292.25,450.00,2655,10251,68,91,89,16563,P2,Not Active,Not Active,Not Active,Not Active
2026/10/07 10:17:57.932,291.84,450.00,2655,10251,67,90,89,16563,P2,Not Active,Not Active,Not Active,Not Active
2026/10/07 10:17:58.435,282.55,450.00,2655,10251,67,89,87,16563,P2,Not Active,Not Active,Not Active,Not Active
2026/10/07 10:17:58.940,283.51,450.00,2655,10251,67,90,88,16563,P2,Not Active,Not Active,Not Active,Not Active
2026/10/07 10:17:59.444,283.52,450.00,2655,10251,67,90,89,16563,P2,Not Active,Not Active,Not Active,Not Active
2026/10/07 10:17:59.951,290.88,450.00,2655,10251,67,90,88,16563,P2,Not Active,Not Active,Not Active,Not Active
2026/10/07 10:18:00.455,291.30,450.00,2655,10251,67,91,89,16563,P2,Not Active,Not Active,Not Active,Not Active
2026/10/07 10:18:00.958,283.51,450.00,2655,10251,67,90,89,16563,P2,Not Active,Not Active,Not Active,Not Active
2026/10/07 10:18:01.462,283.89,450.00,2655,10251,67,90,89,16563,P2,Not Active,Not Active,Not Active,Not Active
2026/10/07 10:18:01.968,284.34,450.00,2655,10251,67,91,90,16563,P2,Not Active,Not Active,Not Active,Not Active
2026/10/07 10:18:02.471,293.83,450.00,2655,10251,67,89,86,16563,P2,Not Active,Not Active,Not Active,Not Active
2026/10/07 10:18:03.001,295.09,450.00,2655,10251,67,90,89,16563,P2,Not Active,Not Active,Not Active,Not Active
2026/10/07 10:18:03.507,285.81,450.00,2655,10251,67,89,88,16563,P2,Not Active,Not Active,Not Active,Not Active
2026/10/07 10:18:04.010,283.53,450.00,2655,10251,67,87,86,16563,P2,Not Active,Not Active,Not Active,Not Active
2026/10/07 10:18:04.514,281.53,450.00,2655,10251,67,88,87,16563,P2,Not Active,Not Active,Not Active,Not Active
2026/10/07 10:18:05.018,292.63,450.00,2655,10251,67,90,89,16563,P2,Active,Not Active,Not Active,Not Active
2026/10/07 10:18:05.524,293.41,450.00,2655,10251,68,91,90,16563,P2,Not Active,Not Active,Not Active,Not Active
2026/10/07 10:18:06.028,293.75,450.00,2655,10251,67,91,90,16563,P2,Not Active,Not Active,Not Active,Not Active
2026/10/07 10:18:06.532,285.60,450.00,2655,10251,67,91,90,16563,P2,Not Active,Not Active,Not Active,Not Active
2026/10/07 10:18:07.036,285.64,450.00,2655,10251,67,91,90,16563,P2,Not Active,Not Active,Not Active,Not Active
2026/10/07 10:18:07.540,285.86,450.00,2655,10251,67,91,90,16563,P2,Not Active,Not Active,Not Active,Not Active
2026/10/07 10:18:08.045,294.15,450.00,2655,10251,68,90,89,16563,P2,Not Active,Not Active,Not Active,Not Active
2026/10/07 10:18:08.548,294.23,450.00,2655,10251,67,91,89,16563,P2,Not Active,Not Active,Not Active,Not Active
2026/10/07 10:18:09.052,285.93,450.00,2655,10251,67,91,90,16563,P2,Not Active,Not Active,Not Active,Not Active
2026/10/07 10:18:09.556,286.45,450.00,2655,10251,67,90,89,16563,P2,Not Active,Not Active,Not Active,Not Active
2026/10/07 10:18:10.059,286.64,450.00,2655,10251,67,91,90,16563,P2,Not Active,Not Active,Not Active,Not Active
2026/10/07 10:18:10.565,293.84,450.00,2565,10251,71,91,90,16563,P2,Not Active,Not Active,Not Active,Not Active
2026/10/07 10:18:11.068,293.87,450.00,2655,10251,67,91,89,16563,P2,Not Active,Not Active,Not Active,Not Active
2026/10/07 10:18:11.572,286.37,450.00,2655,10251,67,89,88,16563,P2,Not Active,Not Active,Not Active,Not Active
2026/10/07 10:18:12.076,286.26,450.00,2655,10251,67,91,90,16563,P2,Not Active,Not Active,Not Active,Not Active
2026/10/07 10:18:12.579,286.21,450.00,2655,10251,67,91,90,16563,P2,Not Active,Not Active,Not Active,Not Active
2026/10/07 10:18:13.085,294.75,450.00,2655,10251,67,91,76,16563,P2,Not Active,Not Active,Not Active,Not Active
2026/10/07 10:18:13.588,295.12,450.00,2655,10251,68,91,89,16563,P2,Not Active,Not Active,Not Active,Not Active
2026/10/07 10:18:14.092,286.71,450.00,2655,10251,67,91,90,16563,P2,Not Active,Not Active,Not Active,Not Active
2026/10/07 10:18:14.596,285.72,450.00,2655,10251,67,91,90,16563,P2,Not Active,Not Active,Not Active,Not Active
2026/10/07 10:18:15.100,285.50,450.00,2655,10251,67,91,90,16563,P2,Not Active,Not Active,Not Active,Not Active
2026/10/07 10:18:15.606,294.77,450.00,2655,10251,67,91,76,16563,P2,Not Active,Not Active,Not Active,Not Active
2026/10/07 10:18:16.112,292.88,450.00,2655,10251,68,91,90,16563,P2,Not Active,Not Active,Not Active,Not Active
2026/10/07 10:18:16.616,284.78,450.00,2655,10251,67,91,90,16563,P2,Not Active,Not Active,Not Active,Not Active
2026/10/07 10:18:17.121,285.88,450.00,2655,10251,67,91,90,16563,P2,Not Active,Not Active,Not Active,Not Active
2026/10/07 10:18:17.624,285.05,450.00,2655,10251,67,90,88,16563,P2,Not Active,Not Active,Not Active,Not Active
2026/10/07 10:18:18.127,289.33,450.00,2655,10251,67,89,78,16563,P2,Active,Not Active,Not Active,Not Active
2026/10/07 10:18:18.632,288.48,450.00,2655,10251,68,87,86,16563,P2,Not Active,Not Active,Not Active,Not Active
2026/10/07 10:18:19.135,281.01,450.00,2655,10251,67,82,81,16563,P2,Not Active,Not Active,Not Active,Not Active
2026/10/07 10:18:19.641,267.51,450.00,2655,10251,67,82,80,16563,P2,Not Active,Not Active,Not Active,Not Active
2026/10/07 10:18:20.146,266.42,450.00,2655,10251,66,82,80,16563,P2,Not Active,Not Active,Not Active,Not Active
2026/10/07 10:18:20.650,268.31,450.00,2655,10251,67,83,82,16563,P2,Not Active,Not Active,Not Active,Not Active
2026/10/07 10:18:21.154,278.92,450.00,2655,10251,67,83,68,16563,P2,Not Active,Not Active,Not Active,Not Active
2026/10/07 10:18:21.657,285.29,450.00,2655,10251,67,90,89,16563,P2,Not Active,Not Active,Not Active,Not Active
2026/10/07 10:18:22.163,282.54,450.00,2655,10251,67,90,89,16563,P2,Not Active,Not Active,Not Active,Not Active
2026/10/07 10:18:22.666,283.33,450.00,2655,10251,67,90,89,16563,P2,Not Active,Not Active,Not Active,Not Active
2026/10/07 10:18:23.169,284.22,450.00,2655,10251,67,90,89,16563,P2,Not Active,Not Active,Not Active,Not Active
2026/10/07 10:18:23.673,287.61,450.00,2655,10251,67,91,90,16563,P2,Not Active,Not Active,Not Active,Not Active
2026/10/07 10:18:24.176,294.42,450.00,2655,10251,68,91,90,16563,P2,Not Active,Not Active,Not Active,Not Active
2026/10/07 10:18:24.681,294.76,450.00,2655,10251,67,91,90,16563,P2,Not Active,Not Active,Not Active,Not Active
2026/10/07 10:18:25.185,285.51,450.00,2655,10251,67,90,89,16563,P2,Not Active,Not Active,Not Active,Not Active
2026/10/07 10:18:25.688,284.63,450.00,2655,10251,67,91,89,16563,P2,Not Active,Not Active,Not Active,Not Active
2026/10/07 10:18:26.191,284.83,450.00,2655,10251,67,90,89,16563,P2,Not Active,Not Active,Not Active,Not Active
2026/10/07 10:18:26.695,291.04,450.00,2655,10251,72,86,85,16563,P2,Not Active,Not Active,Not Active,Not Active
2026/10/07 10:18:27.203,289.76,450.00,2655,10251,67,89,88,16563,P2,Not Active,Not Active,Not Active,Not Active
2026/10/07 10:18:27.707,282.91,450.00,2655,10251,67,91,90,16563,P2,Not Active,Not Active,Not Active,Not Active
2026/10/07 10:18:28.210,285.36,450.00,2655,10251,67,90,89,16563,P2,Not Active,Not Active,Not Active,Not Active
2026/10/07 10:18:28.713,285.42,450.00,2655,10251,67,90,89,16563,P2,Not Active,Not Active,Not Active,Not Active
2026/10/07 10:18:29.218,292.75,450.00,2655,10251,67,90,84,16563,P2,Not Active,Not Active,Not Active,Not Active
2026/10/07 10:18:29.722,292.96,450.00,2655,10251,67,91,90,16563,P2,Not Active,Not Active,Not Active,Not Active
2026/10/07 10:18:30.225,285.83,450.00,2655,10251,67,90,89,16563,P2,Not Active,Not Active,Not Active,Not Active
2026/10/07 10:18:30.730,286.19,450.00,2655,10251,67,91,90,16563,P2,Not Active,Not Active,Not Active,Not Active
2026/10/07 10:18:31.233,285.55,450.00,2655,10251,67,90,89,16563,P2,Not Active,Not Active,Not Active,Not Active
2026/10/07 10:18:31.738,293.11,450.00,2655,10251,67,92,79,16563,P2,Not Active,Not Active,Not Active,Not Active
2026/10/07 10:18:32.241,293.30,450.00,2655,10251,68,90,88,16563,P2,Not Active,Not Active,Not Active,Not Active
2026/10/07 10:18:32.745,286.17,450.00,2655,10251,67,91,90,16563,P2,Not Active,Not Active,Not Active,Not Active
2026/10/07 10:18:33.248,286.84,450.00,2655,10251,67,91,90,16563,P2,Not Active,Not Active,Not Active,Not Active
2026/10/07 10:18:33.752,286.60,450.00,2655,10251,67,91,90,16563,P2,Not Active,Not Active,Not Active,Not Active
2026/10/07 10:18:34.257,294.93,450.00,2580,10251,68,91,90,16563,P2,Not Active,Not Active,Not Active,Not Active
2026/10/07 10:18:34.773,293.73,450.00,2655,10251,67,91,90,16563,P2,Not Active,Not Active,Not Active,Not Active
2026/10/07 10:18:35.278,293.77,450.00,2655,10251,67,91,90,16563,P2,Not Active,Not Active,Not Active,Not Active
2026/10/07 10:18:35.781,286.38,450.00,2655,10251,67,91,90,16563,P2,Not Active,Not Active,Not Active,Not Active
2026/10/07 10:18:36.285,285.16,450.00,2655,10251,67,89,88,16563,P2,Not Active,Not Active,Not Active,Not Active
2026/10/07 10:18:36.789,293.38,450.00,2655,10251,67,91,89,16563,P2,Active,Not Active,Not Active,Not Active
2026/10/07 10:18:37.294,293.76,450.00,2655,10251,67,91,89,16563,P2,Not Active,Not Active,Not Active,Not Active
2026/10/07 10:18:37.799,293.82,450.00,2655,10251,67,90,89,16563,P2,Not Active,Not Active,Not Active,Not Active
2026/10/07 10:18:38.302,285.39,450.00,2655,10251,67,90,89,16563,P2,Not Active,Not Active,Not Active,Not Active
2026/10/07 10:18:38.805,285.76,450.00,2655,10251,67,91,89,16563,P2,Not Active,Not Active,Not Active,Not Active
2026/10/07 10:18:39.309,286.33,450.00,2655,10251,67,91,90,16563,P2,Not Active,Not Active,Not Active,Not Active
2026/10/07 10:18:39.813,293.72,450.00,2655,10251,67,91,89,16563,P2,Not Active,Not Active,Not Active,Not Active
2026/10/07 10:18:40.318,292.97,450.00,2655,10251,67,90,88,16563,P2,Not Active,Not Active,Not Active,Not Active
2026/10/07 10:18:40.821,285.71,450.00,2655,10251,67,91,89,16563,P2,Not Active,Not Active,Not Active,Not Active
2026/10/07 10:18:41.326,286.23,450.00,2655,10251,67,91,90,16563,P2,Not Active,Not Active,Not Active,Not Active
2026/10/07 10:18:41.829,285.73,450.00,2655,10251,67,90,89,16563,P2,Not Active,Not Active,Not Active,Not Active
2026/10/07 10:18:42.335,293.39,450.00,2655,10251,68,91,90,16563,P2,Not Active,Not Active,Not Active,Not Active
2026/10/07 10:18:42.838,293.39,450.00,2655,10251,67,89,88,16563,P2,Not Active,Not Active,Not Active,Not Active
2026/10/07 10:18:43.342,284.66,450.00,2655,10251,67,90,89,16563,P2,Not Active,Not Active,Not Active,Not Active
2026/10/07 10:18:43.845,285.25,450.00,2655,10251,67,90,89,16563,P2,Not Active,Not Active,Not Active,Not Active
2026/10/07 10:18:44.348,283.98,450.00,2655,10251,67,90,89,16563,P2,Not Active,Not Active,Not Active,Not Active
2026/10/07 10:18:44.854,289.53,450.00,2655,10251,68,91,76,16563,P2,Not Active,Not Active,Not Active,Not Active
2026/10/07 10:18:45.357,275.49,450.00,2655,10251,66,75,74,16563,P2,Not Active,Not Active,Not Active,Not Active
2026/10/07 10:18:45.861,257.88,450.00,2655,10251,67,82,81,16563,P2,Not Active,Not Active,Not Active,Not Active
2026/10/07 10:18:46.365,271.55,450.00,2655,10251,67,81,80,16563,P2,Not Active,Not Active,Not Active,Not Active
2026/10/07 10:18:46.869,263.41,450.00,2655,10251,66,69,68,16563,P2,Not Active,Not Active,Not Active,Not Active
2026/10/07 10:18:47.374,253.47,450.00,2655,10251,67,80,79,16563,P2,Not Active,Not Active,Not Active,Not Active
2026/10/07 10:18:47.878,265.27,450.00,2655,10251,73,80,79,16563,P2,Not Active,Not Active,Not Active,Not Active
2026/10/07 10:18:48.382,270.09,450.00,2655,10251,67,91,90,16563,P2,Not Active,Not Active,Not Active,Not Active
2026/10/07 10:18:48.887,273.13,450.00,2655,10251,67,82,81,16563,P2,Not Active,Not Active,Not Active,Not Active
2026/10/07 10:18:49.395,273.97,450.00,2655,10251,67,89,88,16563,P2,Not Active,Not Active,Not Active,Not Active
2026/10/07 10:18:49.899,268.66,450.00,2655,10251,67,77,76,16563,P2,Not Active,Not Active,Not Active,Not Active
2026/10/07 10:18:50.403,267.74,450.00,2655,10251,66,79,78,16563,P2,Not Active,Not Active,Not Active,Not Active
2026/10/07 10:18:50.908,277.94,450.00,2655,10251,67,89,88,16563,P2,Not Active,Not Active,Not Active,Not Active
2026/10/07 10:18:51.413,276.66,450.00,2655,10251,66,71,70,16563,P2,Not Active,Not Active,Not Active,Not Active
2026/10/07 10:18:51.917,260.13,450.00,2655,10251,66,87,86,16563,P2,Not Active,Not Active,Not Active,Not Active
2026/10/07 10:18:52.421,266.21,450.00,2655,10251,67,87,86,16563,P2,Not Active,Not Active,Not Active,Not Active
2026/10/07 10:18:52.925,265.97,450.00,2655,10251,65,79,78,16563,P2,Not Active,Not Active,Not Active,Not Active
2026/10/07 10:18:53.430,256.19,450.00,2655,10251,66,77,76,16563,P2,Not Active,Not Active,Not Active,Not Active
2026/10/07 10:18:53.934,272.47,450.00,2655,10251,66,78,77,16563,P2,Not Active,Not Active,Not Active,Not Active
2026/10/07 10:18:54.437,266.47,450.00,2655,10251,66,80,79,16563,P2,Not Active,Not Active,Not Active,Not Active
2026/10/07 10:18:54.942,260.25,450.00,2655,10251,66,76,75,16563,P2,Not Active,Not Active,Not Active,Not Active
2026/10/07 10:18:55.446,260.37,450.00,2655,10251,66,77,76,16563,P2,Not Active,Not Active,Not Active,Not Active
2026/10/07 10:18:55.951,257.63,450.00,2655,10251,66,81,80,16563,P2,Not Active,Not Active,Not Active,Not Active
2026/10/07 10:18:56.455,262.17,450.00,2655,10251,66,79,78,16563,P2,Not Active,Not Active,Not Active,Not Active
2026/10/07 10:18:56.959,276.70,450.00,2655,10251,67,91,90,16563,P2,Not Active,Not Active,Not Active,Not Active
2026/10/07 10:18:57.463,281.98,450.00,2655,10251,66,86,85,16563,P2,Not Active,Not Active,Not Active,Not Active
2026/10/07 10:18:57.968,280.62,450.00,2655,10251,67,90,89,16563,P2,Not Active,Not Active,Not Active,Not Active
2026/10/07 10:18:58.472,274.59,450.00,2655,10251,66,78,77,16563,P2,Not Active,Not Active,Not Active,Not Active
2026/10/07 10:18:58.976,262.55,450.00,2655,10251,66,78,77,16563,P2,Not Active,Not Active,Not Active,Not Active
2026/10/07 10:18:59.480,257.19,450.00,2655,10251,66,79,78,16563,P2,Active,Not Active,Not Active,Not Active
2026/10/07 10:18:59.983,274.33,450.00,2655,10251,67,84,83,16563,P2,Not Active,Not Active,Not Active,Not Active
2026/10/07 10:19:00.489,281.03,450.00,2655,10251,66,91,90,16563,P2,Not Active,Not Active,Not Active,Not Active
2026/10/07 10:19:00.993,271.44,450.00,2655,10251,66,91,90,16563,P2,Not Active,Not Active,Not Active,Not Active
2026/10/07 10:19:01.496,257.08,450.00,2655,10251,65,66,65,16563,P2,Not Active,Not Active,Not Active,Not Active
2026/10/07 10:19:02.001,256.22,450.00,2655,10251,66,90,89,16563,P2,Not Active,Not Active,Not Active,Not Active
2026/10/07 10:19:02.505,284.18,450.00,2655,10251,66,84,69,16563,P2,Not Active,Not Active,Not Active,Not Active
2026/10/07 10:19:03.010,284.43,450.00,2655,10251,66,90,89,16563,P2,Not Active,Not Active,Not Active,Not Active
2026/10/07 10:19:03.513,270.72,450.00,2655,10251,66,76,75,16563,P2,Not Active,Not Active,Not Active,Not Active
2026/10/07 10:19:04.018,262.40,450.00,2655,10251,66,66,65,16563,P2,Not Active,Not Active,Not Active,Not Active
2026/10/07 10:19:04.521,270.73,450.00,2655,10251,66,91,90,16563,P2,Not Active,Not Active,Not Active,Not Active
2026/10/07 10:19:05.030,281.94,450.00,2655,10251,66,88,87,16563,P2,Not Active,Not Active,Not Active,Not Active
2026/10/07 10:19:05.533,282.49,450.00,2655,10251,67,75,74,16563,P2,Not Active,Not Active,Not Active,Not Active
2026/10/07 10:19:06.037,270.90,450.00,2655,10251,66,80,78,16563,P2,Not Active,Not Active,Not Active,Not Active
2026/10/07 10:19:06.540,266.08,450.00,2655,10251,66,91,90,16563,P2,Not Active,Not Active,Not Active,Not Active
2026/10/07 10:19:07.045,271.72,450.00,2655,10251,66,80,79,16563,P2,Not Active,Not Active,Not Active,Not Active
2026/10/07 10:19:07.549,263.23,450.00,2655,10251,65,81,80,16563,P2,Not Active,Not Active,Not Active,Not Active
2026/10/07 10:19:08.055,265.16,450.00,2655,10251,66,90,89,16563,P2,Active,Not Active,Not Active,Not Active
2026/10/07 10:19:08.558,283.67,450.00,2655,10251,66,73,72,16563,P2,Not Active,Not Active,Not Active,Not Active
2026/10/07 10:19:09.062,267.27,450.00,2655,10251,66,71,70,16563,P2,Not Active,Not Active,Not Active,Not Active
2026/10/07 10:19:09.566,248.97,450.00,2655,10251,66,70,69,16563,P2,Not Active,Not Active,Not Active,Not Active
2026/10/07 10:19:10.070,249.99,450.00,2655,10251,65,71,70,16563,P2,Not Active,Not Active,Not Active,Not Active
2026/10/07 10:19:10.573,254.69,450.00,2655,10251,65,82,81,16563,P2,Not Active,Not Active,Not Active,Not Active
2026/10/07 10:19:11.077,261.53,450.00,2655,10251,65,76,75,16563,P2,Not Active,Not Active,Not Active,Not Active
2026/10/07 10:19:11.580,274.98,450.00,2655,10251,66,85,83,16563,P2,Not Active,Not Active,Not Active,Not Active
2026/10/07 10:19:12.086,272.61,450.00,2655,10251,65,78,77,16563,P2,Not Active,Not Active,Not Active,Not Active
2026/10/07 10:19:12.590,271.69,450.00,2655,10251,66,91,90,16563,P2,Not Active,Not Active,Not Active,Not Active
2026/10/07 10:19:13.093,278.54,450.00,2655,10251,66,85,84,16563,P2,Not Active,Not Active,Not Active,Not Active
2026/10/07 10:19:13.596,266.29,450.00,2655,10251,65,69,68,16563,P2,Not Active,Not Active,Not Active,Not Active
2026/10/07 10:19:14.099,272.17,450.00,2655,10251,66,87,72,16563,P2,Not Active,Not Active,Not Active,Not Active
2026/10/07 10:19:14.605,272.54,450.00,2655,10251,66,64,63,16563,P2,Not Active,Not Active,Not Active,Not Active
2026/10/07 10:19:15.108,265.58,450.00,2655,10251,65,91,90,16563,P2,Not Active,Not Active,Not Active,Not Active
2026/10/07 10:19:15.612,274.14,450.00,2655,10251,66,90,89,16563,P2,Not Active,Not Active,Not Active,Not Active
2026/10/07 10:19:16.116,284.86,450.00,2655,10251,66,91,90,16563,P2,Not Active,Not Active,Not Active,Not Active
2026/10/07 10:19:16.621,285.01,450.00,2655,10251,66,91,90,16563,P2,Not Active,Not Active,Not Active,Not Active
2026/10/07 10:19:17.126,292.28,450.00,2655,10251,67,91,90,16563,P2,Not Active,Not Active,Not Active,Not Active
2026/10/07 10:19:17.629,292.89,450.00,2655,10251,66,91,90,16563,P2,Not Active,Not Active,Not Active,Not Active
2026/10/07 10:19:18.132,285.52,450.00,2655,10251,66,91,90,16563,P2,Not Active,Not Active,Not Active,Not Active
2026/10/07 10:19:18.635,285.09,450.00,2655,10251,66,90,89,16563,P2,Not Active,Not Active,Not Active,Not Active
2026/10/07 10:19:19.139,285.03,450.00,2655,10251,66,91,90,16563,P2,Not Active,Not Active,Not Active,Not Active
2026/10/07 10:19:19.645,294.11,450.00,2655,10251,66,91,76,16563,P2,Not Active,Not Active,Not Active,Not Active
2026/10/07 10:19:20.148,294.22,450.00,2655,10251,66,91,90,16563,P2,Not Active,Not Active,Not Active,Not Active
2026/10/07 10:19:20.652,285.59,450.00,2655,10251,66,91,90,16563,P2,Not Active,Not Active,Not Active,Not Active
2026/10/07 10:19:21.155,285.13,450.00,2655,10251,66,91,89,16563,P2,Not Active,Not Active,Not Active,Not Active
2026/10/07 10:19:21.661,284.08,450.00,2655,10251,66,90,89,16563,P2,Not Active,Not Active,Not Active,Not Active
2026/10/07 10:19:22.164,288.79,450.00,2655,10251,66,88,73,16563,P2,Not Active,Not Active,Not Active,Not Active
2026/10/07 10:19:22.668,280.74,450.00,2655,10251,66,80,79,16563,P2,Not Active,Not Active,Not Active,Not Active
2026/10/07 10:19:23.172,274.19,450.00,2655,10251,66,84,82,16563,P2,Not Active,Not Active,Not Active,Not Active
2026/10/07 10:19:23.676,266.54,450.00,2655,10251,66,78,77,16563,P2,Not Active,Not Active,Not Active,Not Active
2026/10/07 10:19:24.184,265.34,450.00,2655,10251,64,83,82,16563,P2,Not Active,Not Active,Not Active,Not Active
2026/10/07 10:19:24.687,270.27,450.00,2655,10251,66,87,86,16563,P2,Not Active,Not Active,Not Active,Not Active
2026/10/07 10:19:25.191,288.95,450.00,2655,10251,66,90,88,16563,P2,Not Active,Not Active,Not Active,Not Active
2026/10/07 10:19:25.694,290.28,450.00,2655,10251,66,90,89,16563,P2,Not Active,Not Active,Not Active,Not Active
2026/10/07 10:19:26.199,284.63,450.00,2655,10251,66,91,90,16563,P2,Not Active,Not Active,Not Active,Not Active
2026/10/07 10:19:26.702,285.43,450.00,2655,10251,66,91,90,16563,P2,Not Active,Not Active,Not Active,Not Active
2026/10/07 10:19:27.205,285.67,450.00,2655,10251,66,91,90,16563,P2,Not Active,Not Active,Not Active,Not Active
2026/10/07 10:19:27.709,293.66,450.00,2655,10251,66,91,86,16563,P2,Not Active,Not Active,Not Active,Not Active
2026/10/07 10:19:28.213,293.49,450.00,2655,10251,66,91,90,16563,P2,Not Active,Not Active,Not Active,Not Active
2026/10/07 10:19:28.717,283.96,450.00,2655,10251,66,91,90,16563,P2,Not Active,Not Active,Not Active,Not Active
2026/10/07 10:19:29.222,283.85,450.00,2655,10251,66,91,90,16563,P2,Not Active,Not Active,Not Active,Not Active
2026/10/07 10:19:29.725,284.41,450.00,2655,10251,66,91,90,16563,P2,Not Active,Not Active,Not Active,Not Active
2026/10/07 10:19:30.229,292.17,450.00,2655,10251,66,89,85,16563,P2,Not Active,Not Active,Not Active,Not Active
2026/10/07 10:19:30.733,291.20,450.00,2655,10251,67,90,89,16563,P2,Not Active,Not Active,Not Active,Not Active
2026/10/07 10:19:31.238,290.19,450.00,2655,10251,66,90,89,16563,P2,Not Active,Not Active,Not Active,Not Active
2026/10/07 10:19:31.741,284.08,450.00,2655,10251,66,91,90,16563,P2,Not Active,Not Active,Not Active,Not Active
2026/10/07 10:19:32.244,284.04,450.00,2655,10251,66,90,89,16563,P2,Not Active,Not Active,Not Active,Not Active
2026/10/07 10:19:32.748,284.87,450.00,2565,10251,71,91,90,16563,P2,Active,Not Active,Not Active,Not Active
2026/10/07 10:19:33.275,292.63,450.00,2655,10251,66,91,90,16563,P2,Not Active,Not Active,Not Active,Not Active
2026/10/07 10:19:33.780,292.21,450.00,2655,10251,66,91,89,16563,P2,Not Active,Not Active,Not Active,Not Active
2026/10/07 10:19:34.284,284.89,450.00,2655,10251,66,91,90,16563,P2,Not Active,Not Active,Not Active,Not Active
2026/10/07 10:19:34.787,285.40,450.00,2655,10251,66,91,90,16563,P2,Not Active,Not Active,Not Active,Not Active
2026/10/07 10:19:35.291,285.55,450.00,2655,10251,66,91,90,16563,P2,Not Active,Not Active,Not Active,Not Active
2026/10/07 10:19:35.795,293.05,450.00,2655,10251,66,90,89,16563,P2,Not Active,Not Active,Not Active,Not Active
2026/10/07 10:19:36.299,293.38,450.00,2655,10251,66,91,90,16563,P2,Not Active,Not Active,Not Active,Not Active
2026/10/07 10:19:36.803,285.44,450.00,2655,10251,66,91,90,16563,P2,Not Active,Not Active,Not Active,Not Active
2026/10/07 10:19:37.307,285.00,450.00,2655,10251,66,90,89,16563,P2,Not Active,Not Active,Not Active,Not Active
2026/10/07 10:19:37.810,285.30,450.00,2655,10251,66,90,89,16563,P2,Not Active,Not Active,Not Active,Not Active
2026/10/07 10:19:38.315,292.39,450.00,2655,10251,66,91,90,16563,P2,Not Active,Not Active,Not Active,Not Active
2026/10/07 10:19:38.820,292.46,450.00,2655,10251,66,91,90,16563,P2,Not Active,Not Active,Not Active,Not Active
2026/10/07 10:19:39.323,285.26,450.00,2655,10251,66,91,90,16563,P2,Not Active,Not Active,Not Active,Not Active
2026/10/07 10:19:39.826,285.33,450.00,2655,10251,66,91,90,16563,P2,Not Active,Not Active,Not Active,Not Active
2026/10/07 10:19:40.329,285.27,450.00,2655,10251,66,91,90,16563,P2,Not Active,Not Active,Not Active,Not Active
2026/10/07 10:19:40.834,293.06,450.00,2655,10251,67,89,74,16563,P2,Not Active,Not Active,Not Active,Not Active
2026/10/07 10:19:41.339,292.69,450.00,2655,10251,66,90,89,16563,P2,Not Active,Not Active,Not Active,Not Active
2026/10/07 10:19:41.842,284.30,450.00,2655,10251,66,91,90,16563,P2,Not Active,Not Active,Not Active,Not Active
2026/10/07 10:19:42.345,283.94,450.00,2655,10251,66,91,90,16563,P2,Not Active,Not Active,Not Active,Not Active
2026/10/07 10:19:42.849,283.49,450.00,2655,10251,66,90,88,16563,P2,Not Active,Not Active,Not Active,Not Active
2026/10/07 10:19:43.354,291.76,450.00,2610,10251,72,91,76,16563,P2,Not Active,Not Active,Not Active,Not Active
2026/10/07 10:19:43.866,292.46,450.00,2655,10251,66,91,90,16563,P2,Not Active,Not Active,Not Active,Not Active
2026/10/07 10:19:44.369,285.03,450.00,2655,10251,66,91,90,16562,P2,Not Active,Not Active,Not Active,Not Active
2026/10/07 10:19:44.875,285.02,450.00,2655,10251,66,91,90,16562,P2,Not Active,Not Active,Not Active,Not Active
2026/10/07 10:19:45.377,284.62,450.00,2655,10251,66,91,90,16563,P2,Not Active,Not Active,Not Active,Not Active
2026/10/07 10:19:45.880,294.48,450.00,2655,10251,66,91,76,16563,P2,Not Active,Not Active,Not Active,Not Active
2026/10/07 10:19:46.428,294.33,450.00,2655,10251,66,91,90,16563,P2,Not Active,Not Active,Not Active,Not Active
2026/10/07 10:19:46.933,294.39,450.00,2655,10251,66,91,90,16562,P2,Not Active,Not Active,Not Active,Not Active
2026/10/07 10:19:47.437,285.02,450.00,2655,10251,66,91,90,16562,P2,Not Active,Not Active,Not Active,Not Active
2026/10/07 10:19:47.940,285.02,450.00,2655,10251,66,91,90,16562,P2,Not Active,Not Active,Not Active,Not Active
2026/10/07 10:19:48.444,284.91,450.00,2655,10251,66,91,90,16562,P2,Active,Not Active,Not Active,Not Active
2026/10/07 10:19:48.947,292.96,450.00,2655,10251,66,91,90,16562,P2,Not Active,Not Active,Not Active,Not Active
2026/10/07 10:19:49.453,293.04,450.00,2655,10251,66,91,90,16562,P2,Not Active,Not Active,Not Active,Not Active
2026/10/07 10:19:49.956,285.25,450.00,2655,10251,66,91,90,16562,P2,Not Active,Not Active,Not Active,Not Active
2026/10/07 10:19:50.460,285.43,450.00,2655,10251,66,91,90,16562,P2,Not Active,Not Active,Not Active,Not Active
2026/10/07 10:19:50.963,285.55,450.00,2655,10251,66,91,90,16562,P2,Not Active,Not Active,Not Active,Not Active
2026/10/07 10:19:51.467,292.81,450.00,2655,10251,66,91,90,16562,P2,Not Active,Not Active,Not Active,Not Active
2026/10/07 10:19:51.975,292.45,450.00,2655,10251,66,91,90,16562,P2,Not Active,Not Active,Not Active,Not Active
2026/10/07 10:19:52.478,284.95,450.00,2655,10251,66,91,90,16562,P2,Not Active,Not Active,Not Active,Not Active
2026/10/07 10:19:52.982,284.28,450.00,2655,10251,66,90,89,16562,P2,Not Active,Not Active,Not Active,Not Active
2026/10/07 10:19:53.485,284.36,450.00,2655,10251,66,91,90,16562,P2,Not Active,Not Active,Not Active,Not Active
2026/10/07 10:19:53.990,293.42,450.00,2655,10251,69,91,85,16562,P2,Not Active,Not Active,Not Active,Not Active
2026/10/07 10:19:54.495,293.54,450.00,2655,10251,66,91,90,16562,P2,Not Active,Not Active,Not Active,Not Active
2026/10/07 10:19:54.998,283.74,450.00,2655,10251,66,91,90,16562,P2,Not Active,Not Active,Not Active,Not Active
2026/10/07 10:19:55.503,283.75,450.00,2655,10251,66,91,90,16562,P2,Not Active,Not Active,Not Active,Not Active
2026/10/07 10:19:56.006,285.23,450.00,2655,10251,66,91,90,16562,P2,Not Active,Not Active,Not Active,Not Active
2026/10/07 10:19:56.511,292.34,450.00,2655,10251,66,93,80,16562,P2,Not Active,Not Active,Not Active,Not Active
2026/10/07 10:19:57.014,292.41,450.00,2655,10251,66,91,90,16562,P2,Not Active,Not Active,Not Active,Not Active
2026/10/07 10:19:57.517,285.20,450.00,2655,10251,66,91,90,16562,P2,Not Active,Not Active,Not Active,Not Active
2026/10/07 10:19:58.021,285.22,450.00,2655,10251,66,91,90,16562,P2,Not Active,Not Active,Not Active,Not Active
2026/10/07 10:19:58.524,285.17,450.00,2655,10251,66,91,90,16562,P2,Not Active,Not Active,Not Active,Not Active
2026/10/07 10:19:59.029,293.14,450.00,2655,10251,66,91,90,16562,P2,Not Active,Not Active,Not Active,Not Active
2026/10/07 10:19:59.541,293.17,450.00,2655,10251,66,91,90,16562,P2,Not Active,Not Active,Not Active,Not Active
2026/10/07 10:20:00.044,293.61,450.00,2655,10251,66,91,90,16562,P2,Not Active,Not Active,Not Active,Not Active
2026/10/07 10:20:00.549,284.37,450.00,2655,10251,66,91,90,16562,P2,Not Active,Not Active,Not Active,Not Active
2026/10/07 10:20:01.052,284.49,450.00,2655,10251,66,91,90,16562,P2,Not Active,Not Active,Not Active,Not Active
2026/10/07 10:20:01.555,285.26,450.00,2655,10251,66,91,90,16562,P2,Not Active,Not Active,Not Active,Not Active
2026/10/07 10:20:02.059,293.23,450.00,2655,10251,66,91,89,16562,P2,Not Active,Not Active,Not Active,Not Active
2026/10/07 10:20:02.562,292.99,450.00,2655,10251,66,91,90,16562,P2,Not Active,Not Active,Not Active,Not Active
2026/10/07 10:20:03.066,283.44,450.00,2655,10251,66,91,90,16562,P2,Not Active,Not Active,Not Active,Not Active
2026/10/07 10:20:03.571,283.67,450.00,2655,10251,66,91,90,16562,P2,Not Active,Not Active,Not Active,Not Active
2026/10/07 10:20:04.074,284.75,450.00,2655,10251,66,91,90,16562,P2,Not Active,Not Active,Not Active,Not Active
2026/10/07 10:20:04.577,292.36,450.00,2610,10251,67,90,89,16562,P2,Not Active,Not Active,Not Active,Not Active
2026/10/07 10:20:05.080,291.02,450.00,2655,10251,66,91,90,16562,P2,Not Active,Not Active,Not Active,Not Active
2026/10/07 10:20:05.583,282.76,450.00,2655,10251,66,90,89,16562,P2,Not Active,Not Active,Not Active,Not Active
2026/10/07 10:20:06.088,284.53,450.00,2655,10251,66,91,90,16562,P2,Not Active,Not Active,Not Active,Not Active
2026/10/07 10:20:06.592,283.89,450.00,2655,10251,66,90,89,16562,P2,Not Active,Not Active,Not Active,Not Active
2026/10/07 10:20:07.095,290.96,450.00,2655,10251,66,91,90,16562,P2,Not Active,Not Active,Not Active,Not Active
2026/10/07 10:20:07.600,292.22,450.00,2655,10251,66,91,89,16562,P2,Not Active,Not Active,Not Active,Not Active
2026/10/07 10:20:08.104,285.24,450.00,2655,10251,66,91,90,16562,P2,Not Active,Not Active,Not Active,Not Active
2026/10/07 10:20:08.609,284.82,450.00,2655,10251,66,90,89,16562,P2,Not Active,Not Active,Not Active,Not Active
2026/10/07 10:20:09.112,284.50,450.00,2655,10251,66,91,89,16562,P2,Not Active,Not Active,Not Active,Not Active
2026/10/07 10:20:09.616,292.64,450.00,2655,10251,66,91,76,16562,P2,Not Active,Not Active,Not Active,Not Active
2026/10/07 10:20:10.119,292.70,450.00,2655,10251,66,91,90,16562,P2,Not Active,Not Active,Not Active,Not Active
2026/10/07 10:20:10.623,285.10,450.00,2655,10251,66,91,90,16562,P2,Not Active,Not Active,Not Active,Not Active
2026/10/07 10:20:11.128,284.82,450.00,2655,10251,66,91,90,16562,P2,Not Active,Not Active,Not Active,Not Active
2026/10/07 10:20:11.632,284.66,450.00,2655,10251,66,90,89,16562,P2,Not Active,Not Active,Not Active,Not Active
2026/10/07 10:20:12.135,293.23,450.00,2655,10251,66,91,76,16562,P2,Not Active,Not Active,Not Active,Not Active
2026/10/07 10:20:12.639,293.81,450.00,2655,10251,67,91,90,16562,P2,Not Active,Not Active,Not Active,Not Active
2026/10/07 10:20:13.143,292.12,450.00,2655,10251,66,91,90,16561,P2,Not Active,Not Active,Not Active,Not Active
2026/10/07 10:20:13.647,283.78,450.00,2655,10251,66,91,90,16561,P2,Not Active,Not Active,Not Active,Not Active
2026/10/07 10:20:14.150,284.98,450.00,2655,10251,66,91,90,16561,P2,Not Active,Not Active,Not Active,Not Active
2026/10/07 10:20:14.654,285.52,450.00,2655,10251,66,91,90,16561,P2,Not Active,Not Active,Not Active,Not Active
2026/10/07 10:20:15.192,293.19,450.00,2655,10251,67,90,89,16561,P2,Not Active,Not Active,Not Active,Not Active
2026/10/07 10:20:15.697,293.13,450.00,2655,10251,66,91,90,16561,P2,Not Active,Not Active,Not Active,Not Active
2026/10/07 10:20:16.201,285.46,450.00,2655,10251,66,90,89,16561,P2,Not Active,Not Active,Not Active,Not Active
2026/10/07 10:20:16.706,285.65,450.00,2655,10251,66,91,90,16561,P2,Not Active,Not Active,Not Active,Not Active
2026/10/07 10:20:17.210,285.56,450.00,2655,10251,66,91,90,16561,P2,Not Active,Not Active,Not Active,Not Active
2026/10/07 10:20:17.713,294.02,450.00,2655,10251,66,91,90,16561,P2,Not Active,Not Active,Not Active,Not Active
2026/10/07 10:20:18.216,294.11,450.00,2655,10251,66,91,90,16561,P2,Not Active,Not Active,Not Active,Not Active
2026/10/07 10:20:18.720,285.68,450.00,2655,10251,66,91,90,16561,P2,Not Active,Not Active,Not Active,Not Active
2026/10/07 10:20:19.225,285.20,450.00,2655,10251,66,91,90,16561,P2,Not Active,Not Active,Not Active,Not Active
2026/10/07 10:20:19.728,285.23,450.00,2655,10251,66,91,90,16561,P2,Not Active,Not Active,Not Active,Not Active
2026/10/07 10:20:20.231,293.59,450.00,2655,10251,66,91,86,16561,P2,Not Active,Not Active,Not Active,Not Active
2026/10/07 10:20:20.734,293.62,450.00,2655,10251,66,91,90,16561,P2,Not Active,Not Active,Not Active,Not Active
2026/10/07 10:20:21.238,285.54,450.00,2655,10251,66,91,90,16561,P2,Not Active,Not Active,Not Active,Not Active
2026/10/07 10:20:21.743,285.29,450.00,2655,10251,66,90,89,16561,P2,Not Active,Not Active,Not Active,Not Active
2026/10/07 10:20:22.246,284.89,450.00,2655,10251,66,90,89,16561,P2,Not Active,Not Active,Not Active,Not Active
2026/10/07 10:20:22.749,292.28,450.00,2655,10251,66,91,82,16561,P2,Not Active,Not Active,Not Active,Not Active
2026/10/07 10:20:23.253,292.84,450.00,2655,10251,66,91,90,16561,P2,Not Active,Not Active,Not Active,Not Active
2026/10/07 10:20:23.757,285.79,450.00,2655,10251,66,91,90,16561,P2,Not Active,Not Active,Not Active,Not Active
2026/10/07 10:20:24.262,285.47,450.00,2655,10251,66,91,90,16561,P2,Not Active,Not Active,Not Active,Not Active
2026/10/07 10:20:24.765,284.41,450.00,2655,10251,66,90,89,16561,P2,Not Active,Not Active,Not Active,Not Active
2026/10/07 10:20:25.268,290.28,450.00,2655,10251,67,90,75,16561,P2,Not Active,Not Active,Not Active,Not Active
2026/10/07 10:20:25.773,283.37,450.00,2655,10251,66,83,82,16561,P2,Not Active,Not Active,Not Active,Not Active
2026/10/07 10:20:26.276,271.72,450.00,2655,10251,66,84,83,16561,P2,Not Active,Not Active,Not Active,Not Active
2026/10/07 10:20:26.782,266.78,450.00,2655,10251,65,76,75,16561,P2,Not Active,Not Active,Not Active,Not Active
2026/10/07 10:20:27.286,264.01,450.00,2655,10251,66,78,77,16561,P2,Not Active,Not Active,Not Active,Not Active
2026/10/07 10:20:27.792,269.45,450.00,2655,10251,66,86,85,16561,P2,Not Active,Not Active,Not Active,Not Active
2026/10/07 10:20:28.296,284.73,450.00,2655,10251,66,84,83,16561,P2,Not Active,Not Active,Not Active,Not Active
2026/10/07 10:20:28.802,286.88,450.00,2655,10251,66,88,87,16561,P2,Not Active,Not Active,Not Active,Not Active
2026/10/07 10:20:29.305,279.08,450.00,2655,10251,66,91,90,16561,P2,Not Active,Not Active,Not Active,Not Active
2026/10/07 10:20:29.809,281.54,450.00,2655,10251,66,91,90,16561,P2,Not Active,Not Active,Not Active,Not Active
2026/10/07 10:20:30.312,283.22,450.00,2655,10251,66,91,90,16561,P2,Not Active,Not Active,Not Active,Not Active
2026/10/07 10:20:30.816,292.16,450.00,2655,10251,67,91,76,16561,P2,Not Active,Not Active,Not Active,Not Active
2026/10/07 10:20:31.321,294.04,450.00,2655,10251,66,91,90,16561,P2,Not Active,Not Active,Not Active,Not Active
2026/10/07 10:20:31.825,284.69,450.00,2655,10251,66,90,88,16561,P2,Not Active,Not Active,Not Active,Not Active
2026/10/07 10:20:32.328,283.68,450.00,2655,10251,66,91,89,16561,P2,Not Active,Not Active,Not Active,Not Active
2026/10/07 10:20:32.832,284.05,450.00,2655,10251,66,91,90,16561,P2,Not Active,Not Active,Not Active,Not Active
2026/10/07 10:20:33.335,291.89,450.00,2565,10251,66,91,76,16561,P2,Not Active,Not Active,Not Active,Not Active
2026/10/07 10:20:33.873,291.49,450.00,2655,10251,66,91,90,16561,P2,Not Active,Not Active,Not Active,Not Active
2026/10/07 10:20:34.379,284.40,450.00,2655,10251,66,91,90,16561,P2,Not Active,Not Active,Not Active,Not Active
2026/10/07 10:20:34.882,285.29,450.00,2655,10251,66,91,90,16561,P2,Not Active,Not Active,Not Active,Not Active
2026/10/07 10:20:35.385,285.50,450.00,2655,10251,66,91,90,16561,P2,Not Active,Not Active,Not Active,Not Active
2026/10/07 10:20:35.890,290.84,450.00,2655,10251,66,91,80,16561,P2,Active,Not Active,Not Active,Not Active
2026/10/07 10:20:36.396,294.28,450.00,2655,10251,66,91,90,16561,P2,Not Active,Not Active,Not Active,Not Active
2026/10/07 10:20:36.900,294.14,450.00,2655,10251,66,91,90,16561,P2,Not Active,Not Active,Not Active,Not Active
2026/10/07 10:20:37.404,284.86,450.00,2655,10251,66,91,90,16561,P2,Not Active,Not Active,Not Active,Not Active
2026/10/07 10:20:37.907,285.05,450.00,2655,10251,66,91,90,16561,P2,Not Active,Not Active,Not Active,Not Active
2026/10/07 10:20:38.410,285.27,450.00,2655,10251,66,91,90,16561,P2,Not Active,Not Active,Not Active,Not Active
2026/10/07 10:20:38.915,293.59,450.00,2655,10251,66,91,90,16561,P2,Not Active,Not Active,Not Active,Not Active
2026/10/07 10:20:39.419,292.99,450.00,2655,10251,66,91,90,16561,P2,Not Active,Not Active,Not Active,Not Active
2026/10/07 10:20:39.923,284.85,450.00,2655,10251,66,91,90,16561,P2,Not Active,Not Active,Not Active,Not Active
2026/10/07 10:20:40.426,284.88,450.00,2655,10251,66,90,89,16561,P2,Not Active,Not Active,Not Active,Not Active
2026/10/07 10:20:40.929,284.72,450.00,2655,10251,66,91,90,16561,P2,Not Active,Not Active,Not Active,Not Active
2026/10/07 10:20:41.434,292.39,450.00,2655,10251,67,92,78,16561,P2,Not Active,Not Active,Not Active,Not Active
2026/10/07 10:20:41.940,292.97,450.00,2655,10251,66,91,90,16561,P2,Not Active,Not Active,Not Active,Not Active
2026/10/07 10:20:42.443,285.91,450.00,2655,10251,66,91,90,16561,P2,Not Active,Not Active,Not Active,Not Active
2026/10/07 10:20:42.947,285.15,450.00,2655,10251,66,91,90,16561,P2,Not Active,Not Active,Not Active,Not Active
2026/10/07 10:20:43.450,284.85,450.00,2655,10251,66,91,90,16561,P2,Not Active,Not Active,Not Active,Not Active
2026/10/07 10:20:43.958,293.92,450.00,2655,10251,71,91,76,16561,P2,Not Active,Not Active,Not Active,Not Active
2026/10/07 10:20:44.461,294.12,450.00,2655,10251,66,90,89,16561,P2,Not Active,Not Active,Not Active,Not Active
2026/10/07 10:20:44.964,279.19,450.00,2655,10251,66,87,86,16561,P2,Not Active,Not Active,Not Active,Not Active
2026/10/07 10:20:45.468,269.20,450.00,2655,10251,66,77,76,16561,P2,Not Active,Not Active,Not Active,Not Active
2026/10/07 10:20:45.972,259.46,450.00,2655,10251,66,80,79,16561,P2,Not Active,Not Active,Not Active,Not Active
2026/10/07 10:20:46.477,262.31,450.00,2655,10251,65,79,78,16561,P2,Not Active,Not Active,Not Active,Not Active
2026/10/07 10:20:46.980,264.70,450.00,2655,10251,65,65,64,16561,P2,Not Active,Not Active,Not Active,Not Active
2026/10/07 10:20:47.484,256.23,450.00,2655,10251,65,66,65,16561,P2,Not Active,Not Active,Not Active,Not Active
2026/10/07 10:20:47.988,244.11,450.00,2655,10251,64,74,72,16561,P2,Not Active,Not Active,Not Active,Not Active
2026/10/07 10:20:48.494,247.48,450.00,2655,10251,65,73,72,16561,P2,Not Active,Not Active,Not Active,Not Active
2026/10/07 10:20:48.997,254.11,450.00,2655,10251,65,84,83,16561,P2,Not Active,Not Active,Not Active,Not Active
2026/10/07 10:20:49.501,251.54,450.00,2655,10251,65,69,68,16561,P2,Not Active,Not Active,Not Active,Not Active
2026/10/07 10:20:50.005,256.64,450.00,2655,10251,64,71,56,16561,P2,Not Active,Not Active,Not Active,Not Active
2026/10/07 10:20:50.508,259.77,450.00,2655,10251,65,80,79,16561,P2,Not Active,Not Active,Not Active,Not Active
2026/10/07 10:20:51.014,254.48,450.00,2655,10251,64,63,62,16561,P2,Not Active,Not Active,Not Active,Not Active
2026/10/07 10:20:51.518,255.46,450.00,2655,10251,64,81,80,16561,P2,Not Active,Not Active,Not Active,Not Active
2026/10/07 10:20:52.021,253.87,450.00,2655,10251,64,74,73,16561,P2,Not Active,Not Active,Not Active,Not Active
2026/10/07 10:20:52.524,247.17,450.00,2655,10251,65,67,66,16561,P2,Not Active,Not Active,Not Active,Not Active
2026/10/07 10:20:53.027,241.60,450.00,2655,10251,65,68,67,16561,P2,Not Active,Not Active,Not Active,Not Active
2026/10/07 10:20:53.532,252.19,450.00,2655,10251,65,80,79,16561,P2,Not Active,Not Active,Not Active,Not Active
2026/10/07 10:20:54.036,258.21,450.00,2655,10251,64,71,70,16561,P2,Not Active,Not Active,Not Active,Not Active
2026/10/07 10:20:54.540,250.58,450.00,2655,10251,65,70,69,16561,P2,Not Active,Not Active,Not Active,Not Active
2026/10/07 10:20:55.043,244.86,450.00,2655,10251,64,70,69,16561,P2,Not Active,Not Active,Not Active,Not Active
2026/10/07 10:20:55.546,246.05,450.00,2655,10251,65,75,74,16561,P2,Not Active,Not Active,Not Active,Not Active
2026/10/07 10:20:56.052,254.54,450.00,2655,10251,65,86,85,16561,P2,Not Active,Not Active,Not Active,Not Active
2026/10/07 10:20:56.555,267.20,450.00,2655,10251,65,78,72,16561,P2,Not Active,Not Active,Not Active,Not Active
2026/10/07 10:20:57.058,266.33,450.00,2655,10251,65,77,76,16561,P2,Not Active,Not Active,Not Active,Not Active
2026/10/07 10:20:57.562,256.57,450.00,2655,10251,64,73,72,16561,P2,Not Active,Not Active,Not Active,Not Active
2026/10/07 10:20:58.066,253.60,450.00,2655,10251,64,71,69,16561,P2,Not Active,Not Active,Not Active,Not Active
2026/10/07 10:20:58.571,257.87,450.00,2655,10251,65,82,81,16561,P2,Not Active,Not Active,Not Active,Not Active
2026/10/07 10:20:59.075,259.14,450.00,2655,10251,65,79,78,16561,P2,Not Active,Not Active,Not Active,Not Active
2026/10/07 10:20:59.578,267.85,450.00,2655,10251,64,89,74,16561,P2,Not Active,Not Active,Not Active,Not Active
2026/10/07 10:21:00.083,267.07,450.00,2655,10251,65,70,69,16561,P2,Not Active,Not Active,Not Active,Not Active
2026/10/07 10:21:00.588,263.94,450.00,2655,10251,65,72,71,16561,P2,Not Active,Not Active,Not Active,Not Active
2026/10/07 10:21:01.092,262.69,450.00,2655,10251,65,80,79,16561,P2,Not Active,Not Active,Not Active,Not Active
2026/10/07 10:21:01.596,260.36,450.00,2655,10251,65,76,75,16561,P2,Not Active,Not Active,Not Active,Not Active
2026/10/07 10:21:02.099,262.44,450.00,2655,10251,65,86,85,16561,P2,Not Active,Not Active,Not Active,Not Active
2026/10/07 10:21:02.602,268.49,450.00,2655,10251,64,80,66,16561,P2,Not Active,Not Active,Not Active,Not Active
2026/10/07 10:21:03.107,273.68,450.00,2655,10251,65,89,88,16561,P2,Not Active,Not Active,Not Active,Not Active
2026/10/07 10:21:03.612,269.24,450.00,2655,10251,65,78,77,16561,P2,Not Active,Not Active,Not Active,Not Active
2026/10/07 10:21:04.116,254.36,450.00,2655,10251,64,67,66,16561,P2,Not Active,Not Active,Not Active,Not Active
2026/10/07 10:21:04.619,242.32,450.00,2655,10251,64,65,64,16561,P2,Not Active,Not Active,Not Active,Not Active
2026/10/07 10:21:05.123,248.53,450.00,2655,10251,64,81,80,16561,P2,Not Active,Not Active,Not Active,Not Active
2026/10/07 10:21:05.628,265.83,450.00,2655,10251,64,83,68,16561,P2,Not Active,Not Active,Not Active,Not Active
2026/10/07 10:21:06.132,270.08,450.00,2655,10251,64,79,78,16561,P2,Not Active,Not Active,Not Active,Not Active
2026/10/07 10:21:06.636,264.05,450.00,2655,10251,65,77,76,16561,P2,Not Active,Not Active,Not Active,Not Active
2026/10/07 10:21:07.140,267.27,450.00,2655,10251,65,83,82,16561,P2,Not Active,Not Active,Not Active,Not Active
2026/10/07 10:21:07.643,269.18,450.00,2655,10251,64,90,89,16561,P2,Not Active,Not Active,Not Active,Not Active
2026/10/07 10:21:08.151,270.92,450.00,2655,10251,65,85,84,16561,P2,Not Active,Not Active,Not Active,Not Active
2026/10/07 10:21:08.654,282.00,450.00,2580,10251,67,83,82,16561,P2,Not Active,Not Active,Not Active,Not Active
2026/10/07 10:21:09.157,274.14,450.00,2655,10251,65,78,77,16561,P2,Not Active,Not Active,Not Active,Not Active
2026/10/07 10:21:09.661,257.85,450.00,2655,10251,65,67,66,16561,P2,Not Active,Not Active,Not Active,Not Active
2026/10/07 10:21:10.164,245.58,450.00,2655,10251,64,68,67,16561,P2,Not Active,Not Active,Not Active,Not Active
2026/10/07 10:21:10.669,234.03,450.00,2655,10251,64,66,65,16561,P2,Not Active,Not Active,Not Active,Not Active
2026/10/07 10:21:11.172,233.14,450.00,2655,10251,64,71,70,16561,P2,Not Active,Not Active,Not Active,Not Active
2026/10/07 10:21:11.675,249.45,450.00,2655,10251,64,75,61,16561,P2,Not Active,Not Active,Not Active,Not Active
2026/10/07 10:21:12.178,255.18,450.00,2655,10251,64,67,66,16561,P2,Not Active,Not Active,Not Active,Not Active
2026/10/07 10:21:12.681,245.54,450.00,2655,10251,64,72,71,16561,P2,Not Active,Not Active,Not Active,Not Active
2026/10/07 10:21:13.187,251.09,450.00,2655,10251,64,81,79,16561,P2,Not Active,Not Active,Not Active,Not Active
2026/10/07 10:21:13.690,251.72,450.00,2655,10251,64,75,74,16561,P2,Not Active,Not Active,Not Active,Not Active
2026/10/07 10:21:14.194,253.15,450.00,2655,10251,64,78,77,16561,P2,Not Active,Not Active,Not Active,Not Active
2026/10/07 10:21:14.698,251.62,450.00,2655,10251,63,76,75,16561,P2,Not Active,Not Active,Not Active,Not Active
2026/10/07 10:21:15.201,269.48,450.00,2565,10251,67,91,90,16561,P2,Not Active,Not Active,Not Active,Not Active
2026/10/07 10:21:15.706,289.00,450.00,2655,10251,65,91,90,16561,P2,Not Active,Not Active,Not Active,Not Active
2026/10/07 10:21:16.210,284.45,450.00,2655,10251,65,91,90,16561,P2,Not Active,Not Active,Not Active,Not Active
2026/10/07 10:21:16.713,284.89,450.00,2655,10251,65,90,89,16561,P2,Not Active,Not Active,Not Active,Not Active
2026/10/07 10:21:17.216,284.64,450.00,2655,10251,65,91,90,16561,P2,Not Active,Not Active,Not Active,Not Active
2026/10/07 10:21:17.719,291.98,450.00,2655,10251,65,91,90,16561,P2,Not Active,Not Active,Not Active,Not Active
2026/10/07 10:21:18.224,292.11,450.00,2655,10251,65,91,90,16561,P2,Not Active,Not Active,Not Active,Not Active
2026/10/07 10:21:18.727,284.70,450.00,2655,10251,65,91,90,16561,P2,Not Active,Not Active,Not Active,Not Active
2026/10/07 10:21:19.230,284.38,450.00,2655,10251,65,91,90,16561,P2,Not Active,Not Active,Not Active,Not Active
2026/10/07 10:21:19.734,284.39,450.00,2655,10251,65,91,90,16561,P2,Not Active,Not Active,Not Active,Not Active
2026/10/07 10:21:20.237,292.97,450.00,2655,10251,65,91,76,16561,P2,Not Active,Not Active,Not Active,Not Active
2026/10/07 10:21:20.742,293.14,450.00,2655,10251,65,91,90,16561,P2,Not Active,Not Active,Not Active,Not Active
2026/10/07 10:21:21.246,284.97,450.00,2655,10251,65,91,90,16561,P2,Not Active,Not Active,Not Active,Not Active
2026/10/07 10:21:21.749,284.79,450.00,2655,10251,65,91,90,16561,P2,Not Active,Not Active,Not Active,Not Active
2026/10/07 10:21:22.252,284.53,450.00,2655,10251,65,91,90,16561,P2,Not Active,Not Active,Not Active,Not Active
2026/10/07 10:21:22.756,292.46,450.00,2655,10251,66,91,76,16561,P2,Not Active,Not Active,Not Active,Not Active
2026/10/07 10:21:23.260,292.33,450.00,2655,10251,65,88,87,16561,P2,Not Active,Not Active,Not Active,Not Active
2026/10/07 10:21:23.765,283.67,450.00,2655,10251,65,91,90,16561,P2,Not Active,Not Active,Not Active,Not Active
2026/10/07 10:21:24.270,283.49,450.00,2655,10251,65,91,90,16561,P2,Not Active,Not Active,Not Active,Not Active
2026/10/07 10:21:24.774,284.59,450.00,2655,10251,65,91,90,16561,P2,Not Active,Not Active,Not Active,Not Active
2026/10/07 10:21:25.277,292.74,450.00,2565,10251,72,91,76,16561,P2,Not Active,Not Active,Not Active,Not Active
2026/10/07 10:21:25.799,292.00,450.00,2655,10251,65,91,90,16561,P2,Not Active,Not Active,Not Active,Not Active
2026/10/07 10:21:26.304,292.15,450.00,2655,10251,65,91,90,16561,P2,Not Active,Not Active,Not Active,Not Active
2026/10/07 10:21:26.808,284.45,450.00,2655,10251,65,91,90,16561,P2,Not Active,Not Active,Not Active,Not Active
2026/10/07 10:21:27.312,284.82,450.00,2655,10251,65,91,90,16561,P2,Not Active,Not Active,Not Active,Not Active
2026/10/07 10:21:27.816,285.29,450.00,2655,10251,65,91,90,16561,P2,Active,Not Active,Not Active,Not Active
2026/10/07 10:21:28.321,293.97,450.00,2655,10251,66,90,89,16561,P2,Not Active,Not Active,Not Active,Not Active
2026/10/07 10:21:28.824,292.73,450.00,2655,10251,65,90,89,16561,P2,Not Active,Not Active,Not Active,Not Active
2026/10/07 10:21:29.328,281.83,450.00,2655,10251,65,89,88,16561,P2,Not Active,Not Active,Not Active,Not Active
2026/10/07 10:21:29.832,279.34,450.00,2655,10251,65,88,87,16561,P2,Not Active,Not Active,Not Active,Not Active
2026/10/07 10:21:30.335,272.38,450.00,2655,10251,65,83,82,16561,P2,Not Active,Not Active,Not Active,Not Active
2026/10/07 10:21:30.841,277.52,450.00,2655,10251,65,81,80,16561,P2,Not Active,Not Active,Not Active,Not Active
2026/10/07 10:21:31.345,278.63,450.00,2655,10251,65,86,85,16561,P2,Not Active,Not Active,Not Active,Not Active
2026/10/07 10:21:31.848,275.05,450.00,2655,10251,65,89,88,16561,P2,Not Active,Not Active,Not Active,Not Active
2026/10/07 10:21:32.352,277.91,450.00,2655,10251,65,89,88,16561,P2,Not Active,Not Active,Not Active,Not Active
2026/10/07 10:21:32.856,281.79,450.00,2655,10251,65,91,90,16561,P2,Not Active,Not Active,Not Active,Not Active
2026/10/07 10:21:33.361,290.49,450.00,2655,10251,65,90,76,16561,P2,Not Active,Not Active,Not Active,Not Active
2026/10/07 10:21:33.864,290.20,450.00,2655,10251,65,91,90,16561,P2,Not Active,Not Active,Not Active,Not Active
2026/10/07 10:21:34.367,283.48,450.00,2655,10251,66,91,89,16561,P2,Not Active,Not Active,Not Active,Not Active
2026/10/07 10:21:34.872,284.54,450.00,2655,10251,66,91,90,16561,P2,Not Active,Not Active,Not Active,Not Active
2026/10/07 10:21:35.377,284.05,450.00,2655,10251,65,91,90,16561,P2,Not Active,Not Active,Not Active,Not Active
2026/10/07 10:21:35.881,285.59,450.00,2655,10251,65,90,85,16561,P2,Active,Not Active,Not Active,Not Active
2026/10/07 10:21:36.385,292.76,450.00,2655,10251,66,91,90,16561,P2,Not Active,Not Active,Not Active,Not Active
2026/10/07 10:21:36.888,293.87,450.00,2655,10251,66,91,90,16561,P2,Not Active,Not Active,Not Active,Not Active
2026/10/07 10:21:37.392,284.95,450.00,2655,10251,66,90,89,16561,P2,Not Active,Not Active,Not Active,Not Active
2026/10/07 10:21:37.896,284.27,450.00,2655,10251,65,91,90,16561,P2,Not Active,Not Active,Not Active,Not Active
2026/10/07 10:21:38.400,284.20,450.00,2655,10251,66,90,89,16561,P2,Not Active,Not Active,Not Active,Not Active
2026/10/07 10:21:38.904,293.81,450.00,2655,10251,66,91,90,16561,P2,Not Active,Not Active,Not Active,Not Active
2026/10/07 10:21:39.407,294.07,450.00,2655,10251,66,91,90,16561,P2,Not Active,Not Active,Not Active,Not Active
2026/10/07 10:21:39.912,283.94,450.00,2655,10251,65,91,90,16561,P2,Not Active,Not Active,Not Active,Not Active
2026/10/07 10:21:40.417,283.80,450.00,2655,10251,65,91,90,16561,P2,Not Active,Not Active,Not Active,Not Active
2026/10/07 10:21:40.920,285.02,450.00,2655,10251,66,90,89,16561,P2,Not Active,Not Active,Not Active,Not Active
2026/10/07 10:21:41.423,293.26,450.00,2655,10251,67,91,76,16561,P2,Not Active,Not Active,Not Active,Not Active
2026/10/07 10:21:41.927,292.29,450.00,2655,10251,66,91,90,16561,P2,Not Active,Not Active,Not Active,Not Active
2026/10/07 10:21:42.431,284.18,450.00,2655,10251,66,91,89,16557,P2,Not Active,Not Active,Not Active,Not Active
2026/10/07 10:21:42.939,285.82,450.00,2655,10251,66,91,90,16557,P2,Not Active,Not Active,Not Active,Not Active
2026/10/07 10:21:43.442,285.95,450.00,2655,10251,66,91,90,16557,P2,Not Active,Not Active,Not Active,Not Active
2026/10/07 10:21:43.945,293.51,450.00,2565,10251,66,91,76,16557,P2,Not Active,Not Active,Not Active,Not Active
2026/10/07 10:21:44.449,293.60,450.00,2655,10251,66,91,90,16557,P2,Not Active,Not Active,Not Active,Not Active
2026/10/07 10:21:44.952,278.34,450.00,2655,10251,65,84,83,16557,P2,Not Active,Not Active,Not Active,Not Active
2026/10/07 10:21:45.457,266.61,450.00,2655,10251,65,78,77,16557,P2,Not Active,Not Active,Not Active,Not Active
2026/10/07 10:21:45.961,259.95,450.00,2655,10251,65,78,77,16557,P2,Not Active,Not Active,Not Active,Not Active
2026/10/07 10:21:46.465,255.96,450.00,2655,10251,65,81,80,16557,P2,Not Active,Not Active,Not Active,Not Active
2026/10/07 10:21:46.969,271.76,450.00,2655,10251,67,79,78,16557,P2,Not Active,Not Active,Not Active,Not Active
2026/10/07 10:21:47.474,272.58,450.00,2655,10251,65,76,75,16557,P2,Not Active,Not Active,Not Active,Not Active
2026/10/07 10:21:47.978,256.48,450.00,2655,10251,64,82,81,16557,P2,Not Active,Not Active,Not Active,Not Active
2026/10/07 10:21:48.482,263.77,450.00,2655,10251,65,90,89,16557,P2,Not Active,Not Active,Not Active,Not Active
2026/10/07 10:21:48.985,263.54,450.00,2655,10251,64,76,75,16557,P2,Not Active,Not Active,Not Active,Not Active
2026/10/07 10:21:49.490,262.01,450.00,2655,10251,65,80,79,16557,P2,Not Active,Not Active,Not Active,Not Active
2026/10/07 10:21:49.995,276.66,450.00,2655,10251,66,91,89,16557,P2,Not Active,Not Active,Not Active,Not Active
2026/10/07 10:21:50.499,283.41,450.00,2655,10251,65,88,86,16557,P2,Not Active,Not Active,Not Active,Not Active
2026/10/07 10:21:51.002,274.37,450.00,2655,10251,65,86,85,16557,P2,Not Active,Not Active,Not Active,Not Active
2026/10/07 10:21:51.506,276.17,450.00,2655,10251,65,91,90,16557,P2,Not Active,Not Active,Not Active,Not Active
2026/10/07 10:21:52.011,280.82,450.00,2655,10251,65,84,83,16557,P2,Not Active,Not Active,Not Active,Not Active
2026/10/07 10:21:52.516,285.42,450.00,2655,10251,65,91,76,16557,P2,Not Active,Not Active,Not Active,Not Active
2026/10/07 10:21:53.019,282.15,450.00,2655,10251,65,90,89,16557,P2,Not Active,Not Active,Not Active,Not Active
2026/10/07 10:21:53.523,271.17,450.00,2655,10251,65,81,80,16557,P2,Not Active,Not Active,Not Active,Not Active
2026/10/07 10:21:54.028,271.48,450.00,2655,10251,65,88,87,16557,P2,Not Active,Not Active,Not Active,Not Active
2026/10/07 10:21:54.536,274.99,450.00,2655,10251,65,88,87,16557,P2,Not Active,Not Active,Not Active,Not Active
2026/10/07 10:21:55.039,275.95,450.00,2655,10251,65,84,83,16557,P2,Not Active,Not Active,Not Active,Not Active
2026/10/07 10:21:55.543,285.91,450.00,2655,10251,67,90,89,16557,P2,Not Active,Not Active,Not Active,Not Active
2026/10/07 10:21:56.046,286.64,450.00,2655,10251,65,84,83,16557,P2,Not Active,Not Active,Not Active,Not Active
2026/10/07 10:21:56.550,274.70,450.00,2655,10251,65,80,79,16557,P2,Not Active,Not Active,Not Active,Not Active
2026/10/07 10:21:57.054,263.83,450.00,2655,10251,64,81,80,16557,P2,Not Active,Not Active,Not Active,Not Active
2026/10/07 10:21:57.558,256.71,450.00,2655,10251,64,81,80,16557,P2,Not Active,Not Active,Not Active,Not Active
2026/10/07 10:21:58.064,268.18,450.00,2655,10251,64,79,64,16557,P2,Not Active,Not Active,Not Active,Not Active
2026/10/07 10:21:58.568,265.56,450.00,2655,10251,65,69,68,16557,P2,Not Active,Not Active,Not Active,Not Active
2026/10/07 10:21:59.073,266.75,450.00,2655,10251,64,83,82,16557,P2,Not Active,Not Active,Not Active,Not Active
2026/10/07 10:21:59.576,254.08,450.00,2655,10251,64,78,77,16557,P2,Not Active,Not Active,Not Active,Not Active
2026/10/07 10:22:00.080,264.84,450.00,2655,10251,65,90,89,16557,P2,Not Active,Not Active,Not Active,Not Active
2026/10/07 10:22:00.583,271.47,450.00,2655,10251,65,80,79,16557,P2,Not Active,Not Active,Not Active,Not Active
2026/10/07 10:22:01.087,272.04,450.00,2655,10251,64,89,74,16557,P2,Not Active,Not Active,Not Active,Not Active
2026/10/07 10:22:01.627,264.80,450.00,2655,10251,65,77,76,16557,P2,Not Active,Not Active,Not Active,Not Active
2026/10/07 10:22:02.133,259.39,450.00,2655,10251,64,75,74,16557,P2,Not Active,Not Active,Not Active,Not Active
2026/10/07 10:22:02.636,261.74,450.00,2655,10251,65,84,82,16557,P2,Not Active,Not Active,Not Active,Not Active
2026/10/07 10:22:03.141,260.51,450.00,2655,10251,65,82,81,16557,P2,Not Active,Not Active,Not Active,Not Active
2026/10/07 10:22:03.644,262.20,450.00,2655,10251,65,80,79,16557,P2,Not Active,Not Active,Not Active,Not Active
2026/10/07 10:22:04.150,268.74,450.00,2655,10251,65,80,75,16557,P2,Not Active,Not Active,Not Active,Not Active
2026/10/07 10:22:04.654,265.18,450.00,2655,10251,65,71,70,16557,P2,Not Active,Not Active,Not Active,Not Active
2026/10/07 10:22:05.157,259.47,450.00,2655,10251,64,73,72,16557,P2,Not Active,Not Active,Not Active,Not Active
2026/10/07 10:22:05.662,249.84,450.00,2655,10251,65,74,73,16557,P2,Not Active,Not Active,Not Active,Not Active
2026/10/07 10:22:06.166,253.64,450.00,2655,10251,64,77,75,16557,P2,Not Active,Not Active,Not Active,Not Active
2026/10/07 10:22:06.671,261.72,450.00,2655,10251,65,85,84,16557,P2,Not Active,Not Active,Not Active,Not Active
2026/10/07 10:22:07.175,284.81,450.00,2655,10251,65,89,88,16557,P2,Not Active,Not Active,Not Active,Not Active
2026/10/07 10:22:07.679,288.95,450.00,2655,10251,66,90,89,16557,P2,Not Active,Not Active,Not Active,Not Active
2026/10/07 10:22:08.182,287.83,450.00,2655,10251,65,90,89,16557,P2,Not Active,Not Active,Not Active,Not Active
2026/10/07 10:22:08.688,276.24,450.00,2655,10251,65,89,88,16557,P2,Not Active,Not Active,Not Active,Not Active
2026/10/07 10:22:09.191,266.42,450.00,2655,10251,65,73,72,16557,P2,Not Active,Not Active,Not Active,Not Active
2026/10/07 10:22:09.695,264.41,450.00,2655,10251,64,84,83,16557,P2,Not Active,Not Active,Not Active,Not Active
2026/10/07 10:22:10.199,272.31,450.00,2655,10251,65,78,63,16557,P2,Not Active,Not Active,Not Active,Not Active
2026/10/07 10:22:10.703,270.36,450.00,2655,10251,65,80,79,16557,P2,Not Active,Not Active,Not Active,Not Active
2026/10/07 10:22:11.208,257.61,450.00,2655,10251,64,75,74,16557,P2,Not Active,Not Active,Not Active,Not Active
2026/10/07 10:22:11.712,261.20,450.00,2655,10251,64,89,88,16557,P2,Not Active,Not Active,Not Active,Not Active
2026/10/07 10:22:12.216,272.70,450.00,2655,10251,65,90,89,16557,P2,Not Active,Not Active,Not Active,Not Active
2026/10/07 10:22:12.719,280.37,450.00,2655,10251,65,88,87,16557,P2,Not Active,Not Active,Not Active,Not Active
2026/10/07 10:22:13.222,289.64,450.00,2580,10251,65,86,85,16557,P2,Not Active,Not Active,Not Active,Not Active
2026/10/07 10:22:13.729,281.11,450.00,2655,10251,65,78,76,16557,P2,Not Active,Not Active,Not Active,Not Active
2026/10/07 10:22:14.233,269.68,450.00,2655,10251,65,85,84,16557,P2,Not Active,Not Active,Not Active,Not Active
2026/10/07 10:22:14.737,277.68,450.00,2655,10251,65,88,87,16557,P2,Not Active,Not Active,Not Active,Not Active
2026/10/07 10:22:15.240,280.42,450.00,2655,10251,65,91,90,16557,P2,Not Active,Not Active,Not Active,Not Active
2026/10/07 10:22:15.744,292.35,450.00,2655,10251,65,91,80,16557,P2,Not Active,Not Active,Not Active,Not Active
2026/10/07 10:22:16.250,293.03,450.00,2655,10251,66,91,90,16557,P2,Not Active,Not Active,Not Active,Not Active
2026/10/07 10:22:16.753,284.68,450.00,2655,10251,65,91,90,16557,P2,Not Active,Not Active,Not Active,Not Active
2026/10/07 10:22:17.257,284.61,450.00,2655,10251,65,91,90,16557,P2,Not Active,Not Active,Not Active,Not Active
2026/10/07 10:22:17.760,283.90,450.00,2655,10251,65,91,90,16557,P2,Not Active,Not Active,Not Active,Not Active
2026/10/07 10:22:18.266,291.25,450.00,2655,10251,66,91,76,16557,P2,Not Active,Not Active,Not Active,Not Active
2026/10/07 10:22:18.769,291.01,450.00,2655,10251,65,90,89,16557,P2,Not Active,Not Active,Not Active,Not Active
2026/10/07 10:22:19.272,284.06,450.00,2655,10251,65,90,89,16557,P2,Not Active,Not Active,Not Active,Not Active
2026/10/07 10:22:19.775,284.52,450.00,2655,10251,65,91,90,16557,P2,Not Active,Not Active,Not Active,Not Active
2026/10/07 10:22:20.279,285.03,450.00,2655,10251,65,91,90,16557,P2,Not Active,Not Active,Not Active,Not Active
2026/10/07 10:22:20.783,294.83,450.00,2655,10251,69,91,90,16557,P2,Not Active,Not Active,Not Active,Not Active
2026/10/07 10:22:21.314,293.62,450.00,2655,10251,66,91,90,16557,P2,Not Active,Not Active,Not Active,Not Active
2026/10/07 10:22:21.818,285.23,450.00,2655,10251,65,92,90,16557,P2,Not Active,Not Active,Not Active,Not Active
2026/10/07 10:22:22.322,285.53,450.00,2655,10251,65,91,90,16557,P2,Not Active,Not Active,Not Active,Not Active
2026/10/07 10:22:22.826,285.24,450.00,2655,10251,65,91,90,16557,P2,Not Active,Not Active,Not Active,Not Active
2026/10/07 10:22:23.329,293.73,450.00,2655,10251,65,91,90,16557,P2,Not Active,Not Active,Not Active,Not Active
2026/10/07 10:22:23.833,293.86,450.00,2655,10251,66,91,90,16557,P2,Not Active,Not Active,Not Active,Not Active
2026/10/07 10:22:24.335,293.35,450.00,2655,10251,66,91,90,16557,P2,Not Active,Not Active,Not Active,Not Active
2026/10/07 10:22:24.839,284.70,450.00,2655,10251,65,90,89,16557,P2,Not Active,Not Active,Not Active,Not Active
2026/10/07 10:22:25.344,284.68,450.00,2655,10251,65,91,90,16557,P2,Not Active,Not Active,Not Active,Not Active
2026/10/07 10:22:25.847,284.80,450.00,2655,10251,66,91,90,16557,P2,Not Active,Not Active,Not Active,Not Active
2026/10/07 10:22:26.350,291.98,450.00,2655,10251,66,91,90,16557,P2,Not Active,Not Active,Not Active,Not Active
2026/10/07 10:22:26.855,292.20,450.00,2655,10251,66,91,90,16557,P2,Not Active,Not Active,Not Active,Not Active
2026/10/07 10:22:27.360,284.65,450.00,2655,10251,66,91,90,16557,P2,Not Active,Not Active,Not Active,Not Active
2026/10/07 10:22:27.864,285.03,450.00,2655,10251,66,91,90,16557,P2,Not Active,Not Active,Not Active,Not Active
2026/10/07 10:22:28.368,284.98,450.00,2655,10251,65,91,90,16557,P2,Not Active,Not Active,Not Active,Not Active
2026/10/07 10:22:28.871,293.51,450.00,2655,10251,66,91,90,16557,P2,Not Active,Not Active,Not Active,Not Active
2026/10/07 10:22:29.374,293.40,450.00,2655,10251,66,91,90,16557,P2,Not Active,Not Active,Not Active,Not Active
2026/10/07 10:22:29.878,284.95,450.00,2655,10251,66,91,90,16557,P2,Not Active,Not Active,Not Active,Not Active
2026/10/07 10:22:30.382,284.66,450.00,2655,10251,66,91,90,16557,P2,Not Active,Not Active,Not Active,Not Active
2026/10/07 10:22:30.886,284.58,450.00,2655,10251,66,91,90,16557,P2,Not Active,Not Active,Not Active,Not Active
2026/10/07 10:22:31.389,292.82,450.00,2655,10251,69,91,76,16557,P2,Not Active,Not Active,Not Active,Not Active
2026/10/07 10:22:31.892,292.53,450.00,2655,10251,66,91,90,16557,P2,Not Active,Not Active,Not Active,Not Active
2026/10/07 10:22:32.396,283.51,450.00,2655,10251,66,91,90,16557,P2,Not Active,Not Active,Not Active,Not Active
2026/10/07 10:22:32.901,282.04,450.00,2655,10251,65,87,86,16557,P2,Not Active,Not Active,Not Active,Not Active
2026/10/07 10:22:33.405,278.66,450.00,2655,10251,65,89,88,16557,P2,Not Active,Not Active,Not Active,Not Active
2026/10/07 10:22:33.909,276.63,450.00,2655,10251,65,83,74,16557,P2,Not Active,Not Active,Not Active,Not Active
2026/10/07 10:22:34.448,273.78,450.00,2655,10251,65,76,75,16557,P2,Not Active,Not Active,Not Active,Not Active
2026/10/07 10:22:34.954,269.51,450.00,2655,10251,65,79,78,16557,P2,Not Active,Not Active,Not Active,Not Active
2026/10/07 10:22:35.459,265.55,450.00,2655,10251,65,85,84,16557,P2,Not Active,Not Active,Not Active,Not Active
2026/10/07 10:22:35.962,271.63,450.00,2655,10251,65,89,88,16557,P2,Not Active,Not Active,Not Active,Not Active
2026/10/07 10:22:36.465,278.93,450.00,2655,10251,66,89,88,16557,P2,Not Active,Not Active,Not Active,Not Active
2026/10/07 10:22:36.969,290.36,450.00,2655,10251,66,91,82,16557,P2,Not Active,Not Active,Not Active,Not Active
2026/10/07 10:22:37.472,290.89,450.00,2655,10251,66,91,90,16557,P2,Not Active,Not Active,Not Active,Not Active
2026/10/07 10:22:37.976,283.53,450.00,2655,10251,65,91,90,16557,P2,Not Active,Not Active,Not Active,Not Active
2026/10/07 10:22:38.481,284.16,450.00,2655,10251,66,91,90,16557,P2,Not Active,Not Active,Not Active,Not Active
2026/10/07 10:22:38.985,284.43,450.00,2655,10251,66,91,90,16557,P2,Not Active,Not Active,Not Active,Not Active
2026/10/07 10:22:39.488,293.28,450.00,2640,10251,72,93,78,16557,P2,Not Active,Not Active,Not Active,Not Active
2026/10/07 10:22:39.992,292.19,450.00,2655,10251,66,88,87,16557,P2,Not Active,Not Active,Not Active,Not Active
2026/10/07 10:22:40.496,283.59,450.00,2655,10251,66,90,89,16557,P2,Not Active,Not Active,Not Active,Not Active
2026/10/07 10:22:41.000,283.53,450.00,2655,10251,66,89,88,16557,P2,Not Active,Not Active,Not Active,Not Active
2026/10/07 10:22:41.504,283.39,450.00,2655,10251,66,91,90,16557,P2,Not Active,Not Active,Not Active,Not Active
2026/10/07 10:22:42.008,293.44,450.00,2655,10251,66,90,89,16557,P2,Not Active,Not Active,Not Active,Not Active
2026/10/07 10:22:42.512,292.32,450.00,2655,10251,66,90,88,16557,P2,Not Active,Not Active,Not Active,Not Active
2026/10/07 10:22:43.017,283.72,450.00,2655,10251,66,91,90,16557,P2,Not Active,Not Active,Not Active,Not Active
2026/10/07 10:22:43.521,284.80,450.00,2655,10251,66,91,90,16557,P2,Not Active,Not Active,Not Active,Not Active
2026/10/07 10:22:44.024,284.38,450.00,2655,10251,66,91,90,16557,P2,Not Active,Not Active,Not Active,Not Active
2026/10/07 10:22:44.528,291.74,450.00,2655,10251,66,91,90,16557,P2,Active,Not Active,Not Active,Not Active
2026/10/07 10:22:45.031,292.19,450.00,2655,10251,66,90,89,16557,P2,Not Active,Not Active,Not Active,Not Active
2026/10/07 10:22:45.537,292.22,450.00,2655,10251,66,91,90,16557,P2,Not Active,Not Active,Not Active,Not Active
2026/10/07 10:22:46.041,278.47,450.00,2655,10251,65,88,87,16557,P2,Not Active,Not Active,Not Active,Not Active
2026/10/07 10:22:46.545,277.71,450.00,2655,10251,66,91,89,16557,P2,Not Active,Not Active,Not Active,Not Active
2026/10/07 10:22:47.049,278.10,450.00,2655,10251,66,75,74,16557,P2,Not Active,Not Active,Not Active,Not Active
2026/10/07 10:22:47.554,274.36,450.00,2580,10251,68,72,64,16557,P2,Not Active,Not Active,Not Active,Not Active
2026/10/07 10:22:48.060,272.66,450.00,2655,10251,66,91,90,16557,P2,Not Active,Not Active,Not Active,Not Active
2026/10/07 10:22:48.564,279.10,450.00,2655,10251,66,89,88,16557,P2,Not Active,Not Active,Not Active,Not Active
2026/10/07 10:22:49.067,276.09,450.00,2655,10251,66,72,71,16557,P2,Not Active,Not Active,Not Active,Not Active
2026/10/07 10:22:49.571,266.60,450.00,2655,10251,65,74,73,16557,P2,Not Active,Not Active,Not Active,Not Active
2026/10/07 10:22:50.078,254.31,450.00,2655,10251,64,74,73,16557,P2,Not Active,Not Active,Not Active,Not Active
2026/10/07 10:22:50.581,265.51,450.00,2655,10251,66,79,78,16557,P2,Not Active,Not Active,Not Active,Not Active
2026/10/07 10:22:51.084,263.93,450.00,2655,10251,64,75,74,16557,P2,Not Active,Not Active,Not Active,Not Active
2026/10/07 10:22:51.588,248.31,450.00,2655,10251,64,71,70,16557,P2,Not Active,Not Active,Not Active,Not Active
2026/10/07 10:22:52.092,256.67,450.00,2655,10251,65,90,89,16557,P2,Not Active,Not Active,Not Active,Not Active
2026/10/07 10:22:52.597,274.13,450.00,2655,10251,66,91,90,16557,P2,Not Active,Not Active,Not Active,Not Active
2026/10/07 10:22:53.100,278.23,450.00,2655,10251,66,82,81,16557,P2,Not Active,Not Active,Not Active,Not Active
2026/10/07 10:22:53.629,281.82,450.00,2655,10251,66,82,81,16557,P2,Not Active,Not Active,Not Active,Not Active
2026/10/07 10:22:54.137,287.96,450.00,2655,10251,66,91,90,16557,P2,Not Active,Not Active,Not Active,Not Active
2026/10/07 10:22:54.641,281.84,450.00,2655,10251,66,91,90,16557,P2,Not Active,Not Active,Not Active,Not Active
2026/10/07 10:22:55.145,282.58,450.00,2655,10251,65,91,89,16557,P2,Not Active,Not Active,Not Active,Not Active
2026/10/07 10:22:55.649,281.34,450.00,2655,10251,65,91,89,16557,P2,Not Active,Not Active,Not Active,Not Active
2026/10/07 10:22:56.155,279.51,450.00,2655,10251,72,72,71,16557,P2,Not Active,Not Active,Not Active,Not Active
2026/10/07 10:22:56.658,282.64,450.00,2655,10251,66,91,90,16557,P2,Not Active,Not Active,Not Active,Not Active
2026/10/07 10:22:57.163,282.48,450.00,2655,10251,66,91,90,16557,P2,Not Active,Not Active,Not Active,Not Active
2026/10/07 10:22:57.666,284.33,450.00,2655,10251,66,91,90,16557,P2,Not Active,Not Active,Not Active,Not Active
2026/10/07 10:22:58.171,282.14,450.00,2655,10251,66,85,84,16557,P2,Not Active,Not Active,Not Active,Not Active
2026/10/07 10:22:58.675,286.74,450.00,2655,10251,66,84,70,16557,P2,Not Active,Not Active,Not Active,Not Active
2026/10/07 10:22:59.179,287.97,450.00,2655,10251,66,90,89,16557,P2,Not Active,Not Active,Not Active,Not Active
2026/10/07 10:22:59.682,281.80,450.00,2655,10251,66,91,90,16557,P2,Not Active,Not Active,Not Active,Not Active
2026/10/07 10:23:00.186,284.50,450.00,2655,10251,66,91,89,16557,P2,Not Active,Not Active,Not Active,Not Active
2026/10/07 10:23:00.692,284.19,450.00,2655,10251,66,90,89,16557,P2,Not Active,Not Active,Not Active,Not Active
2026/10/07 10:23:01.196,292.83,450.00,2655,10251,66,91,90,16557,P2,Not Active,Not Active,Not Active,Not Active
2026/10/07 10:23:01.699,285.27,450.00,2655,10251,65,90,89,16557,P2,Not Active,Not Active,Not Active,Not Active
2026/10/07 10:23:02.203,284.28,450.00,2655,10251,66,90,89,16557,P2,Not Active,Not Active,Not Active,Not Active
2026/10/07 10:23:02.707,282.19,450.00,2655,10251,66,88,86,16557,P2,Not Active,Not Active,Not Active,Not Active
2026/10/07 10:23:03.213,282.78,450.00,2655,10251,66,90,89,16557,P2,Not Active,Not Active,Not Active,Not Active
2026/10/07 10:23:03.716,284.49,450.00,2655,10251,66,91,90,16557,P2,Not Active,Not Active,Not Active,Not Active
2026/10/07 10:23:04.220,285.81,450.00,2655,10251,70,90,89,16557,P2,Not Active,Not Active,Not Active,Not Active
2026/10/07 10:23:04.724,285.29,450.00,2655,10251,66,90,89,16557,P2,Not Active,Not Active,Not Active,Not Active
2026/10/07 10:23:05.228,283.52,450.00,2655,10251,66,91,89,16557,P2,Not Active,Not Active,Not Active,Not Active
2026/10/07 10:23:05.732,283.31,450.00,2655,10251,66,91,90,16557,P2,Not Active,Not Active,Not Active,Not Active
2026/10/07 10:23:06.236,274.87,450.00,2655,10251,66,82,81,16557,P2,Not Active,Not Active,Not Active,Not Active
2026/10/07 10:23:06.741,281.07,450.00,2655,10251,65,90,75,16557,P2,Not Active,Not Active,Not Active,Not Active
2026/10/07 10:23:07.244,283.48,450.00,2655,10251,65,81,80,16557,P2,Not Active,Not Active,Not Active,Not Active
2026/10/07 10:23:07.750,277.10,450.00,2655,10251,66,90,89,16557,P2,Not Active,Not Active,Not Active,Not Active
2026/10/07 10:23:08.253,282.10,450.00,2655,10251,66,91,90,16557,P2,Not Active,Not Active,Not Active,Not Active
2026/10/07 10:23:08.757,284.60,450.00,2655,10251,66,91,90,16557,P2,Not Active,Not Active,Not Active,Not Active
2026/10/07 10:23:09.260,292.62,450.00,2580,10251,66,89,74,16557,P2,Not Active,Not Active,Not Active,Not Active
2026/10/07 10:23:09.784,290.20,450.00,2655,10251,66,91,90,16557,P2,Not Active,Not Active,Not Active,Not Active
2026/10/07 10:23:10.289,288.90,450.00,2655,10251,66,87,86,16557,P2,Not Active,Not Active,Not Active,Not Active
2026/10/07 10:23:10.792,283.62,450.00,2655,10251,66,91,89,16557,P2,Not Active,Not Active,Not Active,Not Active
2026/10/07 10:23:11.295,284.77,450.00,2655,10251,66,91,90,16557,P2,Not Active,Not Active,Not Active,Not Active
2026/10/07 10:23:11.799,285.27,450.00,2655,10251,66,91,90,16557,P2,Active,Not Active,Not Active,Not Active
2026/10/07 10:23:12.304,278.84,450.00,2655,10251,65,72,71,16557,P2,Not Active,Not Active,Not Active,Not Active
2026/10/07 10:23:12.809,273.06,450.00,2655,10251,66,91,90,16557,P2,Not Active,Not Active,Not Active,Not Active
2026/10/07 10:23:13.312,276.55,450.00,2655,10251,66,91,90,16557,P2,Not Active,Not Active,Not Active,Not Active
2026/10/07 10:23:13.816,280.12,450.00,2655,10251,65,77,76,16557,P2,Not Active,Not Active,Not Active,Not Active
2026/10/07 10:23:14.319,273.83,450.00,2655,10251,66,87,86,16557,P2,Not Active,Not Active,Not Active,Not Active
2026/10/07 10:23:14.824,278.00,450.00,2655,10251,65,77,74,16557,P2,Not Active,Not Active,Not Active,Not Active
2026/10/07 10:23:15.329,288.04,450.00,2655,10251,66,91,89,16557,P2,Not Active,Not Active,Not Active,Not Active
2026/10/07 10:23:15.833,280.48,450.00,2655,10251,66,90,89,16557,P2,Not Active,Not Active,Not Active,Not Active
2026/10/07 10:23:16.338,278.11,450.00,2655,10251,66,81,80,16557,P2,Not Active,Not Active,Not Active,Not Active
2026/10/07 10:23:16.841,278.13,450.00,2655,10251,66,90,89,16557,P2,Not Active,Not Active,Not Active,Not Active
2026/10/07 10:23:17.346,285.58,450.00,2655,10251,65,85,84,16557,P2,Not Active,Not Active,Not Active,Not Active
2026/10/07 10:23:17.851,288.65,450.00,2655,10251,66,90,89,16557,P2,Not Active,Not Active,Not Active,Not Active
2026/10/07 10:23:18.355,289.66,450.00,2655,10251,66,91,90,16557,P2,Not Active,Not Active,Not Active,Not Active
2026/10/07 10:23:18.858,283.09,450.00,2655,10251,66,91,90,16557,P2,Not Active,Not Active,Not Active,Not Active
2026/10/07 10:23:19.362,284.54,450.00,2655,10251,66,91,90,16557,P2,Not Active,Not Active,Not Active,Not Active
2026/10/07 10:23:19.867,284.20,450.00,2655,10251,66,90,88,16557,P2,Not Active,Not Active,Not Active,Not Active
2026/10/07 10:23:20.371,282.88,450.00,2655,10251,65,75,74,16557,P2,Not Active,Not Active,Not Active,Not Active
2026/10/07 10:23:20.875,276.34,450.00,2655,10251,66,91,89,16557,P2,Not Active,Not Active,Not Active,Not Active
2026/10/07 10:23:21.378,269.20,450.00,2655,10251,64,81,80,16557,P2,Not Active,Not Active,Not Active,Not Active
2026/10/07 10:23:21.882,277.07,450.00,2655,10251,66,89,87,16557,P2,Not Active,Not Active,Not Active,Not Active
2026/10/07 10:23:22.387,280.01,450.00,2655,10251,66,91,89,16557,P2,Not Active,Not Active,Not Active,Not Active
2026/10/07 10:23:22.891,283.48,450.00,2655,10251,70,81,66,16557,P2,Not Active,Not Active,Not Active,Not Active
2026/10/07 10:23:23.395,280.46,450.00,2655,10251,66,90,89,16557,P2,Not Active,Not Active,Not Active,Not Active
2026/10/07 10:23:23.899,269.32,450.00,2655,10251,65,84,83,16557,P2,Not Active,Not Active,Not Active,Not Active
2026/10/07 10:23:24.405,270.85,450.00,2655,10251,66,89,88,16557,P2,Not Active,Not Active,Not Active,Not Active
2026/10/07 10:23:24.908,276.48,450.00,2655,10251,66,88,87,16557,P2,Not Active,Not Active,Not Active,Not Active
2026/10/07 10:23:25.411,273.17,450.00,2655,10251,65,89,88,16557,P2,Not Active,Not Active,Not Active,Not Active
2026/10/07 10:23:25.915,271.37,450.00,2655,10251,65,70,69,16557,P2,Not Active,Not Active,Not Active,Not Active
2026/10/07 10:23:26.418,273.86,450.00,2655,10251,65,82,81,16557,P2,Not Active,Not Active,Not Active,Not Active
2026/10/07 10:23:26.923,272.60,450.00,2655,10251,65,80,79,16557,P2,Not Active,Not Active,Not Active,Not Active
2026/10/07 10:23:27.427,272.85,450.00,2655,10251,65,79,78,16557,P2,Not Active,Not Active,Not Active,Not Active
2026/10/07 10:23:27.930,275.94,450.00,2655,10251,66,90,88,16557,P2,Not Active,Not Active,Not Active,Not Active
2026/10/07 10:23:28.434,282.25,450.00,2655,10251,65,83,68,16557,P2,Not Active,Not Active,Not Active,Not Active
2026/10/07 10:23:28.958,266.76,450.00,2655,10251,65,72,71,16557,P2,Not Active,Not Active,Not Active,Not Active
2026/10/07 10:23:29.463,264.82,450.00,2655,10251,65,87,86,16557,P2,Not Active,Not Active,Not Active,Not Active
2026/10/07 10:23:29.968,262.29,450.00,2655,10251,64,73,72,16557,P2,Not Active,Not Active,Not Active,Not Active
2026/10/07 10:23:30.472,264.40,450.00,2655,10251,65,72,71,16557,P2,Not Active,Not Active,Not Active,Not Active
2026/10/07 10:23:30.975,264.84,450.00,2655,10251,65,91,90,16557,P2,Not Active,Not Active,Not Active,Not Active
2026/10/07 10:23:31.480,273.01,450.00,2655,10251,65,78,63,16557,P2,Not Active,Not Active,Not Active,Not Active
2026/10/07 10:23:31.986,276.57,450.00,2655,10251,65,89,88,16557,P2,Not Active,Not Active,Not Active,Not Active
2026/10/07 10:23:32.490,286.24,450.00,2655,10251,66,91,90,16557,P2,Not Active,Not Active,Not Active,Not Active
2026/10/07 10:23:32.993,277.31,450.00,2655,10251,66,85,84,16557,P2,Not Active,Not Active,Not Active,Not Active
2026/10/07 10:23:33.498,260.48,450.00,2655,10251,64,73,72,16557,P2,Not Active,Not Active,Not Active,Not Active
2026/10/07 10:23:34.004,255.52,450.00,2655,10251,64,77,76,16557,P2,Not Active,Not Active,Not Active,Not Active
2026/10/07 10:23:34.508,268.26,450.00,2610,10251,70,79,64,16557,P2,Not Active,Not Active,Not Active,Not Active
2026/10/07 10:23:35.011,267.68,450.00,2655,10251,65,77,76,16557,P2,Not Active,Not Active,Not Active,Not Active
2026/10/07 10:23:35.515,269.44,450.00,2655,10251,66,91,90,16557,P2,Not Active,Not Active,Not Active,Not Active
2026/10/07 10:23:36.020,280.76,450.00,2655,10251,65,89,88,16557,P2,Not Active,Not Active,Not Active,Not Active
2026/10/07 10:23:36.524,280.44,450.00,2655,10251,66,88,87,16557,P2,Not Active,Not Active,Not Active,Not Active
2026/10/07 10:23:37.027,278.17,450.00,2655,10251,65,87,86,16557,P2,Not Active,Not Active,Not Active,Not Active
2026/10/07 10:23:37.591,283.43,450.00,2655,10251,65,80,79,16557,P2,Not Active,Not Active,Not Active,Not Active
2026/10/07 10:23:38.096,276.61,450.00,2655,10251,65,82,81,16557,P2,Not Active,Not Active,Not Active,Not Active
2026/10/07 10:23:38.601,270.40,450.00,2655,10251,65,87,86,16557,P2,Not Active,Not Active,Not Active,Not Active
2026/10/07 10:23:39.104,276.69,450.00,2655,10251,65,88,87,16557,P2,Not Active,Not Active,Not Active,Not Active
2026/10/07 10:23:39.608,279.60,450.00,2655,10251,65,88,87,16557,P2,Not Active,Not Active,Not Active,Not Active
2026/10/07 10:23:40.111,288.14,450.00,2655,10251,65,85,80,16557,P2,Not Active,Not Active,Not Active,Not Active
2026/10/07 10:23:40.614,289.15,450.00,2655,10251,66,90,89,16557,P2,Not Active,Not Active,Not Active,Not Active
2026/10/07 10:23:41.119,283.02,450.00,2655,10251,66,91,90,16557,P2,Not Active,Not Active,Not Active,Not Active
2026/10/07 10:23:41.623,284.02,450.00,2655,10251,66,91,90,16557,P2,Not Active,Not Active,Not Active,Not Active
2026/10/07 10:23:42.126,284.62,450.00,2655,10251,66,91,90,16557,P2,Not Active,Not Active,Not Active,Not Active
2026/10/07 10:23:42.631,290.91,450.00,2655,10251,66,87,72,16557,P2,Not Active,Not Active,Not Active,Not Active
2026/10/07 10:23:43.134,288.92,450.00,2655,10251,66,90,89,16557,P2,Not Active,Not Active,Not Active,Not Active
2026/10/07 10:23:43.639,281.10,450.00,2655,10251,66,91,89,16557,P2,Not Active,Not Active,Not Active,Not Active
2026/10/07 10:23:44.142,284.61,450.00,2655,10251,66,91,90,16557,P2,Not Active,Not Active,Not Active,Not Active
2026/10/07 10:23:44.646,284.64,450.00,2655,10251,66,91,90,16557,P2,Not Active,Not Active,Not Active,Not Active
2026/10/07 10:23:45.149,293.09,450.00,2655,10251,66,91,90,16557,P2,Not Active,Not Active,Not Active,Not Active
2026/10/07 10:23:45.685,291.26,450.00,2655,10251,66,90,89,16557,P2,Not Active,Not Active,Not Active,Not Active
2026/10/07 10:23:46.188,291.41,450.00,2655,10251,66,91,90,16557,P2,Not Active,Not Active,Not Active,Not Active
2026/10/07 10:23:46.692,284.40,450.00,2655,10251,66,91,90,16557,P2,Not Active,Not Active,Not Active,Not Active
2026/10/07 10:23:47.197,284.63,450.00,2655,10251,66,91,90,16557,P2,Not Active,Not Active,Not Active,Not Active
2026/10/07 10:23:47.700,287.74,450.00,2655,10251,66,91,90,16557,P2,Active,Not Active,Not Active,Not Active
2026/10/07 10:23:48.203,292.01,450.00,2580,10251,70,90,89,16557,P2,Not Active,Not Active,Not Active,Not Active
2026/10/07 10:23:48.709,290.76,450.00,2655,10251,66,90,88,16557,P2,Not Active,Not Active,Not Active,Not Active
2026/10/07 10:23:49.214,283.18,450.00,2655,10251,66,91,89,16557,P2,Not Active,Not Active,Not Active,Not Active
2026/10/07 10:23:49.718,284.12,450.00,2655,10251,66,90,89,16557,P2,Not Active,Not Active,Not Active,Not Active
2026/10/07 10:23:50.222,284.04,450.00,2655,10251,66,90,89,16557,P2,Not Active,Not Active,Not Active,Not Active
2026/10/07 10:23:50.727,292.04,450.00,2655,10251,66,91,89,16557,P2,Not Active,Not Active,Not Active,Not Active
2026/10/07 10:23:51.231,292.57,450.00,2655,10251,66,91,90,16557,P2,Not Active,Not Active,Not Active,Not Active
2026/10/07 10:23:51.736,284.37,450.00,2655,10251,66,90,89,16557,P2,Not Active,Not Active,Not Active,Not Active
2026/10/07 10:23:52.239,284.06,450.00,2655,10251,66,91,89,16557,P2,Not Active,Not Active,Not Active,Not Active
2026/10/07 10:23:52.743,284.78,450.00,2655,10251,66,91,90,16557,P2,Not Active,Not Active,Not Active,Not Active
2026/10/07 10:23:53.246,291.68,450.00,2655,10251,66,90,89,16557,P2,Not Active,Not Active,Not Active,Not Active
2026/10/07 10:23:53.749,291.58,450.00,2655,10251,66,90,89,16557,P2,Not Active,Not Active,Not Active,Not Active
2026/10/07 10:23:54.255,284.72,450.00,2655,10251,66,90,89,16557,P2,Not Active,Not Active,Not Active,Not Active
2026/10/07 10:23:54.760,285.04,450.00,2655,10251,66,91,90,16557,P2,Not Active,Not Active,Not Active,Not Active
2026/10/07 10:23:55.264,284.69,450.00,2655,10251,66,90,89,16557,P2,Not Active,Not Active,Not Active,Not Active
2026/10/07 10:23:55.767,292.97,450.00,2655,10251,66,91,78,16557,P2,Not Active,Not Active,Not Active,Not Active
2026/10/07 10:23:56.271,291.46,450.00,2655,10251,66,90,89,16557,P2,Not Active,Not Active,Not Active,Not Active
2026/10/07 10:23:56.779,282.83,450.00,2655,10251,66,91,90,16557,P2,Not Active,Not Active,Not Active,Not Active
2026/10/07 10:23:57.282,285.21,450.00,2655,10251,66,91,90,16557,P2,Not Active,Not Active,Not Active,Not Active
2026/10/07 10:23:57.786,284.92,450.00,2655,10251,66,90,89,16557,P2,Not Active,Not Active,Not Active,Not Active
2026/10/07 10:23:58.289,291.81,450.00,2565,10251,72,89,85,16557,P2,Not Active,Not Active,Not Active,Not Active
2026/10/07 10:23:58.839,291.82,450.00,2655,10251,66,91,89,16557,P2,Not Active,Not Active,Not Active,Not Active
2026/10/07 10:23:59.343,291.21,450.00,2655,10251,66,90,89,16557,P2,Not Active,Not Active,Not Active,Not Active
2026/10/07 10:23:59.846,284.21,450.00,2655,10251,66,91,90,16557,P2,Not Active,Not Active,Not Active,Not Active
2026/10/07 10:24:00.351,283.63,450.00,2655,10251,66,90,89,16557,P2,Not Active,Not Active,Not Active,Not Active
2026/10/07 10:24:00.855,283.44,450.00,2655,10251,66,90,89,16557,P2,Active,Not Active,Not Active,Not Active
2026/10/07 10:24:01.358,292.11,450.00,2655,10251,66,91,90,16557,P2,Not Active,Not Active,Not Active,Not Active
2026/10/07 10:24:01.862,292.90,450.00,2655,10251,66,91,90,16557,P2,Not Active,Not Active,Not Active,Not Active
2026/10/07 10:24:02.365,284.84,450.00,2655,10251,66,91,90,16557,P2,Not Active,Not Active,Not Active,Not Active
2026/10/07 10:24:02.869,284.59,450.00,2655,10251,66,90,89,16557,P2,Not Active,Not Active,Not Active,Not Active
2026/10/07 10:24:03.374,284.79,450.00,2655,10251,66,91,90,16557,P2,Not Active,Not Active,Not Active,Not Active
2026/10/07 10:24:03.877,292.24,450.00,2655,10251,66,90,89,16557,P2,Not Active,Not Active,Not Active,Not Active
2026/10/07 10:24:04.380,291.91,450.00,2655,10251,66,91,89,16557,P2,Not Active,Not Active,Not Active,Not Active
2026/10/07 10:24:04.884,283.60,450.00,2655,10251,66,90,89,16557,P2,Not Active,Not Active,Not Active,Not Active
2026/10/07 10:24:05.389,283.72,450.00,2655,10251,66,91,89,16557,P2,Not Active,Not Active,Not Active,Not Active
2026/10/07 10:24:05.894,285.01,450.00,2655,10251,66,91,90,16557,P2,Not Active,Not Active,Not Active,Not Active
2026/10/07 10:24:06.397,293.15,450.00,2655,10251,67,91,90,16557,P2,Not Active,Not Active,Not Active,Not Active
2026/10/07 10:24:06.901,292.40,450.00,2655,10251,66,90,89,16557,P2,Not Active,Not Active,Not Active,Not Active
2026/10/07 10:24:07.404,284.23,450.00,2655,10251,66,91,89,16557,P2,Not Active,Not Active,Not Active,Not Active
2026/10/07 10:24:07.909,284.85,450.00,2655,10251,66,90,89,16557,P2,Not Active,Not Active,Not Active,Not Active
2026/10/07 10:24:08.412,284.60,450.00,2655,10251,66,91,89,16557,P2,Not Active,Not Active,Not Active,Not Active
2026/10/07 10:24:08.916,292.71,450.00,2595,10251,73,91,76,16557,P2,Not Active,Not Active,Not Active,Not Active
2026/10/07 10:24:09.419,292.99,450.00,2655,10251,66,91,90,16557,P2,Not Active,Not Active,Not Active,Not Active
2026/10/07 10:24:09.923,285.27,450.00,2655,10251,66,91,90,16557,P2,Not Active,Not Active,Not Active,Not Active
2026/10/07 10:24:10.428,284.98,450.00,2655,10251,66,91,90,16557,P2,Not Active,Not Active,Not Active,Not Active
2026/10/07 10:24:10.932,284.38,450.00,2655,10251,66,91,89,16557,P2,Not Active,Not Active,Not Active,Not Active
2026/10/07 10:24:11.435,292.45,450.00,2655,10251,66,91,76,16557,P2,Not Active,Not Active,Not Active,Not Active
2026/10/07 10:24:11.938,292.63,450.00,2655,10251,66,91,89,16557,P2,Not Active,Not Active,Not Active,Not Active
2026/10/07 10:24:12.442,292.89,450.00,2655,10251,66,91,90,16557,P2,Not Active,Not Active,Not Active,Not Active
2026/10/07 10:24:12.946,284.66,450.00,2655,10251,66,90,89,16557,P2,Not Active,Not Active,Not Active,Not Active
2026/10/07 10:24:13.452,284.66,450.00,2655,10251,66,91,90,16557,P2,Not Active,Not Active,Not Active,Not Active
2026/10/07 10:24:13.956,284.34,450.00,2655,10251,66,90,89,16557,P2,Active,Not Active,Not Active,Not Active
2026/10/07 10:24:14.459,291.54,450.00,2655,10251,66,91,89,16557,P2,Not Active,Not Active,Not Active,Not Active
2026/10/07 10:24:14.962,291.66,450.00,2655,10251,66,91,90,16557,P2,Not Active,Not Active,Not Active,Not Active
2026/10/07 10:24:15.467,284.34,450.00,2655,10251,66,91,90,16557,P2,Not Active,Not Active,Not Active,Not Active
2026/10/07 10:24:15.970,284.12,450.00,2655,10251,66,90,89,16557,P2,Not Active,Not Active,Not Active,Not Active
2026/10/07 10:24:16.473,284.67,450.00,2655,10251,66,91,90,16557,P2,Not Active,Not Active,Not Active,Not Active
2026/10/07 10:24:16.976,293.31,450.00,2655,10251,66,91,87,16557,P2,Not Active,Not Active,Not Active,Not Active
2026/10/07 10:24:17.479,293.61,450.00,2655,10251,66,91,90,16557,P2,Not Active,Not Active,Not Active,Not Active
2026/10/07 10:24:17.982,284.64,450.00,2655,10251,66,91,90,16557,P2,Not Active,Not Active,Not Active,Not Active
2026/10/07 10:24:18.490,284.62,450.00,2655,10251,66,91,90,16557,P2,Not Active,Not Active,Not Active,Not Active
2026/10/07 10:24:18.993,284.81,450.00,2655,10251,66,91,90,16557,P2,Not Active,Not Active,Not Active,Not Active
2026/10/07 10:24:19.496,291.76,450.00,2565,10251,70,92,82,16557,P2,Not Active,Not Active,Not Active,Not Active
2026/10/07 10:24:20.000,291.25,450.00,2655,10251,66,89,88,16557,P2,Not Active,Not Active,Not Active,Not Active
2026/10/07 10:24:20.503,283.99,450.00,2655,10251,66,91,90,16557,P2,Not Active,Not Active,Not Active,Not Active
2026/10/07 10:24:21.008,284.63,450.00,2655,10251,66,91,90,16557,P2,Not Active,Not Active,Not Active,Not Active
2026/10/07 10:24:21.512,285.39,450.00,2655,10251,66,91,90,16557,P2,Not Active,Not Active,Not Active,Not Active
2026/10/07 10:24:22.015,295.02,450.00,2655,10251,66,92,77,16557,P2,Not Active,Not Active,Not Active,Not Active
2026/10/07 10:24:22.519,292.98,450.00,2655,10251,66,90,89,16557,P2,Not Active,Not Active,Not Active,Not Active
2026/10/07 10:24:23.023,284.11,450.00,2655,10251,66,90,89,16557,P2,Not Active,Not Active,Not Active,Not Active
2026/10/07 10:24:23.528,283.88,450.00,2655,10251,66,91,90,16557,P2,Not Active,Not Active,Not Active,Not Active
2026/10/07 10:24:24.031,284.75,450.00,2655,10251,66,91,90,16557,P2,Not Active,Not Active,Not Active,Not Active
2026/10/07 10:24:24.535,292.06,450.00,2655,10251,66,91,90,16557,P2,Not Active,Not Active,Not Active,Not Active
2026/10/07 10:24:25.080,290.64,450.00,2655,10251,66,90,89,16557,P2,Not Active,Not Active,Not Active,Not Active
2026/10/07 10:24:25.585,283.23,450.00,2655,10251,66,91,90,16557,P2,Not Active,Not Active,Not Active,Not Active
2026/10/07 10:24:26.088,284.56,450.00,2655,10251,66,91,90,16557,P2,Not Active,Not Active,Not Active,Not Active
2026/10/07 10:24:26.592,284.09,450.00,2655,10251,66,91,90,16557,P2,Not Active,Not Active,Not Active,Not Active
2026/10/07 10:24:27.095,293.61,450.00,2655,10251,66,91,90,16557,P2,Active,Not Active,Not Active,Not Active
2026/10/07 10:24:27.600,293.88,450.00,2655,10251,67,91,90,16557,P2,Not Active,Not Active,Not Active,Not Active
2026/10/07 10:24:28.105,293.54,450.00,2655,10251,66,90,89,16557,P2,Not Active,Not Active,Not Active,Not Active
2026/10/07 10:24:28.608,284.05,450.00,2655,10251,66,89,88,16557,P2,Not Active,Not Active,Not Active,Not Active
2026/10/07 10:24:29.112,284.28,450.00,2655,10251,66,91,90,16557,P2,Not Active,Not Active,Not Active,Not Active
2026/10/07 10:24:29.616,283.68,450.00,2655,10251,66,90,89,16557,P2,Not Active,Not Active,Not Active,Not Active
2026/10/07 10:24:30.121,291.92,450.00,2565,10251,71,90,89,16557,P2,Not Active,Not Active,Not Active,Not Active
2026/10/07 10:24:30.627,291.30,450.00,2655,10251,66,88,87,16557,P2,Not Active,Not Active,Not Active,Not Active
2026/10/07 10:24:31.131,283.60,450.00,2655,10251,66,90,89,16557,P2,Not Active,Not Active,Not Active,Not Active
2026/10/07 10:24:31.634,283.99,450.00,2655,10251,66,91,90,16557,P2,Not Active,Not Active,Not Active,Not Active
2026/10/07 10:24:32.137,285.15,450.00,2655,10251,66,90,89,16557,P2,Not Active,Not Active,Not Active,Not Active
2026/10/07 10:24:32.643,292.82,450.00,2655,10251,66,90,89,16557,P2,Not Active,Not Active,Not Active,Not Active
2026/10/07 10:24:33.146,293.00,450.00,2655,10251,66,90,89,16557,P2,Not Active,Not Active,Not Active,Not Active
2026/10/07 10:24:33.650,285.40,450.00,2655,10251,66,91,90,16557,P2,Not Active,Not Active,Not Active,Not Active
2026/10/07 10:24:34.153,285.42,450.00,2655,10251,66,91,90,16557,P2,Not Active,Not Active,Not Active,Not Active
2026/10/07 10:24:34.656,284.71,450.00,2655,10251,66,89,88,16557,P2,Not Active,Not Active,Not Active,Not Active
2026/10/07 10:24:35.161,291.73,450.00,2655,10251,66,91,76,16557,P2,Not Active,Not Active,Not Active,Not Active
2026/10/07 10:24:35.665,291.43,450.00,2655,10251,66,90,89,16557,P2,Not Active,Not Active,Not Active,Not Active
2026/10/07 10:24:36.169,284.00,450.00,2655,10251,66,91,90,16557,P2,Not Active,Not Active,Not Active,Not Active
2026/10/07 10:24:36.672,283.90,450.00,2655,10251,66,88,87,16557,P2,Not Active,Not Active,Not Active,Not Active
2026/10/07 10:24:37.176,284.18,450.00,2655,10251,66,90,89,16557,P2,Not Active,Not Active,Not Active,Not Active
2026/10/07 10:24:37.684,293.93,450.00,2655,10251,66,90,79,16557,P2,Not Active,Not Active,Not Active,Not Active
2026/10/07 10:24:38.187,293.48,450.00,2655,10251,67,91,89,16557,P2,Not Active,Not Active,Not Active,Not Active
2026/10/07 10:24:38.690,287.71,450.00,2655,10251,66,90,89,16557,P2,Not Active,Not Active,Not Active,Not Active
2026/10/07 10:24:39.194,284.53,450.00,2655,10251,66,90,89,16557,P2,Not Active,Not Active,Not Active,Not Active
2026/10/07 10:24:39.697,283.19,450.00,2655,10251,66,90,88,16557,P2,Not Active,Not Active,Not Active,Not Active
2026/10/07 10:24:40.202,281.47,450.00,2655,10251,66,87,86,16557,P2,Not Active,Not Active,Not Active,Not Active
2026/10/07 10:24:40.705,283.39,450.00,2655,10251,71,83,82,16557,P2,Not Active,Not Active,Not Active,Not Active
2026/10/07 10:24:41.210,279.09,450.00,2655,10251,66,86,85,16557,P2,Not Active,Not Active,Not Active,Not Active
2026/10/07 10:24:41.714,269.26,450.00,2655,10251,66,83,82,16557,P2,Not Active,Not Active,Not Active,Not Active
2026/10/07 10:24:42.219,275.11,450.00,2655,10251,66,90,89,16557,P2,Not Active,Not Active,Not Active,Not Active
2026/10/07 10:24:42.723,276.23,450.00,2655,10251,66,87,86,16557,P2,Not Active,Not Active,Not Active,Not Active
2026/10/07 10:24:43.227,286.11,450.00,2655,10251,66,90,75,16557,P2,Not Active,Not Active,Not Active,Not Active
2026/10/07 10:24:43.730,287.23,450.00,2655,10251,66,88,87,16557,P2,Not Active,Not Active,Not Active,Not Active
2026/10/07 10:24:44.233,281.77,450.00,2655,10251,66,90,88,16557,P2,Not Active,Not Active,Not Active,Not Active
2026/10/07 10:24:44.739,282.82,450.00,2655,10251,66,90,89,16557,P2,Not Active,Not Active,Not Active,Not Active
2026/10/07 10:24:45.242,280.18,450.00,2655,10251,66,85,84,16557,P2,Not Active,Not Active,Not Active,Not Active
2026/10/07 10:24:45.746,274.56,450.00,2655,10251,66,83,82,16557,P2,Not Active,Not Active,Not Active,Not Active
2026/10/07 10:24:46.296,284.64,450.00,2655,10251,66,91,90,16557,P2,Not Active,Not Active,Not Active,Not Active
2026/10/07 10:24:46.800,284.93,450.00,2655,10251,65,73,72,16557,P2,Not Active,Not Active,Not Active,Not Active
2026/10/07 10:24:47.304,263.81,450.00,2655,10251,65,71,70,16557,P2,Not Active,Not Active,Not Active,Not Active
2026/10/07 10:24:47.807,257.14,450.00,2655,10251,65,82,81,16557,P2,Not Active,Not Active,Not Active,Not Active
2026/10/07 10:24:48.311,264.80,450.00,2655,10251,66,80,79,16557,P2,Not Active,Not Active,Not Active,Not Active
2026/10/07 10:24:48.817,276.36,450.00,2655,10251,67,80,71,16557,P2,Not Active,Not Active,Not Active,Not Active
2026/10/07 10:24:49.322,279.03,450.00,2655,10251,66,83,82,16557,P2,Not Active,Not Active,Not Active,Not Active
2026/10/07 10:24:49.825,268.39,450.00,2655,10251,65,77,76,16557,P2,Not Active,Not Active,Not Active,Not Active
2026/10/07 10:24:50.328,263.78,450.00,2655,10251,65,73,72,16557,P2,Not Active,Not Active,Not Active,Not Active
2026/10/07 10:24:50.832,251.72,450.00,2655,10251,65,77,76,16557,P2,Not Active,Not Active,Not Active,Not Active
2026/10/07 10:24:51.338,255.76,450.00,2655,10251,65,81,80,16557,P2,Not Active,Not Active,Not Active,Not Active
2026/10/07 10:24:51.841,265.23,450.00,2655,10251,66,84,70,16557,P2,Not Active,Not Active,Not Active,Not Active
2026/10/07 10:24:52.344,271.86,450.00,2655,10251,66,90,89,16557,P2,Not Active,Not Active,Not Active,Not Active
2026/10/07 10:24:52.847,262.85,450.00,2655,10251,65,75,74,16557,P2,Not Active,Not Active,Not Active,Not Active
2026/10/07 10:24:53.351,261.31,450.00,2655,10251,65,81,80,16557,P2,Not Active,Not Active,Not Active,Not Active
2026/10/07 10:24:53.857,252.05,450.00,2655,10251,64,63,63,16557,P2,Not Active,Not Active,Not Active,Not Active
2026/10/07 10:24:54.360,253.06,450.00,2655,10251,65,68,67,16557,P2,Not Active,Not Active,Not Active,Not Active
2026/10/07 10:24:54.863,262.80,450.00,2655,10251,68,84,69,16557,P2,Not Active,Not Active,Not Active,Not Active
2026/10/07 10:24:55.366,267.08,450.00,2655,10251,65,79,78,16557,P2,Not Active,Not Active,Not Active,Not Active
2026/10/07 10:24:55.870,253.98,450.00,2655,10251,64,73,72,16557,P2,Not Active,Not Active,Not Active,Not Active
2026/10/07 10:24:56.375,249.41,450.00,2655,10251,65,79,78,16557,P2,Not Active,Not Active,Not Active,Not Active
2026/10/07 10:24:56.878,250.28,450.00,2655,10251,65,76,75,16557,P2,Not Active,Not Active,Not Active,Not Active
2026/10/07 10:24:57.382,249.35,450.00,2655,10251,65,77,76,16557,P2,Not Active,Not Active,Not Active,Not Active
2026/10/07 10:24:57.885,263.72,450.00,2655,10251,65,81,80,16557,P2,Not Active,Not Active,Not Active,Not Active
2026/10/07 10:24:58.389,278.03,450.00,2655,10251,66,91,90,16557,P2,Not Active,Not Active,Not Active,Not Active
2026/10/07 10:24:58.894,286.85,450.00,2655,10251,65,88,86,16557,P2,Not Active,Not Active,Not Active,Not Active
2026/10/07 10:24:59.397,277.46,450.00,2655,10251,66,82,81,16557,P2,Not Active,Not Active,Not Active,Not Active
2026/10/07 10:24:59.900,272.83,450.00,2655,10251,66,82,81,16557,P2,Not Active,Not Active,Not Active,Not Active
2026/10/07 10:25:00.405,267.87,450.00,2655,10251,65,80,79,16557,P2,Not Active,Not Active,Not Active,Not Active
2026/10/07 10:25:00.908,282.71,450.00,2655,10251,66,90,82,16557,P2,Not Active,Not Active,Not Active,Not Active
2026/10/07 10:25:01.414,279.20,450.00,2655,10251,65,83,82,16557,P2,Not Active,Not Active,Not Active,Not Active
2026/10/07 10:25:01.918,263.46,450.00,2655,10251,65,80,79,16557,P2,Not Active,Not Active,Not Active,Not Active
2026/10/07 10:25:02.421,263.60,450.00,2655,10251,66,85,84,16557,P2,Not Active,Not Active,Not Active,Not Active
2026/10/07 10:25:02.924,259.82,450.00,2655,10251,64,70,70,16557,P2,Not Active,Not Active,Not Active,Not Active
2026/10/07 10:25:03.428,265.12,450.00,2655,10251,66,90,89,16557,P2,Not Active,Not Active,Not Active,Not Active
2026/10/07 10:25:03.933,281.08,450.00,2655,10251,66,89,88,16557,P2,Not Active,Not Active,Not Active,Not Active
2026/10/07 10:25:04.436,278.09,450.00,2655,10251,65,86,85,16557,P2,Not Active,Not Active,Not Active,Not Active
2026/10/07 10:25:04.940,270.63,450.00,2655,10251,66,91,90,16557,P2,Not Active,Not Active,Not Active,Not Active
2026/10/07 10:25:05.444,265.93,450.00,2655,10251,64,75,75,16557,P2,Not Active,Not Active,Not Active,Not Active
2026/10/07 10:25:05.948,262.19,450.00,2655,10251,65,77,76,16557,P2,Not Active,Not Active,Not Active,Not Active
2026/10/07 10:25:06.453,266.90,450.00,2655,10251,64,81,77,16557,P2,Not Active,Not Active,Not Active,Not Active
2026/10/07 10:25:07.000,284.10,450.00,2655,10251,66,88,87,16557,P2,Not Active,Not Active,Not Active,Not Active
2026/10/07 10:25:07.504,290.70,450.00,2655,10251,66,90,89,16557,P2,Not Active,Not Active,Not Active,Not Active
2026/10/07 10:25:08.009,282.52,450.00,2655,10251,66,89,88,16557,P2,Not Active,Not Active,Not Active,Not Active
2026/10/07 10:25:08.513,282.87,450.00,2655,10251,66,90,89,16557,P2,Not Active,Not Active,Not Active,Not Active
2026/10/07 10:25:09.017,282.11,450.00,2655,10251,65,90,89,16557,P2,Not Active,Not Active,Not Active,Not Active
2026/10/07 10:25:09.520,288.87,450.00,2655,10251,66,90,88,16557,P2,Not Active,Not Active,Not Active,Not Active
2026/10/07 10:25:10.024,289.85,450.00,2655,10251,66,90,89,16557,P2,Not Active,Not Active,Not Active,Not Active
2026/10/07 10:25:10.529,281.17,450.00,2655,10251,66,91,90,16557,P2,Not Active,Not Active,Not Active,Not Active
2026/10/07 10:25:11.033,282.89,450.00,2655,10251,66,88,87,16557,P2,Not Active,Not Active,Not Active,Not Active
2026/10/07 10:25:11.536,283.19,450.00,2655,10251,66,91,90,16557,P2,Not Active,Not Active,Not Active,Not Active
2026/10/07 10:25:12.039,292.30,450.00,2655,10251,72,90,89,16557,P2,Not Active,Not Active,Not Active,Not Active
2026/10/07 10:25:12.542,281.68,450.00,2655,10251,65,71,70,16557,P2,Not Active,Not Active,Not Active,Not Active
2026/10/07 10:25:13.047,272.21,450.00,2655,10251,66,86,85,16557,P2,Not Active,Not Active,Not Active,Not Active
2026/10/07 10:25:13.551,273.83,450.00,2655,10251,66,81,80,16557,P2,Not Active,Not Active,Not Active,Not Active
2026/10/07 10:25:14.055,263.03,450.00,2655,10251,65,67,66,16557,P2,Not Active,Not Active,Not Active,Not Active
2026/10/07 10:25:14.558,253.67,450.00,2655,10251,65,74,73,16557,P2,Not Active,Not Active,Not Active,Not Active
2026/10/07 10:25:15.061,273.94,450.00,2655,10251,66,90,89,16557,P2,Not Active,Not Active,Not Active,Not Active
2026/10/07 10:25:15.565,292.28,450.00,2655,10251,66,91,90,16557,P2,Not Active,Not Active,Not Active,Not Active
2026/10/07 10:25:16.072,284.91,450.00,2655,10251,66,90,89,16557,P2,Not Active,Not Active,Not Active,Not Active
2026/10/07 10:25:16.575,284.66,450.00,2655,10251,66,90,89,16557,P2,Not Active,Not Active,Not Active,Not Active
2026/10/07 10:25:17.078,283.27,450.00,2655,10251,66,87,86,16557,P2,Not Active,Not Active,Not Active,Not Active
2026/10/07 10:25:17.582,288.58,450.00,2655,10251,65,88,86,16557,P2,Not Active,Not Active,Not Active,Not Active
2026/10/07 10:25:18.086,290.61,450.00,2655,10251,66,91,90,16557,P2,Not Active,Not Active,Not Active,Not Active
2026/10/07 10:25:18.590,285.15,450.00,2655,10251,66,91,90,16557,P2,Not Active,Not Active,Not Active,Not Active
2026/10/07 10:25:19.095,284.64,450.00,2655,10251,66,91,90,16557,P2,Not Active,Not Active,Not Active,Not Active
2026/10/07 10:25:19.599,284.77,450.00,2655,10251,66,91,90,16557,P2,Not Active,Not Active,Not Active,Not Active
2026/10/07 10:25:20.103,291.85,450.00,2655,10251,66,90,75,16557,P2,Not Active,Not Active,Not Active,Not Active
2026/10/07 10:25:20.608,290.84,450.00,2655,10251,66,90,89,16557,P2,Not Active,Not Active,Not Active,Not Active
2026/10/07 10:25:21.112,283.74,450.00,2655,10251,66,91,89,16557,P2,Not Active,Not Active,Not Active,Not Active
2026/10/07 10:25:21.615,284.60,450.00,2655,10251,66,91,90,16557,P2,Not Active,Not Active,Not Active,Not Active
2026/10/07 10:25:22.119,285.00,450.00,2655,10251,66,91,90,16557,P2,Not Active,Not Active,Not Active,Not Active
2026/10/07 10:25:22.622,293.50,450.00,2655,10251,66,91,76,16557,P2,Not Active,Not Active,Not Active,Not Active
2026/10/07 10:25:23.162,294.18,450.00,2655,10251,66,91,90,16557,P2,Not Active,Not Active,Not Active,Not Active
2026/10/07 10:25:23.669,285.92,450.00,2655,10251,66,91,90,16557,P2,Not Active,Not Active,Not Active,Not Active
2026/10/07 10:25:24.173,285.50,450.00,2655,10251,66,91,89,16557,P2,Not Active,Not Active,Not Active,Not Active
2026/10/07 10:25:24.676,284.61,450.00,2655,10251,66,90,89,16557,P2,Not Active,Not Active,Not Active,Not Active
2026/10/07 10:25:25.180,292.76,450.00,2655,10251,66,91,76,16557,P2,Not Active,Not Active,Not Active,Not Active
2026/10/07 10:25:25.690,292.81,450.00,2655,10251,67,91,90,16557,P2,Not Active,Not Active,Not Active,Not Active
2026/10/07 10:25:26.194,293.05,450.00,2655,10251,66,91,90,16557,P2,Not Active,Not Active,Not Active,Not Active
2026/10/07 10:25:26.699,285.40,450.00,2655,10251,66,91,90,16557,P2,Not Active,Not Active,Not Active,Not Active
2026/10/07 10:25:27.204,284.03,450.00,2655,10251,66,91,90,16557,P2,Not Active,Not Active,Not Active,Not Active
2026/10/07 10:25:27.708,284.52,450.00,2655,10251,66,91,90,16557,P2,Not Active,Not Active,Not Active,Not Active
2026/10/07 10:25:28.211,294.78,450.00,2655,10251,65,91,90,16557,P2,Not Active,Not Active,Not Active,Not Active
2026/10/07 10:25:28.715,294.23,450.00,2655,10251,66,91,90,16557,P2,Not Active,Not Active,Not Active,Not Active
2026/10/07 10:25:29.219,285.13,450.00,2655,10251,66,91,90,16557,P2,Not Active,Not Active,Not Active,Not Active
2026/10/07 10:25:29.724,285.44,450.00,2655,10251,66,91,90,16557,P2,Not Active,Not Active,Not Active,Not Active
2026/10/07 10:25:30.228,285.96,450.00,2655,10251,66,91,90,16557,P2,Not Active,Not Active,Not Active,Not Active
2026/10/07 10:25:30.731,293.87,450.00,2655,10251,66,91,88,16557,P2,Not Active,Not Active,Not Active,Not Active
2026/10/07 10:25:31.235,294.00,450.00,2655,10251,66,91,90,16557,P2,Not Active,Not Active,Not Active,Not Active
2026/10/07 10:25:31.738,285.34,450.00,2655,10251,66,90,89,16557,P2,Not Active,Not Active,Not Active,Not Active
2026/10/07 10:25:32.243,284.59,450.00,2655,10251,66,91,90,16557,P2,Not Active,Not Active,Not Active,Not Active
2026/10/07 10:25:32.747,284.70,450.00,2655,10251,66,90,89,16557,P2,Not Active,Not Active,Not Active,Not Active
2026/10/07 10:25:33.250,293.42,450.00,2655,10251,66,91,83,16557,P2,Not Active,Not Active,Not Active,Not Active
2026/10/07 10:25:33.753,293.67,450.00,2655,10251,66,91,90,16557,P2,Not Active,Not Active,Not Active,Not Active
2026/10/07 10:25:34.257,286.12,450.00,2655,10251,66,91,90,16557,P2,Not Active,Not Active,Not Active,Not Active
2026/10/07 10:25:34.762,286.14,450.00,2655,10251,66,91,90,16557,P2,Not Active,Not Active,Not Active,Not Active
2026/10/07 10:25:35.265,285.38,450.00,2655,10251,66,89,88,16557,P2,Not Active,Not Active,Not Active,Not Active
2026/10/07 10:25:35.769,293.44,450.00,2655,10251,67,93,80,16557,P2,Not Active,Not Active,Not Active,Not Active
2026/10/07 10:25:36.273,294.20,450.00,2655,10251,66,91,90,16557,P2,Not Active,Not Active,Not Active,Not Active
2026/10/07 10:25:36.776,286.03,450.00,2655,10251,66,91,90,16557,P2,Not Active,Not Active,Not Active,Not Active
2026/10/07 10:25:37.282,284.05,450.00,2655,10251,66,87,86,16557,P2,Not Active,Not Active,Not Active,Not Active
2026/10/07 10:25:37.785,284.24,450.00,2655,10251,66,91,90,16557,P2,Not Active,Not Active,Not Active,Not Active
2026/10/07 10:25:38.289,294.15,450.00,2565,10251,71,91,90,16557,P2,Not Active,Not Active,Not Active,Not Active
2026/10/07 10:25:38.836,292.93,450.00,2655,10251,66,91,90,16557,P2,Not Active,Not Active,Not Active,Not Active
2026/10/07 10:25:39.342,291.61,450.00,2655,10251,66,88,87,16557,P2,Not Active,Not Active,Not Active,Not Active
2026/10/07 10:25:39.845,284.35,450.00,2655,10251,66,91,90,16557,P2,Not Active,Not Active,Not Active,Not Active
2026/10/07 10:25:40.349,285.31,450.00,2655,10251,66,91,90,16557,P2,Not Active,Not Active,Not Active,Not Active
2026/10/07 10:25:40.852,285.08,450.00,2655,10251,66,91,90,16557,P2,Active,Not Active,Not Active,Not Active
2026/10/07 10:25:41.358,293.86,450.00,2655,10251,66,91,90,16557,P2,Not Active,Not Active,Not Active,Not Active
2026/10/07 10:25:41.863,293.95,450.00,2655,10251,66,91,90,16557,P2,Not Active,Not Active,Not Active,Not Active
2026/10/07 10:25:42.367,285.30,450.00,2655,10251,66,91,90,16557,P2,Not Active,Not Active,Not Active,Not Active
2026/10/07 10:25:42.870,284.93,450.00,2655,10251,66,91,90,16557,P2,Not Active,Not Active,Not Active,Not Active
2026/10/07 10:25:43.373,283.25,450.00,2655,10251,66,90,89,16557,P2,Not Active,Not Active,Not Active,Not Active
2026/10/07 10:25:43.878,288.29,450.00,2655,10251,66,86,85,16557,P2,Not Active,Not Active,Not Active,Not Active
2026/10/07 10:25:44.383,287.23,450.00,2655,10251,66,85,84,16557,P2,Not Active,Not Active,Not Active,Not Active
2026/10/07 10:25:44.886,274.45,450.00,2655,10251,66,82,81,16557,P2,Not Active,Not Active,Not Active,Not Active
2026/10/07 10:25:45.393,265.55,450.00,2655,10251,65,80,79,16557,P2,Not Active,Not Active,Not Active,Not Active
2026/10/07 10:25:45.898,268.27,450.00,2655,10251,66,89,88,16557,P2,Not Active,Not Active,Not Active,Not Active
2026/10/07 10:25:46.402,285.61,450.00,2565,10251,66,89,74,16557,P2,Not Active,Not Active,Not Active,Not Active
2026/10/07 10:25:46.905,287.66,450.00,2655,10251,66,90,89,16557,P2,Not Active,Not Active,Not Active,Not Active
2026/10/07 10:25:47.409,279.61,450.00,2655,10251,66,89,88,16557,P2,Not Active,Not Active,Not Active,Not Active
2026/10/07 10:25:47.917,283.38,450.00,2655,10251,66,91,90,16557,P2,Not Active,Not Active,Not Active,Not Active
2026/10/07 10:25:48.421,284.94,450.00,2655,10251,66,91,90,16557,P2,Not Active,Not Active,Not Active,Not Active
2026/10/07 10:25:48.925,285.30,450.00,2655,10251,66,91,90,16557,P2,Not Active,Not Active,Not Active,Not Active
2026/10/07 10:25:49.429,293.65,450.00,2655,10251,66,91,90,16557,P2,Not Active,Not Active,Not Active,Not Active
2026/10/07 10:25:49.938,293.89,450.00,2655,10251,66,91,90,16557,P2,Not Active,Not Active,Not Active,Not Active
2026/10/07 10:25:50.441,285.50,450.00,2655,10251,66,91,90,16557,P2,Not Active,Not Active,Not Active,Not Active
2026/10/07 10:25:50.945,285.85,450.00,2655,10251,66,91,90,16557,P2,Not Active,Not Active,Not Active,Not Active
2026/10/07 10:25:51.449,285.84,450.00,2655,10251,66,91,90,16557,P2,Not Active,Not Active,Not Active,Not Active
2026/10/07 10:25:51.952,292.45,450.00,2655,10251,66,91,90,16557,P2,Not Active,Not Active,Not Active,Not Active
2026/10/07 10:25:52.460,292.74,450.00,2655,10251,66,91,90,16557,P2,Not Active,Not Active,Not Active,Not Active
2026/10/07 10:25:52.964,286.11,450.00,2655,10251,66,91,90,16557,P2,Not Active,Not Active,Not Active,Not Active
2026/10/07 10:25:53.468,285.73,450.00,2655,10251,66,91,90,16557,P2,Not Active,Not Active,Not Active,Not Active
2026/10/07 10:25:53.971,285.54,450.00,2655,10251,66,91,90,16557,P2,Not Active,Not Active,Not Active,Not Active
2026/10/07 10:25:54.476,293.10,450.00,2655,10251,67,91,89,16557,P2,Not Active,Not Active,Not Active,Not Active
2026/10/07 10:25:54.980,293.40,450.00,2655,10251,66,91,90,16557,P2,Not Active,Not Active,Not Active,Not Active
2026/10/07 10:25:55.484,285.19,450.00,2655,10251,66,91,90,16557,P2,Not Active,Not Active,Not Active,Not Active
2026/10/07 10:25:55.989,285.14,450.00,2655,10251,66,91,90,16557,P2,Not Active,Not Active,Not Active,Not Active
2026/10/07 10:25:56.494,285.78,450.00,2655,10251,66,91,90,16557,P2,Not Active,Not Active,Not Active,Not Active
2026/10/07 10:25:56.998,237.04,450.00,2655,10251,65,0,0,16557,P2,Not Active,Not Active,Not Active,Not Active
