timestamp,power_w,power_limit_w,clock_sm_mhz,clock_mem_mhz,temp_c,util_gpu_pct,util_mem_pct,mem_used_mib,pstate,throttle_sw_power_cap,throttle_hw_thermal,throttle_sw_thermal,throttle_hw_slowdown
2026/08/15 00:28:08.101,20.57,450.00,210,405,38,18,4,23958,P8,Not Active,Not Active,Not Active,Not Active
2026/08/15 00:28:08.722,20.50,450.00,210,405,38,17,4,23954,P8,Not Active,Not Active,Not Active,Not Active
2026/08/15 00:28:09.341,20.38,450.00,210,405,38,17,4,23954,P8,Not Active,Not Active,Not Active,Not Active
2026/08/15 00:28:09.963,20.40,450.00,210,405,38,22,5,23952,P8,Not Active,Not Active,Not Active,Not Active
2026/08/15 00:28:10.593,20.30,450.00,210,405,38,17,5,23952,P8,Not Active,Not Active,Not Active,Not Active
2026/08/15 00:28:11.198,20.26,450.00,210,405,38,22,5,23961,P8,Not Active,Not Active,Not Active,Not Active
2026/08/15 00:28:11.801,20.36,450.00,210,405,38,21,4,23960,P8,Not Active,Not Active,Not Active,Not Active
2026/08/15 00:28:12.411,20.51,450.00,210,405,38,19,4,23963,P8,Not Active,Not Active,Not Active,Not Active
2026/08/15 00:28:13.017,20.77,450.00,210,405,38,16,4,23960,P8,Not Active,Not Active,Not Active,Not Active
2026/08/15 00:28:13.630,20.56,450.00,210,405,38,19,4,23960,P8,Not Active,Not Active,Not Active,Not Active
2026/08/15 00:28:14.246,20.61,450.00,210,405,38,22,5,23964,P8,Not Active,Not Active,Not Active,Not Active
2026/08/15 00:28:14.856,20.64,450.00,210,405,38,22,5,23964,P8,Not Active,Not Active,Not Active,Not Active
2026/08/15 00:28:15.473,20.66,450.00,210,405,38,18,5,23964,P8,Not Active,Not Active,Not Active,Not Active
2026/08/15 00:28:16.090,20.68,450.00,210,405,37,17,4,23961,P8,Not Active,Not Active,Not Active,Not Active
2026/08/15 00:28:16.829,85.66,450.00,2685,10251,40,99,40,23965,P2,Not Active,Not Active,Not Active,Not Active
2026/08/15 00:28:17.332,164.36,450.00,2685,10251,44,99,42,23965,P2,Not Active,Not Active,Not Active,Not Active
2026/08/15 00:28:17.835,180.96,450.00,2685,10251,43,100,29,23965,P2,Not Active,Not Active,Not Active,Not Active
2026/08/15 00:28:18.340,187.11,450.00,2685,10251,45,99,51,23965,P2,Not Active,Not Active,Not Active,Not Active
2026/08/15 00:28:18.848,203.55,450.00,2685,10251,45,99,58,23960,P2,Not Active,Not Active,Not Active,Not Active
2026/08/15 00:28:19.351,207.83,450.00,2685,10251,45,99,61,23958,P2,Not Active,Not Active,Not Active,Not Active
2026/08/15 00:28:19.855,209.91,450.00,2685,10251,45,99,50,23958,P2,Not Active,Not Active,Not Active,Not Active
2026/08/15 00:28:20.359,206.71,450.00,2685,10251,47,99,50,23957,P2,Not Active,Not Active,Not Active,Not Active
2026/08/15 00:28:20.866,211.59,450.00,2685,10251,45,99,51,23953,P2,Not Active,Not Active,Not Active,Not Active
2026/08/15 00:28:21.375,219.62,450.00,2685,10251,46,99,62,23949,P2,Not Active,Not Active,Not Active,Not Active
2026/08/15 00:28:21.880,218.53,450.00,2685,10251,47,99,67,23949,P2,Not Active,Not Active,Not Active,Not Active
2026/08/15 00:28:22.385,224.75,450.00,2685,10251,47,99,68,23949,P2,Not Active,Not Active,Not Active,Not Active
2026/08/15 00:28:22.890,233.10,450.00,2685,10251,47,97,43,23949,P2,Not Active,Not Active,Not Active,Not Active
2026/08/15 00:28:23.394,231.46,450.00,2685,10251,47,99,64,23961,P2,Not Active,Not Active,Not Active,Not Active
2026/08/15 00:28:23.897,221.60,450.00,2685,10251,47,99,60,23961,P2,Not Active,Not Active,Not Active,Not Active
2026/08/15 00:28:24.404,218.47,450.00,2670,10251,47,99,61,23963,P2,Not Active,Not Active,Not Active,Not Active
2026/08/15 00:28:24.928,216.71,450.00,2670,10251,47,99,60,23963,P2,Not Active,Not Active,Not Active,Not Active
2026/08/15 00:28:25.431,222.61,450.00,2670,10251,47,97,60,23961,P2,Not Active,Not Active,Not Active,Not Active
2026/08/15 00:28:25.985,222.78,450.00,2670,10251,48,99,54,23963,P2,Not Active,Not Active,Not Active,Not Active
2026/08/15 00:28:26.490,217.82,450.00,2670,10251,48,99,52,23963,P2,Not Active,Not Active,Not Active,Not Active
2026/08/15 00:28:26.995,209.56,450.00,2670,10251,47,99,54,23963,P2,Not Active,Not Active,Not Active,Not Active
2026/08/15 00:28:27.499,205.77,450.00,2670,10251,48,99,54,23963,P2,Not Active,Not Active,Not Active,Not Active
2026/08/15 00:28:28.003,204.30,450.00,2670,10251,47,99,47,23960,P2,Not Active,Not Active,Not Active,Not Active
2026/08/15 00:28:28.508,206.26,450.00,2670,10251,47,99,51,23960,P2,Not Active,Not Active,Not Active,Not Active
2026/08/15 00:28:29.013,197.24,450.00,2670,10251,50,99,38,23960,P2,Not Active,Not Active,Not Active,Not Active
2026/08/15 00:28:29.516,186.48,450.00,2670,10251,46,99,38,23960,P2,Not Active,Not Active,Not Active,Not Active
2026/08/15 00:28:30.021,179.93,450.00,2670,10251,47,99,33,23965,P2,Not Active,Not Active,Not Active,Not Active
2026/08/15 00:28:30.528,177.00,450.00,2685,10251,46,99,37,23965,P2,Not Active,Not Active,Not Active,Not Active
2026/08/15 00:28:31.032,174.36,450.00,2685,10251,50,100,30,23965,P2,Not Active,Not Active,Not Active,Not Active
2026/08/15 00:28:31.538,170.67,450.00,2685,10251,46,99,40,23965,P2,Not Active,Not Active,Not Active,Not Active
2026/08/15 00:28:32.047,171.12,450.00,2685,10251,47,99,39,23960,P2,Not Active,Not Active,Not Active,Not Active
2026/08/15 00:28:32.550,173.41,450.00,2685,10251,47,99,40,23956,P2,Not Active,Not Active,Not Active,Not Active
2026/08/15 00:28:33.053,170.93,450.00,2685,10251,47,97,21,23956,P2,Not Active,Not Active,Not Active,Not Active
2026/08/15 00:28:33.566,168.34,450.00,2685,10251,46,99,37,23956,P2,Not Active,Not Active,Not Active,Not Active
2026/08/15 00:28:34.073,176.12,450.00,2685,10251,48,99,39,23956,P2,Not Active,Not Active,Not Active,Not Active
2026/08/15 00:28:34.583,178.63,450.00,2685,10251,48,99,40,23956,P2,Not Active,Not Active,Not Active,Not Active
2026/08/15 00:28:35.087,177.02,450.00,2685,10251,48,100,32,23956,P2,Not Active,Not Active,Not Active,Not Active
2026/08/15 00:28:35.590,160.75,450.00,2685,10251,46,100,5,23956,P2,Not Active,Not Active,Not Active,Not Active
2026/08/15 00:28:36.096,157.24,450.00,2685,10251,48,99,34,23956,P2,Not Active,Not Active,Not Active,Not Active
2026/08/15 00:28:36.601,172.06,450.00,2685,10251,47,100,33,23956,P2,Not Active,Not Active,Not Active,Not Active
2026/08/15 00:28:37.104,174.37,450.00,2685,10251,47,98,35,23956,P2,Not Active,Not Active,Not Active,Not Active
2026/08/15 00:28:37.607,174.12,450.00,2685,10251,48,99,40,23951,P2,Not Active,Not Active,Not Active,Not Active
2026/08/15 00:28:38.111,150.89,450.00,2685,10251,46,100,3,23951,P2,Not Active,Not Active,Not Active,Not Active
2026/08/15 00:28:38.618,123.32,450.00,2685,10251,46,100,3,23957,P2,Not Active,Not Active,Not Active,Not Active
2026/08/15 00:28:39.123,140.40,450.00,2685,10251,48,99,41,23964,P2,Not Active,Not Active,Not Active,Not Active
2026/08/15 00:28:39.627,167.21,450.00,2685,10251,48,99,39,23964,P2,Not Active,Not Active,Not Active,Not Active
2026/08/15 00:28:40.132,168.21,450.00,2685,10251,48,99,35,23964,P2,Not Active,Not Active,Not Active,Not Active
2026/08/15 00:28:40.640,173.91,450.00,2685,10251,48,100,34,23964,P2,Not Active,Not Active,Not Active,Not Active
2026/08/15 00:28:41.144,158.90,450.00,2685,10251,46,100,2,23956,P2,Not Active,Not Active,Not Active,Not Active
2026/08/15 00:28:41.650,128.86,450.00,2685,10251,46,100,3,23957,P2,Not Active,Not Active,Not Active,Not Active
2026/08/15 00:28:42.172,132.24,450.00,2685,10251,47,99,39,23964,P2,Not Active,Not Active,Not Active,Not Active
2026/08/15 00:28:42.679,160.07,450.00,2685,10251,48,99,45,23964,P2,Not Active,Not Active,Not Active,Not Active
2026/08/15 00:28:43.184,171.12,450.00,2685,10251,48,99,37,23964,P2,Not Active,Not Active,Not Active,Not Active
2026/08/15 00:28:43.687,177.11,450.00,2685,10251,48,100,32,23964,P2,Not Active,Not Active,Not Active,Not Active
2026/08/15 00:28:44.193,158.85,450.00,2685,10251,48,100,3,23962,P2,Not Active,Not Active,Not Active,Not Active
2026/08/15 00:28:44.703,131.12,450.00,2685,10251,46,100,1,23965,P2,Not Active,Not Active,Not Active,Not Active
2026/08/15 00:28:45.208,142.59,450.00,2685,10251,48,100,36,23965,P2,Not Active,Not Active,Not Active,Not Active
2026/08/15 00:28:45.712,167.60,450.00,2685,10251,47,100,30,23965,P2,Not Active,Not Active,Not Active,Not Active
2026/08/15 00:28:46.220,160.99,450.00,2685,10251,48,99,19,23963,P2,Not Active,Not Active,Not Active,Not Active
2026/08/15 00:28:46.725,158.19,450.00,2685,10251,49,100,29,23963,P2,Not Active,Not Active,Not Active,Not Active
2026/08/15 00:28:47.229,157.32,450.00,2685,10251,48,97,29,23956,P2,Not Active,Not Active,Not Active,Not Active
2026/08/15 00:28:47.735,144.74,450.00,2685,10251,47,100,4,23953,P2,Not Active,Not Active,Not Active,Not Active
2026/08/15 00:28:48.241,149.57,450.00,2685,10251,49,99,36,23958,P2,Not Active,Not Active,Not Active,Not Active
2026/08/15 00:28:48.745,166.27,450.00,2685,10251,49,100,35,23965,P2,Not Active,Not Active,Not Active,Not Active
2026/08/15 00:28:49.248,173.28,450.00,2685,10251,49,98,38,23965,P2,Not Active,Not Active,Not Active,Not Active
2026/08/15 00:28:49.759,171.92,450.00,2685,10251,49,100,26,23965,P2,Not Active,Not Active,Not Active,Not Active
2026/08/15 00:28:50.268,172.20,450.00,2685,10251,52,100,32,23961,P2,Not Active,Not Active,Not Active,Not Active
2026/08/15 00:28:50.774,172.63,450.00,2670,10251,49,100,33,23961,P2,Not Active,Not Active,Not Active,Not Active
2026/08/15 00:28:51.283,171.47,450.00,2670,10251,49,99,37,23956,P2,Not Active,Not Active,Not Active,Not Active
2026/08/15 00:28:51.786,168.75,450.00,2670,10251,49,100,31,23956,P2,Not Active,Not Active,Not Active,Not Active
2026/08/15 00:28:52.296,176.21,450.00,2670,10251,50,99,41,23956,P2,Not Active,Not Active,Not Active,Not Active
2026/08/15 00:28:52.801,171.16,450.00,2670,10251,51,99,30,23956,P2,Not Active,Not Active,Not Active,Not Active
2026/08/15 00:28:53.305,174.07,450.00,2670,10251,49,99,35,23956,P2,Not Active,Not Active,Not Active,Not Active
2026/08/15 00:28:53.810,186.33,450.00,2670,10251,50,99,59,23956,P2,Not Active,Not Active,Not Active,Not Active
2026/08/15 00:28:54.315,196.18,450.00,2670,10251,50,99,57,23956,P2,Not Active,Not Active,Not Active,Not Active
2026/08/15 00:28:54.818,189.57,450.00,2670,10251,52,99,45,23956,P2,Not Active,Not Active,Not Active,Not Active
2026/08/15 00:28:55.322,195.76,450.00,2670,10251,51,99,54,23950,P2,Not Active,Not Active,Not Active,Not Active
2026/08/15 00:28:55.828,211.00,450.00,2670,10251,51,99,59,23955,P2,Not Active,Not Active,Not Active,Not Active
2026/08/15 00:28:56.333,203.85,450.00,2670,10251,50,98,30,23955,P2,Not Active,Not Active,Not Active,Not Active
2026/08/15 00:28:56.836,202.82,450.00,2670,10251,49,99,48,23955,P2,Not Active,Not Active,Not Active,Not Active
2026/08/15 00:28:57.341,205.93,450.00,2670,10251,50,99,56,23960,P2,Not Active,Not Active,Not Active,Not Active
2026/08/15 00:28:57.847,217.88,450.00,2670,10251,51,99,46,23960,P2,Not Active,Not Active,Not Active,Not Active
2026/08/15 00:28:58.351,230.17,450.00,2670,10251,52,99,61,23960,P2,Not Active,Not Active,Not Active,Not Active
2026/08/15 00:28:58.855,234.41,450.00,2670,10251,52,99,54,23963,P2,Not Active,Not Active,Not Active,Not Active
2026/08/15 00:28:59.359,238.02,450.00,2670,10251,52,99,69,23963,P2,Not Active,Not Active,Not Active,Not Active
2026/08/15 00:28:59.863,235.24,450.00,2670,10251,53,99,65,23956,P2,Not Active,Not Active,Not Active,Not Active
2026/08/15 00:29:00.366,238.57,450.00,2670,10251,52,97,39,23957,P2,Not Active,Not Active,Not Active,Not Active
2026/08/15 00:29:00.870,233.37,450.00,2670,10251,52,99,63,23957,P2,Not Active,Not Active,Not Active,Not Active
2026/08/15 00:29:01.375,228.83,450.00,2670,10251,52,98,60,23957,P2,Not Active,Not Active,Not Active,Not Active
2026/08/15 00:29:01.880,231.42,450.00,2670,10251,53,99,67,23952,P2,Not Active,Not Active,Not Active,Not Active
2026/08/15 00:29:02.383,235.79,450.00,2670,10251,53,99,67,23952,P2,Not Active,Not Active,Not Active,Not Active
2026/08/15 00:29:02.886,220.03,450.00,2670,10251,53,97,27,23952,P2,Not Active,Not Active,Not Active,Not Active
2026/08/15 00:29:03.394,213.04,450.00,2670,10251,52,99,55,23952,P2,Not Active,Not Active,Not Active,Not Active
2026/08/15 00:29:03.896,215.07,450.00,2670,10251,52,99,54,23947,P2,Not Active,Not Active,Not Active,Not Active
2026/08/15 00:29:04.399,210.85,450.00,2670,10251,51,97,33,23947,P2,Not Active,Not Active,Not Active,Not Active
2026/08/15 00:29:04.902,202.11,450.00,2670,10251,51,99,44,23947,P2,Not Active,Not Active,Not Active,Not Active
2026/08/15 00:29:05.405,191.56,450.00,2670,10251,51,100,36,23951,P2,Not Active,Not Active,Not Active,Not Active
2026/08/15 00:29:05.915,181.88,450.00,2670,10251,51,99,43,23951,P2,Not Active,Not Active,Not Active,Not Active
2026/08/15 00:29:06.418,186.83,450.00,2670,10251,50,97,31,23951,P2,Not Active,Not Active,Not Active,Not Active
2026/08/15 00:29:06.922,185.57,450.00,2670,10251,51,100,35,23951,P2,Not Active,Not Active,Not Active,Not Active
2026/08/15 00:29:07.428,190.21,450.00,2670,10251,51,99,42,23951,P2,Not Active,Not Active,Not Active,Not Active
2026/08/15 00:29:07.937,183.19,450.00,2670,10251,51,99,43,23951,P2,Not Active,Not Active,Not Active,Not Active
2026/08/15 00:29:08.442,178.27,450.00,2670,10251,51,97,21,23951,P2,Not Active,Not Active,Not Active,Not Active
2026/08/15 00:29:08.954,171.10,450.00,2670,10251,51,99,37,23951,P2,Not Active,Not Active,Not Active,Not Active
2026/08/15 00:29:09.458,173.19,450.00,2670,10251,51,100,37,23951,P2,Not Active,Not Active,Not Active,Not Active
2026/08/15 00:29:09.964,179.54,450.00,2670,10251,51,100,34,23951,P2,Not Active,Not Active,Not Active,Not Active
2026/08/15 00:29:10.471,179.32,450.00,2670,10251,51,99,42,23951,P2,Not Active,Not Active,Not Active,Not Active
2026/08/15 00:29:10.975,170.64,450.00,2670,10251,52,97,9,23951,P2,Not Active,Not Active,Not Active,Not Active
2026/08/15 00:29:11.482,166.15,450.00,2670,10251,51,99,40,23951,P2,Not Active,Not Active,Not Active,Not Active
2026/08/15 00:29:11.987,173.44,450.00,2670,10251,51,99,38,23951,P2,Not Active,Not Active,Not Active,Not Active
2026/08/15 00:29:12.492,179.23,450.00,2670,10251,52,99,41,23951,P2,Not Active,Not Active,Not Active,Not Active
2026/08/15 00:29:12.996,184.92,450.00,2670,10251,51,97,29,23951,P2,Not Active,Not Active,Not Active,Not Active
2026/08/15 00:29:13.500,154.27,450.00,2670,10251,51,100,2,23951,P2,Not Active,Not Active,Not Active,Not Active
2026/08/15 00:29:14.008,150.06,450.00,2670,10251,50,99,38,23951,P2,Not Active,Not Active,Not Active,Not Active
2026/08/15 00:29:14.514,179.42,450.00,2670,10251,51,99,50,23951,P2,Not Active,Not Active,Not Active,Not Active
2026/08/15 00:29:15.018,186.26,450.00,2670,10251,52,100,32,23951,P2,Not Active,Not Active,Not Active,Not Active
2026/08/15 00:29:15.521,176.75,450.00,2670,10251,51,100,37,23951,P2,Not Active,Not Active,Not Active,Not Active
2026/08/15 00:29:16.033,147.10,450.00,2670,10251,50,100,3,23951,P2,Not Active,Not Active,Not Active,Not Active
2026/08/15 00:29:16.538,124.88,450.00,2670,10251,50,100,4,23951,P2,Not Active,Not Active,Not Active,Not Active
2026/08/15 00:29:17.045,147.10,450.00,2670,10251,51,99,44,23951,P2,Not Active,Not Active,Not Active,Not Active
2026/08/15 00:29:17.553,167.01,450.00,2670,10251,51,100,31,23951,P2,Not Active,Not Active,Not Active,Not Active
2026/08/15 00:29:18.059,174.42,450.00,2670,10251,51,100,38,23951,P2,Not Active,Not Active,Not Active,Not Active
2026/08/15 00:29:18.563,175.78,450.00,2670,10251,52,100,38,23951,P2,Not Active,Not Active,Not Active,Not Active
2026/08/15 00:29:19.069,155.14,450.00,2670,10251,51,100,2,23951,P2,Not Active,Not Active,Not Active,Not Active
2026/08/15 00:29:19.574,124.32,450.00,2670,10251,50,100,2,23951,P2,Not Active,Not Active,Not Active,Not Active
2026/08/15 00:29:20.079,110.87,450.00,2670,10251,50,100,2,23951,P2,Not Active,Not Active,Not Active,Not Active
2026/08/15 00:29:20.588,132.73,450.00,2670,10251,52,100,32,23951,P2,Not Active,Not Active,Not Active,Not Active
2026/08/15 00:29:21.092,157.81,450.00,2670,10251,51,100,28,23949,P2,Not Active,Not Active,Not Active,Not Active
2026/08/15 00:29:21.595,172.11,450.00,2670,10251,51,100,25,23949,P2,Not Active,Not Active,Not Active,Not Active
2026/08/15 00:29:22.098,176.25,450.00,2670,10251,52,99,42,23949,P2,Not Active,Not Active,Not Active,Not Active
2026/08/15 00:29:22.610,154.61,450.00,2670,10251,49,3,0,23949,P2,Not Active,Not Active,Not Active,Not Active
2026/08/15 00:29:23.136,108.49,450.00,2670,10251,48,3,0,23949,P2,Not Active,Not Active,Not Active,Not Active
2026/08/15 00:29:23.642,77.63,450.00,2670,10251,48,3,0,23949,P2,Not Active,Not Active,Not Active,Not Active
2026/08/15 00:29:24.147,77.13,450.00,2670,10251,48,3,0,23949,P2,Not Active,Not Active,Not Active,Not Active
2026/08/15 00:29:24.652,64.03,450.00,645,5001,47,5,0,23957,P3,Not Active,Not Active,Not Active,Not Active
2026/08/15 00:29:25.216,42.97,450.00,510,5001,46,6,0,23957,P3,Not Active,Not Active,Not Active,Not Active
2026/08/15 00:29:25.795,38.88,450.00,435,5001,46,7,1,23952,P3,Not Active,Not Active,Not Active,Not Active
2026/08/15 00:29:26.364,39.08,450.00,345,5001,46,8,0,23952,P3,Not Active,Not Active,Not Active,Not Active
2026/08/15 00:29:26.937,38.13,450.00,300,5001,46,8,0,23952,P3,Not Active,Not Active,Not Active,Not Active
2026/08/15 00:29:27.516,37.65,450.00,240,5001,46,10,0,23953,P3,Not Active,Not Active,Not Active,Not Active
2026/08/15 00:29:28.097,35.19,450.00,210,810,45,17,2,23954,P5,Not Active,Not Active,Not Active,Not Active
2026/08/15 00:29:28.680,29.57,450.00,210,810,45,17,2,23954,P5,Not Active,Not Active,Not Active,Not Active
2026/08/15 00:29:29.261,27.16,450.00,210,810,45,14,2,23953,P5,Not Active,Not Active,Not Active,Not Active
2026/08/15 00:29:29.843,25.75,450.00,210,810,45,21,4,23952,P8,Not Active,Not Active,Not Active,Not Active
2026/08/15 00:29:30.445,22.69,450.00,210,405,45,20,4,23944,P8,Not Active,Not Active,Not Active,Not Active
2026/08/15 00:29:31.045,20.84,450.00,210,405,45,22,5,23944,P8,Not Active,Not Active,Not Active,Not Active
2026/08/15 00:29:31.647,20.84,450.00,210,405,45,22,5,23944,P8,Not Active,Not Active,Not Active,Not Active
2026/08/15 00:29:32.247,20.98,450.00,210,405,45,28,6,23942,P8,Not Active,Not Active,Not Active,Not Active
2026/08/15 00:29:32.866,20.98,450.00,210,405,45,19,5,23941,P8,Not Active,Not Active,Not Active,Not Active
2026/08/15 00:29:33.468,20.83,450.00,210,405,45,15,4,23941,P8,Not Active,Not Active,Not Active,Not Active
2026/08/15 00:29:34.065,20.82,450.00,210,405,44,76,6,23938,P2,Not Active,Not Active,Not Active,Not Active
2026/08/15 00:29:34.641,114.40,450.00,2670,10251,52,99,59,23937,P2,Not Active,Not Active,Not Active,Not Active
2026/08/15 00:29:35.147,213.05,450.00,2670,10251,53,99,66,23937,P2,Not Active,Not Active,Not Active,Not Active
2026/08/15 00:29:35.650,232.81,450.00,2670,10251,54,99,42,23937,P2,Not Active,Not Active,Not Active,Not Active
2026/08/15 00:29:36.153,233.27,450.00,2670,10251,53,99,69,23937,P2,Not Active,Not Active,Not Active,Not Active
2026/08/15 00:29:36.660,227.55,450.00,2670,10251,52,99,54,23937,P2,Not Active,Not Active,Not Active,Not Active
2026/08/15 00:29:37.164,224.62,450.00,2670,10251,54,99,48,23937,P2,Not Active,Not Active,Not Active,Not Active
2026/08/15 00:29:37.667,228.74,450.00,2670,10251,53,99,59,23937,P2,Not Active,Not Active,Not Active,Not Active
2026/08/15 00:29:38.171,226.82,450.00,2670,10251,53,99,58,23937,P2,Not Active,Not Active,Not Active,Not Active
2026/08/15 00:29:38.679,222.18,450.00,2670,10251,54,99,63,23937,P2,Not Active,Not Active,Not Active,Not Active
2026/08/15 00:29:39.183,222.35,450.00,2670,10251,53,99,58,23937,P2,Not Active,Not Active,Not Active,Not Active
2026/08/15 00:29:39.686,219.36,450.00,2670,10251,55,97,37,23937,P2,Not Active,Not Active,Not Active,Not Active
2026/08/15 00:29:40.190,218.24,450.00,2670,10251,52,99,53,23937,P2,Not Active,Not Active,Not Active,Not Active
2026/08/15 00:29:40.695,215.40,450.00,2670,10251,54,99,54,23937,P2,Not Active,Not Active,Not Active,Not Active
2026/08/15 00:29:41.201,211.18,450.00,2670,10251,53,96,28,23937,P2,Not Active,Not Active,Not Active,Not Active
2026/08/15 00:29:41.704,195.60,450.00,2670,10251,52,99,35,23937,P2,Not Active,Not Active,Not Active,Not Active
2026/08/15 00:29:42.210,188.14,450.00,2670,10251,52,99,44,23937,P2,Not Active,Not Active,Not Active,Not Active
2026/08/15 00:29:42.714,185.30,450.00,2670,10251,53,99,43,23937,P2,Not Active,Not Active,Not Active,Not Active
2026/08/15 00:29:43.223,185.86,450.00,2670,10251,52,97,30,23937,P2,Not Active,Not Active,Not Active,Not Active
2026/08/15 00:29:43.727,179.29,450.00,2670,10251,52,100,32,23937,P2,Not Active,Not Active,Not Active,Not Active
2026/08/15 00:29:44.233,180.42,450.00,2670,10251,52,99,38,23937,P2,Not Active,Not Active,Not Active,Not Active
2026/08/15 00:29:44.741,180.66,450.00,2670,10251,53,100,36,23937,P2,Not Active,Not Active,Not Active,Not Active
2026/08/15 00:29:45.246,182.55,450.00,2670,10251,54,99,47,23937,P2,Not Active,Not Active,Not Active,Not Active
2026/08/15 00:29:45.750,177.30,450.00,2670,10251,52,100,27,23937,P2,Not Active,Not Active,Not Active,Not Active
2026/08/15 00:29:46.253,177.30,450.00,2670,10251,53,99,41,23937,P2,Not Active,Not Active,Not Active,Not Active
2026/08/15 00:29:46.759,173.25,450.00,2670,10251,52,99,33,23937,P2,Not Active,Not Active,Not Active,Not Active
2026/08/15 00:29:47.265,167.84,450.00,2670,10251,53,99,32,23937,P2,Not Active,Not Active,Not Active,Not Active
2026/08/15 00:29:47.769,170.38,450.00,2670,10251,52,99,32,23937,P2,Not Active,Not Active,Not Active,Not Active
2026/08/15 00:29:48.276,158.86,450.00,2670,10251,51,100,11,23937,P2,Not Active,Not Active,Not Active,Not Active
2026/08/15 00:29:48.784,156.07,450.00,2670,10251,52,100,37,23937,P2,Not Active,Not Active,Not Active,Not Active
2026/08/15 00:29:49.288,170.46,450.00,2670,10251,52,99,34,23937,P2,Not Active,Not Active,Not Active,Not Active
2026/08/15 00:29:49.791,177.22,450.00,2670,10251,53,99,45,23937,P2,Not Active,Not Active,Not Active,Not Active
2026/08/15 00:29:50.299,178.17,450.00,2670,10251,52,99,36,23937,P2,Not Active,Not Active,Not Active,Not Active
2026/08/15 00:29:50.804,155.87,450.00,2670,10251,52,100,4,23937,P2,Not Active,Not Active,Not Active,Not Active
2026/08/15 00:29:51.310,126.85,450.00,2670,10251,51,100,3,23937,P2,Not Active,Not Active,Not Active,Not Active
2026/08/15 00:29:51.818,141.96,450.00,2670,10251,53,99,33,23937,P2,Not Active,Not Active,Not Active,Not Active
2026/08/15 00:29:52.323,165.95,450.00,2670,10251,52,99,32,23937,P2,Not Active,Not Active,Not Active,Not Active
2026/08/15 00:29:52.828,176.16,450.00,2670,10251,53,99,43,23937,P2,Not Active,Not Active,Not Active,Not Active
2026/08/15 00:29:53.338,177.38,450.00,2670,10251,53,100,27,23937,P2,Not Active,Not Active,Not Active,Not Active
2026/08/15 00:29:53.849,157.55,450.00,2670,10251,52,100,3,23937,P2,Not Active,Not Active,Not Active,Not Active
2026/08/15 00:29:54.356,133.31,450.00,2670,10251,51,100,3,23937,P2,Not Active,Not Active,Not Active,Not Active
2026/08/15 00:29:54.861,149.74,450.00,2670,10251,53,99,42,23930,P2,Not Active,Not Active,Not Active,Not Active
2026/08/15 00:29:55.366,174.76,450.00,2670,10251,53,99,34,23930,P2,Not Active,Not Active,Not Active,Not Active
2026/08/15 00:29:55.873,171.89,450.00,2670,10251,54,100,24,23930,P2,Not Active,Not Active,Not Active,Not Active
2026/08/15 00:29:56.380,171.02,450.00,2670,10251,53,99,40,23930,P2,Not Active,Not Active,Not Active,Not Active
2026/08/15 00:29:56.884,151.73,450.00,2670,10251,51,100,4,23930,P2,Not Active,Not Active,Not Active,Not Active
2026/08/15 00:29:57.390,138.21,450.00,2670,10251,54,99,35,23930,P2,Not Active,Not Active,Not Active,Not Active
2026/08/15 00:29:57.897,156.55,450.00,2670,10251,52,99,49,23930,P2,Not Active,Not Active,Not Active,Not Active
2026/08/15 00:29:58.401,188.84,450.00,2670,10251,53,99,37,23930,P2,Not Active,Not Active,Not Active,Not Active
2026/08/15 00:29:58.907,178.25,450.00,2670,10251,53,100,25,23930,P2,Not Active,Not Active,Not Active,Not Active
2026/08/15 00:29:59.419,160.89,450.00,2670,10251,52,97,21,23930,P2,Not Active,Not Active,Not Active,Not Active
2026/08/15 00:29:59.924,142.04,450.00,2670,10251,52,100,2,23930,P2,Not Active,Not Active,Not Active,Not Active
2026/08/15 00:30:00.434,147.56,450.00,2670,10251,52,99,37,23930,P2,Not Active,Not Active,Not Active,Not Active
2026/08/15 00:30:00.943,168.84,450.00,2670,10251,52,99,42,23930,P2,Not Active,Not Active,Not Active,Not Active
2026/08/15 00:30:01.449,169.35,450.00,2670,10251,53,100,26,23930,P2,Not Active,Not Active,Not Active,Not Active
2026/08/15 00:30:01.959,161.77,450.00,2670,10251,53,100,28,23930,P2,Not Active,Not Active,Not Active,Not Active
2026/08/15 00:30:02.462,166.24,450.00,2670,10251,53,97,25,23930,P2,Not Active,Not Active,Not Active,Not Active
2026/08/15 00:30:02.966,170.01,450.00,2670,10251,55,99,38,23930,P2,Not Active,Not Active,Not Active,Not Active
2026/08/15 00:30:03.476,172.57,450.00,2670,10251,53,99,39,23930,P2,Not Active,Not Active,Not Active,Not Active
2026/08/15 00:30:03.982,171.54,450.00,2670,10251,53,98,27,23930,P2,Not Active,Not Active,Not Active,Not Active
2026/08/15 00:30:04.489,165.96,450.00,2670,10251,52,100,28,23930,P2,Not Active,Not Active,Not Active,Not Active
2026/08/15 00:30:04.995,163.63,450.00,2670,10251,53,98,10,23930,P2,Not Active,Not Active,Not Active,Not Active
2026/08/15 00:30:05.501,178.60,450.00,2670,10251,52,99,38,23930,P2,Not Active,Not Active,Not Active,Not Active
2026/08/15 00:30:06.006,184.44,450.00,2670,10251,54,99,43,23930,P2,Not Active,Not Active,Not Active,Not Active
2026/08/15 00:30:06.514,191.35,450.00,2670,10251,54,99,39,23930,P2,Not Active,Not Active,Not Active,Not Active
2026/08/15 00:30:07.019,192.78,450.00,2670,10251,54,97,29,23930,P2,Not Active,Not Active,Not Active,Not Active
2026/08/15 00:30:07.524,192.96,450.00,2670,10251,56,100,32,23930,P2,Not Active,Not Active,Not Active,Not Active
2026/08/15 00:30:08.032,193.70,450.00,2670,10251,54,99,44,23930,P2,Not Active,Not Active,Not Active,Not Active
2026/08/15 00:30:08.540,195.06,450.00,2670,10251,54,99,46,23930,P2,Not Active,Not Active,Not Active,Not Active
2026/08/15 00:30:09.045,197.12,450.00,2670,10251,54,99,38,23930,P2,Not Active,Not Active,Not Active,Not Active
2026/08/15 00:30:09.553,206.98,450.00,2670,10251,55,99,40,23933,P2,Not Active,Not Active,Not Active,Not Active
2026/08/15 00:30:10.060,213.55,450.00,2670,10251,55,99,48,23933,P2,Not Active,Not Active,Not Active,Not Active
2026/08/15 00:30:10.567,225.75,450.00,2670,10251,55,99,66,23936,P2,Not Active,Not Active,Not Active,Not Active
2026/08/15 00:30:11.073,240.80,450.00,2670,10251,56,99,61,23936,P2,Not Active,Not Active,Not Active,Not Active
2026/08/15 00:30:11.577,243.23,450.00,2670,10251,57,97,43,23938,P2,Not Active,Not Active,Not Active,Not Active
2026/08/15 00:30:12.080,239.73,450.00,2670,10251,58,99,61,23938,P2,Not Active,Not Active,Not Active,Not Active
2026/08/15 00:30:12.583,235.32,450.00,2670,10251,56,99,64,23938,P2,Not Active,Not Active,Not Active,Not Active
2026/08/15 00:30:13.088,218.28,450.00,2670,10251,56,99,10,23938,P2,Not Active,Not Active,Not Active,Not Active
2026/08/15 00:30:13.593,217.91,450.00,2670,10251,56,99,66,23938,P2,Not Active,Not Active,Not Active,Not Active
2026/08/15 00:30:14.097,231.70,450.00,2670,10251,57,98,63,23937,P2,Not Active,Not Active,Not Active,Not Active
2026/08/15 00:30:14.600,230.36,450.00,2670,10251,57,99,51,23939,P2,Not Active,Not Active,Not Active,Not Active
2026/08/15 00:30:15.103,224.29,450.00,2670,10251,57,99,61,23939,P2,Not Active,Not Active,Not Active,Not Active
2026/08/15 00:30:15.611,222.74,450.00,2670,10251,57,99,53,23936,P2,Not Active,Not Active,Not Active,Not Active
2026/08/15 00:30:16.114,217.23,450.00,2670,10251,57,99,53,23933,P2,Not Active,Not Active,Not Active,Not Active
2026/08/15 00:30:16.619,210.78,450.00,2670,10251,57,99,51,23933,P2,Not Active,Not Active,Not Active,Not Active
2026/08/15 00:30:17.123,207.68,450.00,2670,10251,56,99,55,23930,P2,Not Active,Not Active,Not Active,Not Active
2026/08/15 00:30:17.632,209.27,450.00,2670,10251,57,99,44,23930,P2,Not Active,Not Active,Not Active,Not Active
2026/08/15 00:30:18.138,202.25,450.00,2670,10251,55,99,47,23930,P2,Not Active,Not Active,Not Active,Not Active
2026/08/15 00:30:18.644,191.08,450.00,2670,10251,57,99,45,23930,P2,Not Active,Not Active,Not Active,Not Active
2026/08/15 00:30:19.152,184.46,450.00,2670,10251,56,99,35,23930,P2,Not Active,Not Active,Not Active,Not Active
2026/08/15 00:30:19.656,184.10,450.00,2670,10251,56,99,34,23930,P2,Not Active,Not Active,Not Active,Not Active
2026/08/15 00:30:20.162,179.49,450.00,2670,10251,56,100,33,23933,P2,Not Active,Not Active,Not Active,Not Active
2026/08/15 00:30:20.670,176.96,450.00,2670,10251,56,100,31,23933,P2,Not Active,Not Active,Not Active,Not Active
2026/08/15 00:30:21.174,176.99,450.00,2670,10251,56,100,35,23933,P2,Not Active,Not Active,Not Active,Not Active
2026/08/15 00:30:21.679,176.50,450.00,2670,10251,59,97,18,23933,P2,Not Active,Not Active,Not Active,Not Active
2026/08/15 00:30:22.185,170.38,450.00,2670,10251,56,100,29,23933,P2,Not Active,Not Active,Not Active,Not Active
2026/08/15 00:30:22.689,174.93,450.00,2670,10251,57,99,44,23933,P2,Not Active,Not Active,Not Active,Not Active
2026/08/15 00:30:23.194,179.91,450.00,2670,10251,56,99,38,23933,P2,Not Active,Not Active,Not Active,Not Active
2026/08/15 00:30:23.699,175.65,450.00,2670,10251,56,99,38,23933,P2,Not Active,Not Active,Not Active,Not Active
2026/08/15 00:30:24.208,160.07,450.00,2670,10251,55,100,4,23933,P2,Not Active,Not Active,Not Active,Not Active
2026/08/15 00:30:24.716,158.75,450.00,2670,10251,57,100,38,23933,P2,Not Active,Not Active,Not Active,Not Active
2026/08/15 00:30:25.219,172.61,450.00,2670,10251,56,99,44,23933,P2,Not Active,Not Active,Not Active,Not Active
2026/08/15 00:30:25.734,190.15,450.00,2670,10251,57,99,42,23933,P2,Not Active,Not Active,Not Active,Not Active
2026/08/15 00:30:26.238,189.17,450.00,2670,10251,56,99,34,23933,P2,Not Active,Not Active,Not Active,Not Active
2026/08/15 00:30:26.745,156.37,450.00,2670,10251,54,100,2,23933,P2,Not Active,Not Active,Not Active,Not Active
2026/08/15 00:30:27.251,127.75,450.00,2670,10251,54,100,9,23933,P2,Not Active,Not Active,Not Active,Not Active
2026/08/15 00:30:27.756,144.13,450.00,2670,10251,55,99,31,23933,P2,Not Active,Not Active,Not Active,Not Active
2026/08/15 00:30:28.261,177.66,450.00,2670,10251,56,99,39,23933,P2,Not Active,Not Active,Not Active,Not Active
2026/08/15 00:30:28.768,183.63,450.00,2670,10251,56,99,40,23933,P2,Not Active,Not Active,Not Active,Not Active
2026/08/15 00:30:29.271,176.39,450.00,2670,10251,56,99,39,23933,P2,Not Active,Not Active,Not Active,Not Active
2026/08/15 00:30:29.776,147.73,450.00,2670,10251,54,100,1,23932,P2,Not Active,Not Active,Not Active,Not Active
2026/08/15 00:30:30.284,120.55,450.00,2670,10251,54,100,3,23932,P2,Not Active,Not Active,Not Active,Not Active
2026/08/15 00:30:30.787,138.65,450.00,2670,10251,55,100,30,23932,P2,Not Active,Not Active,Not Active,Not Active
2026/08/15 00:30:31.293,166.87,450.00,2670,10251,55,99,34,23930,P2,Not Active,Not Active,Not Active,Not Active
2026/08/15 00:30:31.797,175.82,450.00,2670,10251,56,100,33,23930,P2,Not Active,Not Active,Not Active,Not Active
2026/08/15 00:30:32.309,183.16,450.00,2670,10251,56,99,37,23930,P2,Not Active,Not Active,Not Active,Not Active
2026/08/15 00:30:32.812,164.39,450.00,2670,10251,55,100,2,23930,P2,Not Active,Not Active,Not Active,Not Active
2026/08/15 00:30:33.319,134.69,450.00,2670,10251,54,100,4,23930,P2,Not Active,Not Active,Not Active,Not Active
2026/08/15 00:30:33.832,142.24,450.00,2670,10251,55,98,30,23930,P2,Not Active,Not Active,Not Active,Not Active
2026/08/15 00:30:34.336,171.82,450.00,2670,10251,56,99,43,23930,P2,Not Active,Not Active,Not Active,Not Active
2026/08/15 00:30:34.842,170.65,450.00,2670,10251,55,100,19,23930,P2,Not Active,Not Active,Not Active,Not Active
2026/08/15 00:30:35.347,158.65,450.00,2670,10251,55,100,20,23933,P2,Not Active,Not Active,Not Active,Not Active
2026/08/15 00:30:35.852,152.17,450.00,2670,10251,54,100,23,23933,P2,Not Active,Not Active,Not Active,Not Active
2026/08/15 00:30:36.358,144.27,450.00,2670,10251,54,100,4,23933,P2,Not Active,Not Active,Not Active,Not Active
2026/08/15 00:30:36.870,150.16,450.00,2670,10251,56,100,28,23933,P2,Not Active,Not Active,Not Active,Not Active
2026/08/15 00:30:37.375,165.36,450.00,2670,10251,57,100,32,23933,P2,Not Active,Not Active,Not Active,Not Active
2026/08/15 00:30:37.883,168.89,450.00,2670,10251,56,99,30,23933,P2,Not Active,Not Active,Not Active,Not Active
2026/08/15 00:30:38.389,169.13,450.00,2670,10251,56,100,37,23933,P2,Not Active,Not Active,Not Active,Not Active
2026/08/15 00:30:38.894,167.90,450.00,2670,10251,55,97,32,23933,P2,Not Active,Not Active,Not Active,Not Active
2026/08/15 00:30:39.399,173.83,450.00,2670,10251,59,100,36,23933,P2,Not Active,Not Active,Not Active,Not Active
2026/08/15 00:30:39.905,184.93,450.00,2670,10251,56,100,35,23933,P2,Not Active,Not Active,Not Active,Not Active
2026/08/15 00:30:40.411,181.05,450.00,2670,10251,55,100,37,23933,P2,Not Active,Not Active,Not Active,Not Active
2026/08/15 00:30:40.914,182.85,450.00,2670,10251,56,100,41,23932,P2,Not Active,Not Active,Not Active,Not Active
2026/08/15 00:30:41.421,185.88,450.00,2670,10251,56,99,39,23932,P2,Not Active,Not Active,Not Active,Not Active
2026/08/15 00:30:41.930,182.44,450.00,2670,10251,56,100,35,23932,P2,Not Active,Not Active,Not Active,Not Active
2026/08/15 00:30:42.433,182.18,450.00,2670,10251,56,99,45,23932,P2,Not Active,Not Active,Not Active,Not Active
2026/08/15 00:30:42.943,189.74,450.00,2670,10251,57,99,42,23932,P2,Not Active,Not Active,Not Active,Not Active
2026/08/15 00:30:43.446,191.97,450.00,2670,10251,56,100,36,23930,P2,Not Active,Not Active,Not Active,Not Active
2026/08/15 00:30:43.951,189.47,450.00,2670,10251,57,99,39,23930,P2,Not Active,Not Active,Not Active,Not Active
2026/08/15 00:30:44.460,189.19,450.00,2670,10251,57,99,41,23930,P2,Not Active,Not Active,Not Active,Not Active
2026/08/15 00:30:44.963,198.80,450.00,2670,10251,57,97,38,23930,P2,Not Active,Not Active,Not Active,Not Active
2026/08/15 00:30:45.466,216.69,450.00,2670,10251,57,99,61,23930,P2,Not Active,Not Active,Not Active,Not Active
2026/08/15 00:30:45.969,225.93,450.00,2670,10251,58,99,57,23930,P2,Not Active,Not Active,Not Active,Not Active
2026/08/15 00:30:46.474,223.20,450.00,2670,10251,58,97,45,23930,P2,Not Active,Not Active,Not Active,Not Active
2026/08/15 00:30:46.982,222.13,450.00,2670,10251,59,99,59,23930,P2,Not Active,Not Active,Not Active,Not Active
2026/08/15 00:30:47.485,227.64,450.00,2670,10251,59,99,64,23930,P2,Not Active,Not Active,Not Active,Not Active
2026/08/15 00:30:47.988,240.81,450.00,2670,10251,59,99,63,23930,P2,Not Active,Not Active,Not Active,Not Active
2026/08/15 00:30:48.492,242.02,450.00,2670,10251,59,99,66,23930,P2,Not Active,Not Active,Not Active,Not Active
2026/08/15 00:30:48.997,237.33,450.00,2670,10251,59,96,55,23930,P2,Not Active,Not Active,Not Active,Not Active
2026/08/15 00:30:49.502,229.34,450.00,2670,10251,59,99,61,23930,P2,Not Active,Not Active,Not Active,Not Active
2026/08/15 00:30:50.005,225.72,450.00,2670,10251,59,99,62,23930,P2,Not Active,Not Active,Not Active,Not Active
2026/08/15 00:30:50.510,226.11,450.00,2670,10251,59,97,58,23930,P2,Not Active,Not Active,Not Active,Not Active
2026/08/15 00:30:51.017,227.37,450.00,2670,10251,59,99,58,23930,P2,Not Active,Not Active,Not Active,Not Active
2026/08/15 00:30:51.523,221.74,450.00,2670,10251,58,99,59,23930,P2,Not Active,Not Active,Not Active,Not Active
2026/08/15 00:30:52.028,219.54,450.00,2670,10251,58,97,23,23930,P2,Not Active,Not Active,Not Active,Not Active
2026/08/15 00:30:52.532,216.16,450.00,2670,10251,58,99,58,23930,P2,Not Active,Not Active,Not Active,Not Active
2026/08/15 00:30:53.036,216.46,450.00,2670,10251,58,99,54,23930,P2,Not Active,Not Active,Not Active,Not Active
2026/08/15 00:30:53.540,215.55,450.00,2670,10251,59,97,51,23930,P2,Not Active,Not Active,Not Active,Not Active
2026/08/15 00:30:54.046,214.20,450.00,2670,10251,59,99,44,23930,P2,Not Active,Not Active,Not Active,Not Active
2026/08/15 00:30:54.550,200.48,450.00,2670,10251,58,100,36,23930,P2,Not Active,Not Active,Not Active,Not Active
2026/08/15 00:30:55.059,195.01,450.00,2670,10251,58,99,47,23930,P2,Not Active,Not Active,Not Active,Not Active
2026/08/15 00:30:55.564,198.65,450.00,2670,10251,59,99,38,23930,P2,Not Active,Not Active,Not Active,Not Active
2026/08/15 00:30:56.068,189.84,450.00,2670,10251,58,99,32,23930,P2,Not Active,Not Active,Not Active,Not Active
2026/08/15 00:30:56.573,183.54,450.00,2670,10251,58,99,33,23930,P2,Not Active,Not Active,Not Active,Not Active
2026/08/15 00:30:57.078,181.39,450.00,2670,10251,58,100,28,23930,P2,Not Active,Not Active,Not Active,Not Active
2026/08/15 00:30:57.581,189.84,450.00,2670,10251,59,99,41,23930,P2,Not Active,Not Active,Not Active,Not Active
2026/08/15 00:30:58.085,188.38,450.00,2670,10251,59,99,39,23930,P2,Not Active,Not Active,Not Active,Not Active
2026/08/15 00:30:58.588,181.29,450.00,2670,10251,58,99,35,23930,P2,Not Active,Not Active,Not Active,Not Active
2026/08/15 00:30:59.093,181.34,450.00,2670,10251,58,99,37,23930,P2,Not Active,Not Active,Not Active,Not Active
2026/08/15 00:30:59.599,179.74,450.00,2670,10251,58,100,6,23930,P2,Not Active,Not Active,Not Active,Not Active
2026/08/15 00:31:00.105,168.96,450.00,2670,10251,58,100,29,23930,P2,Not Active,Not Active,Not Active,Not Active
2026/08/15 00:31:00.612,176.17,450.00,2670,10251,58,99,44,23930,P2,Not Active,Not Active,Not Active,Not Active
2026/08/15 00:31:01.123,190.39,450.00,2670,10251,58,99,32,23930,P2,Not Active,Not Active,Not Active,Not Active
2026/08/15 00:31:01.626,188.04,450.00,2670,10251,58,100,32,23930,P2,Not Active,Not Active,Not Active,Not Active
2026/08/15 00:31:02.130,169.02,450.00,2670,10251,57,100,3,23930,P2,Not Active,Not Active,Not Active,Not Active
2026/08/15 00:31:02.636,159.16,450.00,2670,10251,59,99,43,23930,P2,Not Active,Not Active,Not Active,Not Active
2026/08/15 00:31:03.141,181.15,450.00,2670,10251,60,99,42,23930,P2,Not Active,Not Active,Not Active,Not Active
2026/08/15 00:31:03.645,192.60,450.00,2670,10251,58,99,40,23930,P2,Not Active,Not Active,Not Active,Not Active
2026/08/15 00:31:04.153,178.18,450.00,2670,10251,56,97,7,23930,P2,Not Active,Not Active,Not Active,Not Active
2026/08/15 00:31:04.660,146.13,450.00,2670,10251,56,100,2,23930,P2,Not Active,Not Active,Not Active,Not Active
2026/08/15 00:31:05.165,128.04,450.00,2670,10251,57,99,28,23930,P2,Not Active,Not Active,Not Active,Not Active
2026/08/15 00:31:05.669,148.62,450.00,2670,10251,58,100,29,23930,P2,Not Active,Not Active,Not Active,Not Active
2026/08/15 00:31:06.175,174.14,450.00,2670,10251,57,99,32,23930,P2,Not Active,Not Active,Not Active,Not Active
2026/08/15 00:31:06.679,177.52,450.00,2670,10251,58,99,37,23930,P2,Not Active,Not Active,Not Active,Not Active
2026/08/15 00:31:07.183,180.29,450.00,2670,10251,57,99,33,23930,P2,Not Active,Not Active,Not Active,Not Active
2026/08/15 00:31:07.689,155.93,450.00,2670,10251,60,100,1,23930,P2,Not Active,Not Active,Not Active,Not Active
2026/08/15 00:31:08.198,135.21,450.00,2670,10251,58,100,26,23930,P2,Not Active,Not Active,Not Active,Not Active
2026/08/15 00:31:08.703,154.84,450.00,2670,10251,58,100,29,23930,P2,Not Active,Not Active,Not Active,Not Active
2026/08/15 00:31:09.211,176.18,450.00,2670,10251,58,100,29,23930,P2,Not Active,Not Active,Not Active,Not Active
2026/08/15 00:31:09.719,184.29,450.00,2670,10251,58,99,44,23930,P2,Not Active,Not Active,Not Active,Not Active
2026/08/15 00:31:10.225,182.62,450.00,2670,10251,59,97,34,23930,P2,Not Active,Not Active,Not Active,Not Active
2026/08/15 00:31:10.734,154.84,450.00,2670,10251,57,100,4,23930,P2,Not Active,Not Active,Not Active,Not Active
2026/08/15 00:31:11.240,158.52,450.00,2670,10251,58,99,43,23930,P2,Not Active,Not Active,Not Active,Not Active
2026/08/15 00:31:11.746,178.67,450.00,2670,10251,59,100,29,23930,P2,Not Active,Not Active,Not Active,Not Active
2026/08/15 00:31:12.252,172.85,450.00,2670,10251,58,99,33,23930,P2,Not Active,Not Active,Not Active,Not Active
2026/08/15 00:31:12.757,165.39,450.00,2670,10251,57,99,31,23930,P2,Not Active,Not Active,Not Active,Not Active
2026/08/15 00:31:13.261,156.41,450.00,2670,10251,57,100,3,23930,P2,Not Active,Not Active,Not Active,Not Active
2026/08/15 00:31:13.767,151.98,450.00,2670,10251,57,100,34,23930,P2,Not Active,Not Active,Not Active,Not Active
2026/08/15 00:31:14.275,161.15,450.00,2670,10251,58,99,38,23930,P2,Not Active,Not Active,Not Active,Not Active
2026/08/15 00:31:14.780,175.47,450.00,2670,10251,57,100,32,23930,P2,Not Active,Not Active,Not Active,Not Active
2026/08/15 00:31:15.283,169.39,450.00,2670,10251,58,100,35,23930,P2,Not Active,Not Active,Not Active,Not Active
2026/08/15 00:31:15.790,171.37,450.00,2670,10251,58,100,35,23930,P2,Not Active,Not Active,Not Active,Not Active
2026/08/15 00:31:16.296,166.80,450.00,2670,10251,57,100,8,23930,P2,Not Active,Not Active,Not Active,Not Active
2026/08/15 00:31:16.800,162.87,450.00,2670,10251,58,100,30,23930,P2,Not Active,Not Active,Not Active,Not Active
2026/08/15 00:31:17.307,164.26,450.00,2670,10251,57,100,24,23933,P2,Not Active,Not Active,Not Active,Not Active
2026/08/15 00:31:17.817,173.65,450.00,2670,10251,58,99,44,23933,P2,Not Active,Not Active,Not Active,Not Active
2026/08/15 00:31:18.322,187.64,450.00,2670,10251,58,99,33,23933,P2,Not Active,Not Active,Not Active,Not Active
2026/08/15 00:31:18.831,189.73,450.00,2670,10251,59,99,39,23933,P2,Not Active,Not Active,Not Active,Not Active
2026/08/15 00:31:19.334,191.82,450.00,2670,10251,58,99,40,23933,P2,Not Active,Not Active,Not Active,Not Active
2026/08/15 00:31:19.838,199.75,450.00,2670,10251,59,99,52,23933,P2,Not Active,Not Active,Not Active,Not Active
2026/08/15 00:31:20.343,205.83,450.00,2670,10251,61,97,14,23933,P2,Not Active,Not Active,Not Active,Not Active
2026/08/15 00:31:20.852,198.14,450.00,2670,10251,58,99,39,23933,P2,Not Active,Not Active,Not Active,Not Active
2026/08/15 00:31:21.357,197.78,450.00,2670,10251,60,99,40,23933,P2,Not Active,Not Active,Not Active,Not Active
2026/08/15 00:31:21.862,212.68,450.00,2670,10251,60,99,53,23933,P2,Not Active,Not Active,Not Active,Not Active
2026/08/15 00:31:22.367,210.55,450.00,2670,10251,59,99,37,23933,P2,Not Active,Not Active,Not Active,Not Active
2026/08/15 00:31:22.870,220.99,450.00,2670,10251,61,99,65,23933,P2,Not Active,Not Active,Not Active,Not Active
2026/08/15 00:31:23.375,235.97,450.00,2670,10251,61,97,62,23933,P2,Not Active,Not Active,Not Active,Not Active
2026/08/15 00:31:23.879,238.27,450.00,2670,10251,62,99,71,23930,P2,Not Active,Not Active,Not Active,Not Active
2026/08/15 00:31:24.386,234.92,450.00,2670,10251,61,99,67,23930,P2,Not Active,Not Active,Not Active,Not Active
2026/08/15 00:31:24.890,237.37,450.00,2670,10251,61,97,44,23930,P2,Not Active,Not Active,Not Active,Not Active
2026/08/15 00:31:25.395,234.67,450.00,2670,10251,61,99,66,23930,P2,Not Active,Not Active,Not Active,Not Active
2026/08/15 00:31:25.898,229.67,450.00,2670,10251,61,99,54,23930,P2,Not Active,Not Active,Not Active,Not Active
2026/08/15 00:31:26.400,235.90,450.00,2670,10251,64,99,58,23930,P2,Not Active,Not Active,Not Active,Not Active
2026/08/15 00:31:26.909,231.41,450.00,2670,10251,61,99,58,23930,P2,Not Active,Not Active,Not Active,Not Active
2026/08/15 00:31:27.413,223.43,450.00,2670,10251,61,99,53,23930,P2,Not Active,Not Active,Not Active,Not Active
2026/08/15 00:31:27.916,222.80,450.00,2670,10251,61,99,57,23930,P2,Not Active,Not Active,Not Active,Not Active
2026/08/15 00:31:28.420,227.69,450.00,2670,10251,61,99,58,23930,P2,Not Active,Not Active,Not Active,Not Active
2026/08/15 00:31:28.927,217.88,450.00,2670,10251,61,99,47,23930,P2,Not Active,Not Active,Not Active,Not Active
2026/08/15 00:31:29.433,212.55,450.00,2670,10251,61,99,53,23930,P2,Not Active,Not Active,Not Active,Not Active
2026/08/15 00:31:29.936,210.97,450.00,2670,10251,60,99,52,23930,P2,Not Active,Not Active,Not Active,Not Active
2026/08/15 00:31:30.441,208.99,450.00,2670,10251,60,99,42,23930,P2,Not Active,Not Active,Not Active,Not Active
2026/08/15 00:31:30.951,201.23,450.00,2670,10251,59,99,42,23930,P2,Not Active,Not Active,Not Active,Not Active
2026/08/15 00:31:31.455,189.26,450.00,2670,10251,60,100,29,23930,P2,Not Active,Not Active,Not Active,Not Active
2026/08/15 00:31:31.962,177.96,450.00,2670,10251,60,99,34,23930,P2,Not Active,Not Active,Not Active,Not Active
2026/08/15 00:31:32.467,176.79,450.00,2670,10251,59,99,34,23930,P2,Not Active,Not Active,Not Active,Not Active
2026/08/15 00:31:32.970,185.04,450.00,2670,10251,59,97,27,23930,P2,Not Active,Not Active,Not Active,Not Active
2026/08/15 00:31:33.475,191.07,450.00,2670,10251,59,99,34,23930,P2,Not Active,Not Active,Not Active,Not Active
2026/08/15 00:31:33.981,187.18,450.00,2670,10251,59,99,33,23930,P2,Not Active,Not Active,Not Active,Not Active
2026/08/15 00:31:34.487,175.49,450.00,2670,10251,59,100,29,23930,P2,Not Active,Not Active,Not Active,Not Active
2026/08/15 00:31:34.991,168.43,450.00,2670,10251,58,99,32,23933,P2,Not Active,Not Active,Not Active,Not Active
2026/08/15 00:31:35.496,169.50,450.00,2670,10251,59,97,14,23933,P2,Not Active,Not Active,Not Active,Not Active
2026/08/15 00:31:36.003,171.82,450.00,2670,10251,59,99,34,23930,P2,Not Active,Not Active,Not Active,Not Active
2026/08/15 00:31:36.513,175.23,450.00,2670,10251,59,99,39,23930,P2,Not Active,Not Active,Not Active,Not Active
2026/08/15 00:31:37.021,184.71,450.00,2670,10251,60,99,43,23930,P2,Not Active,Not Active,Not Active,Not Active
2026/08/15 00:31:37.527,186.63,450.00,2670,10251,59,99,41,23930,P2,Not Active,Not Active,Not Active,Not Active
2026/08/15 00:31:38.033,165.74,450.00,2670,10251,58,100,3,23930,P2,Not Active,Not Active,Not Active,Not Active
2026/08/15 00:31:38.536,154.20,450.00,2670,10251,58,99,38,23930,P2,Not Active,Not Active,Not Active,Not Active
2026/08/15 00:31:39.045,171.72,450.00,2670,10251,60,99,37,23930,P2,Not Active,Not Active,Not Active,Not Active
2026/08/15 00:31:39.550,175.35,450.00,2670,10251,59,100,29,23930,P2,Not Active,Not Active,Not Active,Not Active
2026/08/15 00:31:40.053,180.28,450.00,2670,10251,60,99,43,23930,P2,Not Active,Not Active,Not Active,Not Active
2026/08/15 00:31:40.559,166.85,450.00,2670,10251,60,100,2,23930,P2,Not Active,Not Active,Not Active,Not Active
2026/08/15 00:31:41.068,136.55,450.00,2670,10251,57,100,4,23930,P2,Not Active,Not Active,Not Active,Not Active
2026/08/15 00:31:41.572,147.32,450.00,2670,10251,59,99,36,23930,P2,Not Active,Not Active,Not Active,Not Active
2026/08/15 00:31:42.078,172.64,450.00,2670,10251,59,99,33,23930,P2,Not Active,Not Active,Not Active,Not Active
2026/08/15 00:31:42.586,177.08,450.00,2670,10251,60,99,34,23930,P2,Not Active,Not Active,Not Active,Not Active
2026/08/15 00:31:43.090,181.94,450.00,2670,10251,59,99,44,23930,P2,Not Active,Not Active,Not Active,Not Active
2026/08/15 00:31:43.597,166.46,450.00,2670,10251,59,100,2,23930,P2,Not Active,Not Active,Not Active,Not Active
2026/08/15 00:31:44.106,135.72,450.00,2670,10251,57,99,2,23930,P2,Not Active,Not Active,Not Active,Not Active
2026/08/15 00:31:44.611,144.10,450.00,2670,10251,60,99,43,23930,P2,Not Active,Not Active,Not Active,Not Active
2026/08/15 00:31:45.116,170.28,450.00,2670,10251,59,99,30,23930,P2,Not Active,Not Active,Not Active,Not Active
2026/08/15 00:31:45.622,178.55,450.00,2670,10251,58,99,38,23930,P2,Not Active,Not Active,Not Active,Not Active
2026/08/15 00:31:46.127,176.63,450.00,2670,10251,59,99,33,23930,P2,Not Active,Not Active,Not Active,Not Active
2026/08/15 00:31:46.633,157.14,450.00,2670,10251,58,100,3,23930,P2,Not Active,Not Active,Not Active,Not Active
2026/08/15 00:31:47.143,143.69,450.00,2670,10251,58,100,18,23930,P2,Not Active,Not Active,Not Active,Not Active
2026/08/15 00:31:47.646,151.88,450.00,2670,10251,58,99,36,23930,P2,Not Active,Not Active,Not Active,Not Active
2026/08/15 00:31:48.150,173.49,450.00,2670,10251,59,99,38,23930,P2,Not Active,Not Active,Not Active,Not Active
2026/08/15 00:31:48.656,173.17,450.00,2670,10251,59,100,32,23930,P2,Not Active,Not Active,Not Active,Not Active
2026/08/15 00:31:49.162,172.72,450.00,2670,10251,59,100,29,23930,P2,Not Active,Not Active,Not Active,Not Active
2026/08/15 00:31:49.665,168.21,450.00,2670,10251,58,100,5,23930,P2,Not Active,Not Active,Not Active,Not Active
2026/08/15 00:31:50.169,165.98,450.00,2670,10251,59,99,36,23930,P2,Not Active,Not Active,Not Active,Not Active
2026/08/15 00:31:50.674,166.18,450.00,2670,10251,59,100,29,23930,P2,Not Active,Not Active,Not Active,Not Active
2026/08/15 00:31:51.182,176.54,450.00,2670,10251,59,99,39,23930,P2,Not Active,Not Active,Not Active,Not Active
2026/08/15 00:31:51.687,172.93,450.00,2670,10251,58,100,25,23930,P2,Not Active,Not Active,Not Active,Not Active
2026/08/15 00:31:52.192,166.70,450.00,2670,10251,59,100,29,23930,P2,Not Active,Not Active,Not Active,Not Active
2026/08/15 00:31:52.702,162.18,450.00,2670,10251,58,100,15,23930,P2,Not Active,Not Active,Not Active,Not Active
2026/08/15 00:31:53.212,168.23,450.00,2670,10251,58,99,34,23930,P2,Not Active,Not Active,Not Active,Not Active
2026/08/15 00:31:53.717,181.60,450.00,2670,10251,59,99,40,23930,P2,Not Active,Not Active,Not Active,Not Active
2026/08/15 00:31:54.222,180.51,450.00,2670,10251,59,99,33,23930,P2,Not Active,Not Active,Not Active,Not Active
2026/08/15 00:31:54.728,172.35,450.00,2670,10251,59,99,38,23930,P2,Not Active,Not Active,Not Active,Not Active
2026/08/15 00:31:55.235,172.98,450.00,2655,10251,59,99,39,23930,P2,Not Active,Not Active,Not Active,Not Active
2026/08/15 00:31:55.739,179.35,450.00,2655,10251,59,99,43,23930,P2,Not Active,Not Active,Not Active,Not Active
2026/08/15 00:31:56.243,193.18,450.00,2655,10251,60,99,47,23930,P2,Not Active,Not Active,Not Active,Not Active
2026/08/15 00:31:56.749,200.90,450.00,2655,10251,59,97,43,23930,P2,Not Active,Not Active,Not Active,Not Active
2026/08/15 00:31:57.261,196.93,450.00,2655,10251,60,99,46,23930,P2,Not Active,Not Active,Not Active,Not Active
2026/08/15 00:31:57.765,204.35,450.00,2655,10251,60,99,55,23930,P2,Not Active,Not Active,Not Active,Not Active
2026/08/15 00:31:58.268,218.19,450.00,2655,10251,60,99,47,23930,P2,Not Active,Not Active,Not Active,Not Active
2026/08/15 00:31:58.774,226.96,450.00,2655,10251,61,99,60,23930,P2,Not Active,Not Active,Not Active,Not Active
2026/08/15 00:31:59.279,223.06,450.00,2655,10251,61,99,48,23930,P2,Not Active,Not Active,Not Active,Not Active
2026/08/15 00:31:59.783,222.42,450.00,2655,10251,62,99,49,23930,P2,Not Active,Not Active,Not Active,Not Active
2026/08/15 00:32:00.286,239.35,450.00,2655,10251,62,99,67,23930,P2,Not Active,Not Active,Not Active,Not Active
2026/08/15 00:32:00.792,237.72,450.00,2655,10251,62,99,61,23930,P2,Not Active,Not Active,Not Active,Not Active
2026/08/15 00:32:01.304,236.43,450.00,2655,10251,62,97,46,23930,P2,Not Active,Not Active,Not Active,Not Active
2026/08/15 00:32:01.809,234.28,450.00,2655,10251,62,99,62,23930,P2,Not Active,Not Active,Not Active,Not Active
2026/08/15 00:32:02.316,229.42,450.00,2655,10251,62,99,55,23930,P2,Not Active,Not Active,Not Active,Not Active
2026/08/15 00:32:02.819,231.08,450.00,2655,10251,63,99,48,23930,P2,Not Active,Not Active,Not Active,Not Active
2026/08/15 00:32:03.323,226.40,450.00,2655,10251,62,99,58,23930,P2,Not Active,Not Active,Not Active,Not Active
2026/08/15 00:32:03.828,224.90,450.00,2655,10251,62,99,54,23930,P2,Not Active,Not Active,Not Active,Not Active
2026/08/15 00:32:04.334,227.36,450.00,2655,10251,63,99,56,23930,P2,Not Active,Not Active,Not Active,Not Active
2026/08/15 00:32:04.837,229.99,450.00,2655,10251,63,99,61,23930,P2,Not Active,Not Active,Not Active,Not Active
2026/08/15 00:32:05.340,229.22,450.00,2655,10251,62,97,51,23930,P2,Not Active,Not Active,Not Active,Not Active
2026/08/15 00:32:05.845,224.84,450.00,2655,10251,62,99,58,23930,P2,Not Active,Not Active,Not Active,Not Active
2026/08/15 00:32:06.349,222.25,450.00,2655,10251,62,99,57,23930,P2,Not Active,Not Active,Not Active,Not Active
2026/08/15 00:32:06.854,208.94,450.00,2655,10251,62,99,42,23933,P2,Not Active,Not Active,Not Active,Not Active
2026/08/15 00:32:07.358,200.95,450.00,2655,10251,62,99,34,23933,P2,Not Active,Not Active,Not Active,Not Active
2026/08/15 00:32:07.864,189.47,450.00,2655,10251,61,99,40,23933,P2,Not Active,Not Active,Not Active,Not Active
2026/08/15 00:32:08.369,184.49,450.00,2655,10251,61,98,37,23933,P2,Not Active,Not Active,Not Active,Not Active
2026/08/15 00:32:08.875,184.71,450.00,2655,10251,60,100,29,23933,P2,Not Active,Not Active,Not Active,Not Active
2026/08/15 00:32:09.380,189.02,450.00,2655,10251,65,100,35,23933,P2,Not Active,Not Active,Not Active,Not Active
2026/08/15 00:32:09.885,185.72,450.00,2655,10251,61,100,37,23933,P2,Not Active,Not Active,Not Active,Not Active
2026/08/15 00:32:10.396,176.46,450.00,2655,10251,59,100,35,23933,P2,Not Active,Not Active,Not Active,Not Active
2026/08/15 00:32:10.904,176.18,450.00,2655,10251,60,100,36,23933,P2,Not Active,Not Active,Not Active,Not Active
2026/08/15 00:32:11.412,179.82,450.00,2655,10251,61,97,25,23933,P2,Not Active,Not Active,Not Active,Not Active
2026/08/15 00:32:11.917,177.87,450.00,2655,10251,59,100,29,23933,P2,Not Active,Not Active,Not Active,Not Active
2026/08/15 00:32:12.421,175.07,450.00,2655,10251,60,100,36,23933,P2,Not Active,Not Active,Not Active,Not Active
2026/08/15 00:32:12.926,178.69,450.00,2655,10251,60,100,34,23932,P2,Not Active,Not Active,Not Active,Not Active
2026/08/15 00:32:13.435,184.05,450.00,2655,10251,61,99,36,23932,P2,Not Active,Not Active,Not Active,Not Active
2026/08/15 00:32:13.938,173.07,450.00,2655,10251,61,99,4,23932,P2,Not Active,Not Active,Not Active,Not Active
2026/08/15 00:32:14.443,155.21,450.00,2670,10251,59,100,25,23932,P2,Not Active,Not Active,Not Active,Not Active
2026/08/15 00:32:14.951,164.78,450.00,2670,10251,60,99,34,23932,P2,Not Active,Not Active,Not Active,Not Active
2026/08/15 00:32:15.456,181.64,450.00,2670,10251,60,99,40,23932,P2,Not Active,Not Active,Not Active,Not Active
2026/08/15 00:32:15.962,189.96,450.00,2670,10251,60,99,53,23932,P2,Not Active,Not Active,Not Active,Not Active
2026/08/15 00:32:16.468,175.26,450.00,2670,10251,61,100,4,23930,P2,Not Active,Not Active,Not Active,Not Active
2026/08/15 00:32:16.977,150.77,450.00,2670,10251,58,100,15,23930,P2,Not Active,Not Active,Not Active,Not Active
2026/08/15 00:32:17.482,155.49,450.00,2670,10251,59,99,45,23930,P2,Not Active,Not Active,Not Active,Not Active
2026/08/15 00:32:17.989,181.37,450.00,2670,10251,60,100,37,23930,P2,Not Active,Not Active,Not Active,Not Active
2026/08/15 00:32:18.503,177.30,450.00,2670,10251,59,100,34,23930,P2,Not Active,Not Active,Not Active,Not Active
2026/08/15 00:32:19.011,170.99,450.00,2670,10251,60,99,30,23930,P2,Not Active,Not Active,Not Active,Not Active
2026/08/15 00:32:19.515,157.59,450.00,2670,10251,59,97,4,23930,P2,Not Active,Not Active,Not Active,Not Active
2026/08/15 00:32:20.021,127.92,450.00,2670,10251,58,100,1,23930,P2,Not Active,Not Active,Not Active,Not Active
2026/08/15 00:32:20.528,143.89,450.00,2670,10251,58,100,36,23930,P2,Not Active,Not Active,Not Active,Not Active
2026/08/15 00:32:21.035,165.16,450.00,2670,10251,59,100,30,23930,P2,Not Active,Not Active,Not Active,Not Active
2026/08/15 00:32:21.538,171.98,450.00,2670,10251,59,99,41,23930,P2,Not Active,Not Active,Not Active,Not Active
2026/08/15 00:32:22.043,173.86,450.00,2670,10251,59,99,39,23930,P2,Not Active,Not Active,Not Active,Not Active
2026/08/15 00:32:22.547,170.15,450.00,2670,10251,60,97,12,23930,P2,Not Active,Not Active,Not Active,Not Active
2026/08/15 00:32:23.053,150.10,450.00,2670,10251,59,100,3,23930,P2,Not Active,Not Active,Not Active,Not Active
2026/08/15 00:32:23.556,150.71,450.00,2670,10251,60,99,39,23930,P2,Not Active,Not Active,Not Active,Not Active
2026/08/15 00:32:24.060,169.79,450.00,2670,10251,61,99,27,23930,P2,Not Active,Not Active,Not Active,Not Active
2026/08/15 00:32:24.566,175.38,450.00,2670,10251,59,99,31,23930,P2,Not Active,Not Active,Not Active,Not Active
2026/08/15 00:32:25.069,173.45,450.00,2670,10251,60,99,32,23930,P2,Not Active,Not Active,Not Active,Not Active
2026/08/15 00:32:25.574,165.50,450.00,2670,10251,60,97,5,23930,P2,Not Active,Not Active,Not Active,Not Active
2026/08/15 00:32:26.081,140.59,450.00,2670,10251,58,100,2,23930,P2,Not Active,Not Active,Not Active,Not Active
2026/08/15 00:32:26.592,132.79,450.00,2670,10251,58,100,31,23930,P2,Not Active,Not Active,Not Active,Not Active
2026/08/15 00:32:27.098,158.00,450.00,2670,10251,60,99,40,23933,P2,Not Active,Not Active,Not Active,Not Active
2026/08/15 00:32:27.602,177.06,450.00,2670,10251,60,99,34,23933,P2,Not Active,Not Active,Not Active,Not Active
2026/08/15 00:32:28.110,183.58,450.00,2670,10251,60,99,35,23933,P2,Not Active,Not Active,Not Active,Not Active
2026/08/15 00:32:28.612,192.40,450.00,2655,10251,61,97,33,23933,P2,Not Active,Not Active,Not Active,Not Active
2026/08/15 00:32:29.116,183.86,450.00,2655,10251,60,99,34,23933,P2,Not Active,Not Active,Not Active,Not Active
2026/08/15 00:32:29.621,176.46,450.00,2655,10251,59,99,40,23933,P2,Not Active,Not Active,Not Active,Not Active
2026/08/15 00:32:30.129,181.20,450.00,2655,10251,60,100,33,23933,P2,Not Active,Not Active,Not Active,Not Active
2026/08/15 00:32:30.632,178.88,450.00,2655,10251,59,99,36,23933,P2,Not Active,Not Active,Not Active,Not Active
2026/08/15 00:32:31.136,180.03,450.00,2655,10251,60,100,32,23933,P2,Not Active,Not Active,Not Active,Not Active
2026/08/15 00:32:31.647,182.83,450.00,2655,10251,61,99,42,23933,P2,Not Active,Not Active,Not Active,Not Active
2026/08/15 00:32:32.150,190.22,450.00,2655,10251,60,100,32,23933,P2,Not Active,Not Active,Not Active,Not Active
2026/08/15 00:32:32.653,194.71,450.00,2655,10251,60,99,48,23933,P2,Not Active,Not Active,Not Active,Not Active
2026/08/15 00:32:33.158,200.04,450.00,2655,10251,62,99,56,23933,P2,Not Active,Not Active,Not Active,Not Active
2026/08/15 00:32:33.663,205.75,450.00,2655,10251,62,99,47,23932,P2,Not Active,Not Active,Not Active,Not Active
2026/08/15 00:32:34.168,202.65,450.00,2655,10251,61,99,43,23932,P2,Not Active,Not Active,Not Active,Not Active
2026/08/15 00:32:34.673,196.90,450.00,2655,10251,60,97,45,23932,P2,Not Active,Not Active,Not Active,Not Active
2026/08/15 00:32:35.177,211.93,450.00,2655,10251,62,99,63,23932,P2,Not Active,Not Active,Not Active,Not Active
2026/08/15 00:32:35.683,223.90,450.00,2655,10251,62,99,64,23932,P2,Not Active,Not Active,Not Active,Not Active
2026/08/15 00:32:36.190,228.20,450.00,2655,10251,62,97,26,23932,P2,Not Active,Not Active,Not Active,Not Active
2026/08/15 00:32:36.694,233.67,450.00,2655,10251,61,99,67,23930,P2,Not Active,Not Active,Not Active,Not Active
2026/08/15 00:32:37.197,243.35,450.00,2655,10251,62,99,63,23930,P2,Not Active,Not Active,Not Active,Not Active
2026/08/15 00:32:37.706,245.92,450.00,2655,10251,62,99,65,23930,P2,Not Active,Not Active,Not Active,Not Active
2026/08/15 00:32:38.209,245.14,450.00,2655,10251,62,99,57,23930,P2,Not Active,Not Active,Not Active,Not Active
2026/08/15 00:32:38.713,231.71,450.00,2655,10251,62,99,55,23930,P2,Not Active,Not Active,Not Active,Not Active
2026/08/15 00:32:39.216,225.99,450.00,2655,10251,61,99,55,23930,P2,Not Active,Not Active,Not Active,Not Active
2026/08/15 00:32:39.721,233.04,450.00,2655,10251,62,99,59,23930,P2,Not Active,Not Active,Not Active,Not Active
2026/08/15 00:32:40.227,234.53,450.00,2655,10251,62,100,35,23930,P2,Not Active,Not Active,Not Active,Not Active
2026/08/15 00:32:40.731,233.08,450.00,2655,10251,63,99,58,23930,P2,Not Active,Not Active,Not Active,Not Active
2026/08/15 00:32:41.235,229.29,450.00,2655,10251,62,99,58,23933,P2,Not Active,Not Active,Not Active,Not Active
2026/08/15 00:32:41.739,222.48,450.00,2655,10251,62,99,54,23933,P2,Not Active,Not Active,Not Active,Not Active
2026/08/15 00:32:42.245,225.23,450.00,2655,10251,62,99,53,23933,P2,Not Active,Not Active,Not Active,Not Active
2026/08/15 00:32:42.748,222.94,450.00,2655,10251,62,99,52,23933,P2,Not Active,Not Active,Not Active,Not Active
2026/08/15 00:32:43.252,217.70,450.00,2655,10251,62,99,46,23933,P2,Not Active,Not Active,Not Active,Not Active
2026/08/15 00:32:43.755,210.18,450.00,2655,10251,61,99,35,23933,P2,Not Active,Not Active,Not Active,Not Active
2026/08/15 00:32:44.264,199.81,450.00,2655,10251,62,99,45,23933,P2,Not Active,Not Active,Not Active,Not Active
2026/08/15 00:32:44.767,198.52,450.00,2655,10251,62,97,32,23933,P2,Not Active,Not Active,Not Active,Not Active
2026/08/15 00:32:45.270,192.07,450.00,2655,10251,61,100,31,23933,P2,Not Active,Not Active,Not Active,Not Active
2026/08/15 00:32:45.775,187.93,450.00,2655,10251,62,100,36,23933,P2,Not Active,Not Active,Not Active,Not Active
2026/08/15 00:32:46.285,182.51,450.00,2655,10251,60,100,30,23933,P2,Not Active,Not Active,Not Active,Not Active
2026/08/15 00:32:46.791,174.94,450.00,2655,10251,61,100,32,23932,P2,Not Active,Not Active,Not Active,Not Active
2026/08/15 00:32:47.297,172.10,450.00,2655,10251,60,100,6,23932,P2,Not Active,Not Active,Not Active,Not Active
2026/08/15 00:32:47.804,176.52,450.00,2655,10251,61,99,39,23932,P2,Not Active,Not Active,Not Active,Not Active
2026/08/15 00:32:48.308,179.01,450.00,2655,10251,61,99,28,23932,P2,Not Active,Not Active,Not Active,Not Active
2026/08/15 00:32:48.816,184.56,450.00,2655,10251,62,99,44,23930,P2,Not Active,Not Active,Not Active,Not Active
2026/08/15 00:32:49.324,183.87,450.00,2655,10251,60,97,27,23930,P2,Not Active,Not Active,Not Active,Not Active
2026/08/15 00:32:49.828,164.26,450.00,2655,10251,59,100,3,23930,P2,Not Active,Not Active,Not Active,Not Active
2026/08/15 00:32:50.333,164.23,450.00,2655,10251,61,99,39,23930,P2,Not Active,Not Active,Not Active,Not Active
2026/08/15 00:32:50.838,185.65,450.00,2655,10251,61,99,39,23930,P2,Not Active,Not Active,Not Active,Not Active
2026/08/15 00:32:51.343,181.49,450.00,2655,10251,60,100,36,23930,P2,Not Active,Not Active,Not Active,Not Active
2026/08/15 00:32:51.848,176.49,450.00,2655,10251,61,99,39,23930,P2,Not Active,Not Active,Not Active,Not Active
2026/08/15 00:32:52.352,154.21,450.00,2655,10251,62,100,4,23930,P2,Not Active,Not Active,Not Active,Not Active
2026/08/15 00:32:52.861,144.08,450.00,2655,10251,61,99,33,23930,P2,Not Active,Not Active,Not Active,Not Active
2026/08/15 00:32:53.366,164.29,450.00,2655,10251,62,100,34,23930,P2,Not Active,Not Active,Not Active,Not Active
2026/08/15 00:32:53.869,180.81,450.00,2655,10251,61,100,33,23930,P2,Not Active,Not Active,Not Active,Not Active
2026/08/15 00:32:54.372,185.90,450.00,2655,10251,61,99,50,23930,P2,Not Active,Not Active,Not Active,Not Active
2026/08/15 00:32:54.885,170.64,450.00,2655,10251,61,96,8,23930,P2,Not Active,Not Active,Not Active,Not Active
2026/08/15 00:32:55.390,140.54,450.00,2655,10251,59,100,2,23930,P2,Not Active,Not Active,Not Active,Not Active
2026/08/15 00:32:55.971,127.29,450.00,2670,10251,59,100,26,23930,P2,Not Active,Not Active,Not Active,Not Active
2026/08/15 00:32:56.480,157.00,450.00,2670,10251,61,100,35,23930,P2,Not Active,Not Active,Not Active,Not Active
2026/08/15 00:32:56.984,184.80,450.00,2670,10251,61,99,37,23930,P2,Not Active,Not Active,Not Active,Not Active
2026/08/15 00:32:57.492,187.07,450.00,2670,10251,60,99,37,23930,P2,Not Active,Not Active,Not Active,Not Active
2026/08/15 00:32:58.000,175.94,450.00,2670,10251,62,97,15,23930,P2,Not Active,Not Active,Not Active,Not Active
2026/08/15 00:32:58.504,150.26,450.00,2670,10251,59,100,4,23930,P2,Not Active,Not Active,Not Active,Not Active
2026/08/15 00:32:59.011,135.38,450.00,2670,10251,59,100,32,23933,P2,Not Active,Not Active,Not Active,Not Active
2026/08/15 00:32:59.520,156.91,450.00,2670,10251,61,100,35,23933,P2,Not Active,Not Active,Not Active,Not Active
2026/08/15 00:33:00.024,179.31,450.00,2670,10251,62,100,30,23933,P2,Not Active,Not Active,Not Active,Not Active
2026/08/15 00:33:00.528,178.90,450.00,2670,10251,60,100,29,23933,P2,Not Active,Not Active,Not Active,Not Active
2026/08/15 00:33:01.033,172.27,450.00,2670,10251,61,100,24,23933,P2,Not Active,Not Active,Not Active,Not Active
2026/08/15 00:33:01.539,152.35,450.00,2670,10251,60,100,4,23933,P2,Not Active,Not Active,Not Active,Not Active
2026/08/15 00:33:02.044,145.77,450.00,2670,10251,59,100,24,23933,P2,Not Active,Not Active,Not Active,Not Active
2026/08/15 00:33:02.547,164.27,450.00,2670,10251,60,100,28,23933,P2,Not Active,Not Active,Not Active,Not Active
2026/08/15 00:33:03.053,167.83,450.00,2670,10251,59,100,28,23933,P2,Not Active,Not Active,Not Active,Not Active
2026/08/15 00:33:03.560,168.67,450.00,2670,10251,60,100,22,23933,P2,Not Active,Not Active,Not Active,Not Active
2026/08/15 00:33:04.066,170.58,450.00,2670,10251,61,100,28,23933,P2,Not Active,Not Active,Not Active,Not Active
2026/08/15 00:33:04.571,173.01,450.00,2670,10251,64,100,24,23932,P2,Not Active,Not Active,Not Active,Not Active
2026/08/15 00:33:05.082,183.69,450.00,2670,10251,61,100,38,23932,P2,Not Active,Not Active,Not Active,Not Active
2026/08/15 00:33:05.588,174.86,450.00,2670,10251,61,100,32,23930,P2,Not Active,Not Active,Not Active,Not Active
2026/08/15 00:33:06.095,173.35,450.00,2670,10251,61,100,34,23930,P2,Not Active,Not Active,Not Active,Not Active
2026/08/15 00:33:06.599,176.08,450.00,2670,10251,61,97,29,23930,P2,Not Active,Not Active,Not Active,Not Active
2026/08/15 00:33:07.103,180.84,450.00,2670,10251,59,100,38,23930,P2,Not Active,Not Active,Not Active,Not Active
2026/08/15 00:33:07.609,186.23,450.00,2670,10251,62,99,38,23930,P2,Not Active,Not Active,Not Active,Not Active
2026/08/15 00:33:08.115,193.17,450.00,2670,10251,62,99,41,23930,P2,Not Active,Not Active,Not Active,Not Active
2026/08/15 00:33:08.618,196.29,450.00,2670,10251,65,97,44,23930,P2,Not Active,Not Active,Not Active,Not Active
2026/08/15 00:33:09.138,202.78,450.00,2655,10251,62,98,51,23930,P2,Not Active,Not Active,Not Active,Not Active
2026/08/15 00:33:09.643,207.72,450.00,2655,10251,62,99,45,23930,P2,Not Active,Not Active,Not Active,Not Active
2026/08/15 00:33:10.147,218.75,450.00,2655,10251,63,97,58,23930,P2,Not Active,Not Active,Not Active,Not Active
2026/08/15 00:33:10.654,214.99,450.00,2655,10251,63,99,54,23930,P2,Not Active,Not Active,Not Active,Not Active
2026/08/15 00:33:11.159,213.95,450.00,2655,10251,61,99,62,23930,P2,Not Active,Not Active,Not Active,Not Active
2026/08/15 00:33:11.665,216.86,450.00,2655,10251,61,99,51,23930,P2,Not Active,Not Active,Not Active,Not Active
2026/08/15 00:33:12.168,222.46,450.00,2655,10251,63,99,63,23930,P2,Not Active,Not Active,Not Active,Not Active
2026/08/15 00:33:12.676,228.34,450.00,2655,10251,63,99,54,23930,P2,Not Active,Not Active,Not Active,Not Active
2026/08/15 00:33:13.179,237.17,450.00,2655,10251,65,97,46,23930,P2,Not Active,Not Active,Not Active,Not Active
2026/08/15 00:33:13.683,243.70,450.00,2655,10251,64,99,62,23930,P2,Not Active,Not Active,Not Active,Not Active
2026/08/15 00:33:14.186,244.47,450.00,2655,10251,63,99,62,23930,P2,Not Active,Not Active,Not Active,Not Active
2026/08/15 00:33:14.693,244.46,450.00,2655,10251,64,99,50,23930,P2,Not Active,Not Active,Not Active,Not Active
2026/08/15 00:33:15.198,235.90,450.00,2655,10251,63,99,52,23930,P2,Not Active,Not Active,Not Active,Not Active
2026/08/15 00:33:15.702,231.26,450.00,2655,10251,62,99,60,23933,P2,Not Active,Not Active,Not Active,Not Active
2026/08/15 00:33:16.205,233.23,450.00,2655,10251,63,99,60,23933,P2,Not Active,Not Active,Not Active,Not Active
2026/08/15 00:33:16.713,231.71,450.00,2655,10251,62,99,57,23933,P2,Not Active,Not Active,Not Active,Not Active
2026/08/15 00:33:17.216,229.17,450.00,2655,10251,65,97,44,23933,P2,Not Active,Not Active,Not Active,Not Active
2026/08/15 00:33:17.719,231.12,450.00,2655,10251,63,99,55,23933,P2,Not Active,Not Active,Not Active,Not Active
2026/08/15 00:33:18.222,227.78,450.00,2655,10251,62,99,48,23933,P2,Not Active,Not Active,Not Active,Not Active
2026/08/15 00:33:18.729,215.86,450.00,2655,10251,63,100,27,23933,P2,Not Active,Not Active,Not Active,Not Active
2026/08/15 00:33:19.233,213.20,450.00,2655,10251,62,99,44,23933,P2,Not Active,Not Active,Not Active,Not Active
2026/08/15 00:33:19.736,211.97,450.00,2655,10251,62,99,39,23933,P2,Not Active,Not Active,Not Active,Not Active
2026/08/15 00:33:20.241,207.67,450.00,2655,10251,62,99,48,23933,P2,Not Active,Not Active,Not Active,Not Active
2026/08/15 00:33:20.747,198.01,450.00,2655,10251,62,99,37,23932,P2,Not Active,Not Active,Not Active,Not Active
2026/08/15 00:33:21.255,193.99,450.00,2655,10251,61,99,40,23930,P2,Not Active,Not Active,Not Active,Not Active
2026/08/15 00:33:21.761,183.98,450.00,2655,10251,61,100,31,23930,P2,Not Active,Not Active,Not Active,Not Active
2026/08/15 00:33:22.266,177.87,450.00,2655,10251,61,90,31,23930,P2,Not Active,Not Active,Not Active,Not Active
2026/08/15 00:33:22.780,174.82,450.00,2670,10251,62,100,19,23933,P2,Not Active,Not Active,Not Active,Not Active
2026/08/15 00:33:23.285,181.24,450.00,2670,10251,61,100,36,23933,P2,Not Active,Not Active,Not Active,Not Active
2026/08/15 00:33:23.791,184.16,450.00,2670,10251,61,99,38,23930,P2,Not Active,Not Active,Not Active,Not Active
2026/08/15 00:33:24.296,190.04,450.00,2670,10251,63,99,48,23930,P2,Not Active,Not Active,Not Active,Not Active
2026/08/15 00:33:24.801,180.74,450.00,2670,10251,61,97,7,23930,P2,Not Active,Not Active,Not Active,Not Active
2026/08/15 00:33:25.305,170.69,450.00,2670,10251,61,99,36,23930,P2,Not Active,Not Active,Not Active,Not Active
2026/08/15 00:33:25.812,179.04,450.00,2670,10251,61,99,49,23930,P2,Not Active,Not Active,Not Active,Not Active
2026/08/15 00:33:26.315,185.68,450.00,2670,10251,61,99,36,23930,P2,Not Active,Not Active,Not Active,Not Active
2026/08/15 00:33:26.820,184.42,450.00,2670,10251,61,99,37,23930,P2,Not Active,Not Active,Not Active,Not Active
2026/08/15 00:33:27.327,166.31,450.00,2670,10251,60,100,4,23930,P2,Not Active,Not Active,Not Active,Not Active
2026/08/15 00:33:27.833,139.51,450.00,2670,10251,59,100,3,23930,P2,Not Active,Not Active,Not Active,Not Active
2026/08/15 00:33:28.336,149.69,450.00,2670,10251,61,100,32,23930,P2,Not Active,Not Active,Not Active,Not Active
2026/08/15 00:33:28.840,174.79,450.00,2670,10251,62,99,33,23930,P2,Not Active,Not Active,Not Active,Not Active
2026/08/15 00:33:29.351,177.20,450.00,2670,10251,61,100,39,23930,P2,Not Active,Not Active,Not Active,Not Active
2026/08/15 00:33:29.855,179.79,450.00,2670,10251,61,100,40,23930,P2,Not Active,Not Active,Not Active,Not Active
2026/08/15 00:33:30.360,163.08,450.00,2670,10251,59,100,2,23930,P2,Not Active,Not Active,Not Active,Not Active
2026/08/15 00:33:30.869,130.24,450.00,2670,10251,59,100,2,23930,P2,Not Active,Not Active,Not Active,Not Active
2026/08/15 00:33:31.377,115.96,450.00,2670,10251,59,100,1,23930,P2,Not Active,Not Active,Not Active,Not Active
2026/08/15 00:33:31.883,137.63,450.00,2670,10251,59,99,27,23930,P2,Not Active,Not Active,Not Active,Not Active
2026/08/15 00:33:32.392,170.97,450.00,2670,10251,60,99,49,23930,P2,Not Active,Not Active,Not Active,Not Active
2026/08/15 00:33:32.897,191.17,450.00,2670,10251,61,100,34,23930,P2,Not Active,Not Active,Not Active,Not Active
2026/08/15 00:33:33.402,182.63,450.00,2670,10251,60,99,34,23930,P2,Not Active,Not Active,Not Active,Not Active
2026/08/15 00:33:33.911,161.52,450.00,2670,10251,60,100,4,23930,P2,Not Active,Not Active,Not Active,Not Active
2026/08/15 00:33:34.415,150.98,450.00,2670,10251,60,100,30,23930,P2,Not Active,Not Active,Not Active,Not Active
2026/08/15 00:33:34.920,159.21,450.00,2670,10251,60,97,36,23930,P2,Not Active,Not Active,Not Active,Not Active
2026/08/15 00:33:35.429,180.67,450.00,2670,10251,61,100,28,23930,P2,Not Active,Not Active,Not Active,Not Active
2026/08/15 00:33:35.933,178.39,450.00,2670,10251,60,100,31,23930,P2,Not Active,Not Active,Not Active,Not Active
2026/08/15 00:33:36.438,173.69,450.00,2670,10251,59,99,39,23930,P2,Not Active,Not Active,Not Active,Not Active
2026/08/15 00:33:36.947,153.54,450.00,2670,10251,59,100,4,23930,P2,Not Active,Not Active,Not Active,Not Active
2026/08/15 00:33:37.452,147.96,450.00,2670,10251,59,100,31,23930,P2,Not Active,Not Active,Not Active,Not Active
2026/08/15 00:33:37.957,163.76,450.00,2670,10251,61,100,30,23930,P2,Not Active,Not Active,Not Active,Not Active
2026/08/15 00:33:38.465,173.67,450.00,2670,10251,60,100,27,23930,P2,Not Active,Not Active,Not Active,Not Active
2026/08/15 00:33:38.973,173.64,450.00,2670,10251,60,99,34,23930,P2,Not Active,Not Active,Not Active,Not Active
2026/08/15 00:33:39.478,170.59,450.00,2670,10251,60,99,34,23930,P2,Not Active,Not Active,Not Active,Not Active
2026/08/15 00:33:40.034,181.73,450.00,2655,10251,63,99,38,23930,P2,Not Active,Not Active,Not Active,Not Active
2026/08/15 00:33:40.539,191.43,450.00,2655,10251,60,99,41,23930,P2,Not Active,Not Active,Not Active,Not Active
2026/08/15 00:33:41.045,180.27,450.00,2655,10251,61,100,30,23930,P2,Not Active,Not Active,Not Active,Not Active
2026/08/15 00:33:41.549,180.57,450.00,2655,10251,60,99,50,23930,P2,Not Active,Not Active,Not Active,Not Active
2026/08/15 00:33:42.055,187.26,450.00,2655,10251,60,99,35,23930,P2,Not Active,Not Active,Not Active,Not Active
2026/08/15 00:33:42.564,187.85,450.00,2670,10251,61,99,39,23930,P2,Not Active,Not Active,Not Active,Not Active
2026/08/15 00:33:43.072,185.40,450.00,2670,10251,60,99,45,23930,P2,Not Active,Not Active,Not Active,Not Active
2026/08/15 00:33:43.576,193.07,450.00,2670,10251,61,99,57,23930,P2,Not Active,Not Active,Not Active,Not Active
2026/08/15 00:33:44.085,195.40,450.00,2670,10251,62,100,33,23930,P2,Not Active,Not Active,Not Active,Not Active
2026/08/15 00:33:44.590,200.97,450.00,2670,10251,62,99,56,23930,P2,Not Active,Not Active,Not Active,Not Active
2026/08/15 00:33:45.095,199.46,450.00,2670,10251,61,99,39,23930,P2,Not Active,Not Active,Not Active,Not Active
2026/08/15 00:33:45.607,196.64,450.00,2670,10251,61,97,42,23930,P2,Not Active,Not Active,Not Active,Not Active
2026/08/15 00:33:46.112,199.46,450.00,2670,10251,62,99,53,23930,P2,Not Active,Not Active,Not Active,Not Active
2026/08/15 00:33:46.615,215.49,450.00,2670,10251,62,99,60,23930,P2,Not Active,Not Active,Not Active,Not Active
2026/08/15 00:33:47.125,222.07,450.00,2670,10251,62,97,32,23930,P2,Not Active,Not Active,Not Active,Not Active
2026/08/15 00:33:47.629,213.46,450.00,2670,10251,63,99,64,23930,P2,Not Active,Not Active,Not Active,Not Active
2026/08/15 00:33:48.132,225.89,450.00,2670,10251,63,99,67,23930,P2,Not Active,Not Active,Not Active,Not Active
2026/08/15 00:33:48.636,239.35,450.00,2670,10251,66,97,43,23930,P2,Not Active,Not Active,Not Active,Not Active
2026/08/15 00:33:49.142,232.81,450.00,2670,10251,63,98,57,23930,P2,Not Active,Not Active,Not Active,Not Active
2026/08/15 00:33:49.647,239.40,450.00,2670,10251,63,99,64,23930,P2,Not Active,Not Active,Not Active,Not Active
2026/08/15 00:33:50.152,237.29,450.00,2655,10251,63,99,61,23930,P2,Not Active,Not Active,Not Active,Not Active
2026/08/15 00:33:50.656,233.74,450.00,2655,10251,64,99,65,23930,P2,Not Active,Not Active,Not Active,Not Active
2026/08/15 00:33:51.165,235.49,450.00,2655,10251,63,99,61,23930,P2,Not Active,Not Active,Not Active,Not Active
2026/08/15 00:33:51.671,232.81,450.00,2655,10251,64,99,60,23930,P2,Not Active,Not Active,Not Active,Not Active
2026/08/15 00:33:52.178,230.91,450.00,2655,10251,63,99,64,23930,P2,Not Active,Not Active,Not Active,Not Active
2026/08/15 00:33:52.683,225.73,450.00,2655,10251,63,99,54,23930,P2,Not Active,Not Active,Not Active,Not Active
2026/08/15 00:33:53.186,216.04,450.00,2655,10251,62,99,45,23930,P2,Not Active,Not Active,Not Active,Not Active
2026/08/15 00:33:53.689,204.14,450.00,2655,10251,62,99,47,23930,P2,Not Active,Not Active,Not Active,Not Active
2026/08/15 00:33:54.196,202.90,450.00,2670,10251,62,99,44,23930,P2,Not Active,Not Active,Not Active,Not Active
2026/08/15 00:33:54.701,205.54,450.00,2655,10251,62,99,38,23930,P2,Not Active,Not Active,Not Active,Not Active
2026/08/15 00:33:55.210,194.62,450.00,2670,10251,61,99,36,23930,P2,Not Active,Not Active,Not Active,Not Active
2026/08/15 00:33:55.716,178.46,450.00,2670,10251,61,100,32,23930,P2,Not Active,Not Active,Not Active,Not Active
2026/08/15 00:33:56.222,178.00,450.00,2670,10251,62,100,32,23930,P2,Not Active,Not Active,Not Active,Not Active
2026/08/15 00:33:56.727,187.69,450.00,2670,10251,62,97,29,23930,P2,Not Active,Not Active,Not Active,Not Active
2026/08/15 00:33:57.232,194.86,450.00,2670,10251,61,99,32,23930,P2,Not Active,Not Active,Not Active,Not Active
2026/08/15 00:33:57.739,183.75,450.00,2670,10251,60,99,32,23930,P2,Not Active,Not Active,Not Active,Not Active
2026/08/15 00:33:58.243,174.42,450.00,2670,10251,60,100,32,23930,P2,Not Active,Not Active,Not Active,Not Active
2026/08/15 00:33:58.747,180.45,450.00,2670,10251,61,99,48,23930,P2,Not Active,Not Active,Not Active,Not Active
2026/08/15 00:33:59.251,177.70,450.00,2670,10251,61,99,7,23930,P2,Not Active,Not Active,Not Active,Not Active
2026/08/15 00:33:59.760,180.77,450.00,2670,10251,61,99,37,23930,P2,Not Active,Not Active,Not Active,Not Active
2026/08/15 00:34:00.268,190.03,450.00,2670,10251,62,99,48,23930,P2,Not Active,Not Active,Not Active,Not Active
2026/08/15 00:34:00.771,185.26,450.00,2670,10251,61,100,33,23930,P2,Not Active,Not Active,Not Active,Not Active
2026/08/15 00:34:01.278,177.54,450.00,2670,10251,61,97,29,23930,P2,Not Active,Not Active,Not Active,Not Active
2026/08/15 00:34:01.783,153.45,450.00,2670,10251,59,100,4,23930,P2,Not Active,Not Active,Not Active,Not Active
2026/08/15 00:34:02.286,159.34,450.00,2670,10251,61,100,32,23930,P2,Not Active,Not Active,Not Active,Not Active
2026/08/15 00:34:02.790,189.27,450.00,2670,10251,61,99,38,23930,P2,Not Active,Not Active,Not Active,Not Active
2026/08/15 00:34:03.298,187.37,450.00,2670,10251,60,99,44,23930,P2,Not Active,Not Active,Not Active,Not Active
2026/08/15 00:34:03.802,177.95,450.00,2670,10251,61,97,20,23930,P2,Not Active,Not Active,Not Active,Not Active
2026/08/15 00:34:04.307,149.85,450.00,2670,10251,59,100,3,23930,P2,Not Active,Not Active,Not Active,Not Active
2026/08/15 00:34:04.812,143.82,450.00,2670,10251,61,99,38,23930,P2,Not Active,Not Active,Not Active,Not Active
2026/08/15 00:34:05.320,166.74,450.00,2670,10251,60,100,35,23930,P2,Not Active,Not Active,Not Active,Not Active
2026/08/15 00:34:05.825,182.99,450.00,2670,10251,61,99,46,23930,P2,Not Active,Not Active,Not Active,Not Active
2026/08/15 00:34:06.329,186.04,450.00,2670,10251,61,99,35,23930,P2,Not Active,Not Active,Not Active,Not Active
2026/08/15 00:34:06.837,159.01,450.00,2670,10251,59,100,2,23930,P2,Not Active,Not Active,Not Active,Not Active
2026/08/15 00:34:07.342,132.49,450.00,2670,10251,59,100,2,23930,P2,Not Active,Not Active,Not Active,Not Active
2026/08/15 00:34:07.848,116.37,450.00,2670,10251,59,100,2,23930,P2,Not Active,Not Active,Not Active,Not Active
2026/08/15 00:34:08.356,128.57,450.00,2670,10251,59,100,29,23930,P2,Not Active,Not Active,Not Active,Not Active
2026/08/15 00:34:08.863,163.83,450.00,2670,10251,61,99,37,23930,P2,Not Active,Not Active,Not Active,Not Active
2026/08/15 00:34:09.368,186.14,450.00,2670,10251,60,99,44,23930,P2,Not Active,Not Active,Not Active,Not Active
2026/08/15 00:34:09.875,180.69,450.00,2670,10251,61,100,31,23930,P2,Not Active,Not Active,Not Active,Not Active
2026/08/15 00:34:10.380,175.21,450.00,2670,10251,61,100,2,23930,P2,Not Active,Not Active,Not Active,Not Active
2026/08/15 00:34:10.885,145.78,450.00,2670,10251,59,100,3,23930,P2,Not Active,Not Active,Not Active,Not Active
2026/08/15 00:34:11.389,161.87,450.00,2670,10251,62,100,31,23930,P2,Not Active,Not Active,Not Active,Not Active
2026/08/15 00:34:11.898,180.96,450.00,2670,10251,60,100,31,23930,P2,Not Active,Not Active,Not Active,Not Active
2026/08/15 00:34:12.403,179.14,450.00,2670,10251,61,99,38,23930,P2,Not Active,Not Active,Not Active,Not Active
2026/08/15 00:34:12.910,171.58,450.00,2670,10251,60,100,22,23930,P2,Not Active,Not Active,Not Active,Not Active
2026/08/15 00:34:13.420,152.75,450.00,2670,10251,60,100,1,23930,P2,Not Active,Not Active,Not Active,Not Active
2026/08/15 00:34:13.925,142.70,450.00,2670,10251,59,100,29,23930,P2,Not Active,Not Active,Not Active,Not Active
2026/08/15 00:34:14.432,153.19,450.00,2670,10251,59,99,38,23930,P2,Not Active,Not Active,Not Active,Not Active
2026/08/15 00:34:14.936,171.61,450.00,2670,10251,60,99,36,23930,P2,Not Active,Not Active,Not Active,Not Active
2026/08/15 00:34:15.441,174.83,450.00,2670,10251,59,98,36,23930,P2,Not Active,Not Active,Not Active,Not Active
2026/08/15 00:34:15.947,169.20,450.00,2670,10251,61,100,26,23930,P2,Not Active,Not Active,Not Active,Not Active
2026/08/15 00:34:16.454,176.72,450.00,2670,10251,60,97,27,23930,P2,Not Active,Not Active,Not Active,Not Active
2026/08/15 00:34:16.961,184.80,450.00,2670,10251,60,99,42,23930,P2,Not Active,Not Active,Not Active,Not Active
2026/08/15 00:34:17.465,181.01,450.00,2670,10251,60,99,33,23930,P2,Not Active,Not Active,Not Active,Not Active
2026/08/15 00:34:17.972,185.81,450.00,2670,10251,60,99,43,23930,P2,Not Active,Not Active,Not Active,Not Active
2026/08/15 00:34:18.478,181.43,450.00,2670,10251,61,97,31,23930,P2,Not Active,Not Active,Not Active,Not Active
2026/08/15 00:34:18.981,186.68,450.00,2670,10251,61,99,44,23930,P2,Not Active,Not Active,Not Active,Not Active
2026/08/15 00:34:19.485,193.08,450.00,2670,10251,61,99,40,23930,P2,Not Active,Not Active,Not Active,Not Active
2026/08/15 00:34:19.996,196.41,450.00,2670,10251,60,99,49,23930,P2,Not Active,Not Active,Not Active,Not Active
2026/08/15 00:34:20.500,198.51,450.00,2670,10251,61,100,22,23930,P2,Not Active,Not Active,Not Active,Not Active
2026/08/15 00:34:21.004,203.30,450.00,2670,10251,61,99,56,23930,P2,Not Active,Not Active,Not Active,Not Active
2026/08/15 00:34:21.510,208.65,450.00,2670,10251,62,99,43,23930,P2,Not Active,Not Active,Not Active,Not Active
2026/08/15 00:34:22.015,207.62,450.00,2670,10251,60,99,52,23930,P2,Not Active,Not Active,Not Active,Not Active
2026/08/15 00:34:22.520,208.45,450.00,2670,10251,61,99,59,23930,P2,Not Active,Not Active,Not Active,Not Active
2026/08/15 00:34:23.025,219.78,450.00,2670,10251,62,99,61,23930,P2,Not Active,Not Active,Not Active,Not Active
2026/08/15 00:34:23.534,228.84,450.00,2670,10251,62,97,41,23930,P2,Not Active,Not Active,Not Active,Not Active
2026/08/15 00:34:24.039,214.22,450.00,2670,10251,60,99,65,23930,P2,Not Active,Not Active,Not Active,Not Active
2026/08/15 00:34:24.542,225.34,450.00,2670,10251,62,99,65,23930,P2,Not Active,Not Active,Not Active,Not Active
2026/08/15 00:34:25.048,248.16,450.00,2670,10251,62,97,51,23930,P2,Not Active,Not Active,Not Active,Not Active
2026/08/15 00:34:25.555,251.64,450.00,2670,10251,63,99,68,23930,P2,Not Active,Not Active,Not Active,Not Active
2026/08/15 00:34:26.060,247.29,450.00,2670,10251,63,99,62,23929,P2,Not Active,Not Active,Not Active,Not Active
2026/08/15 00:34:26.566,244.29,450.00,2670,10251,64,99,64,23929,P2,Not Active,Not Active,Not Active,Not Active
2026/08/15 00:34:27.070,247.42,450.00,2655,10251,63,99,65,23929,P2,Not Active,Not Active,Not Active,Not Active
2026/08/15 00:34:27.574,246.65,450.00,2655,10251,62,99,51,23929,P2,Not Active,Not Active,Not Active,Not Active
2026/08/15 00:34:28.078,242.82,450.00,2655,10251,63,99,65,23929,P2,Not Active,Not Active,Not Active,Not Active
2026/08/15 00:34:28.581,234.13,450.00,2655,10251,63,99,46,23929,P2,Not Active,Not Active,Not Active,Not Active
2026/08/15 00:34:29.089,228.35,450.00,2655,10251,62,99,53,23929,P2,Not Active,Not Active,Not Active,Not Active
2026/08/15 00:34:29.594,225.91,450.00,2655,10251,62,99,55,23929,P2,Not Active,Not Active,Not Active,Not Active
2026/08/15 00:34:30.098,225.96,450.00,2655,10251,62,97,44,23929,P2,Not Active,Not Active,Not Active,Not Active
2026/08/15 00:34:30.601,225.52,450.00,2655,10251,62,99,55,23929,P2,Not Active,Not Active,Not Active,Not Active
2026/08/15 00:34:31.107,216.69,450.00,2655,10251,62,99,52,23929,P2,Not Active,Not Active,Not Active,Not Active
2026/08/15 00:34:31.612,202.24,450.00,2655,10251,63,99,44,23929,P2,Not Active,Not Active,Not Active,Not Active
2026/08/15 00:34:32.116,201.29,450.00,2670,10251,61,99,47,23929,P2,Not Active,Not Active,Not Active,Not Active
2026/08/15 00:34:32.619,197.12,450.00,2670,10251,61,100,40,23929,P2,Not Active,Not Active,Not Active,Not Active
2026/08/15 00:34:33.123,197.22,450.00,2670,10251,62,99,39,23929,P2,Not Active,Not Active,Not Active,Not Active
2026/08/15 00:34:33.631,194.85,450.00,2670,10251,62,99,46,23929,P2,Not Active,Not Active,Not Active,Not Active
2026/08/15 00:34:34.134,177.03,450.00,2670,10251,61,99,28,23929,P2,Not Active,Not Active,Not Active,Not Active
2026/08/15 00:34:34.637,173.41,450.00,2670,10251,61,100,36,23929,P2,Not Active,Not Active,Not Active,Not Active
2026/08/15 00:34:35.144,181.12,450.00,2670,10251,61,99,39,23929,P2,Not Active,Not Active,Not Active,Not Active
2026/08/15 00:34:35.654,184.74,450.00,2670,10251,62,99,40,23929,P2,Not Active,Not Active,Not Active,Not Active
2026/08/15 00:34:36.158,181.49,450.00,2670,10251,60,97,10,23929,P2,Not Active,Not Active,Not Active,Not Active
2026/08/15 00:34:36.664,173.79,450.00,2670,10251,62,99,42,23929,P2,Not Active,Not Active,Not Active,Not Active
2026/08/15 00:34:37.167,174.68,450.00,2670,10251,61,100,39,23929,P2,Not Active,Not Active,Not Active,Not Active
2026/08/15 00:34:37.670,188.82,450.00,2670,10251,62,99,43,23929,P2,Not Active,Not Active,Not Active,Not Active
2026/08/15 00:34:38.173,195.22,450.00,2670,10251,62,99,48,23929,P2,Not Active,Not Active,Not Active,Not Active
2026/08/15 00:34:38.679,167.22,450.00,2670,10251,60,100,11,23929,P2,Not Active,Not Active,Not Active,Not Active
2026/08/15 00:34:39.187,165.73,450.00,2670,10251,61,99,42,23929,P2,Not Active,Not Active,Not Active,Not Active
2026/08/15 00:34:39.692,187.96,450.00,2670,10251,62,99,48,23929,P2,Not Active,Not Active,Not Active,Not Active
2026/08/15 00:34:40.195,193.36,450.00,2670,10251,62,100,42,23929,P2,Not Active,Not Active,Not Active,Not Active
2026/08/15 00:34:40.698,180.53,450.00,2670,10251,60,100,3,23929,P2,Not Active,Not Active,Not Active,Not Active
2026/08/15 00:34:41.205,146.74,450.00,2670,10251,59,100,2,23929,P2,Not Active,Not Active,Not Active,Not Active
2026/08/15 00:34:41.709,152.47,450.00,2670,10251,61,99,46,23929,P2,Not Active,Not Active,Not Active,Not Active
2026/08/15 00:34:42.212,186.67,450.00,2670,10251,62,99,44,23929,P2,Not Active,Not Active,Not Active,Not Active
2026/08/15 00:34:42.717,199.84,450.00,2670,10251,62,99,53,23929,P2,Not Active,Not Active,Not Active,Not Active
2026/08/15 00:34:43.223,180.93,450.00,2670,10251,60,97,20,23929,P2,Not Active,Not Active,Not Active,Not Active
2026/08/15 00:34:43.731,146.11,450.00,2670,10251,59,100,2,23929,P2,Not Active,Not Active,Not Active,Not Active
2026/08/15 00:34:44.236,116.12,450.00,2670,10251,58,99,1,23929,P2,Not Active,Not Active,Not Active,Not Active
2026/08/15 00:34:44.744,125.41,450.00,2670,10251,60,99,35,23929,P2,Not Active,Not Active,Not Active,Not Active
2026/08/15 00:34:45.249,162.58,450.00,2670,10251,62,99,48,23929,P2,Not Active,Not Active,Not Active,Not Active
2026/08/15 00:34:45.753,188.45,450.00,2670,10251,61,100,37,23929,P2,Not Active,Not Active,Not Active,Not Active
2026/08/15 00:34:46.259,188.03,450.00,2670,10251,61,99,44,23929,P2,Not Active,Not Active,Not Active,Not Active
2026/08/15 00:34:46.766,171.98,450.00,2670,10251,60,100,2,23929,P2,Not Active,Not Active,Not Active,Not Active
2026/08/15 00:34:47.271,144.53,450.00,2670,10251,60,100,3,23929,P2,Not Active,Not Active,Not Active,Not Active
2026/08/15 00:34:47.774,165.21,450.00,2670,10251,60,99,38,23929,P2,Not Active,Not Active,Not Active,Not Active
2026/08/15 00:34:48.278,198.69,450.00,2670,10251,61,99,45,23929,P2,Not Active,Not Active,Not Active,Not Active
2026/08/15 00:34:48.786,197.74,450.00,2670,10251,61,99,50,23929,P2,Not Active,Not Active,Not Active,Not Active
2026/08/15 00:34:49.292,170.90,450.00,2670,10251,59,100,3,23929,P2,Not Active,Not Active,Not Active,Not Active
2026/08/15 00:34:49.798,133.74,450.00,2670,10251,59,100,1,23929,P2,Not Active,Not Active,Not Active,Not Active
2026/08/15 00:34:50.308,119.66,450.00,2670,10251,58,100,16,23929,P2,Not Active,Not Active,Not Active,Not Active
2026/08/15 00:34:50.812,155.14,450.00,2670,10251,61,99,38,23929,P2,Not Active,Not Active,Not Active,Not Active
2026/08/15 00:34:51.315,187.08,450.00,2670,10251,61,100,33,23929,P2,Not Active,Not Active,Not Active,Not Active
2026/08/15 00:34:51.821,182.12,450.00,2670,10251,61,99,38,23932,P2,Not Active,Not Active,Not Active,Not Active
2026/08/15 00:34:52.326,177.45,450.00,2670,10251,61,97,28,23932,P2,Not Active,Not Active,Not Active,Not Active
2026/08/15 00:34:52.832,165.98,450.00,2670,10251,61,100,19,23929,P2,Not Active,Not Active,Not Active,Not Active
2026/08/15 00:34:53.340,168.40,450.00,2670,10251,61,99,39,23929,P2,Not Active,Not Active,Not Active,Not Active
2026/08/15 00:34:53.855,184.31,450.00,2670,10251,61,99,47,23929,P2,Not Active,Not Active,Not Active,Not Active
2026/08/15 00:34:54.362,184.24,450.00,2670,10251,61,100,33,23929,P2,Not Active,Not Active,Not Active,Not Active
2026/08/15 00:34:54.865,175.43,450.00,2670,10251,61,97,32,23929,P2,Not Active,Not Active,Not Active,Not Active
2026/08/15 00:34:55.371,144.16,450.00,2670,10251,58,100,2,23929,P2,Not Active,Not Active,Not Active,Not Active
2026/08/15 00:34:55.879,155.49,450.00,2670,10251,61,100,29,23929,P2,Not Active,Not Active,Not Active,Not Active
2026/08/15 00:34:56.389,183.72,450.00,2670,10251,61,99,33,23929,P2,Not Active,Not Active,Not Active,Not Active
2026/08/15 00:34:56.894,178.35,450.00,2670,10251,61,99,42,23929,P2,Not Active,Not Active,Not Active,Not Active
2026/08/15 00:34:57.400,178.59,450.00,2670,10251,60,99,33,23929,P2,Not Active,Not Active,Not Active,Not Active
2026/08/15 00:34:57.905,160.00,450.00,2670,10251,58,100,1,23929,P2,Not Active,Not Active,Not Active,Not Active
2026/08/15 00:34:58.410,159.96,450.00,2670,10251,62,99,56,23929,P2,Not Active,Not Active,Not Active,Not Active
2026/08/15 00:34:58.916,178.18,450.00,2670,10251,60,99,37,23929,P2,Not Active,Not Active,Not Active,Not Active
2026/08/15 00:34:59.420,190.45,450.00,2670,10251,60,99,43,23929,P2,Not Active,Not Active,Not Active,Not Active
2026/08/15 00:34:59.925,190.70,450.00,2670,10251,60,100,34,23929,P2,Not Active,Not Active,Not Active,Not Active
2026/08/15 00:35:00.430,205.29,450.00,2670,10251,61,99,55,23929,P2,Not Active,Not Active,Not Active,Not Active
2026/08/15 00:35:00.933,204.85,450.00,2670,10251,60,100,36,23929,P2,Not Active,Not Active,Not Active,Not Active
2026/08/15 00:35:01.448,212.84,450.00,2670,10251,62,99,62,23929,P2,Not Active,Not Active,Not Active,Not Active
2026/08/15 00:35:01.951,235.70,450.00,2670,10251,62,99,66,23929,P2,Not Active,Not Active,Not Active,Not Active
2026/08/15 00:35:02.457,250.31,450.00,2670,10251,63,99,69,23929,P2,Not Active,Not Active,Not Active,Not Active
2026/08/15 00:35:02.962,256.02,450.00,2670,10251,63,99,66,23929,P2,Not Active,Not Active,Not Active,Not Active
2026/08/15 00:35:03.465,252.87,450.00,2670,10251,63,99,66,23929,P2,Not Active,Not Active,Not Active,Not Active
2026/08/15 00:35:03.968,244.37,450.00,2670,10251,63,97,51,23929,P2,Not Active,Not Active,Not Active,Not Active
2026/08/15 00:35:04.471,243.93,450.00,2670,10251,63,99,68,23929,P2,Not Active,Not Active,Not Active,Not Active
2026/08/15 00:35:04.980,243.80,450.00,2670,10251,62,99,60,23929,P2,Not Active,Not Active,Not Active,Not Active
2026/08/15 00:35:05.483,243.29,450.00,2670,10251,63,99,60,23929,P2,Not Active,Not Active,Not Active,Not Active
2026/08/15 00:35:05.991,243.57,450.00,2670,10251,62,99,64,23929,P2,Not Active,Not Active,Not Active,Not Active
2026/08/15 00:35:06.497,244.22,450.00,2670,10251,62,97,44,23929,P2,Not Active,Not Active,Not Active,Not Active
2026/08/15 00:35:06.999,244.60,450.00,2670,10251,63,99,64,23929,P2,Not Active,Not Active,Not Active,Not Active
2026/08/15 00:35:07.502,237.98,450.00,2670,10251,62,99,60,23929,P2,Not Active,Not Active,Not Active,Not Active
2026/08/15 00:35:08.005,229.00,450.00,2670,10251,62,100,35,23929,P2,Not Active,Not Active,Not Active,Not Active
2026/08/15 00:35:08.511,224.88,450.00,2670,10251,62,99,55,23929,P2,Not Active,Not Active,Not Active,Not Active
2026/08/15 00:35:09.018,221.36,450.00,2670,10251,62,99,54,23929,P2,Not Active,Not Active,Not Active,Not Active
2026/08/15 00:35:09.521,210.47,450.00,2670,10251,61,100,33,23929,P2,Not Active,Not Active,Not Active,Not Active
2026/08/15 00:35:10.026,196.13,450.00,2670,10251,62,99,41,23929,P2,Not Active,Not Active,Not Active,Not Active
2026/08/15 00:35:10.533,193.21,450.00,2670,10251,62,99,44,23929,P2,Not Active,Not Active,Not Active,Not Active
2026/08/15 00:35:11.042,192.03,450.00,2670,10251,61,99,38,23929,P2,Not Active,Not Active,Not Active,Not Active
2026/08/15 00:35:11.548,196.98,450.00,2670,10251,62,100,36,23929,P2,Not Active,Not Active,Not Active,Not Active
2026/08/15 00:35:12.052,194.58,450.00,2670,10251,61,99,35,23929,P2,Not Active,Not Active,Not Active,Not Active
2026/08/15 00:35:12.558,181.22,450.00,2670,10251,60,100,36,23929,P2,Not Active,Not Active,Not Active,Not Active
2026/08/15 00:35:13.064,190.45,450.00,2670,10251,61,100,42,23929,P2,Not Active,Not Active,Not Active,Not Active
2026/08/15 00:35:13.567,197.65,450.00,2670,10251,62,100,30,23929,P2,Not Active,Not Active,Not Active,Not Active
2026/08/15 00:35:14.073,195.23,450.00,2670,10251,62,99,41,23929,P2,Not Active,Not Active,Not Active,Not Active
2026/08/15 00:35:14.577,185.93,450.00,2670,10251,61,100,35,23929,P2,Not Active,Not Active,Not Active,Not Active
2026/08/15 00:35:15.083,180.79,450.00,2670,10251,61,100,34,23929,P2,Not Active,Not Active,Not Active,Not Active
2026/08/15 00:35:15.586,177.94,450.00,2670,10251,61,97,14,23929,P2,Not Active,Not Active,Not Active,Not Active
2026/08/15 00:35:16.094,172.68,450.00,2670,10251,61,99,41,23929,P2,Not Active,Not Active,Not Active,Not Active
2026/08/15 00:35:16.599,181.94,450.00,2670,10251,61,99,36,23929,P2,Not Active,Not Active,Not Active,Not Active
2026/08/15 00:35:17.102,194.19,450.00,2670,10251,61,99,40,23929,P2,Not Active,Not Active,Not Active,Not Active
2026/08/15 00:35:17.605,194.10,450.00,2670,10251,62,97,45,23929,P2,Not Active,Not Active,Not Active,Not Active
2026/08/15 00:35:18.113,160.55,450.00,2670,10251,61,100,2,23929,P2,Not Active,Not Active,Not Active,Not Active
2026/08/15 00:35:18.618,149.99,450.00,2670,10251,59,100,32,23929,P2,Not Active,Not Active,Not Active,Not Active
2026/08/15 00:35:19.121,177.35,450.00,2670,10251,61,99,36,23929,P2,Not Active,Not Active,Not Active,Not Active
2026/08/15 00:35:19.627,187.07,450.00,2670,10251,61,100,37,23929,P2,Not Active,Not Active,Not Active,Not Active
2026/08/15 00:35:20.136,188.78,450.00,2670,10251,60,97,41,23929,P2,Not Active,Not Active,Not Active,Not Active
2026/08/15 00:35:20.647,158.75,450.00,2670,10251,58,100,1,23929,P2,Not Active,Not Active,Not Active,Not Active
2026/08/15 00:35:21.155,125.81,450.00,2670,10251,59,100,2,23929,P2,Not Active,Not Active,Not Active,Not Active
2026/08/15 00:35:21.660,139.93,450.00,2670,10251,60,99,40,23929,P2,Not Active,Not Active,Not Active,Not Active
2026/08/15 00:35:22.164,174.88,450.00,2670,10251,60,99,34,23929,P2,Not Active,Not Active,Not Active,Not Active
2026/08/15 00:35:22.669,189.37,450.00,2670,10251,61,99,46,23929,P2,Not Active,Not Active,Not Active,Not Active
2026/08/15 00:35:23.177,190.09,450.00,2670,10251,60,99,48,23929,P2,Not Active,Not Active,Not Active,Not Active
2026/08/15 00:35:23.681,157.02,450.00,2670,10251,59,100,2,23929,P2,Not Active,Not Active,Not Active,Not Active
2026/08/15 00:35:24.186,120.06,450.00,2670,10251,58,99,2,23929,P2,Not Active,Not Active,Not Active,Not Active
2026/08/15 00:35:24.696,148.28,450.00,2670,10251,60,99,38,23929,P2,Not Active,Not Active,Not Active,Not Active
2026/08/15 00:35:25.199,181.49,450.00,2670,10251,60,99,49,23929,P2,Not Active,Not Active,Not Active,Not Active
2026/08/15 00:35:25.704,189.54,450.00,2670,10251,60,99,37,23929,P2,Not Active,Not Active,Not Active,Not Active
2026/08/15 00:35:26.214,181.86,450.00,2670,10251,59,97,38,23929,P2,Not Active,Not Active,Not Active,Not Active
2026/08/15 00:35:26.718,152.47,450.00,2670,10251,58,100,1,23929,P2,Not Active,Not Active,Not Active,Not Active
2026/08/15 00:35:27.225,122.37,450.00,2670,10251,58,100,4,23929,P2,Not Active,Not Active,Not Active,Not Active
2026/08/15 00:35:27.733,159.07,450.00,2670,10251,60,98,42,23929,P2,Not Active,Not Active,Not Active,Not Active
2026/08/15 00:35:28.241,192.38,450.00,2670,10251,61,99,40,23929,P2,Not Active,Not Active,Not Active,Not Active
2026/08/15 00:35:28.746,196.57,450.00,2670,10251,61,99,50,23929,P2,Not Active,Not Active,Not Active,Not Active
2026/08/15 00:35:29.251,181.70,450.00,2670,10251,60,97,7,23929,P2,Not Active,Not Active,Not Active,Not Active
2026/08/15 00:35:29.757,167.36,450.00,2670,10251,60,99,49,23929,P2,Not Active,Not Active,Not Active,Not Active
2026/08/15 00:35:30.262,173.59,450.00,2670,10251,61,99,38,23929,P2,Not Active,Not Active,Not Active,Not Active
2026/08/15 00:35:30.772,184.55,450.00,2670,10251,60,100,34,23929,P2,Not Active,Not Active,Not Active,Not Active
2026/08/15 00:35:31.277,188.85,450.00,2670,10251,61,99,45,23929,P2,Not Active,Not Active,Not Active,Not Active
2026/08/15 00:35:31.781,164.69,450.00,2670,10251,59,100,2,23929,P2,Not Active,Not Active,Not Active,Not Active
2026/08/15 00:35:32.290,134.62,450.00,2670,10251,58,100,16,23929,P2,Not Active,Not Active,Not Active,Not Active
2026/08/15 00:35:32.795,150.92,450.00,2670,10251,60,99,41,23929,P2,Not Active,Not Active,Not Active,Not Active
2026/08/15 00:35:33.299,179.24,450.00,2670,10251,60,100,30,23929,P2,Not Active,Not Active,Not Active,Not Active
2026/08/15 00:35:33.803,179.13,450.00,2670,10251,60,99,34,23929,P2,Not Active,Not Active,Not Active,Not Active
2026/08/15 00:35:34.311,177.92,450.00,2670,10251,60,100,27,23929,P2,Not Active,Not Active,Not Active,Not Active
2026/08/15 00:35:34.816,175.19,450.00,2670,10251,61,100,36,23929,P2,Not Active,Not Active,Not Active,Not Active
2026/08/15 00:35:35.320,177.14,450.00,2670,10251,61,99,36,23929,P2,Not Active,Not Active,Not Active,Not Active
2026/08/15 00:35:35.829,187.04,450.00,2670,10251,60,99,39,23929,P2,Not Active,Not Active,Not Active,Not Active
2026/08/15 00:35:36.340,187.22,450.00,2670,10251,61,100,31,23929,P2,Not Active,Not Active,Not Active,Not Active
2026/08/15 00:35:36.852,182.82,450.00,2670,10251,63,97,10,23929,P2,Not Active,Not Active,Not Active,Not Active
2026/08/15 00:35:37.356,193.88,450.00,2670,10251,62,99,37,23929,P2,Not Active,Not Active,Not Active,Not Active
2026/08/15 00:35:37.862,196.73,450.00,2670,10251,61,98,56,23929,P2,Not Active,Not Active,Not Active,Not Active
2026/08/15 00:35:38.368,210.73,450.00,2670,10251,62,97,57,23929,P2,Not Active,Not Active,Not Active,Not Active
2026/08/15 00:35:38.871,247.70,450.00,2670,10251,63,99,72,23929,P2,Not Active,Not Active,Not Active,Not Active
2026/08/15 00:35:39.376,246.65,450.00,2670,10251,63,99,63,23929,P2,Not Active,Not Active,Not Active,Not Active
2026/08/15 00:35:39.879,243.43,450.00,2670,10251,63,99,66,23929,P2,Not Active,Not Active,Not Active,Not Active
2026/08/15 00:35:40.383,243.74,450.00,2670,10251,63,99,68,23929,P2,Not Active,Not Active,Not Active,Not Active
2026/08/15 00:35:40.887,240.26,450.00,2670,10251,63,97,33,23929,P2,Not Active,Not Active,Not Active,Not Active
2026/08/15 00:35:41.390,240.54,450.00,2670,10251,63,99,65,23929,P2,Not Active,Not Active,Not Active,Not Active
2026/08/15 00:35:41.894,241.92,450.00,2670,10251,63,99,67,23929,P2,Not Active,Not Active,Not Active,Not Active
2026/08/15 00:35:42.397,247.23,450.00,2670,10251,63,99,69,23929,P2,Not Active,Not Active,Not Active,Not Active
2026/08/15 00:35:42.901,244.85,450.00,2670,10251,63,99,60,23929,P2,Not Active,Not Active,Not Active,Not Active
2026/08/15 00:35:43.406,237.42,450.00,2670,10251,62,97,57,23929,P2,Not Active,Not Active,Not Active,Not Active
2026/08/15 00:35:43.911,235.40,450.00,2670,10251,63,99,59,23929,P2,Not Active,Not Active,Not Active,Not Active
2026/08/15 00:35:44.414,229.97,450.00,2670,10251,62,99,55,23929,P2,Not Active,Not Active,Not Active,Not Active
2026/08/15 00:35:44.917,222.54,450.00,2670,10251,62,100,33,23929,P2,Not Active,Not Active,Not Active,Not Active
2026/08/15 00:35:45.423,221.00,450.00,2670,10251,63,99,54,23929,P2,Not Active,Not Active,Not Active,Not Active
2026/08/15 00:35:45.933,210.43,450.00,2670,10251,61,97,46,23929,P2,Not Active,Not Active,Not Active,Not Active
2026/08/15 00:35:46.436,208.28,450.00,2670,10251,61,99,54,23929,P2,Not Active,Not Active,Not Active,Not Active
2026/08/15 00:35:46.943,208.91,450.00,2670,10251,61,99,42,23929,P2,Not Active,Not Active,Not Active,Not Active
2026/08/15 00:35:47.447,195.85,450.00,2670,10251,61,99,36,23929,P2,Not Active,Not Active,Not Active,Not Active
2026/08/15 00:35:47.950,184.10,450.00,2670,10251,61,99,37,23929,P2,Not Active,Not Active,Not Active,Not Active
2026/08/15 00:35:48.454,191.58,450.00,2670,10251,61,99,43,23929,P2,Not Active,Not Active,Not Active,Not Active
2026/08/15 00:35:48.960,190.65,450.00,2670,10251,61,100,36,23929,P2,Not Active,Not Active,Not Active,Not Active
2026/08/15 00:35:49.469,189.56,450.00,2670,10251,61,99,53,23929,P2,Not Active,Not Active,Not Active,Not Active
2026/08/15 00:35:49.972,197.62,450.00,2670,10251,61,99,45,23929,P2,Not Active,Not Active,Not Active,Not Active
2026/08/15 00:35:50.477,190.41,450.00,2670,10251,61,100,7,23929,P2,Not Active,Not Active,Not Active,Not Active
2026/08/15 00:35:50.988,185.95,450.00,2670,10251,61,99,46,23929,P2,Not Active,Not Active,Not Active,Not Active
2026/08/15 00:35:51.493,188.07,450.00,2670,10251,60,99,46,23929,P2,Not Active,Not Active,Not Active,Not Active
2026/08/15 00:35:51.998,186.27,450.00,2670,10251,61,99,38,23929,P2,Not Active,Not Active,Not Active,Not Active
2026/08/15 00:35:52.503,183.82,450.00,2670,10251,60,97,14,23929,P2,Not Active,Not Active,Not Active,Not Active
2026/08/15 00:35:53.008,158.97,450.00,2670,10251,59,100,4,23929,P2,Not Active,Not Active,Not Active,Not Active
2026/08/15 00:35:53.513,155.76,450.00,2670,10251,60,99,38,23929,P2,Not Active,Not Active,Not Active,Not Active
2026/08/15 00:35:54.021,183.60,450.00,2670,10251,61,99,36,23929,P2,Not Active,Not Active,Not Active,Not Active
2026/08/15 00:35:54.531,192.42,450.00,2670,10251,61,99,41,23929,P2,Not Active,Not Active,Not Active,Not Active
2026/08/15 00:35:55.036,183.91,450.00,2670,10251,61,97,33,23929,P2,Not Active,Not Active,Not Active,Not Active
2026/08/15 00:35:55.545,152.37,450.00,2670,10251,59,100,3,23929,P2,Not Active,Not Active,Not Active,Not Active
2026/08/15 00:35:56.051,132.54,450.00,2670,10251,58,100,23,23929,P2,Not Active,Not Active,Not Active,Not Active
2026/08/15 00:35:56.555,173.23,450.00,2670,10251,60,99,49,23929,P2,Not Active,Not Active,Not Active,Not Active
2026/08/15 00:35:57.063,192.53,450.00,2670,10251,60,99,37,23929,P2,Not Active,Not Active,Not Active,Not Active
2026/08/15 00:35:57.568,182.35,450.00,2670,10251,61,100,32,23929,P2,Not Active,Not Active,Not Active,Not Active
2026/08/15 00:35:58.071,163.00,450.00,2670,10251,61,100,4,23929,P2,Not Active,Not Active,Not Active,Not Active
2026/08/15 00:35:58.577,150.05,450.00,2670,10251,58,100,19,23929,P2,Not Active,Not Active,Not Active,Not Active
2026/08/15 00:35:59.083,157.55,450.00,2670,10251,60,99,32,23929,P2,Not Active,Not Active,Not Active,Not Active
2026/08/15 00:35:59.588,174.93,450.00,2670,10251,60,100,31,23933,P2,Not Active,Not Active,Not Active,Not Active
2026/08/15 00:36:00.093,174.77,450.00,2670,10251,61,99,29,23939,P2,Not Active,Not Active,Not Active,Not Active
2026/08/15 00:36:00.599,180.15,450.00,2670,10251,61,97,48,23942,P2,Not Active,Not Active,Not Active,Not Active
2026/08/15 00:36:01.105,157.55,450.00,2670,10251,59,100,2,23942,P2,Not Active,Not Active,Not Active,Not Active
2026/08/15 00:36:01.610,118.81,450.00,2670,10251,58,100,1,23940,P2,Not Active,Not Active,Not Active,Not Active
2026/08/15 00:36:02.115,146.70,450.00,2670,10251,58,99,45,23939,P2,Not Active,Not Active,Not Active,Not Active
2026/08/15 00:36:02.629,175.97,450.00,2670,10251,60,100,36,23939,P2,Not Active,Not Active,Not Active,Not Active
2026/08/15 00:36:03.132,186.83,450.00,2670,10251,60,99,36,23939,P2,Not Active,Not Active,Not Active,Not Active
2026/08/15 00:36:03.642,187.24,450.00,2670,10251,59,99,46,23939,P2,Not Active,Not Active,Not Active,Not Active
2026/08/15 00:36:04.147,154.10,450.00,2670,10251,58,99,2,23939,P2,Not Active,Not Active,Not Active,Not Active
2026/08/15 00:36:04.652,122.90,450.00,2670,10251,59,100,15,23939,P2,Not Active,Not Active,Not Active,Not Active
2026/08/15 00:36:05.163,156.14,450.00,2670,10251,59,99,40,23938,P2,Not Active,Not Active,Not Active,Not Active
2026/08/15 00:36:05.667,179.67,450.00,2670,10251,59,100,31,23938,P2,Not Active,Not Active,Not Active,Not Active
2026/08/15 00:36:06.170,180.36,450.00,2670,10251,60,99,38,23936,P2,Not Active,Not Active,Not Active,Not Active
2026/08/15 00:36:06.678,183.06,450.00,2670,10251,59,100,31,23936,P2,Not Active,Not Active,Not Active,Not Active
2026/08/15 00:36:07.183,153.20,450.00,2670,10251,58,100,2,23933,P2,Not Active,Not Active,Not Active,Not Active
2026/08/15 00:36:07.689,155.17,450.00,2670,10251,60,99,38,23933,P2,Not Active,Not Active,Not Active,Not Active
2026/08/15 00:36:08.201,176.19,450.00,2670,10251,59,99,35,23933,P2,Not Active,Not Active,Not Active,Not Active
2026/08/15 00:36:08.708,179.74,450.00,2670,10251,60,100,39,23933,P2,Not Active,Not Active,Not Active,Not Active
2026/08/15 00:36:09.214,183.86,450.00,2670,10251,60,99,34,23933,P2,Not Active,Not Active,Not Active,Not Active
2026/08/15 00:36:09.726,183.95,450.00,2670,10251,60,100,35,23933,P2,Not Active,Not Active,Not Active,Not Active
2026/08/15 00:36:10.231,179.79,450.00,2670,10251,60,99,32,23933,P2,Not Active,Not Active,Not Active,Not Active
2026/08/15 00:36:10.737,177.07,450.00,2670,10251,60,99,34,23933,P2,Not Active,Not Active,Not Active,Not Active
2026/08/15 00:36:11.241,183.19,450.00,2670,10251,60,99,44,23933,P2,Not Active,Not Active,Not Active,Not Active
2026/08/15 00:36:11.746,185.10,450.00,2670,10251,61,98,24,23933,P2,Not Active,Not Active,Not Active,Not Active
2026/08/15 00:36:12.254,179.23,450.00,2670,10251,60,99,63,23933,P2,Not Active,Not Active,Not Active,Not Active
2026/08/15 00:36:12.759,180.01,450.00,2670,10251,59,100,33,23933,P2,Not Active,Not Active,Not Active,Not Active
2026/08/15 00:36:13.264,190.09,450.00,2670,10251,60,100,34,23933,P2,Not Active,Not Active,Not Active,Not Active
2026/08/15 00:36:13.768,183.63,450.00,2670,10251,60,100,32,23933,P2,Not Active,Not Active,Not Active,Not Active
2026/08/15 00:36:14.273,194.32,450.00,2670,10251,61,99,65,23933,P2,Not Active,Not Active,Not Active,Not Active
2026/08/15 00:36:14.778,225.80,450.00,2670,10251,61,99,72,23933,P2,Not Active,Not Active,Not Active,Not Active
2026/08/15 00:36:15.282,249.46,450.00,2670,10251,61,97,47,23933,P2,Not Active,Not Active,Not Active,Not Active
2026/08/15 00:36:15.785,247.11,450.00,2670,10251,61,99,63,23933,P2,Not Active,Not Active,Not Active,Not Active
2026/08/15 00:36:16.288,244.94,450.00,2670,10251,62,99,65,23933,P2,Not Active,Not Active,Not Active,Not Active
2026/08/15 00:36:16.796,244.60,450.00,2670,10251,62,99,58,23933,P2,Not Active,Not Active,Not Active,Not Active
2026/08/15 00:36:17.299,242.58,450.00,2670,10251,62,99,62,23933,P2,Not Active,Not Active,Not Active,Not Active
2026/08/15 00:36:17.802,242.82,450.00,2670,10251,62,96,61,23933,P2,Not Active,Not Active,Not Active,Not Active
2026/08/15 00:36:18.306,240.64,450.00,2670,10251,62,99,62,23933,P2,Not Active,Not Active,Not Active,Not Active
2026/08/15 00:36:18.815,239.88,450.00,2670,10251,62,99,61,23933,P2,Not Active,Not Active,Not Active,Not Active
2026/08/15 00:36:19.321,234.15,450.00,2670,10251,63,99,55,23933,P2,Not Active,Not Active,Not Active,Not Active
2026/08/15 00:36:19.827,232.55,450.00,2670,10251,62,99,59,23933,P2,Not Active,Not Active,Not Active,Not Active
2026/08/15 00:36:20.333,232.63,450.00,2670,10251,62,99,57,23933,P2,Not Active,Not Active,Not Active,Not Active
2026/08/15 00:36:20.836,233.84,450.00,2670,10251,63,99,61,23933,P2,Not Active,Not Active,Not Active,Not Active
2026/08/15 00:36:21.339,232.40,450.00,2670,10251,62,99,59,23933,P2,Not Active,Not Active,Not Active,Not Active
2026/08/15 00:36:21.846,224.88,450.00,2670,10251,62,97,34,23933,P2,Not Active,Not Active,Not Active,Not Active
2026/08/15 00:36:22.355,211.69,450.00,2670,10251,61,99,44,23933,P2,Not Active,Not Active,Not Active,Not Active
2026/08/15 00:36:22.860,199.56,450.00,2670,10251,61,99,40,23933,P2,Not Active,Not Active,Not Active,Not Active
2026/08/15 00:36:23.365,186.04,450.00,2670,10251,61,99,39,23933,P2,Not Active,Not Active,Not Active,Not Active
2026/08/15 00:36:23.874,179.96,450.00,2670,10251,60,97,27,23933,P2,Not Active,Not Active,Not Active,Not Active
2026/08/15 00:36:24.379,182.42,450.00,2670,10251,61,100,31,23933,P2,Not Active,Not Active,Not Active,Not Active
2026/08/15 00:36:24.884,183.38,450.00,2670,10251,61,100,33,23933,P2,Not Active,Not Active,Not Active,Not Active
2026/08/15 00:36:25.388,176.43,450.00,2670,10251,60,99,34,23933,P2,Not Active,Not Active,Not Active,Not Active
2026/08/15 00:36:25.896,178.81,450.00,2670,10251,61,99,40,23933,P2,Not Active,Not Active,Not Active,Not Active
2026/08/15 00:36:26.401,178.88,450.00,2670,10251,62,97,13,23933,P2,Not Active,Not Active,Not Active,Not Active
2026/08/15 00:36:26.904,184.44,450.00,2670,10251,61,99,43,23933,P2,Not Active,Not Active,Not Active,Not Active
2026/08/15 00:36:27.413,185.96,450.00,2670,10251,60,99,35,23933,P2,Not Active,Not Active,Not Active,Not Active
2026/08/15 00:36:27.921,184.61,450.00,2670,10251,61,99,40,23933,P2,Not Active,Not Active,Not Active,Not Active
2026/08/15 00:36:28.424,184.60,450.00,2670,10251,61,97,40,23933,P2,Not Active,Not Active,Not Active,Not Active
2026/08/15 00:36:28.933,172.63,450.00,2670,10251,61,100,34,23933,P2,Not Active,Not Active,Not Active,Not Active
2026/08/15 00:36:29.437,171.98,450.00,2670,10251,61,99,43,23933,P2,Not Active,Not Active,Not Active,Not Active
2026/08/15 00:36:29.942,192.65,450.00,2670,10251,62,99,39,23933,P2,Not Active,Not Active,Not Active,Not Active
2026/08/15 00:36:30.453,190.80,450.00,2670,10251,60,99,35,23933,P2,Not Active,Not Active,Not Active,Not Active
2026/08/15 00:36:30.957,146.40,450.00,2670,10251,57,2,0,23933,P2,Not Active,Not Active,Not Active,Not Active
